// Generated by tools/photos/bake_photos.py -- do not edit.

#include "photos.hpp"

namespace {

// Katsushika Hokusai, The Great Wave off Kanagawa (c. 1831), public domain
// https://upload.wikimedia.org/wikipedia/commons/a/a5/Tsunami_by_hokusai_19th_century.jpg
constexpr uint8_t kGreatWave[] = {
    0xff, 0xff, 0xb0, 0xff, 0xfd, 0xe4, 0x3c, 0xdb, 0xdf, 0xff, 0xff, 0xff, 0xff, 0xff, 0xe3, 0xff, 0xff, 0xff, 0xff, 0xff, 0xff, 0xfe, 0x7f, 0xce,
    0x61, 0x3f, 0xe0, 0x18, 0x00, 0x00, 0x78, 0x07, 0x80, 0x00, 0x00, 0x03, 0xff, 0xf8, 0xe3, 0xef, 0xfe, 0x7f, 0xff, 0xf7, 0x7f, 0xff, 0xff, 0xff,
    0xff, 0xff, 0xff, 0xff, 0xff, 0xff, 0xff, 0xff, 0xff, 0xff, 0xff, 0xff, 0xff, 0xff, 0xff, 0xff, 0xff, 0xff, 0xff, 0xff, 0xff, 0xff, 0xff, 0xff,
    0xff, 0xff, 0xff, 0xff, 0xff, 0xff, 0xff, 0xff, 0xff, 0xff, 0xff, 0xff, 0xff, 0xff, 0xff, 0xff, 0xff, 0xff, 0xff, 0xc0, 0xdb, 0x77, 0xf0, 0x7e,
    0xfc, 0x6e, 0x6e, 0xdb, 0x7f, 0xff, 0xff, 0xff, 0xff, 0xff, 0x0f, 0xff, 0xff, 0xff, 0xff, 0xff, 0xff, 0xff, 0x9c, 0x27, 0x0f, 0xdf, 0xc0, 0x0c,
    0x00, 0x00, 0x70, 0x01, 0x80, 0x00, 0x01, 0x07, 0xff, 0xf3, 0xfd, 0xef, 0xff, 0xff, 0xff, 0xe4, 0xc7, 0xff, 0xff, 0x0f, 0xff, 0xff, 0xff, 0xff,
    0xff, 0xff, 0xff, 0xff, 0xff, 0xff, 0xff, 0xff, 0xff, 0xff, 0xff, 0xff, 0xff, 0xff, 0xff, 0xff, 0xff, 0xff, 0xff, 0xff, 0xff, 0xff, 0xff, 0xff,
    0xff, 0xff, 0xff, 0xff, 0xff, 0xff, 0xff, 0xff, 0xff, 0xff, 0xff, 0xff, 0xff, 0xff, 0xff, 0xc0, 0xfd, 0xdd, 0xd0, 0xef, 0xb7, 0x72, 0x4e, 0xdb,
    0xdb, 0x6d, 0xfe, 0xf6, 0xef, 0x7e, 0x3f, 0xff, 0xff, 0xff, 0xff, 0xff, 0xff, 0xff, 0xe7, 0xf3, 0xff, 0xef, 0xc0, 0x06, 0x00, 0x00, 0x70, 0x00,
    0xe0, 0x00, 0x01, 0x8f, 0x1f, 0xf7, 0xfc, 0xff, 0xff, 0xff, 0xff, 0xfb, 0xf9, 0xef, 0xfc, 0x61, 0xff, 0xff, 0xff, 0xff, 0xff, 0xff, 0xff, 0xff,
    0xff, 0xff, 0xff, 0xff, 0xff, 0xff, 0xff, 0xff, 0xff, 0xff, 0xff, 0xff, 0xff, 0xff, 0xff, 0xff, 0xff, 0xff, 0xff, 0xff, 0xff, 0xff, 0xff, 0xff,
    0xff, 0xff, 0xff, 0xff, 0xff, 0xff, 0xff, 0xff, 0xff, 0xff, 0xef, 0xc0, 0xb7, 0xf7, 0x50, 0xfb, 0xfd, 0xf2, 0x9d, 0xfb, 0x5f, 0xfb, 0x6f, 0xbf,
    0xbf, 0xd8, 0xff, 0xff, 0xff, 0xff, 0xff, 0xff, 0xff, 0xff, 0xff, 0xfc, 0xff, 0xe7, 0xc0, 0x02, 0x00, 0x00, 0x60, 0x00, 0xf0, 0x00, 0x01, 0xfe,
    0x03, 0xf7, 0x83, 0xdf, 0xe1, 0xff, 0xff, 0xff, 0xfe, 0x7f, 0xf1, 0xfc, 0x7f, 0xff, 0xff, 0xff, 0xff, 0xff, 0xff, 0xff, 0xff, 0xff, 0xff, 0xff,
    0xff, 0xff, 0xff, 0xff, 0xff, 0xff, 0xff, 0xff, 0xff, 0xff, 0xff, 0xff, 0xff, 0xff, 0xff, 0xff, 0xff, 0xff, 0xff, 0xfd, 0xff, 0xff, 0xff, 0xff,
    0xff, 0xff, 0xff, 0xff, 0xff, 0xdb, 0x7d, 0xc0, 0xde, 0xb7, 0x94, 0xde, 0xdd, 0x76, 0x65, 0xfb, 0x76, 0xdf, 0xf7, 0xef, 0xfd, 0xf1, 0xff, 0xff,
    0xff, 0xff, 0xff, 0xff, 0xff, 0xff, 0xff, 0xff, 0x30, 0x79, 0xe0, 0x02, 0x00, 0x00, 0xe0, 0x00, 0x70, 0x00, 0x00, 0xfc, 0x03, 0xf7, 0x39, 0xdf,
    0xcc, 0x3f, 0xff, 0xff, 0xff, 0x1b, 0x4f, 0xff, 0x07, 0xff, 0xff, 0xff, 0xff, 0xff, 0xff, 0xff, 0xff, 0xff, 0xff, 0xff, 0xff, 0xff, 0xff, 0xff,
    0xff, 0xff, 0xff, 0xff, 0xff, 0xff, 0xff, 0xff, 0xff, 0xff, 0xff, 0xfd, 0xff, 0xff, 0xff, 0xef, 0xdf, 0xff, 0xff, 0xff, 0xff, 0xff, 0xff, 0xfd,
    0xfd, 0xff, 0xf7, 0xc0, 0xdb, 0xfd, 0x99, 0x77, 0xf7, 0x77, 0xff, 0xfb, 0xdf, 0xf6, 0xfd, 0xfd, 0xff, 0xe7, 0xff, 0xff, 0xff, 0xff, 0xff, 0xff,
    0xff, 0xff, 0xfe, 0x0f, 0xa3, 0x19, 0xf8, 0x06, 0x00, 0x03, 0xc0, 0x00, 0x70, 0x00, 0x00, 0x00, 0x01, 0xff, 0x7f, 0xbf, 0x9f, 0x9f, 0xff, 0xff,
    0xff, 0xe3, 0xff, 0xff, 0xf1, 0xff, 0xff, 0xff, 0xff, 0xff, 0xff, 0xff, 0xff, 0xff, 0xff, 0xff, 0xff, 0xff, 0xff, 0xff, 0xff, 0xff, 0xff, 0xff,
    0xff, 0xff, 0xff, 0xff, 0xff, 0xff, 0xfd, 0xf7, 0xef, 0xf7, 0xb6, 0xff, 0xff, 0xff, 0x6f, 0xff, 0xff, 0xfd, 0xff, 0xdf, 0xef, 0xff, 0xff, 0xc0,
    0xfb, 0x5f, 0x43, 0x3d, 0xbc, 0xff, 0xff, 0xff, 0x5b, 0x7f, 0xbf, 0xff, 0xf7, 0x8f, 0xff, 0xff, 0xff, 0xff, 0xff, 0xff, 0xff, 0xff, 0xfc, 0xe3,
    0x8f, 0xcd, 0xf8, 0x00, 0x00, 0x03, 0x00, 0x00, 0x30, 0x00, 0x00, 0x00, 0x01, 0xff, 0xf9, 0x3f, 0x9f, 0xe7, 0xff, 0xff, 0xff, 0xff, 0xff, 0xff,
    0xfc, 0xf8, 0xff, 0xff, 0xff, 0xff, 0xff, 0xff, 0xff, 0xff, 0xff, 0xff, 0xff, 0xff, 0xff, 0xff, 0xff, 0xff, 0xff, 0xff, 0xff, 0xff, 0xff, 0xff,
    0xff, 0xfd, 0xff, 0xbf, 0x7e, 0xff, 0xff, 0xff, 0xfb, 0xdd, 0xff, 0xff, 0xff, 0xff, 0xff, 0x7f, 0xbf, 0xfd, 0xbf, 0x80, 0xb7, 0xf7, 0xd1, 0xbb,
    0xef, 0x7e, 0x7f, 0xff, 0x7f, 0xdb, 0xef, 0xbb, 0x7f, 0x1f, 0xff, 0xff, 0xff, 0xff, 0xff, 0xff, 0xff, 0xff, 0xb7, 0xf9, 0x9f, 0xed, 0x7c, 0x00,
    0x00, 0x00, 0x00, 0x00, 0x30, 0x00, 0x00, 0x00, 0x00, 0xf7, 0xf8, 0x7f, 0xff, 0xf3, 0xff, 0xff, 0xff, 0xff, 0xff, 0xff, 0xfe, 0x62, 0x3f, 0xff,
    0xff, 0xff, 0xff, 0xff, 0xff, 0xff, 0xff, 0xff, 0xff, 0xff, 0xff, 0xff, 0xff, 0xff, 0xff, 0xff, 0xff, 0xff, 0xff, 0xff, 0xff, 0xff, 0xfb, 0xff,
    0xff, 0xff, 0xff, 0xfe, 0xff, 0xff, 0xfe, 0xff, 0xff, 0xff, 0xfb, 0xff, 0xff, 0xf7, 0xf6, 0xc0, 0xee, 0xfd, 0x93, 0x2e, 0xfb, 0x78, 0xfd, 0xff,
    0xdd, 0xfe, 0xfb, 0xff, 0xdb, 0x3f, 0xff, 0xff, 0xff, 0xff, 0xff, 0xff, 0xff, 0xff, 0xff, 0xdc, 0xf8, 0x18, 0x1c, 0x00, 0x00, 0x00, 0x00, 0x00,
    0x30, 0x00, 0x00, 0x00, 0x00, 0x77, 0xfe, 0xff, 0xff, 0xf8, 0x7f, 0xff, 0xff, 0xff, 0xff, 0xff, 0xef, 0x9f, 0x9f, 0xff, 0xff, 0xff, 0xff, 0xff,
    0xff, 0xff, 0xff, 0xff, 0xff, 0xff, 0xff, 0xff, 0xff, 0xff, 0xff, 0xff, 0xff, 0xff, 0xff, 0xff, 0xff, 0xff, 0xff, 0xfd, 0xf7, 0xff, 0xff, 0xff,
    0xfe, 0xff, 0xff, 0xff, 0xff, 0xdf, 0xbf, 0xff, 0xff, 0xdf, 0xff, 0xc0, 0xfb, 0xaf, 0xc2, 0x3f, 0xbc, 0xfe, 0x0e, 0xe7, 0x5f, 0x6f, 0xde, 0xf7,
    0xfe, 0x7f, 0xff, 0xff, 0xff, 0xff, 0xff, 0xff, 0xff, 0xff, 0xcf, 0xfe, 0xf0, 0x08, 0x1c, 0x00, 0x00, 0x00, 0x00, 0x00, 0x60, 0x00, 0x00, 0x00,
    0x00, 0x77, 0xef, 0xff, 0xf0, 0xff, 0x1f, 0xff, 0xff, 0xff, 0xff, 0xff, 0x83, 0xff, 0xc1, 0xff, 0xff, 0xff, 0xff, 0xff, 0xff, 0xff, 0xff, 0xff,
    0xff, 0xff, 0xff, 0xff, 0xff, 0xff, 0xff, 0xff, 0xff, 0xff, 0xff, 0xff, 0xff, 0xff, 0xef, 0xff, 0xff, 0xfb, 0xdb, 0xdf, 0xdf, 0xff, 0xef, 0xff,
    0xfb, 0xff, 0xff, 0xfe, 0xfb, 0xff, 0x6f, 0xc0, 0x9f, 0xfb, 0x40, 0xf7, 0xd7, 0x72, 0x7e, 0xe7, 0x77, 0xfb, 0x7f, 0xbd, 0xbc, 0xff, 0xff, 0xff,
    0xff, 0xff, 0xff, 0xff, 0xff, 0x7f, 0xe6, 0xff, 0x80, 0x00, 0x0c, 0x00, 0x00, 0x08, 0x00, 0x00, 0x60, 0x00, 0x00, 0x00, 0x00, 0x77, 0xff, 0xff,
    0xe7, 0xff, 0xcf, 0xfd, 0xff, 0xff, 0xff, 0xff, 0xd9, 0xff, 0xf8, 0x3f, 0xff, 0xff, 0xff, 0xff, 0xff, 0xff, 0xff, 0xff, 0xff, 0xff, 0xff, 0xff,
    0xff, 0xff, 0xff, 0xff, 0xff, 0xff, 0xff, 0xfe, 0xff, 0xff, 0xff, 0xdb, 0x7f, 0xbf, 0x7f, 0xff, 0xff, 0xf7, 0xff, 0xff, 0xff, 0xfb, 0xff, 0xbb,
    0xff, 0xfd, 0xfb, 0x40, 0xf6, 0xdf, 0xbf, 0xdc, 0xfd, 0x78, 0x9c, 0x93, 0x7b, 0x7f, 0xf7, 0xef, 0xf8, 0xff, 0xff, 0xff, 0xff, 0xff, 0xff, 0xff,
    0xf0, 0x01, 0xe7, 0x96, 0x20, 0x00, 0x0f, 0x00, 0x00, 0x20, 0x00, 0x00, 0x00, 0x00, 0x00, 0x00, 0x00, 0xe7, 0xfe, 0x3f, 0xef, 0xff, 0xe7, 0xf0,
    0x3f, 0xff, 0xff, 0xff, 0xfd, 0xff, 0xff, 0x9f, 0xff, 0xff, 0xff, 0xff, 0xff, 0xff, 0xff, 0xff, 0xff, 0xff, 0xff, 0xff, 0xff, 0xff, 0xff, 0xff,
    0xff, 0xff, 0xff, 0xff, 0xff, 0xef, 0xff, 0x7f, 0xfe, 0xff, 0xff, 0x7d, 0xff, 0xdf, 0x7d, 0xff, 0xff, 0xdf, 0xbb, 0xff, 0xff, 0xdf, 0xff, 0xc0,
    0xfb, 0xf6, 0xff, 0x7f, 0xbd, 0xfc, 0x7e, 0xd5, 0xcf, 0xcd, 0xbf, 0x7e, 0xd1, 0xff, 0xff, 0xff, 0xff, 0xff, 0xff, 0xff, 0xf1, 0xb0, 0x73, 0x03,
    0x60, 0x00, 0x07, 0x00, 0x00, 0x00, 0x00, 0x00, 0x00, 0x00, 0x00, 0x00, 0x01, 0xff, 0xfd, 0x8f, 0xef, 0xff, 0xe7, 0xe7, 0x9e, 0xff, 0xff, 0xff,
    0xff, 0xfe, 0x7f, 0xcf, 0xff, 0xff, 0xff, 0xff, 0xff, 0xff, 0xff, 0xff, 0xff, 0xff, 0xff, 0xff, 0xff, 0xff, 0xff, 0xff, 0xff, 0xff, 0xff, 0xff,
    0xff, 0xff, 0xbf, 0xff, 0xef, 0xfe, 0xff, 0xff, 0xfb, 0xff, 0xff, 0xf7, 0xff, 0xff, 0xff, 0xff, 0xbe, 0xff, 0xdd, 0xc0, 0xcf, 0x7f, 0xdd, 0xe7,
    0xee, 0x7d, 0x3d, 0x81, 0xde, 0xff, 0xef, 0xff, 0xe3, 0xff, 0xff, 0xff, 0xff, 0xff, 0xff, 0xff, 0xe7, 0xfe, 0x72, 0x01, 0xf0, 0x00, 0x13, 0x80,
    0x00, 0x80, 0x00, 0x00, 0x00, 0x00, 0x00, 0x00, 0x03, 0xdf, 0xff, 0xe3, 0xef, 0xff, 0xf7, 0xff, 0xee, 0x7f, 0xff, 0xf1, 0xe7, 0x87, 0x3f, 0xef,
    0xff, 0xff, 0xff, 0xff, 0xff, 0xff, 0xff, 0xff, 0xff, 0xff, 0xff, 0xff, 0xff, 0xff, 0xff, 0xff, 0xff, 0xff, 0xff, 0xff, 0xff, 0xff, 0xfe, 0xfe,
    0xff, 0xf7, 0xf7, 0xff, 0xbf, 0xfe, 0xff, 0xbf, 0xff, 0xfb, 0xff, 0xbf, 0xf7, 0xfb, 0x77, 0xc0, 0xfd, 0xdb, 0x70, 0x3c, 0xfb, 0x70, 0xdc, 0xdf,
    0x7b, 0xb6, 0xfd, 0xed, 0xe7, 0xff, 0xff, 0xff, 0xff, 0xff, 0xff, 0xff, 0xcf, 0xef, 0x38, 0x00, 0x70, 0x00, 0x03, 0x80, 0x02, 0x00, 0x00, 0x00,
    0x00, 0x00, 0x00, 0x00, 0x03, 0x3f, 0xff, 0xfd, 0xf7, 0xff, 0xfb, 0xff, 0xee, 0xff, 0xff, 0xec, 0xe6, 0x33, 0xb0, 0xef, 0xff, 0xff, 0xff, 0xff,
    0xff, 0xff, 0xff, 0xff, 0xff, 0xff, 0xff, 0xff, 0xff, 0xff, 0xff, 0xff, 0xff, 0xff, 0xff, 0xf7, 0xff, 0xff, 0x7f, 0xf7, 0xfd, 0xff, 0xff, 0xef,
    0xff, 0x7f, 0xef, 0xff, 0xfe, 0xff, 0xbe, 0xfe, 0xff, 0xdf, 0xff, 0xc0, 0xb7, 0xfb, 0x03, 0x1f, 0x9e, 0xf9, 0x3e, 0xf7, 0x6f, 0xff, 0xbf, 0x7f,
    0x47, 0xff, 0xff, 0xff, 0xff, 0xff, 0xff, 0xff, 0xcf, 0x03, 0x98, 0x00, 0x38, 0x00, 0x83, 0x00, 0x00, 0x00, 0x00, 0x00, 0x00, 0x00, 0x00, 0x08,
    0x00, 0xff, 0xfb, 0xfd, 0xf3, 0xff, 0xfb, 0xff, 0xfe, 0xff, 0xff, 0xfe, 0x76, 0xff, 0x6f, 0x37, 0xff, 0xff, 0xff, 0xff, 0xff, 0xff, 0xff, 0xff,
    0xff, 0xff, 0xff, 0xff, 0xff, 0xbf, 0xff, 0xff, 0xff, 0xff, 0xfe, 0xff, 0x7f, 0xff, 0xf7, 0xff, 0xf7, 0xff, 0xde, 0xfe, 0xfb, 0xf7, 0xff, 0xff,
    0xff, 0xfe, 0xff, 0xff, 0xff, 0xff, 0xfe, 0xc0, 0xf6, 0xde, 0x0f, 0x9b, 0xf6, 0xe4, 0x9e, 0xf7, 0xdd, 0xdb, 0xef, 0xdf, 0x8f, 0xff, 0xff, 0xff,
    0xff, 0xff, 0xff, 0xff, 0xee, 0x00, 0xd8, 0x00, 0x38, 0x00, 0x03, 0x00, 0x08, 0x00, 0x00, 0x00, 0x20, 0x00, 0x00, 0x38, 0x01, 0xff, 0xf9, 0x86,
    0xe7, 0xff, 0xfd, 0xcf, 0xf6, 0xff, 0xff, 0xff, 0x77, 0xfe, 0x5f, 0xf7, 0xff, 0xff, 0xff, 0xff, 0xff, 0xff, 0xff, 0xff, 0xff, 0xff, 0xff, 0xff,
    0xff, 0xff, 0xff, 0xff, 0xff, 0xfd, 0xef, 0xff, 0xff, 0xff, 0xff, 0xff, 0xbf, 0xff, 0xff, 0xff, 0xff, 0xff, 0xfd, 0xfd, 0xf7, 0xef, 0xfd, 0xfb,
    0xfd, 0xfd, 0xfb, 0xc0, 0xde, 0xf7, 0xbe, 0x3e, 0xfd, 0x3c, 0x67, 0xf7, 0x77, 0x7e, 0xfd, 0xf7, 0x0f, 0xff, 0xff, 0xff, 0xff, 0xff, 0xff, 0xff,
    0xfc, 0x00, 0xf8, 0x00, 0x30, 0x00, 0x03, 0x00, 0x00, 0x00, 0x00, 0x01, 0x00, 0x00, 0x00, 0x18, 0x01, 0xf3, 0xf8, 0x00, 0xef, 0x7f, 0xf9, 0xdd,
    0xf6, 0xff, 0xff, 0xff, 0xef, 0xf9, 0x9f, 0xf3, 0xff, 0xff, 0xff, 0xff, 0xff, 0xff, 0xff, 0xff, 0xff, 0xff, 0xff, 0xff, 0xff, 0xff, 0xff, 0xff,
    0xff, 0xff, 0xff, 0xff, 0xff, 0x7f, 0xff, 0xdf, 0xff, 0xff, 0xff, 0xff, 0xff, 0xdf, 0xdf, 0xff, 0xff, 0xff, 0xef, 0xff, 0xef, 0xef, 0xdf, 0xc0,
    0xef, 0xbd, 0xf6, 0x6f, 0xbf, 0x7c, 0xf7, 0xf7, 0x6f, 0xef, 0xb7, 0x7d, 0x1f, 0xff, 0xff, 0xff, 0xff, 0xff, 0xff, 0xff, 0xfc, 0x00, 0x78, 0x00,
    0x18, 0x00, 0x03, 0x00, 0x10, 0x00, 0x00, 0x01, 0x00, 0x00, 0x00, 0x00, 0x03, 0xc0, 0x7e, 0x00, 0xee, 0xff, 0xf9, 0xd0, 0xed, 0xff, 0xff, 0xff,
    0xef, 0xdf, 0xdf, 0xf3, 0xff, 0xff, 0xff, 0xff, 0xff, 0xff, 0xff, 0xff, 0xff, 0xff, 0xff, 0xff, 0xff, 0xff, 0xff, 0xff, 0xff, 0xff, 0xbf, 0xff,
    0xff, 0xff, 0xff, 0xff, 0xff, 0xef, 0x7d, 0xff, 0xef, 0xfb, 0xff, 0xff, 0xff, 0xff, 0xff, 0xbf, 0xff, 0xbf, 0xf7, 0xc0, 0xb9, 0xef, 0x7c, 0xfb,
    0xce, 0x7d, 0xff, 0xff, 0xee, 0xfb, 0xff, 0xfe, 0x3f, 0xff, 0xff, 0xff, 0xff, 0xff, 0xff, 0xff, 0xf8, 0x00, 0x60, 0x00, 0x18, 0x04, 0x00, 0x00,
    0x00, 0x00, 0x00, 0x04, 0x00, 0x00, 0x00, 0x00, 0x3f, 0x80, 0x7e, 0x01, 0xdc, 0xff, 0xfb, 0xce, 0x75, 0xff, 0xff, 0xfe, 0x5f, 0x17, 0xdf, 0xc7,
    0xff, 0xff, 0xff, 0xff, 0xff, 0xff, 0xff, 0xff, 0xff, 0xff, 0xff, 0xff, 0xff, 0xff, 0xff, 0xff, 0xff, 0xff, 0xff, 0xff, 0xff, 0xff, 0xff, 0xfd,
    0xff, 0x7f, 0xff, 0x77, 0xfd, 0xff, 0xff, 0xdf, 0xff, 0xff, 0x7f, 0xfe, 0xff, 0xff, 0x7f, 0x40, 0xf7, 0x7b, 0xc9, 0xfe, 0xfa, 0xff, 0xff, 0xff,
    0xbb, 0xbe, 0xde, 0xec, 0x7f, 0xff, 0xff, 0xff, 0xff, 0xff, 0xff, 0xff, 0xf8, 0x00, 0x30, 0x00, 0x18, 0x00, 0x00, 0x00, 0x00, 0x00, 0x00, 0x00,
    0x00, 0x00, 0x00, 0x03, 0xfc, 0x00, 0x3e, 0x73, 0xdd, 0xff, 0xef, 0xbf, 0x33, 0xff, 0x03, 0xf3, 0x3e, 0x7b, 0xff, 0xef, 0xff, 0xff, 0xff, 0xff,
    0xff, 0xff, 0xff, 0xff, 0xff, 0xff, 0xff, 0xff, 0xff, 0xff, 0xff, 0xff, 0xff, 0xff, 0xff, 0xff, 0xff, 0xff, 0xff, 0xff, 0xff, 0xff, 0xff, 0xfe,
    0xff, 0xdf, 0x7f, 0xff, 0xff, 0xbd, 0xfe, 0xf7, 0xff, 0xff, 0xdf, 0xc0, 0xdf, 0xdb, 0xb3, 0xcf, 0xbe, 0x7f, 0xfe, 0x4c, 0x6f, 0xef, 0xf7, 0xb8,
    0xff, 0xff, 0xff, 0xff, 0xff, 0xff, 0xff, 0xff, 0xf8, 0x00, 0x38, 0x00, 0x70, 0x10, 0x00, 0x03, 0x00, 0x00, 0x00, 0x00, 0x00, 0x00, 0x01, 0x00,
    0x80, 0x04, 0x1c, 0x73, 0x39, 0xff, 0xe7, 0x7f, 0xbf, 0xfe, 0x7e, 0x79, 0xfe, 0xff, 0xff, 0xff, 0xff, 0xff, 0xff, 0xff, 0xff, 0xff, 0xff, 0xff,
    0xff, 0xff, 0xff, 0xff, 0xff, 0xff, 0xff, 0xff, 0xff, 0xff, 0xff, 0xff, 0xff, 0xff, 0xef, 0xbf, 0xff, 0xff, 0xff, 0xff, 0xff, 0xff, 0xfb, 0xff,
    0xff, 0xff, 0xff, 0xff, 0xf7, 0xfd, 0xf7, 0xc0, 0xdb, 0x7e, 0xe6, 0xfb, 0x6c, 0x84, 0x93, 0x77, 0xcd, 0xf3, 0x7d, 0xf9, 0xff, 0xff, 0xff, 0xff,
    0xff, 0xff, 0xff, 0xff, 0xf8, 0x00, 0x38, 0x00, 0x70, 0x00, 0x00, 0x00, 0x00, 0x00, 0x00, 0x11, 0x00, 0x00, 0x03, 0x00, 0x00, 0x00, 0x1c, 0x00,
    0x3d, 0xff, 0xe4, 0xff, 0xbf, 0xfc, 0xff, 0x3d, 0xfe, 0xfd, 0xbf, 0xff, 0xff, 0xff, 0xff, 0xff, 0xff, 0xff, 0xff, 0xff, 0xff, 0xff, 0xff, 0xff,
    0xff, 0xff, 0xff, 0xff, 0xff, 0xff, 0xff, 0xff, 0xff, 0xff, 0x7f, 0xff, 0xef, 0xf7, 0xbf, 0xff, 0xdf, 0x7b, 0xff, 0xff, 0xfb, 0xff, 0xf7, 0xff,
    0xdf, 0x6f, 0xff, 0x40, 0xef, 0xb7, 0xcc, 0x3e, 0xfe, 0xff, 0xed, 0xb4, 0x9f, 0x7f, 0xdf, 0xd3, 0xff, 0xff, 0xff, 0xff, 0xff, 0xff, 0xff, 0xff,
    0xf8, 0x00, 0x70, 0x00, 0xc0, 0x20, 0x00, 0x00, 0x40, 0x00, 0x00, 0x00, 0x00, 0x00, 0x01, 0x80, 0x00, 0x00, 0x9c, 0x00, 0x1d, 0xff, 0xe3, 0xff,
    0xbf, 0xff, 0xff, 0xbd, 0xff, 0xff, 0x7f, 0xff, 0xff, 0xff, 0xff, 0xff, 0xff, 0xff, 0xff, 0xff, 0xff, 0xff, 0xff, 0xff, 0xff, 0xff, 0xff, 0xff,
    0xff, 0xff, 0xff, 0xff, 0xff, 0xff, 0xff, 0xff, 0xbf, 0xff, 0xfd, 0xff, 0xfb, 0xff, 0xef, 0xbf, 0xff, 0xff, 0x7f, 0xff, 0xff, 0xff, 0xfd, 0xc0,
    0xbc, 0xfd, 0xc0, 0x6f, 0xb6, 0x10, 0x24, 0x99, 0xb7, 0xcd, 0xf6, 0xe7, 0xff, 0xff, 0xff, 0xff, 0xff, 0xff, 0xff, 0xff, 0xfc, 0x00, 0xc0, 0x00,
    0x00, 0x00, 0x00, 0x00, 0x01, 0x80, 0x00, 0x24, 0x00, 0x00, 0x00, 0x08, 0x00, 0x00, 0x38, 0xe8, 0x1c, 0xff, 0xff, 0xff, 0xff, 0xff, 0xff, 0xdf,
    0xff, 0xfc, 0x7f, 0xff, 0xff, 0xff, 0xff, 0xff, 0xff, 0xff, 0xff, 0xff, 0xff, 0xff, 0xff, 0xff, 0xff, 0xff, 0xff, 0xff, 0xff, 0xfb, 0xff, 0xff,
    0xff, 0xff, 0xff, 0xfd, 0xff, 0xff, 0x7f, 0xfd, 0xff, 0xf7, 0xbf, 0xff, 0xdf, 0xff, 0xff, 0x7e, 0xff, 0xff, 0x7f, 0xc0, 0xe7, 0xcf, 0x59, 0xfb,
    0xef, 0xff, 0xff, 0xff, 0xfd, 0xbf, 0x3f, 0xcf, 0xff, 0xff, 0xff, 0xff, 0xff, 0xff, 0xff, 0xff, 0xfc, 0x01, 0x80, 0x00, 0x00, 0x00, 0x00, 0x32,
    0x00, 0x00, 0x00, 0x80, 0x00, 0x00, 0x00, 0x09, 0x00, 0x00, 0x78, 0xcc, 0x1d, 0xff, 0x1f, 0xfb, 0x9c, 0x1f, 0xff, 0xdf, 0xff, 0xbf, 0xff, 0xff,
    0xff, 0xff, 0xff, 0xff, 0xff, 0xff, 0xff, 0xff, 0xff, 0xff, 0xff, 0xff, 0xff, 0xff, 0xff, 0xff, 0xff, 0xff, 0xff, 0xff, 0xff, 0xf7, 0xff, 0xff,
    0xff, 0xff, 0xff, 0xff, 0xff, 0xff, 0xff, 0xff, 0x7f, 0xf7, 0xff, 0xdf, 0xf7, 0xbb, 0xef, 0xc0, 0xff, 0x7b, 0xd1, 0xb6, 0xdb, 0xef, 0xdb, 0xef,
    0x6f, 0xf7, 0xfb, 0x9f, 0xff, 0xff, 0xff, 0xff, 0xff, 0xff, 0xff, 0xff, 0xfc, 0x00, 0x00, 0x00, 0x00, 0x80, 0x00, 0x32, 0x00, 0x00, 0x01, 0x80,
    0x00, 0x1c, 0x00, 0x00, 0x00, 0x00, 0xc0, 0x00, 0x9d, 0xff, 0xdf, 0xff, 0x3b, 0xdf, 0xbf, 0x9b, 0xff, 0x9f, 0xfe, 0x1f, 0xbf, 0xff, 0xff, 0xff,
    0xff, 0xff, 0xff, 0xff, 0xff, 0xff, 0xff, 0xff, 0xff, 0xff, 0xff, 0xff, 0xff, 0xff, 0xff, 0xff, 0xff, 0xff, 0xff, 0xf7, 0xfe, 0xef, 0xff, 0xff,
    0xbf, 0xff, 0xff, 0xbf, 0xfe, 0xff, 0x7d, 0xfd, 0xfe, 0xff, 0xfb, 0x80, 0x99, 0xfe, 0xf0, 0xfe, 0xfe, 0xfb, 0x7e, 0xfb, 0xfb, 0x7d, 0xef, 0xbf,
    0xff, 0xff, 0xff, 0xff, 0xff, 0xff, 0xff, 0xff, 0xfc, 0x00, 0x00, 0x00, 0x00, 0x00, 0x00, 0x00, 0x00, 0x00, 0x00, 0x10, 0x00, 0x0c, 0x01, 0xc0,
    0x00, 0x00, 0x01, 0x02, 0x19, 0xff, 0xef, 0xed, 0x7b, 0xe7, 0x9f, 0xfb, 0xff, 0xef, 0xf9, 0xe0, 0x1f, 0xff, 0xff, 0xff, 0xff, 0xff, 0xff, 0xff,
    0xff, 0xff, 0xff, 0xff, 0xff, 0xff, 0xff, 0xff, 0xff, 0xff, 0xff, 0xff, 0xff, 0xff, 0xfd, 0xff, 0xff, 0xff, 0xff, 0xbf, 0xff, 0x7d, 0xed, 0xfe,
    0xfb, 0xdd, 0xdf, 0xff, 0xef, 0xf7, 0xdf, 0xc0, 0xff, 0xb7, 0xb1, 0xdb, 0xaf, 0x6f, 0x67, 0xbe, 0xdf, 0xcf, 0x7e, 0x7f, 0xff, 0xff, 0xff, 0xff,
    0xff, 0xff, 0xff, 0xff, 0xf8, 0x00, 0x00, 0x01, 0x80, 0x00, 0x00, 0x08, 0x00, 0x00, 0x00, 0x00, 0x40, 0x00, 0x01, 0x80, 0x00, 0x00, 0x01, 0xf0,
    0x73, 0xc1, 0xef, 0xfc, 0xf3, 0xfb, 0xcf, 0xb7, 0xff, 0xef, 0xe3, 0xff, 0xef, 0xff, 0xff, 0xff, 0xff, 0xff, 0xff, 0xff, 0xff, 0xff, 0xff, 0xff,
    0xff, 0xff, 0xff, 0xff, 0xff, 0xff, 0xff, 0xff, 0xff, 0xff, 0xff, 0xff, 0xff, 0xff, 0xf7, 0xfb, 0xf7, 0xef, 0xff, 0xfb, 0xff, 0xff, 0xfe, 0xf7,
    0xff, 0xff, 0x7f, 0xc0, 0xe6, 0xfd, 0xf1, 0x37, 0xfb, 0xfd, 0xfd, 0xef, 0xf6, 0xfb, 0xda, 0x7f, 0xff, 0xff, 0xff, 0xff, 0xff, 0xff, 0xff, 0xff,
    0xfc, 0x00, 0x10, 0x01, 0x80, 0x00, 0x00, 0x38, 0x00, 0x00, 0x06, 0x20, 0x00, 0x00, 0x08, 0x00, 0x00, 0x00, 0x00, 0xff, 0xe7, 0x9e, 0xe7, 0xf6,
    0xce, 0x1b, 0xcf, 0xaf, 0xff, 0xf6, 0xe7, 0xff, 0xf7, 0xff, 0xff, 0xff, 0xff, 0xff, 0xff, 0xff, 0xff, 0xff, 0xff, 0xff, 0xff, 0xff, 0xff, 0xff,
    0xff, 0xff, 0xbf, 0xff, 0xff, 0xff, 0xff, 0xff, 0xde, 0xfd, 0xff, 0xff, 0xbf, 0xff, 0xbf, 0xff, 0xff, 0xef, 0xf7, 0xff, 0x7f, 0xef, 0xfe, 0xc0,
    0xbf, 0xdb, 0x70, 0x3d, 0x7e, 0xdf, 0x9f, 0x7b, 0x7f, 0xbb, 0xf9, 0xff, 0xff, 0xff, 0xff, 0xff, 0xff, 0xff, 0xff, 0xff, 0xf8, 0x00, 0x00, 0x00,
    0x04, 0x00, 0x01, 0x80, 0x00, 0xc0, 0x00, 0x00, 0x00, 0x00, 0x38, 0x00, 0x00, 0x00, 0x01, 0xfe, 0x1f, 0xbf, 0x6f, 0xd3, 0xbc, 0xcf, 0x9f, 0xdf,
    0xef, 0xfe, 0xff, 0xff, 0xff, 0xff, 0xff, 0xff, 0xff, 0xff, 0xff, 0xff, 0xff, 0xff, 0xff, 0xff, 0xff, 0xff, 0xff, 0xff, 0xff, 0xff, 0xff, 0xff,
    0xff, 0xff, 0xff, 0xef, 0x7f, 0xff, 0xdf, 0xff, 0xff, 0xdf, 0xfe, 0xdf, 0xfb, 0xfd, 0xff, 0xef, 0xed, 0xfe, 0xfb, 0xc0, 0xf9, 0xf7, 0xd1, 0x6f,
    0x67, 0x76, 0xf7, 0xdd, 0xdb, 0x6e, 0xe9, 0xff, 0xff, 0xff, 0xff, 0xff, 0xff, 0xff, 0xff, 0xff, 0xf8, 0x00, 0x01, 0x80, 0x04, 0x00, 0x03, 0x80,
    0x00, 0x80, 0x08, 0x80, 0x00, 0x00, 0x13, 0x00, 0x00, 0x00, 0x01, 0xff, 0x3f, 0x7f, 0xef, 0xf2, 0x7f, 0xff, 0xbf, 0xff, 0x81, 0xff, 0xff, 0xfc,
    0x7f, 0xff, 0xff, 0xff, 0xff, 0xff, 0xff, 0xff, 0xff, 0xff, 0xff, 0xff, 0xff, 0xff, 0xff, 0xff, 0xff, 0xff, 0xff, 0xbf, 0xff, 0xff, 0xdf, 0xbf,
    0xff, 0xdf, 0xff, 0x7e, 0xfd, 0xfe, 0xfb, 0xff, 0xff, 0xbf, 0xef, 0xff, 0xbf, 0xbf, 0xdf, 0xc0, 0xcf, 0x7d, 0xe3, 0xfb, 0xfd, 0xff, 0xf4, 0xf7,
    0xff, 0xff, 0xb3, 0xff, 0xff, 0xff, 0xff, 0xff, 0xff, 0xff, 0xff, 0xff, 0xfc, 0x00, 0x00, 0x00, 0x00, 0x00, 0x01, 0x00, 0x00, 0x00, 0x00, 0x00,
    0x00, 0x00, 0x00, 0x00, 0x00, 0x00, 0x01, 0xff, 0xff, 0xff, 0x9f, 0xf0, 0xff, 0xfb, 0xff, 0xff, 0x3c, 0xff, 0xff, 0xf9, 0x9f, 0xff, 0xff, 0xff,
    0xff, 0xff, 0xff, 0xff, 0xff, 0xff, 0xff, 0xff, 0xff, 0xff, 0xff, 0xff, 0xff, 0xff, 0xff, 0xff, 0xfe, 0xf7, 0xfd, 0xfd, 0xff, 0xff, 0xff, 0xf7,
    0xef, 0xff, 0xff, 0xff, 0xff, 0xff, 0xbd, 0xff, 0xff, 0xfb, 0xff, 0xc0, 0xff, 0xdf, 0x79, 0xbe, 0xdf, 0xbb, 0x5f, 0xbe, 0xec, 0xd5, 0xa7, 0xff,
    0xff, 0xff, 0xff, 0xff, 0xff, 0xff, 0xff, 0xff, 0xfc, 0x00, 0x00, 0x00, 0x00, 0x00, 0x00, 0x20, 0x00, 0x00, 0x1c, 0x00, 0x00, 0x01, 0x80, 0x00,
    0x00, 0x00, 0x01, 0xcf, 0xff, 0xe3, 0xff, 0xff, 0xbf, 0xfb, 0x7f, 0xff, 0x7e, 0xff, 0xff, 0xfb, 0xdd, 0xff, 0xff, 0xff, 0xff, 0xff, 0xff, 0xff,
    0xff, 0xff, 0xff, 0xff, 0xff, 0xff, 0xff, 0xff, 0xff, 0xff, 0xff, 0xff, 0xff, 0xff, 0x7f, 0xff, 0xfb, 0xff, 0x7b, 0xff, 0xff, 0xff, 0xff, 0xfd,
    0xf7, 0xef, 0xff, 0xde, 0xff, 0xff, 0xee, 0xc0, 0xb6, 0xf7, 0xd9, 0xe7, 0xf6, 0xef, 0xfb, 0xbb, 0xbf, 0xdd, 0xe7, 0xff, 0xff, 0xff, 0xff, 0xff,
    0xff, 0xff, 0xff, 0xff, 0xfc, 0x00, 0x00, 0x0c, 0x18, 0x00, 0x00, 0x70, 0x40, 0x00, 0x1c, 0x00, 0x00, 0x01, 0x00, 0x00, 0x00, 0x00, 0x01, 0x83,
    0xff, 0xd8, 0xff, 0xfe, 0x0f, 0xf3, 0x7f, 0xff, 0xee, 0xff, 0xff, 0xff, 0xed, 0xff, 0xff, 0xff, 0xff, 0xff, 0xff, 0xff, 0xff, 0xff, 0xff, 0xff,
    0xff, 0xff, 0xff, 0xff, 0xff, 0xff, 0xff, 0xff, 0xff, 0xff, 0xff, 0xff, 0xff, 0xff, 0xff, 0xdf, 0x7f, 0xfd, 0xef, 0xbf, 0xdf, 0xff, 0xff, 0xff,
    0xfb, 0xff, 0xff, 0xc0, 0xf7, 0x7c, 0xf9, 0xfd, 0xbf, 0xdd, 0xae, 0xef, 0xf7, 0x7b, 0x4f, 0xff, 0xff, 0xff, 0xff, 0xff, 0xff, 0xff, 0xff, 0xff,
    0xfc, 0x08, 0x20, 0x0c, 0x10, 0x00, 0x00, 0x60, 0xe0, 0x00, 0x00, 0x00, 0x00, 0x00, 0x00, 0x00, 0x00, 0x00, 0x0f, 0x3c, 0xff, 0x9e, 0x7f, 0xfd,
    0xe7, 0xfe, 0xff, 0xff, 0xe7, 0x9f, 0xff, 0xfd, 0xeb, 0xff, 0xff, 0xff, 0xff, 0xff, 0xff, 0xff, 0xff, 0xff, 0xff, 0xff, 0xff, 0xff, 0xff, 0xff,
    0xff, 0xff, 0xff, 0xff, 0xff, 0xff, 0xff, 0xff, 0xff, 0xdb, 0xff, 0xfd, 0xfb, 0xdf, 0xff, 0xff, 0xff, 0xbe, 0xf7, 0xff, 0xff, 0x6f, 0x7b, 0xc0,
    0xdd, 0xdb, 0xb9, 0xbf, 0xed, 0xdf, 0x7b, 0x6d, 0xdd, 0xef, 0x9f, 0xff, 0xff, 0xff, 0xff, 0xff, 0xff, 0xff, 0xff, 0xff, 0xfe, 0x00, 0x40, 0x00,
    0x00, 0x00, 0x06, 0x00, 0x60, 0x00, 0x22, 0x00, 0x00, 0x00, 0x00, 0x00, 0x00, 0x00, 0x0c, 0x06, 0x7f, 0xff, 0x7f, 0xf9, 0xf3, 0xe4, 0xcf, 0x0f,
    0xdf, 0x3f, 0xff, 0xfe, 0x66, 0x3f, 0xff, 0xff, 0xff, 0xff, 0xff, 0xff, 0xff, 0xff, 0xff, 0xff, 0xff, 0xff, 0xff, 0xff, 0xff, 0xff, 0xff, 0xff,
    0xff, 0xff, 0xff, 0xff, 0xbf, 0xff, 0xff, 0xef, 0xff, 0xff, 0xff, 0xff, 0xff, 0xff, 0xff, 0xfe, 0xef, 0xff, 0xff, 0x80, 0xdf, 0xef, 0xe9, 0xee,
    0x7f, 0x77, 0xdf, 0xbe, 0x7f, 0xbd, 0x3f, 0xff, 0xff, 0xff, 0xff, 0xff, 0xff, 0xff, 0xff, 0xff, 0xff, 0x00, 0x40, 0x00, 0x00, 0x00, 0x00, 0x00,
    0x00, 0x01, 0x80, 0x00, 0x00, 0x00, 0x80, 0x00, 0x00, 0x00, 0x00, 0x06, 0xff, 0xff, 0x7c, 0xff, 0xf9, 0xf3, 0xcc, 0xe7, 0xdf, 0xff, 0xff, 0xff,
    0x24, 0xbf, 0xff, 0xff, 0xff, 0xff, 0xff, 0xff, 0xff, 0xff, 0xff, 0xff, 0xff, 0xff, 0xff, 0xff, 0xff, 0xff, 0xff, 0xff, 0xff, 0xff, 0xfe, 0xff,
    0xff, 0xff, 0xff, 0xff, 0xff, 0xff, 0xbd, 0xff, 0xff, 0xfd, 0xfe, 0xff, 0xff, 0xfd, 0xef, 0xc0, 0xf3, 0x7d, 0xdd, 0xf7, 0xdb, 0xfc, 0xf6, 0xe7,
    0xeb, 0xf6, 0x3f, 0xff, 0xff, 0xff, 0xff, 0xff, 0xff, 0xff, 0xff, 0xff, 0xff, 0x80, 0x00, 0x40, 0x00, 0x00, 0x03, 0x80, 0x00, 0x31, 0x98, 0x00,
    0x00, 0x04, 0x00, 0x00, 0x60, 0x00, 0x00, 0x07, 0xff, 0xff, 0xb8, 0x7f, 0xf3, 0xff, 0x9d, 0xf3, 0xdf, 0xff, 0xff, 0xff, 0xff, 0xcf, 0xff, 0xff,
    0xff, 0xff, 0xff, 0xff, 0xff, 0xff, 0xff, 0xff, 0xff, 0xff, 0xff, 0xff, 0xff, 0xff, 0xff, 0xff, 0xff, 0xff, 0xfb, 0xfb, 0xff, 0xff, 0xdf, 0xff,
    0xff, 0xff, 0xff, 0xff, 0xff, 0xf7, 0xdf, 0xff, 0xff, 0xff, 0xff, 0xc0, 0xbf, 0x77, 0x77, 0x5d, 0xfb, 0xaf, 0xbf, 0x7d, 0xfe, 0x78, 0xff, 0xff,
    0xff, 0xff, 0xff, 0xff, 0xff, 0xff, 0xff, 0xff, 0xff, 0xc0, 0x00, 0xc0, 0x00, 0x00, 0x03, 0x80, 0x00, 0x00, 0x98, 0x00, 0x80, 0x00, 0x00, 0x00,
    0x60, 0x00, 0x00, 0x07, 0xff, 0xfc, 0x33, 0xff, 0xf7, 0xff, 0xbb, 0xfd, 0xdf, 0xff, 0xdf, 0xff, 0xff, 0xef, 0xff, 0xff, 0xff, 0xff, 0xff, 0xff,
    0xff, 0xff, 0xff, 0xff, 0xff, 0xff, 0xff, 0xff, 0xff, 0xff, 0xff, 0xff, 0xff, 0xff, 0xff, 0xff, 0xff, 0xff, 0xff, 0x7f, 0xbf, 0xff, 0xff, 0xff,
    0xff, 0xdf, 0xff, 0xff, 0xfe, 0xf7, 0xfd, 0xc0, 0xed, 0xdf, 0xff, 0x7f, 0x6e, 0xfb, 0xe9, 0xdb, 0x77, 0xd8, 0xff, 0xff, 0xff, 0xff, 0xff, 0xff,
    0xff, 0xff, 0xff, 0xff, 0xff, 0xc0, 0x80, 0x00, 0x00, 0x00, 0x01, 0x00, 0x00, 0x00, 0x00, 0x00, 0x80, 0x10, 0x00, 0x00, 0x00, 0x00, 0x00, 0x0f,
    0xff, 0xf1, 0x37, 0xff, 0xf7, 0xff, 0xbb, 0xfc, 0xef, 0xff, 0x03, 0xf7, 0xff, 0xf7, 0xff, 0xff, 0xff, 0xff, 0xff, 0xff, 0xff, 0xff, 0xff, 0xff,
    0xff, 0xff, 0xff, 0xff, 0xff, 0xff, 0xff, 0xff, 0xff, 0xff, 0x7f, 0xff, 0xff, 0xff, 0xff, 0xff, 0xff, 0xff, 0xff, 0xdf, 0xff, 0xff, 0xff, 0xff,
    0xff, 0xdf, 0xbf, 0xc0, 0xff, 0xfb, 0x6d, 0xeb, 0xdf, 0xbe, 0xff, 0xb7, 0xdd, 0xf3, 0xdf, 0xff, 0xff, 0xff, 0xff, 0xff, 0xff, 0xff, 0xff, 0xff,
    0xff, 0xe0, 0xc0, 0x00, 0x18, 0x80, 0x00, 0x00, 0x60, 0x00, 0x40, 0x00, 0x00, 0x00, 0x00, 0x00, 0x00, 0x00, 0x00, 0x0f, 0xff, 0xff, 0xb7, 0xff,
    0xf7, 0xbf, 0x9b, 0xfe, 0xef, 0xfe, 0x79, 0xf3, 0xe9, 0xf9, 0xff, 0xff, 0xff, 0xff, 0xff, 0xff, 0xff, 0xff, 0xff, 0xff, 0xff, 0xff, 0xff, 0xff,
    0xff, 0xff, 0xff, 0xff, 0xff, 0xff, 0xff, 0xf7, 0xff, 0xff, 0xff, 0xff, 0xff, 0xff, 0xff, 0xff, 0xfd, 0xff, 0xff, 0xff, 0xff, 0xff, 0xfe, 0xc0,
    0xb6, 0xef, 0xff, 0xbe, 0xf5, 0xef, 0x36, 0xfd, 0xf7, 0xa3, 0xff, 0xff, 0xff, 0xff, 0xff, 0xff, 0xff, 0xff, 0xff, 0xff, 0xff, 0xe0, 0x00, 0x00,
    0x18, 0xc0, 0x00, 0x00, 0xe0, 0x01, 0x80, 0x00, 0x00, 0x08, 0x00, 0x00, 0x00, 0x00, 0x00, 0x3f, 0xff, 0xfe, 0xf0, 0xff, 0xe6, 0x0f, 0xdf, 0xfe,
    0xdf, 0xff, 0xfe, 0xfb, 0x1f, 0x3e, 0xff, 0xff, 0xff, 0xff, 0xff, 0xff, 0xff, 0xff, 0xff, 0xff, 0xff, 0xff, 0xff, 0xff, 0xff, 0xff, 0xff, 0xff,
    0xff, 0xff, 0xf7, 0xff, 0xff, 0xff, 0xff, 0xff, 0xff, 0xff, 0xff, 0xff, 0xff, 0xff, 0xfd, 0xfb, 0xff, 0xff, 0xf7, 0xc0, 0xf7, 0xbd, 0xb3, 0xf7,
    0xbf, 0x6b, 0xff, 0xcf, 0x7d, 0xc7, 0xff, 0xff, 0xff, 0xff, 0xff, 0xff, 0xff, 0xff, 0xff, 0xff, 0xff, 0xf0, 0x00, 0x01, 0x00, 0x00, 0x04, 0xc0,
    0x60, 0x01, 0x80, 0x00, 0x00, 0x00, 0x00, 0x00, 0x00, 0x00, 0x00, 0x7f, 0xff, 0xfe, 0x66, 0x79, 0x8e, 0xe7, 0xff, 0xfe, 0x9f, 0xff, 0xff, 0x78,
    0x7f, 0xce, 0xff, 0xff, 0xff, 0xff, 0xff, 0xff, 0xff, 0xff, 0xff, 0xff, 0xff, 0xff, 0xff, 0xff, 0xff, 0xff, 0xff, 0xff, 0xff, 0xff, 0xff, 0xff,
    0xff, 0xff, 0xff, 0xff, 0xff, 0xff, 0xff, 0xff, 0xff, 0xfb, 0xdf, 0xdf, 0xff, 0xfe, 0xff, 0xc0, 0xdd, 0xf7, 0xfe, 0xdd, 0xeb, 0xde, 0xdb, 0x7b,
    0x9d, 0x0f, 0xff, 0xff, 0xff, 0xff, 0xff, 0xff, 0xff, 0xff, 0xff, 0xff, 0xff, 0xf0, 0x00, 0x01, 0x10, 0x00, 0x00, 0x80, 0x00, 0x00, 0x90, 0x00,
    0x01, 0x80, 0x00, 0x38, 0x00, 0x00, 0x42, 0x7f, 0xff, 0xfd, 0xcf, 0x7a, 0xfd, 0xf9, 0xff, 0xff, 0xbf, 0xff, 0xff, 0xf9, 0xff, 0xe7, 0x7f, 0xff,
    0xff, 0xff, 0xff, 0xff, 0xff, 0xff, 0xff, 0xff, 0xff, 0xff, 0xff, 0xff, 0xff, 0xff, 0xff, 0xff, 0xff, 0xff, 0xff, 0xff, 0xff, 0xff, 0xff, 0xff,
    0xff, 0xff, 0xff, 0xff, 0xff, 0xff, 0xff, 0xf7, 0xf7, 0xbf, 0xff, 0xc0, 0xfe, 0xde, 0xdf, 0xfd, 0xfe, 0xf7, 0xff, 0xfb, 0xf7, 0x1f, 0xff, 0xff,
    0xff, 0xff, 0xff, 0xff, 0xff, 0xff, 0xff, 0xff, 0xff, 0xf8, 0x20, 0x80, 0x18, 0x00, 0x00, 0x03, 0x00, 0x00, 0x00, 0x01, 0x83, 0x80, 0x00, 0x3c,
    0x00, 0x01, 0xc1, 0xff, 0xcf, 0xfc, 0xbf, 0xba, 0xf3, 0xfc, 0xf7, 0xfc, 0x1f, 0xff, 0xc3, 0xfb, 0xff, 0xf3, 0x7f, 0xff, 0xff, 0xff, 0xff, 0xff,
    0xff, 0xff, 0xff, 0xff, 0xff, 0xff, 0xff, 0xff, 0xff, 0xff, 0xff, 0xff, 0xff, 0xff, 0xff, 0xff, 0xff, 0xff, 0xff, 0xff, 0xff, 0xff, 0xff, 0xff,
    0x7f, 0xff, 0xff, 0xff, 0xff, 0xfd, 0xff, 0x40, 0xb3, 0xfb, 0xf5, 0xb7, 0x77, 0xbd, 0xac, 0xae, 0xee, 0x3f, 0xff, 0xff, 0xff, 0xff, 0xff, 0xff,
    0xff, 0xff, 0xff, 0xff, 0xff, 0xfc, 0x01, 0x80, 0x00, 0x00, 0x04, 0x07, 0x00, 0x02, 0x00, 0x00, 0x01, 0x00, 0x00, 0x38, 0x00, 0x04, 0x83, 0xff,
    0xef, 0xfe, 0x3f, 0xba, 0x0f, 0xfe, 0x73, 0xfb, 0xf7, 0xff, 0x9c, 0xfb, 0xff, 0xfb, 0x7f, 0xff, 0xff, 0xff, 0xff, 0xff, 0xff, 0xff, 0xff, 0xff,
    0xff, 0xff, 0xff, 0xff, 0xff, 0xff, 0xff, 0xff, 0xff, 0xff, 0xff, 0xff, 0xff, 0xff, 0xff, 0xff, 0xff, 0xff, 0xff, 0xff, 0xff, 0xff, 0xff, 0xff,
    0xff, 0x7f, 0xff, 0xc0, 0xff, 0x6f, 0x6f, 0x7f, 0x5d, 0xef, 0xbb, 0xb7, 0xb8, 0x7f, 0xff, 0xff, 0xff, 0xff, 0xff, 0xff, 0xff, 0xff, 0xff, 0xff,
    0xff, 0xfc, 0x00, 0x00, 0x00, 0x0c, 0x01, 0x0f, 0x80, 0x00, 0x80, 0x30, 0x04, 0x00, 0x00, 0x00, 0x00, 0x00, 0xff, 0xc7, 0xee, 0x7f, 0xff, 0xbb,
    0xff, 0xfe, 0x77, 0xfb, 0xff, 0xff, 0x3e, 0xb7, 0xff, 0xfb, 0xff, 0xff, 0xff, 0xff, 0xff, 0xff, 0xff, 0xff, 0xff, 0xff, 0xff, 0xff, 0xff, 0xff,
    0xff, 0xff, 0xff, 0xff, 0xff, 0xff, 0xff, 0xff, 0xff, 0xff, 0xff, 0xff, 0xff, 0xff, 0xff, 0xff, 0xff, 0xff, 0xff, 0xff, 0xff, 0xff, 0xfd, 0xc0,
    0xdb, 0x7d, 0xfb, 0xdb, 0xfd, 0xfb, 0xff, 0xd9, 0xf9, 0xff, 0xff, 0xff, 0xff, 0xff, 0xff, 0xff, 0xff, 0xff, 0xff, 0xff, 0xff, 0xff, 0x00, 0x10,
    0x00, 0x00, 0x30, 0x07, 0x00, 0x04, 0x00, 0x00, 0x06, 0x00, 0x00, 0x00, 0x00, 0x30, 0x7f, 0x83, 0xe8, 0x1f, 0xfc, 0x3b, 0xff, 0xff, 0xe7, 0xff,
    0xf9, 0xff, 0xff, 0x77, 0xff, 0xff, 0x7f, 0xff, 0xff, 0xff, 0xff, 0xff, 0xff, 0xff, 0xff, 0xff, 0xff, 0xff, 0xff, 0xff, 0xff, 0xff, 0xff, 0xff,
    0xff, 0xff, 0xff, 0xff, 0xff, 0xff, 0xff, 0xff, 0xff, 0xff, 0xff, 0xff, 0xff, 0xff, 0xff, 0xff, 0xff, 0xff, 0xff, 0xc0, 0xdd, 0xdf, 0xbe, 0xee,
    0xe7, 0x5e, 0xd6, 0xef, 0x63, 0xff, 0xff, 0xff, 0xff, 0xff, 0xff, 0xff, 0xff, 0xff, 0xff, 0xff, 0xff, 0xff, 0xc0, 0x00, 0x1e, 0x00, 0x22, 0x00,
    0x00, 0x00, 0x40, 0x00, 0x0e, 0x00, 0x60, 0x00, 0x00, 0x10, 0x00, 0x03, 0xeb, 0xc7, 0xfb, 0xb7, 0xff, 0xfa, 0x6f, 0xff, 0xc0, 0xff, 0xff, 0x6f,
    0xff, 0xff, 0x7f, 0xff, 0xff, 0xff, 0xff, 0xff, 0xff, 0xff, 0xff, 0xff, 0xff, 0xff, 0xff, 0xff, 0xff, 0xff, 0xff, 0xff, 0xff, 0xff, 0xff, 0xff,
    0xff, 0xff, 0xff, 0xff, 0xff, 0xff, 0xff, 0xff, 0xff, 0xff, 0xff, 0xff, 0xff, 0xff, 0xff, 0xc0, 0xf7, 0xf6, 0xef, 0xbe, 0xdf, 0xf6, 0xff, 0xbe,
    0xc7, 0xff, 0xff, 0xff, 0xff, 0xff, 0xff, 0xff, 0xff, 0xff, 0xff, 0xff, 0xff, 0xff, 0xfc, 0x00, 0x7f, 0xf8, 0x00, 0x00, 0x00, 0x02, 0x00, 0x00,
    0x0d, 0x01, 0xe0, 0x00, 0x00, 0x42, 0x00, 0x03, 0xcf, 0xf0, 0x7f, 0x77, 0xff, 0xfe, 0xff, 0xff, 0xce, 0x7f, 0xfc, 0xdf, 0xff, 0xfa, 0xff, 0xff,
    0xff, 0xff, 0xff, 0xff, 0xff, 0xff, 0xff, 0xff, 0xff, 0xff, 0xff, 0xff, 0xff, 0xff, 0xff, 0xff, 0xff, 0xff, 0xff, 0xff, 0xff, 0xff, 0xff, 0xff,
    0xff, 0xff, 0xff, 0xff, 0xff, 0xff, 0xff, 0xff, 0xff, 0xff, 0xff, 0xc0, 0xbe, 0xff, 0xf9, 0xf7, 0xfb, 0x3f, 0x6b, 0x73, 0x9f, 0xff, 0xff, 0xff,
    0xff, 0xff, 0xff, 0xff, 0xff, 0xff, 0xff, 0xff, 0xff, 0xff, 0xff, 0x80, 0xff, 0xfc, 0x10, 0x00, 0x00, 0x00, 0x00, 0x06, 0x00, 0x00, 0xf0, 0x00,
    0x02, 0x10, 0x00, 0x0b, 0xdf, 0xff, 0x7f, 0x69, 0xfc, 0x7e, 0xff, 0xff, 0xdf, 0x7f, 0x7e, 0x3f, 0xff, 0xfd, 0xff, 0xff, 0xff, 0xff, 0xff, 0xff,
    0xff, 0xff, 0xff, 0xff, 0xff, 0xff, 0xff, 0xff, 0xff, 0xff, 0xff, 0xff, 0xff, 0xff, 0xff, 0xbf, 0xff, 0xff, 0xff, 0xff, 0xff, 0xff, 0xff, 0xff,
    0xff, 0xff, 0xff, 0xff, 0xff, 0xff, 0xff, 0xc0, 0x6e, 0xdb, 0x5f, 0x77, 0x3f, 0xed, 0xfb, 0xdf, 0x3f, 0xfe, 0xff, 0xff, 0xff, 0xff, 0xff, 0xff,
    0xff, 0xff, 0xff, 0xff, 0xff, 0xff, 0xff, 0xf3, 0xff, 0x00, 0x00, 0x00, 0x00, 0x0c, 0x00, 0x03, 0x00, 0x00, 0xe0, 0x00, 0x03, 0x38, 0x00, 0x3b,
    0x9f, 0xff, 0xbf, 0x9d, 0xf1, 0x9d, 0x9f, 0xff, 0x9f, 0xbc, 0x0f, 0xbf, 0xff, 0xff, 0xff, 0xff, 0xff, 0xff, 0xff, 0xff, 0xff, 0xff, 0xff, 0xff,
    0xff, 0xff, 0xff, 0xff, 0xff, 0xff, 0xff, 0xff, 0xff, 0xff, 0xff, 0xff, 0xff, 0xff, 0xff, 0xff, 0xff, 0xff, 0xff, 0xff, 0xff, 0xff, 0xff, 0xff,
    0xff, 0xff, 0xfb, 0xc0, 0x3b, 0xfd, 0xf7, 0xdd, 0xed, 0xfb, 0xbe, 0xf0, 0x7f, 0xff, 0xff, 0xff, 0xff, 0xff, 0xff, 0xff, 0xff, 0xff, 0xff, 0xff,
    0xff, 0xff, 0xff, 0xff, 0xff, 0x00, 0x07, 0x80, 0x00, 0x0c, 0x00, 0x00, 0x01, 0x00, 0xc0, 0x00, 0x03, 0x18, 0x24, 0xfb, 0xbf, 0xff, 0xbc, 0x3f,
    0xf3, 0xed, 0xbf, 0xff, 0xff, 0xb9, 0xef, 0x9f, 0xff, 0xff, 0xff, 0xff, 0xff, 0xff, 0xff, 0xff, 0xff, 0xff, 0xff, 0xff, 0xff, 0xff, 0xff, 0xff,
    0xff, 0xff, 0xff, 0xff, 0xff, 0xff, 0xff, 0xff, 0xff, 0xff, 0xff, 0xff, 0xff, 0xff, 0xff, 0xff, 0xff, 0xff, 0xff, 0xff, 0xff, 0xff, 0xff, 0xc0,
    0x8f, 0x37, 0xbd, 0xdf, 0xfe, 0xde, 0xe7, 0x80, 0xff, 0xff, 0xff, 0xff, 0xff, 0xff, 0xff, 0xff, 0xff, 0xff, 0xff, 0xff, 0xff, 0xff, 0xff, 0xff,
    0xff, 0x00, 0x1f, 0xe0, 0x00, 0x00, 0x00, 0x00, 0x18, 0x00, 0x00, 0x00, 0x10, 0x00, 0x01, 0xe7, 0x3f, 0xff, 0x3f, 0xfe, 0xe7, 0xfc, 0x7f, 0xff,
    0xfc, 0x39, 0xf7, 0x9f, 0xff, 0xff, 0xff, 0xff, 0xff, 0xff, 0xff, 0xff, 0xff, 0xff, 0xff, 0xff, 0xff, 0xff, 0xff, 0xff, 0xff, 0xff, 0xff, 0xff,
    0xff, 0xff, 0xff, 0xff, 0xff, 0xff, 0xff, 0xff, 0xff, 0xff, 0xff, 0xff, 0xff, 0xff, 0xff, 0xff, 0xff, 0xff, 0xff, 0xc0, 0xc1, 0xfe, 0xef, 0x73,
    0x5b, 0xf7, 0xbc, 0x01, 0xff, 0xff, 0xff, 0xff, 0xff, 0xff, 0xff, 0xff, 0xff, 0xff, 0xff, 0xff, 0xff, 0xff, 0xff, 0xff, 0xff, 0xc3, 0xff, 0xf0,
    0x40, 0x10, 0x00, 0x00, 0x18, 0x00, 0x00, 0x00, 0xe0, 0x04, 0x13, 0xe6, 0x7f, 0xff, 0xbf, 0xfe, 0xf7, 0xfe, 0x7f, 0xff, 0xfd, 0xff, 0xf3, 0xbf,
    0xff, 0xff, 0xff, 0xff, 0xff, 0xff, 0xff, 0xff, 0xff, 0xff, 0xff, 0xff, 0xff, 0xff, 0xff, 0xff, 0xff, 0xff, 0xff, 0xff, 0xff, 0xff, 0xff, 0xff,
    0xff, 0xff, 0xff, 0xff, 0xff, 0xff, 0xff, 0xff, 0xff, 0xff, 0xff, 0xff, 0xff, 0xff, 0xef, 0x40, 0xf0, 0x0f, 0xfb, 0xff, 0x7f, 0x77, 0xe0, 0xc7,
    0xff, 0xff, 0xff, 0xff, 0xff, 0xff, 0xff, 0xff, 0xff, 0xff, 0xff, 0xff, 0xff, 0xff, 0xff, 0xff, 0xff, 0xff, 0xf8, 0x3c, 0x00, 0x00, 0x00, 0x38,
    0x00, 0x00, 0x00, 0x80, 0xe0, 0x4c, 0x4f, 0xbc, 0xff, 0xff, 0xbb, 0xff, 0x77, 0xff, 0xff, 0xff, 0xff, 0xf7, 0xc3, 0xbf, 0xff, 0xff, 0xff, 0xff,
    0xff, 0xff, 0xff, 0xff, 0xff, 0xff, 0xff, 0xff, 0xff, 0xff, 0xff, 0xff, 0xff, 0xff, 0xff, 0xff, 0xff, 0xff, 0xff, 0xff, 0xff, 0xff, 0xff, 0xff,
    0xff, 0xff, 0xff, 0xff, 0xff, 0xff, 0xff, 0xff, 0xff, 0xff, 0xff, 0xc0, 0xbe, 0x40, 0xb6, 0xdd, 0xed, 0xdd, 0x46, 0x1f, 0xff, 0xff, 0xff, 0xff,
    0xff, 0xff, 0xff, 0xff, 0xff, 0xff, 0xff, 0xff, 0xff, 0xff, 0xff, 0xff, 0xff, 0xff, 0xc0, 0x0c, 0x00, 0x02, 0x0e, 0x18, 0x04, 0x06, 0x00, 0x01,
    0xc3, 0x1e, 0x1f, 0x93, 0xff, 0xf8, 0xbb, 0xff, 0x6f, 0xff, 0xff, 0xff, 0xfe, 0x67, 0x99, 0xbf, 0xff, 0xff, 0xff, 0xff, 0xff, 0xff, 0xff, 0xff,
    0xff, 0xff, 0xff, 0xff, 0xff, 0xff, 0xff, 0xff, 0xff, 0xff, 0xff, 0xff, 0xff, 0xff, 0xff, 0xff, 0xff, 0xff, 0xff, 0xff, 0xff, 0xff, 0xff, 0xff,
    0xff, 0xff, 0xff, 0xff, 0xff, 0xff, 0xff, 0xc0, 0xef, 0xf8, 0x3d, 0xb7, 0x6f, 0xf8, 0x1c, 0x1f, 0xff, 0xff, 0xff, 0xff, 0xff, 0xff, 0xff, 0xff,
    0xff, 0xff, 0xff, 0xff, 0xff, 0xff, 0xff, 0xff, 0xff, 0xff, 0x80, 0x06, 0x00, 0x60, 0x1f, 0x00, 0x18, 0x07, 0x00, 0x01, 0xc3, 0x1e, 0x3f, 0x8f,
    0xff, 0xf3, 0x37, 0xfe, 0xef, 0x07, 0xf7, 0xff, 0xff, 0x0f, 0x39, 0xbf, 0xff, 0xfd, 0xff, 0xff, 0xff, 0xff, 0xff, 0xff, 0xff, 0xff, 0xff, 0xff,
    0xff, 0xff, 0xff, 0xff, 0xff, 0xff, 0xff, 0xff, 0xff, 0xff, 0xff, 0xff, 0xff, 0xff, 0xff, 0xff, 0xff, 0xff, 0xff, 0xff, 0xff, 0xff, 0xff, 0xff,
    0xff, 0xff, 0xff, 0xc0, 0xdb, 0xbf, 0x03, 0xff, 0x7b, 0x02, 0xe0, 0x7f, 0xff, 0xff, 0xff, 0xff, 0xff, 0xff, 0xff, 0xb6, 0xff, 0xff, 0xff, 0xff,
    0xff, 0xff, 0xff, 0xff, 0xff, 0xff, 0x20, 0x02, 0x00, 0x20, 0x1e, 0x00, 0x10, 0x07, 0x87, 0x00, 0x40, 0x04, 0x7f, 0xff, 0xff, 0xf4, 0x77, 0xfe,
    0xde, 0x70, 0xf8, 0xff, 0xff, 0x37, 0x3b, 0xbf, 0xff, 0xff, 0xff, 0xff, 0xff, 0xff, 0xff, 0xff, 0xff, 0xff, 0xff, 0xff, 0xff, 0xff, 0xff, 0xff,
    0xff, 0xff, 0xff, 0xff, 0xff, 0xff, 0xff, 0xff, 0xff, 0xff, 0xff, 0xff, 0xff, 0xff, 0xff, 0xff, 0xff, 0xff, 0xff, 0xff, 0xff, 0xff, 0xff, 0xc0,
    0xdb, 0xb7, 0xe0, 0x00, 0x00, 0x0f, 0x00, 0xff, 0xff, 0xff, 0xff, 0xff, 0xff, 0xff, 0xff, 0xff, 0xbf, 0xff, 0xff, 0xff, 0xff, 0xff, 0xff, 0xff,
    0xff, 0xff, 0x60, 0x03, 0x00, 0x08, 0x0c, 0x00, 0x01, 0x80, 0x0f, 0x00, 0x0c, 0x40, 0xff, 0xff, 0xff, 0xff, 0xe7, 0xff, 0xfc, 0xfe, 0x7c, 0xff,
    0xff, 0xff, 0x7b, 0xbf, 0xff, 0xdf, 0xff, 0xff, 0xff, 0xff, 0xff, 0xff, 0xff, 0xff, 0xff, 0xff, 0xff, 0xff, 0xff, 0xff, 0xff, 0xff, 0xff, 0xff,
    0xff, 0xff, 0xff, 0xff, 0xff, 0xff, 0xff, 0xff, 0xff, 0xff, 0xff, 0xff, 0xff, 0xff, 0xff, 0xff, 0xff, 0xff, 0xff, 0xc0, 0xf6, 0xed, 0xff, 0x49,
    0x8d, 0xf0, 0x01, 0xff, 0xff, 0xff, 0xff, 0xff, 0xff, 0xff, 0xfe, 0xed, 0xff, 0xff, 0xff, 0xff, 0xff, 0xff, 0xff, 0xff, 0xfc, 0x3f, 0x60, 0x02,
    0x00, 0x0c, 0x00, 0x11, 0x83, 0x80, 0x02, 0x00, 0x0c, 0x49, 0xff, 0xff, 0xff, 0xf3, 0x81, 0xfd, 0x3f, 0xff, 0x7d, 0xff, 0xff, 0xf3, 0xfb, 0xbf,
    0xff, 0xff, 0xff, 0xff, 0xff, 0xff, 0xff, 0xff, 0xff, 0xff, 0xff, 0xff, 0xff, 0xff, 0xff, 0xff, 0xff, 0xff, 0xff, 0xff, 0xff, 0xff, 0xff, 0xff,
    0xff, 0xff, 0xff, 0xff, 0xff, 0xff, 0xff, 0xff, 0xff, 0xff, 0xff, 0xff, 0xff, 0xff, 0xff, 0xc0, 0xb7, 0xdf, 0x3f, 0xff, 0xfe, 0x00, 0x07, 0xff,
    0xff, 0xff, 0xff, 0xff, 0xff, 0xff, 0xff, 0xbf, 0x7f, 0xff, 0xff, 0xff, 0xff, 0xff, 0xff, 0xff, 0xe3, 0x1f, 0xb0, 0x04, 0x08, 0x00, 0x00, 0x00,
    0x00, 0x00, 0x00, 0x03, 0x80, 0x03, 0xf7, 0xff, 0xff, 0xf0, 0x3c, 0xfc, 0x7b, 0xff, 0xbf, 0xff, 0xff, 0xf7, 0xf3, 0x3f, 0xff, 0xff, 0xff, 0xff,
    0xff, 0xff, 0xff, 0xff, 0xff, 0xff, 0xff, 0xff, 0xff, 0xff, 0xff, 0xff, 0xff, 0xff, 0xff, 0xff, 0xff, 0xff, 0xff, 0xff, 0xff, 0xff, 0xff, 0xff,
    0xff, 0xff, 0xff, 0xff, 0xff, 0xff, 0xff, 0xff, 0xff, 0xff, 0xff, 0xc0, 0xdd, 0x76, 0xec, 0xf6, 0x60, 0x0c, 0x0f, 0xff, 0xff, 0xff, 0xff, 0xff,
    0xff, 0xff, 0xf7, 0xf7, 0x7f, 0xff, 0xff, 0xff, 0xff, 0xff, 0xff, 0xff, 0xef, 0xef, 0xf8, 0x00, 0x00, 0x40, 0x00, 0x00, 0x10, 0x00, 0x00, 0x03,
    0x80, 0x87, 0xff, 0xff, 0xff, 0xff, 0xfe, 0xff, 0xfb, 0xff, 0xbf, 0xff, 0xff, 0xe6, 0x76, 0xff, 0xff, 0xff, 0xff, 0xff, 0xff, 0xff, 0xff, 0xff,
    0xff, 0xff, 0xff, 0xff, 0xff, 0xff, 0xff, 0xff, 0xff, 0xff, 0xff, 0xff, 0xff, 0xff, 0xff, 0xff, 0xff, 0xff, 0xff, 0xff, 0xff, 0xff, 0xff, 0xff,
    0xff, 0xff, 0xff, 0xff, 0xff, 0xff, 0xff, 0xc0, 0x0d, 0xbd, 0xf7, 0x98, 0x00, 0x1e, 0x1f, 0xff, 0xff, 0xff, 0xff, 0xff, 0xff, 0xff, 0xff, 0xd9,
    0x7f, 0xff, 0xff, 0xff, 0xff, 0xff, 0xff, 0xff, 0xcf, 0xf3, 0xfe, 0x00, 0x00, 0xce, 0x00, 0x00, 0x40, 0x00, 0x00, 0x03, 0x88, 0x07, 0xff, 0xff,
    0xff, 0xff, 0xfe, 0x7f, 0xfb, 0xff, 0xb9, 0x3f, 0xff, 0xce, 0xed, 0x7f, 0xff, 0xff, 0xff, 0xff, 0xff, 0xff, 0xff, 0xff, 0xff, 0xff, 0xff, 0xff,
    0xff, 0xff, 0xff, 0xff, 0xff, 0xff, 0xff, 0xff, 0xff, 0xff, 0xff, 0xff, 0xff, 0xff, 0xff, 0xff, 0xff, 0xff, 0xff, 0xff, 0xff, 0xff, 0xff, 0xff,
    0xff, 0xff, 0xff, 0xc0, 0x00, 0x89, 0x00, 0x00, 0x00, 0x1c, 0x7f, 0xfb, 0xff, 0xff, 0xff, 0xff, 0xff, 0xff, 0xdb, 0x78, 0x7f, 0xff, 0xff, 0xff,
    0xff, 0xff, 0xff, 0xff, 0xee, 0x0b, 0xff, 0x80, 0x00, 0xce, 0x18, 0xc0, 0x02, 0x00, 0x00, 0x03, 0x00, 0x1f, 0xff, 0xff, 0xff, 0xff, 0xfe, 0xff,
    0xfb, 0xff, 0xbf, 0x9f, 0xff, 0xfc, 0xe3, 0x3f, 0xff, 0xff, 0xff, 0xff, 0xff, 0xff, 0xff, 0xff, 0xff, 0xff, 0xff, 0xff, 0xff, 0xff, 0xff, 0xff,
    0xff, 0xff, 0xff, 0xff, 0xff, 0xff, 0xff, 0xff, 0xff, 0xff, 0xff, 0xff, 0xff, 0xff, 0xff, 0xff, 0xff, 0xff, 0xff, 0xff, 0xff, 0xff, 0xfe, 0xc0,
    0x00, 0x40, 0x00, 0x00, 0x10, 0x00, 0xff, 0xff, 0x7f, 0xff, 0xff, 0xff, 0xff, 0xff, 0xff, 0xf7, 0xcf, 0xff, 0xff, 0xff, 0xff, 0xc7, 0xff, 0xff,
    0xfe, 0x6d, 0xff, 0x80, 0x00, 0x00, 0x3c, 0x80, 0xcf, 0x01, 0x00, 0x00, 0x00, 0x9f, 0xff, 0xff, 0xff, 0xff, 0xfe, 0xff, 0xfb, 0xff, 0x9b, 0xcf,
    0xff, 0x33, 0xe7, 0xc0, 0x7f, 0xff, 0xff, 0xff, 0xff, 0xff, 0xff, 0xff, 0xff, 0xff, 0xff, 0xff, 0xff, 0xff, 0xff, 0xff, 0xff, 0xff, 0xff, 0xff,
    0xff, 0xff, 0xff, 0xff, 0xff, 0xff, 0xff, 0xff, 0xff, 0xff, 0xff, 0xff, 0xff, 0xff, 0xff, 0xff, 0xff, 0xff, 0xff, 0xc0, 0x00, 0x00, 0x00, 0x10,
    0x1c, 0x01, 0xff, 0xf7, 0xff, 0xfe, 0xff, 0xff, 0xff, 0xfe, 0xed, 0xf0, 0x1f, 0xff, 0xff, 0xff, 0xff, 0x87, 0xff, 0xff, 0xfd, 0xf9, 0xef, 0x82,
    0x00, 0x10, 0x1c, 0x02, 0x0f, 0x01, 0x80, 0x00, 0x02, 0x3f, 0xff, 0xff, 0xff, 0xff, 0xfe, 0xff, 0xf9, 0xff, 0xbb, 0xef, 0xff, 0x8f, 0xff, 0xff,
    0x3f, 0xff, 0xff, 0xff, 0xff, 0xff, 0xff, 0xff, 0xff, 0xff, 0xff, 0xff, 0xff, 0xff, 0xff, 0xff, 0xff, 0xff, 0xff, 0xff, 0xff, 0xff, 0xff, 0xff,
    0xff, 0xff, 0xff, 0xff, 0xff, 0xff, 0xff, 0xff, 0xff, 0xff, 0xff, 0xff, 0xff, 0xff, 0xff, 0xc0, 0x00, 0x00, 0x00, 0x60, 0x3e, 0x07, 0xff, 0xff,
    0xff, 0xff, 0xfb, 0xff, 0xff, 0xff, 0xbf, 0x5c, 0x7f, 0xff, 0xff, 0xff, 0xff, 0x3f, 0xff, 0xff, 0xfd, 0xe1, 0x83, 0x82, 0x00, 0x70, 0x10, 0x00,
    0x0f, 0x00, 0x00, 0x02, 0x10, 0x7f, 0xff, 0xff, 0xff, 0xff, 0xfe, 0xf3, 0xdc, 0xff, 0x37, 0xe7, 0xff, 0xbf, 0xff, 0xff, 0x9f, 0xff, 0xff, 0xff,
    0xff, 0xff, 0xff, 0xff, 0xff, 0xff, 0xff, 0xff, 0xff, 0xff, 0xff, 0xff, 0xff, 0xff, 0xff, 0xff, 0xff, 0xff, 0xff, 0xff, 0xff, 0xff, 0xff, 0xff,
    0xff, 0xff, 0xff, 0xff, 0xff, 0xff, 0xff, 0xff, 0xff, 0xff, 0xff, 0xc0, 0x00, 0x00, 0x00, 0x60, 0x3e, 0x1f, 0xff, 0xff, 0xff, 0xff, 0xff, 0xff,
    0xfd, 0xfb, 0xf7, 0x9f, 0xdf, 0xff, 0xff, 0xff, 0xfe, 0x7f, 0xfd, 0xff, 0xff, 0xd7, 0x03, 0x80, 0x00, 0x78, 0x00, 0x02, 0x00, 0x00, 0x00, 0x03,
    0x00, 0x7f, 0xff, 0xff, 0xff, 0xff, 0xfe, 0xe0, 0x7e, 0xfe, 0xcf, 0xf7, 0xff, 0xff, 0x7f, 0xff, 0xcf, 0xff, 0xff, 0xff, 0xff, 0xff, 0xff, 0xff,
    0xff, 0xff, 0xff, 0xff, 0xff, 0xff, 0xff, 0xff, 0xff, 0xff, 0xff, 0xff, 0xff, 0xff, 0xff, 0xff, 0xff, 0xff, 0xff, 0xff, 0xff, 0xff, 0xff, 0xff,
    0xff, 0xff, 0xff, 0xff, 0xff, 0xff, 0xff, 0xc0, 0x00, 0x00, 0x00, 0x60, 0x6c, 0x7f, 0xff, 0xff, 0xff, 0xff, 0xff, 0xfb, 0xff, 0xfe, 0xdd, 0x9f,
    0xbf, 0xff, 0xff, 0xff, 0xfe, 0xf8, 0x00, 0x7f, 0xff, 0xde, 0x01, 0xc0, 0x00, 0x70, 0x00, 0x07, 0x00, 0x30, 0x00, 0x03, 0x00, 0xff, 0xff, 0xff,
    0xff, 0xff, 0xfc, 0xef, 0x1e, 0x7e, 0x1f, 0xf7, 0xff, 0xfc, 0x0f, 0x8f, 0xe7, 0xff, 0xff, 0xff, 0xff, 0xff, 0xff, 0xff, 0xff, 0xff, 0xff, 0xff,
    0xff, 0xff, 0xff, 0xff, 0xff, 0xff, 0xff, 0xff, 0xff, 0xff, 0xff, 0xff, 0xff, 0xff, 0xff, 0xff, 0xff, 0xff, 0xff, 0xff, 0xff, 0xff, 0xff, 0xff,
    0xff, 0xff, 0xff, 0xc0, 0x00, 0x00, 0x10, 0x00, 0x01, 0xff, 0xff, 0xff, 0xff, 0xff, 0xff, 0xfe, 0x7f, 0xf7, 0xff, 0xb2, 0x3f, 0xff, 0xff, 0xff,
    0xfe, 0xf0, 0xff, 0x7f, 0xff, 0xe8, 0x01, 0xc0, 0x00, 0x00, 0x06, 0x07, 0x80, 0x3c, 0x00, 0x00, 0x09, 0xff, 0xff, 0xff, 0xff, 0xff, 0xf9, 0xcf,
    0xcf, 0x7f, 0x7f, 0xf7, 0x07, 0xf9, 0xe7, 0xe7, 0xf3, 0xff, 0xff, 0xff, 0xff, 0xff, 0xff, 0xff, 0xff, 0xff, 0xff, 0xff, 0xff, 0xff, 0xff, 0xff,
    0xff, 0xff, 0xff, 0xff, 0xff, 0xff, 0xff, 0xff, 0xff, 0xff, 0xff, 0xff, 0xff, 0xff, 0xff, 0xff, 0xff, 0xff, 0xbf, 0xff, 0xff, 0xff, 0xff, 0xc0,
    0x00, 0x00, 0x00, 0x00, 0x03, 0xff, 0xff, 0xff, 0xff, 0xff, 0xff, 0xf6, 0x7d, 0xdf, 0x7b, 0xbc, 0xff, 0xff, 0xff, 0xff, 0xfe, 0x73, 0xff, 0xff,
    0xff, 0xe0, 0x01, 0xc0, 0x00, 0x00, 0x04, 0x40, 0x00, 0x1c, 0x00, 0x00, 0x21, 0xff, 0xff, 0xff, 0xff, 0xff, 0xf3, 0xdf, 0xee, 0x7f, 0xff, 0xf6,
    0x3b, 0xf7, 0xf3, 0xf4, 0x1c, 0xff, 0xff, 0xff, 0xff, 0xff, 0xff, 0xff, 0xff, 0xff, 0xff, 0xff, 0xff, 0xff, 0xff, 0xff, 0xff, 0xff, 0xff, 0xff,
    0xff, 0xff, 0xff, 0xff, 0xff, 0xff, 0xff, 0xff, 0xff, 0xff, 0xff, 0xff, 0xff, 0xff, 0xff, 0xff, 0xff, 0xff, 0xff, 0xc0, 0x04, 0x00, 0x00, 0x00,
    0x0f, 0xff, 0xff, 0xff, 0xff, 0xff, 0xff, 0xfe, 0x77, 0xfd, 0xef, 0x9f, 0xff, 0xff, 0xff, 0xff, 0xfe, 0x73, 0xd3, 0xff, 0xff, 0xfc, 0x03, 0x80,
    0x01, 0xe4, 0xf0, 0xe0, 0x00, 0x00, 0x00, 0x04, 0x83, 0xff, 0xff, 0xff, 0xff, 0xff, 0xa7, 0xbf, 0xf6, 0xff, 0xff, 0xf6, 0xff, 0xf7, 0xfd, 0xe4,
    0x1e, 0xff, 0xff, 0xff, 0xff, 0xff, 0xff, 0xff, 0xff, 0xff, 0xff, 0xff, 0xff, 0xff, 0xff, 0xff, 0xff, 0xff, 0xff, 0xff, 0xff, 0xff, 0xff, 0xff,
    0xff, 0xff, 0xff, 0xff, 0xff, 0xff, 0xff, 0xff, 0xff, 0xff, 0xff, 0xff, 0xff, 0xff, 0xff, 0xc0, 0x10, 0x02, 0x00, 0x02, 0x7f, 0xfd, 0xff, 0xff,
    0xff, 0xff, 0xff, 0xf8, 0x73, 0xbf, 0xbd, 0xcf, 0xff, 0xff, 0xff, 0xff, 0xff, 0x3f, 0xe0, 0xff, 0xff, 0xf8, 0xc1, 0x00, 0x3f, 0xf8, 0xf1, 0xe3,
    0x00, 0x00, 0x00, 0x10, 0x0b, 0xff, 0xff, 0xff, 0xff, 0xff, 0xbf, 0x3f, 0xf7, 0xff, 0xff, 0xf4, 0xdf, 0xf7, 0xfc, 0xff, 0xe6, 0x7f, 0xff, 0xff,
    0xff, 0xff, 0xff, 0xff, 0xff, 0xff, 0xff, 0xff, 0xff, 0xff, 0xff, 0xff, 0xff, 0xff, 0xff, 0xff, 0xff, 0xff, 0xff, 0xff, 0xff, 0xff, 0xff, 0xff,
    0xff, 0xff, 0xff, 0xff, 0xff, 0xff, 0xff, 0xff, 0xff, 0xff, 0xfb, 0xc0, 0x00, 0x10, 0x00, 0x19, 0xff, 0xff, 0xff, 0xff, 0xff, 0xff, 0xf7, 0xbd,
    0xe7, 0xef, 0xff, 0x67, 0xff, 0xff, 0xff, 0xff, 0xff, 0xe7, 0xee, 0x7f, 0xff, 0xfc, 0x00, 0x00, 0x3f, 0x18, 0x60, 0xc2, 0x00, 0x00, 0x00, 0x00,
    0x03, 0xff, 0xff, 0xff, 0xff, 0xff, 0x90, 0xff, 0xf7, 0x7f, 0xff, 0x7c, 0x1f, 0xf7, 0xfe, 0xef, 0xf3, 0x7f, 0xff, 0xff, 0xff, 0xff, 0xff, 0xff,
    0xff, 0xff, 0xff, 0xff, 0xff, 0xff, 0xff, 0xff, 0xff, 0xff, 0xff, 0xff, 0xff, 0xff, 0xff, 0xff, 0xff, 0xff, 0xff, 0xff, 0xff, 0xff, 0xff, 0xff,
    0xff, 0xff, 0xff, 0xff, 0xff, 0xff, 0xff, 0xc0, 0x80, 0x00, 0x4b, 0xc7, 0xff, 0xff, 0xff, 0xff, 0xff, 0xff, 0xfe, 0xcf, 0x0f, 0x7d, 0xc3, 0xf7,
    0xff, 0xff, 0xff, 0xff, 0xff, 0xf1, 0xfe, 0x7e, 0x1f, 0xfc, 0x00, 0x30, 0x1e, 0x04, 0x00, 0x00, 0x00, 0x00, 0x00, 0x20, 0x97, 0xff, 0xff, 0xff,
    0xff, 0xff, 0x8f, 0xff, 0xe7, 0x7f, 0xff, 0x39, 0xef, 0xf7, 0xc2, 0xef, 0xf9, 0xff, 0xff, 0xff, 0xff, 0xff, 0xff, 0xff, 0xff, 0xff, 0xff, 0xff,
    0xff, 0xff, 0xff, 0xff, 0xff, 0xff, 0xff, 0xff, 0xff, 0xff, 0xff, 0xff, 0xff, 0xff, 0xff, 0xff, 0xff, 0xff, 0xff, 0xff, 0xff, 0xff, 0xff, 0xff,
    0xff, 0xff, 0xff, 0xc0, 0xff, 0xdf, 0xfe, 0x3f, 0xff, 0xff, 0xff, 0xff, 0xff, 0xff, 0xdb, 0xc8, 0xff, 0xdf, 0x4c, 0xf3, 0xff, 0xff, 0xff, 0xff,
    0xff, 0xf9, 0xff, 0x7c, 0x4f, 0xfe, 0x60, 0x00, 0x3e, 0x00, 0xf0, 0x00, 0x00, 0x03, 0x00, 0x02, 0x07, 0xff, 0xff, 0xff, 0xff, 0xff, 0xff, 0xff,
    0xee, 0xff, 0xff, 0x87, 0xe7, 0xff, 0x7e, 0xef, 0x79, 0xff, 0xff, 0xff, 0xff, 0xff, 0xff, 0xff, 0xff, 0xff, 0xff, 0xff, 0xff, 0xff, 0xff, 0xff,
    0xff, 0xff, 0xff, 0xff, 0xff, 0xff, 0xff, 0xff, 0xff, 0xff, 0xff, 0xff, 0xff, 0xff, 0xff, 0xff, 0xff, 0xff, 0xff, 0xff, 0xff, 0xff, 0xff, 0x80,
    0xf6, 0x70, 0x00, 0xff, 0xff, 0xff, 0xff, 0xff, 0xff, 0xff, 0xff, 0xe1, 0xfd, 0xfb, 0x9f, 0xc7, 0xff, 0xff, 0xff, 0xff, 0xfc, 0xfd, 0xef, 0x39,
    0xff, 0xff, 0x00, 0x00, 0xfe, 0x03, 0xf8, 0x00, 0x86, 0x00, 0x00, 0x08, 0x47, 0xff, 0xff, 0xff, 0xff, 0xff, 0xff, 0xff, 0xdc, 0xff, 0xff, 0xff,
    0xf7, 0xfe, 0x7f, 0x6f, 0x7f, 0x5d, 0xff, 0xff, 0xff, 0xff, 0xff, 0xff, 0xff, 0xff, 0xff, 0xff, 0xff, 0xff, 0xff, 0xff, 0xff, 0xff, 0xff, 0xff,
    0xff, 0xff, 0xff, 0xff, 0xff, 0xff, 0xff, 0xff, 0xff, 0xff, 0xff, 0xff, 0xff, 0xff, 0xff, 0xff, 0xff, 0xff, 0xfe, 0x40, 0x00, 0x00, 0x03, 0xff,
    0xff, 0xff, 0xff, 0xff, 0xff, 0xff, 0xef, 0xbf, 0xdf, 0xfe, 0xb9, 0x9f, 0xff, 0xff, 0xfd, 0xff, 0xfb, 0x3f, 0xbf, 0x73, 0xff, 0xff, 0x80, 0x0f,
    0xff, 0x3f, 0x1f, 0x00, 0x06, 0x00, 0x00, 0x20, 0x07, 0xff, 0xff, 0xff, 0xff, 0xff, 0xff, 0xff, 0xd1, 0xff, 0xff, 0xff, 0xf7, 0xfe, 0xfe, 0xef,
    0xf6, 0x7f, 0xff, 0xff, 0xff, 0xff, 0xff, 0xff, 0xff, 0xff, 0xff, 0xff, 0xff, 0xff, 0xff, 0xff, 0xff, 0xff, 0xff, 0xff, 0xff, 0xff, 0xff, 0xff,
    0xff, 0xff, 0xff, 0xff, 0xff, 0xff, 0xff, 0xff, 0xff, 0xff, 0xff, 0xff, 0xff, 0xff, 0xfc, 0xc0, 0x00, 0x00, 0x0f, 0xff, 0xff, 0xff, 0xff, 0xff,
    0xff, 0xf7, 0xff, 0xff, 0xfb, 0xb7, 0xbc, 0x3f, 0xff, 0xff, 0xdf, 0x7f, 0xff, 0x9e, 0xfc, 0xf0, 0x7f, 0xff, 0xc0, 0x1f, 0xff, 0xfe, 0x01, 0xc2,
    0x40, 0x08, 0x00, 0x80, 0x8f, 0xff, 0xff, 0xff, 0xff, 0xff, 0xff, 0xff, 0xc7, 0xff, 0xff, 0xff, 0xf7, 0xfe, 0xfc, 0xdf, 0xf2, 0xff, 0xff, 0xff,
    0xff, 0xff, 0xff, 0xff, 0xff, 0xff, 0xff, 0xff, 0xff, 0xff, 0xff, 0xff, 0xff, 0xff, 0xff, 0xff, 0xff, 0xff, 0xff, 0xff, 0xff, 0xff, 0xff, 0xff,
    0xff, 0xff, 0xff, 0xff, 0xff, 0xff, 0xff, 0xff, 0xff, 0xff, 0xf3, 0xc0, 0x00, 0x00, 0x1f, 0xff, 0xff, 0xff, 0xff, 0xff, 0xff, 0xf7, 0xfd, 0xe7,
    0xbf, 0xff, 0x9f, 0xff, 0x7f, 0xff, 0x67, 0xff, 0xff, 0xcd, 0xf7, 0xe6, 0x3f, 0xff, 0xf0, 0x3f, 0xff, 0xfc, 0x00, 0xe0, 0x00, 0x00, 0x00, 0x86,
    0x0f, 0xff, 0xff, 0xff, 0xff, 0xff, 0xff, 0xff, 0xef, 0xff, 0xff, 0xff, 0xf7, 0xfe, 0xff, 0xff, 0xf9, 0xff, 0xff, 0xff, 0xff, 0xff, 0xff, 0xff,
    0xff, 0xff, 0xff, 0xff, 0xff, 0xff, 0xff, 0xff, 0xff, 0xff, 0xff, 0xff, 0xff, 0xff, 0xff, 0xff, 0xff, 0xff, 0xff, 0xff, 0xff, 0xff, 0xff, 0xff,
    0xff, 0xff, 0xff, 0xff, 0xff, 0xff, 0xe7, 0xc0, 0x00, 0x00, 0x7f, 0xff, 0xbd, 0xff, 0xff, 0xff, 0xff, 0xff, 0xe7, 0x66, 0xf6, 0xdb, 0xc7, 0xff,
    0xff, 0xff, 0x83, 0xbf, 0xff, 0x6d, 0xf3, 0x8f, 0x9f, 0xff, 0xff, 0xff, 0xff, 0xe8, 0x00, 0x20, 0x00, 0x00, 0x00, 0x16, 0x47, 0xff, 0xff, 0xff,
    0xff, 0xff, 0xff, 0xff, 0xff, 0xff, 0xff, 0xff, 0xf7, 0xfe, 0xfb, 0x7f, 0xff, 0xff, 0xff, 0xff, 0xff, 0xff, 0xff, 0xff, 0xff, 0xff, 0xff, 0xff,
    0xff, 0xff, 0xff, 0xff, 0xff, 0xff, 0xff, 0xff, 0xff, 0xff, 0xff, 0xff, 0xff, 0xff, 0xff, 0xff, 0xff, 0xff, 0xff, 0xff, 0xff, 0xff, 0xff, 0xff,
    0xff, 0xff, 0x9f, 0xc0, 0x02, 0x42, 0xff, 0xf6, 0xff, 0xff, 0xff, 0xff, 0xff, 0xbf, 0xf3, 0xfc, 0xff, 0xff, 0x60, 0x8c, 0xff, 0xff, 0xc9, 0xef,
    0xff, 0x3b, 0xf8, 0x7f, 0xdf, 0xff, 0xff, 0xff, 0xff, 0xe0, 0x00, 0x30, 0x00, 0x00, 0x00, 0x40, 0x0f, 0xff, 0xff, 0xff, 0xff, 0xff, 0xff, 0xff,
    0xff, 0xff, 0xff, 0xff, 0xf7, 0xfe, 0xf9, 0xff, 0xff, 0xff, 0xff, 0xff, 0xff, 0xff, 0xff, 0xff, 0xff, 0xff, 0xff, 0xff, 0xff, 0xff, 0xff, 0xff,
    0xff, 0xff, 0xff, 0xff, 0xff, 0xff, 0xff, 0xff, 0xff, 0xff, 0xff, 0xff, 0xff, 0xff, 0xff, 0xff, 0xff, 0xff, 0xff, 0xff, 0xff, 0xff, 0x3f, 0xc0,
    0x00, 0x07, 0xfe, 0xff, 0xff, 0xff, 0xff, 0xff, 0xff, 0xff, 0xb3, 0xc9, 0xef, 0xc1, 0xfb, 0x81, 0xff, 0xff, 0xfd, 0xff, 0xf9, 0x07, 0xfd, 0xff,
    0x9f, 0xff, 0xff, 0xff, 0xc1, 0xf0, 0x78, 0x00, 0x80, 0x00, 0x01, 0x21, 0x0f, 0xff, 0xff, 0xff, 0xff, 0xff, 0xff, 0xff, 0xff, 0xff, 0xff, 0xff,
    0xf7, 0xff, 0x7f, 0xff, 0xff, 0xff, 0xff, 0xff, 0xff, 0xff, 0xff, 0xff, 0xff, 0xff, 0xff, 0xff, 0xff, 0xff, 0xff, 0xff, 0xff, 0xff, 0xff, 0xff,
    0xff, 0xff, 0xff, 0xff, 0xff, 0xff, 0xff, 0xff, 0xff, 0xff, 0xff, 0xff, 0xff, 0xff, 0xff, 0xff, 0xff, 0xfe, 0xff, 0xc0, 0x00, 0x3f, 0xf7, 0xff,
    0xff, 0xff, 0xff, 0xff, 0xff, 0xfe, 0x4f, 0x01, 0xfe, 0x9c, 0x7f, 0xb3, 0xff, 0xff, 0xfc, 0xdf, 0xe3, 0x9f, 0xff, 0xff, 0x3f, 0x0f, 0xff, 0xff,
    0x9c, 0x7c, 0x3c, 0x00, 0x00, 0x00, 0x01, 0x00, 0x0f, 0xff, 0xff, 0xff, 0xff, 0xff, 0xff, 0xff, 0xff, 0xff, 0xff, 0xff, 0xe7, 0xff, 0x1f, 0xff,
    0xff, 0xff, 0xff, 0xff, 0xff, 0xff, 0xff, 0xff, 0xff, 0xff, 0xff, 0xff, 0xff, 0xff, 0xff, 0xff, 0xff, 0xff, 0xff, 0xff, 0xff, 0xff, 0xff, 0xff,
    0xff, 0xff, 0xff, 0xff, 0xff, 0xff, 0xff, 0xff, 0xff, 0xff, 0xff, 0xff, 0xff, 0xfd, 0xff, 0xc0, 0x07, 0xff, 0xff, 0xff, 0xff, 0xff, 0xff, 0xff,
    0xff, 0xff, 0x3f, 0xff, 0xbf, 0x7e, 0x3e, 0x9f, 0xe7, 0xff, 0xfd, 0xfb, 0xe7, 0xdd, 0xbf, 0xec, 0x7e, 0x77, 0xff, 0xff, 0x3c, 0x3c, 0x38, 0x01,
    0x18, 0x00, 0x00, 0x04, 0x8f, 0xff, 0xff, 0xff, 0xff, 0xff, 0xff, 0xff, 0xff, 0xff, 0xff, 0xff, 0xef, 0xff, 0xc0, 0xff, 0xff, 0xff, 0xff, 0xff,
    0xff, 0xff, 0xff, 0xff, 0xff, 0xff, 0xff, 0xff, 0xff, 0xff, 0xff, 0xff, 0xff, 0xff, 0xff, 0xff, 0xff, 0xff, 0xff, 0xff, 0xff, 0xff, 0xff, 0xff,
    0xff, 0xff, 0xff, 0xff, 0xff, 0xff, 0xff, 0xff, 0xff, 0xf3, 0xff, 0xc0, 0x7f, 0xff, 0xff, 0xfb, 0xff, 0xef, 0xff, 0xff, 0xff, 0xff, 0x32, 0x7e,
    0xf7, 0xfe, 0x6f, 0x83, 0x4f, 0xff, 0xff, 0xef, 0xef, 0xed, 0xff, 0xcc, 0xfc, 0xff, 0xff, 0xff, 0x7c, 0x1c, 0x00, 0x00, 0x00, 0x00, 0x00, 0x24,
    0x0f, 0xff, 0xff, 0xff, 0xff, 0xff, 0xff, 0xff, 0xff, 0xff, 0xff, 0xfe, 0xdf, 0xff, 0xff, 0x3f, 0xff, 0xff, 0xff, 0xff, 0xff, 0xff, 0xff, 0xff,
    0xff, 0xff, 0xff, 0xff, 0xff, 0xff, 0xff, 0xff, 0xff, 0xff, 0xff, 0xff, 0xff, 0xff, 0xff, 0xff, 0xff, 0xff, 0xff, 0xff, 0xff, 0xff, 0xff, 0xff,
    0xff, 0xff, 0xff, 0xff, 0xff, 0xef, 0xff, 0xc0, 0xff, 0xfb, 0xff, 0xff, 0xfe, 0xff, 0xf6, 0xff, 0xff, 0xff, 0x70, 0xfb, 0xff, 0xfe, 0x7b, 0xee,
    0x0f, 0xdf, 0xf3, 0x7f, 0xe6, 0xcc, 0xf7, 0xcf, 0xf3, 0xff, 0xff, 0xff, 0x7c, 0x0c, 0x00, 0x00, 0x40, 0x00, 0x00, 0x00, 0x4f, 0xff, 0xff, 0xff,
    0xff, 0xff, 0xff, 0xff, 0xff, 0xff, 0xff, 0xfe, 0x3c, 0x7f, 0xff, 0x9f, 0xff, 0xff, 0xff, 0xff, 0xff, 0xff, 0xff, 0xff, 0xff, 0xff, 0xff, 0xff,
    0xff, 0xff, 0xff, 0xff, 0xff, 0xff, 0xff, 0xff, 0xff, 0xff, 0xff, 0xff, 0xff, 0xff, 0xff, 0xff, 0xff, 0xff, 0xff, 0xff, 0xff, 0xff, 0xff, 0xff,
    0xff, 0xdf, 0xff, 0xc0, 0xfe, 0xde, 0xdd, 0xff, 0xff, 0xff, 0x7f, 0xff, 0xff, 0xff, 0x7f, 0xef, 0xef, 0xfe, 0x7e, 0xff, 0xfe, 0x1f, 0xfc, 0xdf,
    0xf3, 0xbd, 0xff, 0xe7, 0x07, 0xff, 0xff, 0xff, 0xfc, 0x8c, 0x00, 0x00, 0x00, 0x00, 0x00, 0x41, 0x0f, 0xff, 0xff, 0xff, 0xff, 0xff, 0xff, 0xff,
    0xff, 0xff, 0xff, 0xfe, 0xfb, 0xbc, 0xff, 0x9f, 0xff, 0xff, 0xff, 0xff, 0xff, 0xff, 0xff, 0xff, 0xff, 0xff, 0xff, 0xff, 0xff, 0xff, 0xff, 0xff,
    0xff, 0xff, 0xff, 0xff, 0xff, 0xff, 0xff, 0xff, 0xff, 0xff, 0xff, 0xff, 0xff, 0xff, 0xff, 0xff, 0xff, 0xff, 0xff, 0xff, 0xff, 0x3f, 0xff, 0xc0,
    0xf7, 0xff, 0xff, 0xdf, 0xef, 0xfd, 0xdb, 0xbf, 0xff, 0xff, 0xff, 0x7d, 0xbf, 0xff, 0x1f, 0xf7, 0xf0, 0x2f, 0xfc, 0xf7, 0xfb, 0x81, 0xff, 0xf0,
    0x1f, 0xff, 0xff, 0xff, 0xfc, 0x1c, 0x31, 0xfc, 0x80, 0x00, 0x00, 0x60, 0x0f, 0xff, 0xff, 0xff, 0xff, 0xff, 0xff, 0xff, 0xff, 0xff, 0xff, 0xf3,
    0xc7, 0xde, 0x63, 0xdf, 0xff, 0xff, 0xff, 0xff, 0xff, 0xff, 0xff, 0xff, 0xff, 0xff, 0xff, 0xff, 0xff, 0xff, 0xff, 0xff, 0xff, 0xff, 0xff, 0xff,
    0xff, 0xff, 0xff, 0xff, 0xff, 0xff, 0xff, 0xff, 0xff, 0xff, 0xff, 0xff, 0xff, 0xff, 0xff, 0xff, 0xfe, 0x7f, 0xff, 0xc0, 0xff, 0xff, 0xff, 0xfd,
    0xbf, 0xff, 0xfe, 0xff, 0xff, 0xfe, 0xed, 0xdf, 0xff, 0xff, 0xc7, 0x7e, 0xf0, 0xe7, 0xbd, 0xbf, 0xff, 0xf7, 0xff, 0xff, 0xff, 0x81, 0xff, 0xff,
    0x9e, 0x39, 0x03, 0xfe, 0x03, 0xc0, 0x00, 0x66, 0x0f, 0xff, 0xff, 0xff, 0xff, 0xff, 0xff, 0xff, 0xff, 0xff, 0xff, 0xf8, 0x1f, 0xef, 0x0c, 0xef,
    0xff, 0xff, 0xff, 0xff, 0xff, 0xff, 0xff, 0xff, 0xff, 0xff, 0xff, 0xff, 0xff, 0xff, 0xff, 0xff, 0xff, 0xff, 0xff, 0xff, 0xff, 0xff, 0xff, 0xff,
    0xff, 0xff, 0xff, 0xff, 0xff, 0xff, 0xff, 0xff, 0xff, 0xff, 0xff, 0xff, 0xfc, 0xff, 0xff, 0xc0, 0xef, 0x7f, 0xfb, 0x37, 0xff, 0x77, 0xef, 0xff,
    0xff, 0xfe, 0x7f, 0xf7, 0xff, 0xff, 0xf1, 0x8f, 0xde, 0x4f, 0xff, 0xff, 0xff, 0xff, 0xff, 0xff, 0xff, 0xbc, 0xfe, 0xff, 0xef, 0x81, 0x03, 0xff,
    0x03, 0xf6, 0x01, 0x06, 0x0f, 0xff, 0xff, 0xff, 0xff, 0xff, 0xff, 0xff, 0xff, 0xff, 0xff, 0xfd, 0x7f, 0xef, 0x3f, 0x77, 0xff, 0xff, 0xff, 0xff,
    0xff, 0xff, 0xff, 0xff, 0xff, 0xff, 0xff, 0xff, 0xff, 0xff, 0xff, 0xff, 0xff, 0xff, 0xff, 0xff, 0xff, 0xff, 0xff, 0xff, 0xff, 0xff, 0xff, 0xff,
    0xff, 0xff, 0xff, 0xff, 0xff, 0xff, 0xff, 0xff, 0xfb, 0xff, 0xff, 0xc0, 0xff, 0xfb, 0xfb, 0xf6, 0x6f, 0xf6, 0xfd, 0xbf, 0xff, 0xff, 0x0f, 0xff,
    0xff, 0xff, 0xfb, 0x85, 0xf3, 0x1f, 0x4b, 0xff, 0xff, 0xe3, 0xef, 0xff, 0xff, 0xfe, 0xfe, 0xc3, 0xe7, 0xe0, 0x0f, 0xff, 0x9f, 0xff, 0xc0, 0x00,
    0x4f, 0xff, 0xff, 0xff, 0xff, 0xff, 0xff, 0xff, 0xff, 0xff, 0xff, 0xff, 0xff, 0xfe, 0xff, 0xb7, 0xff, 0xff, 0xff, 0xff, 0xff, 0xff, 0xff, 0xff,
    0xff, 0xff, 0xff, 0xff, 0xff, 0xff, 0xff, 0xff, 0xff, 0xff, 0xff, 0xff, 0xff, 0xff, 0xff, 0xff, 0xff, 0xff, 0xff, 0xff, 0xff, 0xff, 0xff, 0xff,
    0xff, 0xff, 0xff, 0xff, 0xf3, 0xff, 0xff, 0xc0, 0xff, 0xff, 0xde, 0xdf, 0xfb, 0xde, 0xe7, 0x7f, 0xff, 0xff, 0xa6, 0x7f, 0xff, 0xff, 0xff, 0xe7,
    0xb3, 0xff, 0x63, 0xff, 0xff, 0xf3, 0xff, 0xff, 0xff, 0xff, 0x7d, 0xbc, 0xe7, 0xfe, 0x1f, 0xff, 0xff, 0x70, 0xe0, 0x00, 0x0f, 0xff, 0xff, 0xff,
    0xff, 0xff, 0xff, 0xff, 0xff, 0xff, 0xff, 0xff, 0xff, 0xf6, 0xff, 0xb7, 0xff, 0xff, 0xff, 0xff, 0xff, 0xff, 0xff, 0xff, 0xff, 0xff, 0xff, 0xff,
    0xff, 0xff, 0xff, 0xff, 0xff, 0xff, 0xff, 0xff, 0xff, 0xff, 0xff, 0xff, 0xff, 0xff, 0xff, 0xff, 0xff, 0xff, 0xff, 0xff, 0xff, 0xff, 0xff, 0xff,
    0xcf, 0xff, 0xff, 0xc0, 0xff, 0xff, 0xf7, 0xfb, 0x9f, 0xfa, 0xf3, 0x3f, 0xff, 0xff, 0xbe, 0xff, 0xff, 0xff, 0xff, 0xf3, 0xf9, 0xfe, 0x7f, 0xff,
    0xfb, 0xf9, 0xff, 0x0f, 0xff, 0xff, 0x3d, 0xfe, 0xef, 0xff, 0xff, 0xff, 0xff, 0x80, 0x30, 0x40, 0x0f, 0xff, 0xff, 0xff, 0xff, 0xff, 0xff, 0xff,
    0xff, 0xff, 0xff, 0xff, 0xff, 0xee, 0xff, 0xd7, 0xff, 0xff, 0xff, 0xff, 0xff, 0xff, 0xff, 0xff, 0xff, 0xff, 0xff, 0xff, 0xff, 0xff, 0xff, 0xff,
    0xff, 0xff, 0xff, 0xff, 0xff, 0xff, 0xff, 0xff, 0xff, 0xff, 0xff, 0xff, 0xff, 0xff, 0xff, 0xff, 0xff, 0xff, 0xff, 0xff, 0xdf, 0xff, 0xff, 0xc0,
    0xff, 0xee, 0xbd, 0xbe, 0xf6, 0xee, 0x73, 0x3f, 0xff, 0xff, 0x24, 0xff, 0xff, 0xff, 0xff, 0xfb, 0x6c, 0x00, 0xf9, 0xfe, 0x00, 0xfb, 0xff, 0xe7,
    0xff, 0xf7, 0xdc, 0xfe, 0x7f, 0xff, 0xfe, 0x1f, 0xf9, 0x80, 0x19, 0x02, 0x1f, 0xff, 0xff, 0xff, 0xff, 0xff, 0xff, 0xff, 0xff, 0xff, 0xff, 0xff,
    0xff, 0xef, 0xff, 0xf7, 0xff, 0xff, 0xff, 0xff, 0xff, 0xff, 0xff, 0xff, 0xff, 0xff, 0xff, 0xff, 0xff, 0xff, 0xff, 0xff, 0xff, 0xff, 0xff, 0xff,
    0xff, 0xff, 0xff, 0xff, 0xff, 0xff, 0xff, 0xff, 0xff, 0xff, 0xff, 0xff, 0xff, 0xff, 0xff, 0xff, 0x3f, 0xff, 0xff, 0xc0, 0xff, 0xff, 0xef, 0xef,
    0xff, 0x7c, 0x66, 0x7f, 0x6f, 0x7f, 0x61, 0xf7, 0xff, 0xff, 0xfe, 0x19, 0xfe, 0xc7, 0xd8, 0xfc, 0x7e, 0x73, 0xff, 0xf7, 0xff, 0x83, 0xfe, 0xff,
    0x7f, 0xff, 0xff, 0xcf, 0x7b, 0x00, 0x18, 0x10, 0x5f, 0xff, 0xff, 0xff, 0xff, 0xff, 0xff, 0xff, 0xff, 0xff, 0xff, 0xff, 0xff, 0x7d, 0xff, 0xaf,
    0xff, 0xff, 0xff, 0xff, 0xff, 0xff, 0xff, 0xff, 0xff, 0xff, 0xff, 0xff, 0xff, 0xff, 0xff, 0xff, 0xff, 0xff, 0xff, 0xff, 0xff, 0xff, 0xff, 0xff,
    0xff, 0xff, 0xff, 0xff, 0xff, 0xff, 0xff, 0xff, 0xff, 0xff, 0xff, 0xff, 0x7f, 0xff, 0xff, 0xc0, 0xff, 0xdf, 0x7b, 0x6d, 0xbb, 0xdf, 0xc7, 0xff,
    0xef, 0xd0, 0x7b, 0xdf, 0xff, 0xff, 0xfe, 0x9b, 0xf4, 0xff, 0xfe, 0x79, 0xfe, 0x77, 0xff, 0xf3, 0xff, 0x37, 0xee, 0x7f, 0x67, 0xff, 0xff, 0xef,
    0x3b, 0x00, 0x08, 0x04, 0x1f, 0xff, 0xff, 0xff, 0xff, 0xff, 0xff, 0xff, 0xff, 0xff, 0xff, 0xff, 0xff, 0x63, 0xff, 0x8f, 0xff, 0xff, 0xff, 0xff,
    0xff, 0xff, 0xff, 0xff, 0xff, 0xff, 0xff, 0xff, 0xff, 0xff, 0xff, 0xff, 0xff, 0xff, 0xff, 0xff, 0xff, 0xff, 0xff, 0xff, 0xff, 0xff, 0xff, 0xff,
    0xff, 0xff, 0xff, 0xff, 0xff, 0xff, 0xff, 0xfc, 0xff, 0xff, 0xff, 0xc0, 0xf6, 0xff, 0xbf, 0x7f, 0xee, 0xe7, 0x39, 0xcf, 0xb7, 0x60, 0x1f, 0xbf,
    0xdf, 0xff, 0xff, 0xdb, 0xd8, 0x77, 0xef, 0x7b, 0xfe, 0xff, 0xf8, 0xdb, 0xbe, 0xff, 0xee, 0xff, 0x2f, 0xff, 0xf8, 0x77, 0x7d, 0x00, 0x08, 0x20,
    0x9f, 0xff, 0xff, 0xff, 0xff, 0xff, 0xff, 0xff, 0xff, 0xff, 0xff, 0xff, 0xff, 0x0f, 0xff, 0xdf, 0xee, 0xff, 0xff, 0xff, 0xff, 0xff, 0xff, 0xff,
    0xff, 0xff, 0xff, 0xff, 0xff, 0xff, 0xff, 0xff, 0xff, 0xff, 0xff, 0xff, 0xff, 0xff, 0xff, 0xff, 0xff, 0xff, 0xff, 0xff, 0xff, 0xff, 0xff, 0xff,
    0xff, 0xff, 0xff, 0xf9, 0xff, 0xff, 0xff, 0xc0, 0xff, 0xfe, 0xec, 0xf3, 0x7f, 0xb0, 0x38, 0x3f, 0xf7, 0x00, 0x00, 0x27, 0xfe, 0xff, 0xfe, 0x63,
    0xfb, 0x67, 0xff, 0x7f, 0xff, 0x77, 0xf3, 0xe3, 0xbe, 0xff, 0xcc, 0xfe, 0xef, 0xff, 0xf3, 0x36, 0x7c, 0x00, 0x00, 0x80, 0x1f, 0xff, 0xff, 0xff,
    0xff, 0xff, 0xff, 0xff, 0xff, 0xff, 0xff, 0xff, 0xff, 0xff, 0xff, 0xff, 0xbf, 0xff, 0xff, 0xff, 0xff, 0xff, 0xff, 0xff, 0xff, 0xff, 0xff, 0xff,
    0xff, 0xff, 0xff, 0x7f, 0xff, 0xff, 0xff, 0xff, 0xff, 0xff, 0xff, 0xff, 0xff, 0xff, 0xff, 0xff, 0xff, 0xff, 0xff, 0xff, 0xff, 0xff, 0xff, 0xfb,
    0xff, 0xff, 0xff, 0xc0, 0xff, 0xff, 0xd8, 0x0f, 0xdb, 0x73, 0xb6, 0xbf, 0xa7, 0x04, 0x00, 0xcf, 0xef, 0xbf, 0x7e, 0x67, 0x7b, 0x0f, 0xdb, 0x77,
    0xe3, 0x64, 0x77, 0xa7, 0x3d, 0xff, 0xcd, 0xfe, 0x1f, 0xff, 0xe7, 0xe6, 0xee, 0x00, 0x00, 0x04, 0x1f, 0xff, 0xff, 0xff, 0xff, 0xff, 0xff, 0xff,
    0xff, 0xff, 0xff, 0xff, 0xff, 0xff, 0xff, 0xff, 0xff, 0xff, 0xff, 0xff, 0xff, 0xff, 0xff, 0xff, 0xff, 0xff, 0xff, 0xff, 0xff, 0xff, 0xff, 0xff,
    0xff, 0xff, 0xff, 0xff, 0xff, 0xff, 0xff, 0xff, 0xff, 0xff, 0xff, 0xff, 0xff, 0xff, 0xff, 0xff, 0xff, 0xff, 0xff, 0xe7, 0xff, 0xff, 0xff, 0xc0,
    0xff, 0xff, 0x7f, 0x8d, 0xbf, 0xd7, 0x9f, 0xce, 0x8f, 0x01, 0x03, 0x9e, 0x7f, 0xff, 0x8f, 0x3f, 0xe9, 0xff, 0xf2, 0x77, 0x8e, 0xee, 0x77, 0xdd,
    0xfd, 0xc3, 0xbb, 0xff, 0x3f, 0xef, 0xff, 0x99, 0xff, 0xc0, 0x00, 0x00, 0x9f, 0xff, 0xff, 0xff, 0xff, 0xff, 0xff, 0xff, 0xff, 0xff, 0xff, 0xff,
    0xff, 0xff, 0xff, 0xff, 0xff, 0xff, 0xff, 0xff, 0xff, 0xff, 0xff, 0xff, 0xff, 0xff, 0xff, 0xff, 0xff, 0xff, 0xff, 0xff, 0xff, 0xff, 0xff, 0xff,
    0xff, 0xff, 0xff, 0xff, 0xff, 0xff, 0xff, 0xff, 0xff, 0xff, 0xff, 0xff, 0xff, 0xff, 0xff, 0xef, 0xff, 0xff, 0xff, 0xc0, 0xff, 0xfd, 0xff, 0xe3,
    0x6d, 0xe7, 0x33, 0xce, 0x7c, 0x00, 0x00, 0xfc, 0x77, 0xde, 0x07, 0xbf, 0xbc, 0xff, 0xf3, 0xe7, 0xbe, 0xdf, 0x33, 0xe3, 0xfd, 0x81, 0x87, 0xff,
    0xff, 0x7b, 0xff, 0x87, 0x37, 0xe0, 0x00, 0x80, 0x3f, 0xff, 0xff, 0xff, 0xff, 0xff, 0xff, 0xff, 0xff, 0xff, 0xff, 0xff, 0xff, 0xff, 0xff, 0xff,
    0xff, 0xff, 0xfe, 0xdb, 0xff, 0xff, 0xff, 0xff, 0xff, 0xff, 0xff, 0xff, 0xff, 0xff, 0xff, 0xff, 0xff, 0xff, 0xff, 0xff, 0xff, 0xff, 0xff, 0xff,
    0xff, 0xff, 0xff, 0xff, 0xff, 0xff, 0xff, 0xff, 0xff, 0xff, 0xff, 0xbf, 0xff, 0xff, 0xff, 0xc0, 0xfb, 0xbf, 0xf6, 0x88, 0x7f, 0x6e, 0x7f, 0x9e,
    0x78, 0x24, 0x20, 0x71, 0xdd, 0xfe, 0xf3, 0x9d, 0xfc, 0x1f, 0xfb, 0x8f, 0xbc, 0x13, 0x77, 0xe6, 0xde, 0x00, 0xdf, 0xff, 0xff, 0x8f, 0xff, 0xef,
    0x07, 0xe0, 0x00, 0x12, 0x3f, 0x7f, 0xff, 0xff, 0xff, 0xff, 0xff, 0xff, 0xff, 0xff, 0xff, 0xff, 0xff, 0xff, 0xff, 0xff, 0xff, 0xff, 0xff, 0xff,
    0xff, 0xff, 0xff, 0xff, 0xff, 0xff, 0xff, 0xff, 0xff, 0xff, 0xff, 0xff, 0xff, 0xff, 0xff, 0xff, 0xff, 0xff, 0xff, 0xff, 0xff, 0xff, 0xff, 0xff,
    0xff, 0xff, 0xff, 0xff, 0xff, 0xff, 0xff, 0xbf, 0xff, 0xff, 0xfd, 0xc0, 0xff, 0xff, 0xfe, 0x3e, 0x36, 0x78, 0x90, 0x7e, 0x80, 0x00, 0x00, 0x03,
    0xfc, 0xef, 0xf3, 0x3f, 0x77, 0x03, 0xf8, 0x1f, 0xbe, 0x01, 0x6f, 0xff, 0xbe, 0x00, 0x1f, 0xff, 0xcf, 0xe7, 0xfe, 0xec, 0x00, 0xe0, 0x00, 0x40,
    0x3f, 0xff, 0xff, 0xff, 0xff, 0xff, 0xff, 0xff, 0xff, 0xff, 0xff, 0xff, 0xff, 0xff, 0xff, 0xff, 0xff, 0xff, 0xff, 0xff, 0xff, 0xff, 0xff, 0xff,
    0xff, 0xff, 0xff, 0xff, 0xff, 0xff, 0xff, 0xff, 0xff, 0xff, 0xff, 0xff, 0xff, 0xff, 0xff, 0xff, 0xff, 0xff, 0xff, 0xff, 0xff, 0xff, 0xff, 0xff,
    0xff, 0xff, 0xfe, 0x7f, 0xff, 0xff, 0xff, 0x00, 0xff, 0x7d, 0xbf, 0xff, 0x3b, 0x33, 0xbc, 0xf9, 0xcc, 0x8a, 0x04, 0x01, 0xbe, 0xff, 0xf7, 0x7b,
    0xd9, 0xfb, 0xfe, 0xff, 0x9c, 0x00, 0x6f, 0xfc, 0x3f, 0x80, 0x0f, 0xff, 0x31, 0xf7, 0xff, 0x8c, 0x00, 0x30, 0x00, 0x01, 0x3f, 0xff, 0xff, 0xff,
    0xff, 0xff, 0xff, 0xff, 0xff, 0xff, 0xff, 0xff, 0xff, 0xff, 0xff, 0xff, 0xff, 0xff, 0xff, 0xff, 0xff, 0xff, 0xff, 0xff, 0xff, 0xff, 0xff, 0xff,
    0xff, 0xff, 0xff, 0xff, 0xff, 0xff, 0xff, 0xff, 0xff, 0xff, 0xff, 0xff, 0xff, 0xff, 0xff, 0xff, 0xff, 0xff, 0xff, 0xff, 0xff, 0xff, 0xfc, 0xff,
    0xff, 0xff, 0xff, 0x80, 0xfd, 0xff, 0xff, 0xff, 0x8f, 0x87, 0x9f, 0xf3, 0xff, 0xfe, 0x00, 0x00, 0xfc, 0x1f, 0x6f, 0x7e, 0xf2, 0x77, 0xff, 0xef,
    0xb8, 0x01, 0xc3, 0xf8, 0x0f, 0x80, 0x07, 0xff, 0x7e, 0xf7, 0xff, 0x18, 0x40, 0x38, 0x00, 0x04, 0x7f, 0xff, 0xff, 0xff, 0xff, 0xff, 0xff, 0xff,
    0xff, 0xff, 0xff, 0xff, 0xff, 0xff, 0xff, 0xff, 0xff, 0xff, 0xff, 0xff, 0xff, 0xff, 0xff, 0xff, 0xff, 0xff, 0xff, 0xff, 0xff, 0xff, 0xff, 0xff,
    0xff, 0xff, 0xff, 0xff, 0xff, 0xff, 0xff, 0xff, 0xff, 0xff, 0xff, 0xff, 0xff, 0xff, 0xff, 0xff, 0xff, 0xff, 0xf9, 0xff, 0xff, 0xff, 0xff, 0xc0,
    0xf7, 0xf7, 0xff, 0xff, 0xe3, 0x9f, 0xc0, 0x07, 0xff, 0xfc, 0x00, 0x00, 0xf8, 0x0e, 0x6c, 0xf7, 0xa7, 0x73, 0xff, 0xef, 0xf8, 0x01, 0x80, 0xf0,
    0x0f, 0x00, 0x63, 0xff, 0xde, 0x6f, 0xff, 0x70, 0x40, 0x38, 0x00, 0x00, 0x7f, 0xff, 0xff, 0xff, 0xff, 0xff, 0xff, 0xff, 0xff, 0xff, 0xff, 0xff,
    0xff, 0xff, 0xff, 0xff, 0xff, 0xff, 0x7f, 0xff, 0xff, 0xff, 0xff, 0xff, 0xff, 0xff, 0xff, 0xff, 0xff, 0xff, 0xff, 0xff, 0xff, 0xff, 0xff, 0xff,
    0xff, 0xff, 0xff, 0xff, 0xff, 0xff, 0xff, 0xff, 0xff, 0xff, 0xff, 0xff, 0xff, 0xff, 0xf3, 0xff, 0xff, 0xff, 0xf7, 0xc0, 0xff, 0xff, 0x7f, 0xf6,
    0xf8, 0xfb, 0x7f, 0xff, 0x6f, 0xfc, 0x00, 0x89, 0xe0, 0x06, 0x71, 0xff, 0xf3, 0x03, 0xef, 0xf3, 0xfc, 0x00, 0x00, 0xe0, 0x0f, 0x00, 0x73, 0xff,
    0xc7, 0x6f, 0x9f, 0x80, 0x00, 0x38, 0x00, 0x00, 0x7f, 0xff, 0xff, 0xff, 0xff, 0xff, 0xff, 0xff, 0xff, 0xff, 0xff, 0xff, 0xff, 0xff, 0xff, 0xff,
    0xff, 0xff, 0xff, 0xff, 0xff, 0xff, 0xff, 0xff, 0xff, 0xff, 0xff, 0xff, 0xff, 0xff, 0xff, 0xff, 0xff, 0xff, 0xff, 0xff, 0xff, 0xff, 0xff, 0xff,
    0xff, 0xff, 0xff, 0xff, 0xff, 0xff, 0xff, 0xff, 0xff, 0xff, 0xf7, 0xff, 0xff, 0xff, 0xf4, 0xc0, 0xff, 0xff, 0xf7, 0xf7, 0xbc, 0xff, 0xdf, 0xfd,
    0xfb, 0x0c, 0x00, 0x23, 0xe0, 0x06, 0x7b, 0xdb, 0xf3, 0xff, 0x83, 0xf3, 0xfc, 0x00, 0x01, 0xf0, 0x06, 0x20, 0x73, 0xf9, 0xf3, 0x6f, 0x07, 0xc0,
    0x00, 0x18, 0x00, 0x10, 0x7f, 0xff, 0xff, 0xff, 0xff, 0xff, 0xff, 0xff, 0xff, 0xff, 0xff, 0xff, 0xff, 0xff, 0xff, 0xff, 0xff, 0xff, 0xff, 0xff,
    0xff, 0xff, 0xff, 0xff, 0xff, 0xff, 0xff, 0xff, 0xff, 0xff, 0xff, 0xff, 0xff, 0xff, 0xff, 0xff, 0xff, 0xff, 0xff, 0xff, 0xff, 0xff, 0xff, 0xff,
    0xff, 0xff, 0xff, 0xff, 0xff, 0xff, 0xef, 0xff, 0xff, 0xff, 0xf8, 0x40, 0xfe, 0xee, 0xdf, 0xfd, 0x9d, 0xdb, 0xf7, 0xdf, 0xbe, 0x06, 0x00, 0x67,
    0xc0, 0x0c, 0xef, 0xfe, 0xd9, 0xff, 0x19, 0xfb, 0xfc, 0x00, 0x01, 0xf0, 0x0e, 0x23, 0x07, 0xe0, 0x7b, 0x6e, 0x73, 0xc0, 0x40, 0x10, 0x00, 0x04,
    0xff, 0xff, 0xff, 0xff, 0xff, 0xff, 0xff, 0xff, 0xff, 0xff, 0xff, 0xff, 0xff, 0xff, 0xff, 0xff, 0xff, 0xff, 0xff, 0xff, 0xff, 0xff, 0xff, 0xff,
    0xff, 0xff, 0xff, 0xff, 0xff, 0xff, 0xff, 0xff, 0xff, 0xff, 0xff, 0xff, 0xff, 0xff, 0xff, 0xff, 0xff, 0xff, 0xff, 0xff, 0xff, 0xff, 0xff, 0xff,
    0xff, 0xff, 0xcf, 0xff, 0xff, 0xff, 0xff, 0xc0, 0xfb, 0xff, 0xff, 0xf3, 0xc5, 0xee, 0x7f, 0x73, 0xee, 0x03, 0x00, 0x7f, 0x00, 0x79, 0xff, 0xef,
    0xfc, 0x18, 0x7c, 0xff, 0xfc, 0x0c, 0x01, 0xe0, 0x0e, 0x07, 0x07, 0xcf, 0x3f, 0x9c, 0xf1, 0xe0, 0x00, 0x30, 0x00, 0x44, 0x7f, 0xff, 0xff, 0xff,
    0xff, 0xff, 0xff, 0xff, 0xff, 0xff, 0xff, 0xff, 0xff, 0xef, 0xff, 0xef, 0xff, 0xf7, 0xff, 0xff, 0xff, 0xff, 0xff, 0xff, 0xff, 0xff, 0xff, 0xff,
    0xff, 0xff, 0xff, 0xff, 0xff, 0xff, 0xff, 0xff, 0xff, 0xff, 0xff, 0xff, 0xff, 0xff, 0xff, 0xff, 0xff, 0xff, 0xff, 0xff, 0xff, 0xff, 0x9f, 0xff,
    0xff, 0xff, 0xff, 0xc0, 0xff, 0xf7, 0xfb, 0xf9, 0xec, 0xfe, 0x00, 0xfe, 0xff, 0x03, 0x00, 0x10, 0x00, 0x00, 0x3e, 0xfd, 0xb2, 0x40, 0x76, 0xff,
    0xfc, 0x00, 0x01, 0xc0, 0x3c, 0x03, 0x87, 0x93, 0xfe, 0x3f, 0xe0, 0xe0, 0x00, 0x20, 0x00, 0x00, 0x7f, 0xff, 0xff, 0xff, 0xff, 0xff, 0xff, 0xff,
    0xff, 0xff, 0xff, 0xff, 0xff, 0xff, 0xff, 0xff, 0xff, 0xff, 0xff, 0xff, 0xff, 0xff, 0xff, 0xff, 0xff, 0xff, 0xff, 0xff, 0xff, 0xff, 0xff, 0xff,
    0xff, 0xff, 0xff, 0xff, 0xff, 0xff, 0xff, 0xff, 0xff, 0xff, 0xff, 0xff, 0xff, 0xff, 0xff, 0xff, 0xff, 0xfd, 0xbf, 0xff, 0xff, 0xff, 0xff, 0xc0,
    0xff, 0xbf, 0xef, 0x7c, 0x87, 0x98, 0x46, 0x3f, 0xbf, 0x80, 0x00, 0x00, 0x00, 0x00, 0x3b, 0xbf, 0xd8, 0x73, 0xc4, 0xe7, 0xfc, 0x00, 0x01, 0x80,
    0x10, 0x01, 0x87, 0x81, 0xff, 0xff, 0xc0, 0xe0, 0x08, 0x00, 0x00, 0x00, 0xff, 0xff, 0xff, 0xff, 0xff, 0xff, 0xff, 0xff, 0xff, 0xff, 0xff, 0xff,
    0xff, 0xff, 0xff, 0xbf, 0xff, 0xff, 0xff, 0xff, 0xff, 0xff, 0xff, 0xff, 0xff, 0xff, 0xff, 0xff, 0xff, 0xff, 0xff, 0xff, 0xff, 0xff, 0xff, 0xff,
    0xff, 0xff, 0xff, 0xff, 0xff, 0xff, 0xff, 0xff, 0xff, 0xff, 0xff, 0xff, 0xff, 0xf6, 0x7f, 0xff, 0xff, 0xff, 0xff, 0xc0, 0xff, 0xef, 0xbd, 0xfe,
    0xd3, 0xf9, 0xff, 0x9b, 0xef, 0xc0, 0x00, 0x00, 0x08, 0x00, 0x7f, 0xee, 0xff, 0xb3, 0xcf, 0xe7, 0xfc, 0x00, 0x1b, 0x80, 0x00, 0x60, 0x0e, 0x00,
    0xff, 0xff, 0xc0, 0xc0, 0x00, 0x00, 0x00, 0x42, 0x7f, 0xff, 0xff, 0xff, 0xff, 0xff, 0xff, 0xff, 0xff, 0xff, 0xff, 0xff, 0xff, 0xff, 0xff, 0xff,
    0xff, 0xff, 0xff, 0xff, 0xff, 0xff, 0xff, 0xff, 0xff, 0xff, 0xff, 0xff, 0xff, 0xff, 0xff, 0xff, 0xff, 0xff, 0xff, 0xff, 0xff, 0xff, 0xff, 0xff,
    0xff, 0xff, 0xff, 0xff, 0xff, 0xff, 0xff, 0xff, 0xff, 0xfe, 0xff, 0xff, 0xff, 0xff, 0xff, 0x00, 0xef, 0xff, 0xdc, 0x86, 0x78, 0x01, 0xf0, 0xd7,
    0xff, 0xf8, 0x00, 0x00, 0x0c, 0x00, 0x7f, 0x7f, 0xff, 0xb3, 0xef, 0xcf, 0xfc, 0x00, 0x1f, 0x00, 0x00, 0x30, 0x3c, 0x00, 0x7f, 0xff, 0xe0, 0x00,
    0x10, 0x06, 0x00, 0x48, 0x7f, 0xff, 0xff, 0xff, 0xff, 0xff, 0xff, 0xff, 0xff, 0xff, 0xff, 0xff, 0xff, 0xff, 0xff, 0xff, 0xff, 0xff, 0xff, 0xff,
    0xff, 0xff, 0xff, 0xff, 0xff, 0xff, 0xff, 0xff, 0xff, 0xff, 0xff, 0xff, 0xff, 0xff, 0xff, 0xff, 0xff, 0xff, 0xff, 0xff, 0xff, 0xff, 0xff, 0xff,
    0xff, 0xff, 0xff, 0xff, 0xff, 0xfd, 0xff, 0xff, 0xff, 0xff, 0xff, 0x00, 0xfb, 0xfd, 0xf1, 0x33, 0x5d, 0x87, 0xee, 0x51, 0xbf, 0xf8, 0x00, 0x88,
    0x0c, 0x00, 0x3f, 0xff, 0xff, 0xa7, 0xe4, 0x1d, 0xfc, 0x11, 0x80, 0x00, 0x00, 0x00, 0x30, 0x00, 0x7f, 0xff, 0xf0, 0x00, 0x00, 0x06, 0x00, 0x00,
    0x7f, 0xff, 0xff, 0xff, 0xff, 0xff, 0xff, 0xff, 0xff, 0xff, 0xff, 0xff, 0xff, 0xff, 0xff, 0xff, 0xff, 0xff, 0xff, 0xff, 0xff, 0xff, 0xff, 0xff,
    0xff, 0xff, 0xff, 0xff, 0xff, 0xff, 0xff, 0xff, 0xff, 0xff, 0xff, 0xff, 0xff, 0xff, 0xff, 0xff, 0xff, 0xff, 0xff, 0xff, 0xff, 0xff, 0xff, 0xff,
    0xff, 0xfb, 0xff, 0xff, 0xff, 0xff, 0xfe, 0xc0, 0xff, 0xdf, 0xb9, 0x73, 0x4d, 0xff, 0xef, 0xdc, 0xff, 0xfc, 0x00, 0x30, 0x00, 0x00, 0x3f, 0xff,
    0xcf, 0xef, 0xb1, 0xff, 0xfe, 0x70, 0x00, 0x10, 0x00, 0x00, 0x00, 0x00, 0x7f, 0x7f, 0xfe, 0x00, 0x00, 0x02, 0x00, 0x00, 0x7f, 0xff, 0xff, 0xff,
    0xff, 0xff, 0xff, 0xff, 0xff, 0xff, 0xff, 0xff, 0xff, 0xff, 0xff, 0xff, 0xff, 0xff, 0xff, 0xff, 0xff, 0xff, 0xff, 0xff, 0xff, 0xff, 0xff, 0xff,
    0xff, 0xff, 0xff, 0xff, 0xff, 0xff, 0xff, 0xff, 0xff, 0xff, 0xff, 0xff, 0xff, 0xff, 0xff, 0xff, 0xff, 0xff, 0xff, 0xff, 0xff, 0xf3, 0xff, 0xff,
    0xff, 0xff, 0xff, 0xc0, 0xff, 0x7f, 0xec, 0xfa, 0xdf, 0xff, 0x9f, 0x9c, 0xfe, 0x7c, 0x06, 0x10, 0x00, 0x00, 0x7f, 0xff, 0x83, 0xee, 0xff, 0xfb,
    0xfe, 0x60, 0x00, 0x10, 0x00, 0x00, 0x00, 0xc0, 0x7c, 0x3f, 0xff, 0xc0, 0x04, 0x00, 0x00, 0x04, 0x7f, 0xff, 0xff, 0xff, 0xff, 0xff, 0xff, 0xff,
    0xff, 0xff, 0xff, 0xff, 0xff, 0xff, 0xfb, 0xff, 0xff, 0xff, 0xff, 0xff, 0xff, 0xff, 0xff, 0xff, 0xff, 0xff, 0xff, 0xff, 0xff, 0xff, 0xff, 0xff,
    0xff, 0xff, 0xff, 0xff, 0xff, 0xff, 0xff, 0xff, 0xff, 0xff, 0xff, 0xff, 0xff, 0xff, 0xff, 0xff, 0xff, 0xf7, 0xff, 0xff, 0xff, 0xff, 0x80, 0x40,
    0xfb, 0xff, 0xda, 0x36, 0xb7, 0xff, 0xde, 0x7e, 0xfc, 0x1c, 0x04, 0x00, 0x00, 0x00, 0xff, 0xfd, 0xfb, 0xe7, 0xff, 0x6e, 0xff, 0x00, 0x70, 0x00,
    0x00, 0x00, 0x00, 0x40, 0x79, 0xff, 0xff, 0xe0, 0x00, 0x00, 0x00, 0x01, 0x7f, 0xff, 0xff, 0xff, 0xff, 0xff, 0xff, 0xff, 0xff, 0xff, 0xff, 0xff,
    0xff, 0xff, 0xff, 0xff, 0xff, 0xff, 0xff, 0xff, 0xff, 0xff, 0xff, 0xff, 0xff, 0xff, 0xff, 0xff, 0xff, 0xff, 0xff, 0xff, 0xff, 0xff, 0xff, 0xff,
    0xff, 0xff, 0xff, 0xff, 0xff, 0xff, 0xff, 0xff, 0xff, 0xff, 0xff, 0xff, 0xff, 0xef, 0xff, 0xff, 0xff, 0xff, 0x87, 0x00, 0xef, 0xed, 0xfb, 0x58,
    0xfd, 0xfb, 0xc0, 0x8f, 0x77, 0xdc, 0x00, 0x88, 0x00, 0x31, 0xff, 0xff, 0x7b, 0xf3, 0xb7, 0xff, 0xff, 0x80, 0x70, 0x03, 0xf0, 0x00, 0x00, 0x00,
    0x7b, 0xff, 0xff, 0xf0, 0x00, 0x00, 0x00, 0x18, 0x3f, 0xff, 0xff, 0xff, 0xff, 0xff, 0xff, 0xff, 0xff, 0xff, 0xff, 0xff, 0xff, 0xff, 0xff, 0xff,
    0xff, 0xff, 0xff, 0xff, 0xff, 0xff, 0xff, 0xff, 0xff, 0xff, 0xff, 0xff, 0xff, 0xff, 0xff, 0xff, 0xff, 0xff, 0xff, 0xff, 0xff, 0xff, 0xff, 0xff,
    0xff, 0xff, 0xff, 0xff, 0xff, 0xff, 0xff, 0xff, 0xff, 0xdf, 0xff, 0xff, 0xff, 0xff, 0xbf, 0x80, 0xff, 0x7f, 0x7b, 0x49, 0xdf, 0xc0, 0xf3, 0xe3,
    0x3f, 0xce, 0x00, 0x00, 0x00, 0x1f, 0xff, 0xff, 0xf9, 0xf3, 0xfd, 0xb7, 0xff, 0xe0, 0x71, 0x83, 0xf8, 0x04, 0x0e, 0x00, 0x78, 0x3f, 0x07, 0xf0,
    0x04, 0x0e, 0x00, 0x10, 0x3f, 0xff, 0xff, 0xff, 0xff, 0xff, 0xff, 0xff, 0xff, 0xff, 0xff, 0xff, 0xff, 0xff, 0xff, 0xff, 0xff, 0xff, 0xff, 0xff,
    0xff, 0xff, 0xff, 0xff, 0xff, 0xff, 0xff, 0xff, 0xff, 0xff, 0xff, 0xff, 0xff, 0xff, 0xff, 0xff, 0xff, 0xff, 0xff, 0xff, 0xff, 0xff, 0xff, 0xff,
    0xff, 0xff, 0xff, 0xff, 0xff, 0x9f, 0xff, 0xff, 0xff, 0xff, 0xff, 0xc0, 0xff, 0x61, 0xc9, 0xaf, 0x76, 0xf6, 0x77, 0xfb, 0x3f, 0xee, 0x01, 0x10,
    0x00, 0x06, 0x7f, 0xfd, 0xc3, 0x7f, 0x6f, 0xed, 0xff, 0xfe, 0x20, 0x07, 0xf8, 0x00, 0x0f, 0x80, 0xf0, 0x1e, 0x00, 0x3c, 0x00, 0x0e, 0x00, 0x00,
    0x3f, 0xff, 0xff, 0xff, 0xff, 0xff, 0xff, 0xff, 0xff, 0xff, 0xff, 0xff, 0xff, 0xff, 0xff, 0xff, 0xff, 0xff, 0xff, 0xff, 0xff, 0xff, 0xff, 0xff,
    0xff, 0xff, 0xff, 0xff, 0xff, 0xff, 0xff, 0xff, 0xff, 0xff, 0xff, 0xff, 0xff, 0xff, 0xff, 0xff, 0xff, 0xff, 0xff, 0xff, 0xff, 0xff, 0xff, 0xff,
    0xff, 0xbf, 0xff, 0xff, 0xff, 0xff, 0xc7, 0xc0, 0xfb, 0xd8, 0xcb, 0xcd, 0xfd, 0xff, 0x3f, 0xfb, 0x7e, 0x66, 0x80, 0x50, 0x00, 0x00, 0x0f, 0xff,
    0xd6, 0x7b, 0xfe, 0xff, 0xff, 0xff, 0x80, 0x0f, 0xfe, 0x00, 0x07, 0x80, 0xf0, 0x1e, 0x00, 0x1c, 0x00, 0x07, 0x00, 0x02, 0x1f, 0xff, 0xff, 0xff,
    0xff, 0xff, 0xff, 0xff, 0xff, 0xff, 0xff, 0xff, 0xff, 0xff, 0xff, 0xff, 0xff, 0xff, 0xff, 0xff, 0xff, 0xff, 0xff, 0xff, 0xff, 0xff, 0xff, 0xff,
    0xff, 0xff, 0xff, 0xff, 0xff, 0xff, 0xff, 0xff, 0xff, 0xff, 0xff, 0xff, 0xff, 0xff, 0xff, 0xff, 0xff, 0xff, 0xff, 0xff, 0xff, 0x7f, 0xff, 0xff,
    0xff, 0xff, 0xe7, 0xc0, 0xfe, 0xde, 0xf3, 0xd7, 0xe7, 0xd8, 0x96, 0xde, 0xf8, 0x26, 0xc0, 0x10, 0x0c, 0x00, 0x0f, 0xfe, 0xd0, 0xf9, 0xb7, 0xb7,
    0xff, 0xff, 0xc0, 0x3f, 0x87, 0x01, 0x01, 0x83, 0xc0, 0x1e, 0x00, 0x18, 0x00, 0x80, 0x00, 0x01, 0x1f, 0xff, 0xff, 0xff, 0xff, 0xff, 0xff, 0xff,
    0xff, 0xff, 0xff, 0xff, 0xff, 0xff, 0xff, 0xff, 0xff, 0xff, 0xff, 0xff, 0xff, 0xff, 0xff, 0xff, 0xff, 0xff, 0xff, 0xff, 0xff, 0xff, 0xff, 0xff,
    0xff, 0xff, 0xff, 0xff, 0xff, 0xff, 0xff, 0xff, 0xff, 0xff, 0xff, 0xff, 0xff, 0xff, 0xff, 0xff, 0xfe, 0xff, 0xff, 0xff, 0xff, 0xf1, 0xf7, 0xc0,
    0xef, 0xf6, 0x65, 0xe3, 0x79, 0x99, 0xb7, 0xf4, 0xf3, 0xed, 0xff, 0x80, 0x1e, 0x00, 0x07, 0xe3, 0xc1, 0xfc, 0x7d, 0xff, 0xff, 0xff, 0xfe, 0xff,
    0xb7, 0x00, 0x08, 0x06, 0x00, 0x0e, 0x00, 0x8c, 0x00, 0x00, 0x00, 0x09, 0x9f, 0xff, 0xff, 0xff, 0xff, 0xff, 0xff, 0xff, 0xff, 0xff, 0xff, 0xff,
    0xff, 0xff, 0xff, 0xff, 0xff, 0xff, 0xff, 0xff, 0xff, 0xff, 0xff, 0xff, 0xff, 0xff, 0xff, 0xff, 0xff, 0xff, 0xff, 0xff, 0xff, 0xff, 0xff, 0xff,
    0xff, 0xff, 0xff, 0xff, 0xff, 0xff, 0xff, 0xff, 0xff, 0xff, 0xff, 0xff, 0xfc, 0xff, 0xff, 0xff, 0xfe, 0x1c, 0x1b, 0xc0, 0xfd, 0xbb, 0x6d, 0xf0,
    0x3f, 0x9b, 0xf7, 0x63, 0xf7, 0x9b, 0xff, 0xc0, 0x00, 0x00, 0x03, 0xc3, 0x7f, 0xff, 0x1f, 0x7f, 0xff, 0x9f, 0xff, 0xff, 0xf3, 0x00, 0x0e, 0x00,
    0x01, 0x8e, 0x00, 0x8c, 0x03, 0x00, 0x10, 0x00, 0x8f, 0xff, 0xff, 0xff, 0xff, 0xff, 0xff, 0xff, 0xff, 0xff, 0xff, 0xff, 0xff, 0xff, 0xff, 0xff,
    0xff, 0xff, 0xff, 0xff, 0xff, 0xff, 0xff, 0xff, 0xff, 0xff, 0xff, 0xff, 0xff, 0xff, 0xff, 0xff, 0xff, 0xff, 0xff, 0xff, 0xff, 0xff, 0xff, 0xff,
    0xff, 0xff, 0xff, 0xff, 0xff, 0xff, 0xff, 0xff, 0xf9, 0xff, 0xff, 0xff, 0xfc, 0xff, 0xdf, 0x80, 0xff, 0x8e, 0xed, 0xfc, 0x9e, 0xc3, 0x4d, 0x8f,
    0x73, 0xb2, 0x7f, 0xe0, 0x01, 0x04, 0x03, 0x9f, 0xff, 0xff, 0xdb, 0xff, 0xff, 0x0e, 0xff, 0xff, 0xfa, 0x00, 0x04, 0x00, 0x07, 0xce, 0x1c, 0x0c,
    0x03, 0x00, 0x38, 0x02, 0x0f, 0xff, 0xff, 0xff, 0xff, 0xff, 0xff, 0xff, 0xff, 0xff, 0xff, 0xff, 0xff, 0xff, 0xff, 0xff, 0xff, 0xff, 0xff, 0xff,
    0xff, 0xff, 0xff, 0xff, 0xff, 0xff, 0xff, 0xff, 0xff, 0xff, 0xff, 0xff, 0xff, 0xff, 0xff, 0xff, 0xff, 0xff, 0xff, 0xff, 0xff, 0xff, 0xff, 0xff,
    0xff, 0xff, 0xff, 0xff, 0xfb, 0xff, 0xff, 0xff, 0xfd, 0xff, 0xf7, 0x80, 0xee, 0x22, 0xcc, 0xf8, 0xdb, 0xe3, 0xcf, 0x16, 0x7e, 0xc7, 0x1f, 0xfe,
    0x01, 0x87, 0x03, 0xb9, 0xbf, 0xff, 0xce, 0xff, 0xff, 0xe6, 0x7f, 0xff, 0xf6, 0x00, 0x80, 0x00, 0x07, 0xc6, 0x3c, 0x0c, 0x00, 0x00, 0x30, 0x00,
    0x0f, 0xff, 0xff, 0xff, 0xff, 0xff, 0xff, 0xff, 0xff, 0xff, 0xff, 0xff, 0xff, 0xff, 0xff, 0xff, 0xff, 0xff, 0xff, 0xff, 0xff, 0xff, 0xff, 0xff,
    0xff, 0xff, 0xff, 0xff, 0xff, 0xff, 0xff, 0xff, 0xff, 0xff, 0xff, 0xff, 0xff, 0xff, 0xff, 0xff, 0xff, 0xff, 0xff, 0xff, 0xff, 0xff, 0xff, 0xff,
    0xf7, 0xff, 0xff, 0xff, 0xfd, 0xff, 0xfb, 0xc0, 0xfe, 0xf8, 0xde, 0xde, 0xfb, 0xe1, 0xff, 0xf8, 0x1f, 0xdd, 0x9f, 0xff, 0x83, 0xc7, 0x07, 0x60,
    0x1f, 0x83, 0xdf, 0xff, 0xff, 0xf7, 0x7f, 0xfc, 0x7e, 0x00, 0x00, 0x40, 0x03, 0x8c, 0x3e, 0x2c, 0x00, 0x40, 0x00, 0x00, 0x0f, 0xff, 0xff, 0xff,
    0xff, 0xff, 0xff, 0xff, 0xff, 0xff, 0xff, 0xff, 0xff, 0xff, 0xff, 0xff, 0xff, 0xff, 0xff, 0xff, 0xff, 0xff, 0xff, 0xff, 0xff, 0xff, 0xff, 0xff,
    0xff, 0xff, 0xff, 0xff, 0xff, 0xff, 0xff, 0xff, 0xff, 0xff, 0xff, 0xff, 0xff, 0xff, 0xff, 0xff, 0xff, 0xff, 0xff, 0xff, 0xe7, 0xff, 0xff, 0xff,
    0xff, 0xff, 0xff, 0xc0, 0xfb, 0xe7, 0x1b, 0x7c, 0xe6, 0xfc, 0xfd, 0xfd, 0xdb, 0x70, 0x4f, 0xef, 0x81, 0xc0, 0x0f, 0x7f, 0xcf, 0x81, 0xdd, 0xff,
    0xfd, 0xee, 0xff, 0xf9, 0x18, 0x00, 0x01, 0xe0, 0x00, 0x0c, 0x00, 0x3c, 0x00, 0x00, 0x00, 0x06, 0x4f, 0xff, 0xff, 0xff, 0xff, 0xff, 0xff, 0xff,
    0xff, 0xff, 0xff, 0xff, 0xff, 0xff, 0xff, 0xff, 0xff, 0xff, 0xff, 0xff, 0xff, 0xff, 0xff, 0xff, 0xff, 0xff, 0xff, 0xff, 0xff, 0xff, 0xff, 0xff,
    0xff, 0xff, 0xff, 0xff, 0xff, 0xff, 0xff, 0xff, 0xff, 0xff, 0xff, 0xff, 0xff, 0xff, 0xff, 0xff, 0xef, 0xff, 0xff, 0xff, 0xff, 0xff, 0xff, 0x80,
    0xff, 0xf0, 0x6f, 0x76, 0x0f, 0x0f, 0xb7, 0xff, 0xdf, 0xe7, 0xcf, 0x81, 0xc0, 0x00, 0x1e, 0x7f, 0xe7, 0x3c, 0xcf, 0xff, 0xf7, 0xcd, 0xff, 0xf3,
    0xe0, 0x00, 0x00, 0xc0, 0x00, 0x18, 0x00, 0x18, 0x01, 0xc0, 0x00, 0x06, 0x67, 0xff, 0xff, 0xff, 0xff, 0xff, 0xff, 0xff, 0xff, 0xff, 0xff, 0xff,
    0xff, 0xff, 0xff, 0xff, 0xff, 0xff, 0xff, 0xff, 0xff, 0xff, 0xff, 0xff, 0xff, 0xff, 0xff, 0xff, 0xff, 0xff, 0xff, 0xff, 0xff, 0xff, 0xff, 0xff,
    0xff, 0xff, 0xff, 0xff, 0xff, 0xff, 0xff, 0xff, 0xff, 0xff, 0xff, 0xff, 0xdf, 0xff, 0xff, 0xff, 0xff, 0xff, 0x00, 0x40, 0xef, 0x01, 0xe7, 0x37,
    0x7b, 0x03, 0x7f, 0xff, 0xf7, 0xcf, 0xee, 0x00, 0xe0, 0x01, 0x9c, 0xfe, 0xe7, 0x7e, 0x5f, 0xff, 0xff, 0xfb, 0xff, 0xf7, 0xfe, 0x00, 0x20, 0x00,
    0x80, 0x38, 0x00, 0x10, 0x00, 0xc0, 0x00, 0x00, 0x27, 0xff, 0xff, 0xff, 0xff, 0xff, 0xff, 0xff, 0xff, 0xff, 0xff, 0xff, 0xff, 0xff, 0xff, 0xff,
    0xff, 0xff, 0xff, 0xff, 0xff, 0xff, 0xff, 0xff, 0xff, 0xff, 0xff, 0xff, 0xff, 0xff, 0xff, 0xff, 0xff, 0xff, 0xff, 0xff, 0xff, 0xff, 0xff, 0xff,
    0xff, 0xff, 0xff, 0xff, 0xff, 0xff, 0xff, 0xff, 0x9f, 0xff, 0xff, 0xff, 0xff, 0xfe, 0x2f, 0x40, 0xf8, 0x24, 0xf3, 0xbb, 0x9c, 0x01, 0x9f, 0xff,
    0xc3, 0xdf, 0xae, 0x00, 0x60, 0x01, 0xf1, 0xf7, 0xb7, 0x7e, 0x5f, 0xff, 0xef, 0x3f, 0xfe, 0xf7, 0x3e, 0x00, 0x00, 0x00, 0x00, 0x60, 0x00, 0x00,
    0x0c, 0x00, 0x00, 0x00, 0x07, 0xff, 0xff, 0xff, 0xff, 0xff, 0xff, 0xff, 0xff, 0xff, 0xff, 0xff, 0xff, 0xff, 0xff, 0xff, 0xff, 0xff, 0xff, 0xff,
    0xff, 0xff, 0xff, 0xff, 0xff, 0xff, 0xff, 0xff, 0xff, 0xff, 0xff, 0xff, 0xff, 0xff, 0xff, 0xff, 0xff, 0xff, 0xff, 0xff, 0xff, 0xff, 0xff, 0xff,
    0xff, 0xff, 0xff, 0xff, 0xbf, 0xff, 0xff, 0xff, 0xff, 0xfe, 0x7f, 0xc0, 0xf8, 0xfe, 0x66, 0x9b, 0x8c, 0x00, 0xdf, 0xfb, 0x79, 0xf6, 0x06, 0x00,
    0x30, 0x00, 0x03, 0xff, 0xe6, 0x7e, 0x5f, 0xfc, 0x7f, 0x9f, 0xf8, 0x36, 0x0e, 0x00, 0x00, 0x00, 0x00, 0x00, 0xfc, 0x00, 0x0c, 0x00, 0x00, 0x00,
    0x87, 0xff, 0xff, 0xff, 0xff, 0xff, 0xff, 0xff, 0xff, 0xff, 0xff, 0xff, 0xff, 0xff, 0xff, 0xff, 0xff, 0xff, 0xff, 0xff, 0xff, 0xff, 0xff, 0xff,
    0xff, 0xff, 0xff, 0xff, 0xff, 0xff, 0xff, 0xff, 0xff, 0xff, 0xff, 0xff, 0xff, 0xff, 0xff, 0xff, 0xff, 0xff, 0xff, 0xff, 0xff, 0xff, 0xff, 0xff,
    0x7f, 0xff, 0xff, 0xff, 0xff, 0xff, 0xff, 0xc0, 0xe3, 0xde, 0x67, 0xdf, 0xe4, 0x00, 0xcf, 0xc6, 0xf9, 0xfe, 0x06, 0x24, 0x30, 0x00, 0x03, 0xf1,
    0x9c, 0x77, 0xdf, 0x6c, 0x7d, 0xff, 0xff, 0x32, 0xee, 0x00, 0x10, 0x00, 0x00, 0x01, 0xfe, 0x00, 0x00, 0x60, 0x00, 0x01, 0xc3, 0xff, 0xff, 0xff,
    0xff, 0xff, 0xff, 0xff, 0xff, 0xff, 0xff, 0xff, 0xff, 0xff, 0xff, 0xff, 0xff, 0xff, 0xff, 0xff, 0xff, 0xff, 0xff, 0xff, 0xff, 0xff, 0xff, 0xff,
    0xff, 0xff, 0xff, 0xff, 0xff, 0xff, 0xff, 0xff, 0xff, 0xff, 0xff, 0xff, 0xff, 0xff, 0xff, 0xff, 0xff, 0xff, 0xff, 0xfe, 0x7f, 0xff, 0xff, 0xff,
    0xff, 0xff, 0xff, 0xc0, 0xf3, 0x74, 0xcf, 0xde, 0xf4, 0x00, 0xdf, 0xc0, 0x3b, 0xfc, 0x0c, 0x08, 0x30, 0x00, 0x03, 0xf0, 0x99, 0xfd, 0x3b, 0xff,
    0x37, 0xff, 0xff, 0xbb, 0xf7, 0x07, 0x80, 0x00, 0x00, 0x70, 0xfe, 0x06, 0x00, 0x30, 0x06, 0x03, 0xe3, 0xff, 0xff, 0xff, 0xff, 0xff, 0xff, 0xff,
    0xff, 0xff, 0xff, 0xff, 0xff, 0xff, 0xff, 0xff, 0xff, 0xff, 0xff, 0xff, 0xff, 0xff, 0xff, 0xff, 0xff, 0xff, 0xff, 0xff, 0xff, 0xff, 0xff, 0xff,
    0xff, 0xff, 0xff, 0xff, 0xff, 0xff, 0xff, 0xff, 0xff, 0xff, 0xff, 0xff, 0xff, 0xff, 0xff, 0xfc, 0xff, 0xff, 0xff, 0xff, 0xff, 0xff, 0xff, 0xc0,
    0xf3, 0xf9, 0x9d, 0xef, 0xe8, 0x00, 0x47, 0x80, 0x1b, 0xfc, 0x08, 0x08, 0x20, 0x30, 0x07, 0xfe, 0xd7, 0xec, 0x70, 0xdf, 0x7f, 0xff, 0xff, 0x37,
    0xf6, 0xff, 0xc0, 0x00, 0x00, 0xf8, 0xfc, 0x00, 0x03, 0x30, 0x0f, 0xc1, 0xe3, 0xff, 0xff, 0xff, 0xff, 0xff, 0xff, 0xff, 0xff, 0xff, 0xff, 0xff,
    0xff, 0xff, 0xff, 0xff, 0xff, 0xff, 0xff, 0xff, 0xff, 0xff, 0xff, 0xff, 0xff, 0xff, 0xff, 0xff, 0xff, 0xff, 0xff, 0xff, 0xff, 0xff, 0xff, 0xff,
    0xff, 0xff, 0xff, 0xff, 0xff, 0xff, 0xff, 0xff, 0xff, 0xff, 0xff, 0xfd, 0xff, 0xff, 0xff, 0xff, 0xff, 0xff, 0x1c, 0x40, 0xfe, 0xc9, 0x30, 0x6d,
    0xb4, 0x00, 0xc3, 0x80, 0x1b, 0xfe, 0x18, 0x61, 0x60, 0x70, 0x0f, 0xfe, 0x6f, 0xfc, 0xfd, 0xbf, 0x7f, 0xff, 0xe6, 0x77, 0x16, 0xff, 0xf0, 0x00,
    0x10, 0xf0, 0x7e, 0x00, 0x07, 0x00, 0x1f, 0xe1, 0xc3, 0xff, 0xff, 0xff, 0xff, 0xff, 0xff, 0xff, 0xff, 0xff, 0xff, 0xff, 0xff, 0xff, 0xff, 0xff,
    0xff, 0xff, 0xff, 0xff, 0xff, 0xff, 0xff, 0xff, 0xff, 0xff, 0xff, 0xff, 0xff, 0xff, 0xff, 0xff, 0xff, 0xff, 0xff, 0xff, 0xff, 0xff, 0xff, 0xff,
    0xff, 0xff, 0xff, 0xff, 0xff, 0xff, 0xff, 0xfb, 0xff, 0xff, 0xff, 0xff, 0xff, 0xff, 0xc8, 0x00, 0xff, 0xfe, 0xe6, 0x77, 0xf4, 0x00, 0x81, 0x90,
    0x19, 0xfe, 0x00, 0x42, 0x60, 0x30, 0x18, 0x3f, 0xfe, 0xf7, 0x79, 0xee, 0xff, 0xff, 0xf3, 0xee, 0x6d, 0xf8, 0x7c, 0x80, 0x00, 0x00, 0x00, 0x00,
    0x03, 0x00, 0x0f, 0xe0, 0xc3, 0xff, 0xff, 0xff, 0xff, 0xff, 0xff, 0xff, 0xff, 0xff, 0xff, 0xff, 0xff, 0xff, 0xff, 0xff, 0xff, 0xff, 0xff, 0xff,
    0xff, 0xff, 0xff, 0xff, 0xff, 0xff, 0xff, 0xff, 0xff, 0xff, 0xff, 0xff, 0xff, 0xff, 0xff, 0xff, 0xff, 0xff, 0xff, 0xff, 0xff, 0xff, 0xff, 0xff,
    0xff, 0xff, 0xfe, 0x73, 0xff, 0xff, 0xff, 0xff, 0xff, 0xdc, 0xe8, 0x00, 0xf7, 0xbf, 0xcf, 0x97, 0x7e, 0x40, 0x01, 0xc1, 0x89, 0xbf, 0x00, 0x0a,
    0x00, 0x00, 0x3d, 0x9f, 0xdf, 0x86, 0x79, 0x0c, 0xfc, 0x3f, 0xe7, 0x8f, 0xe9, 0xf0, 0x0e, 0x0c, 0x08, 0x41, 0x80, 0x02, 0x00, 0x10, 0x0f, 0xc0,
    0x09, 0xff, 0xff, 0xff, 0xff, 0xff, 0xff, 0xff, 0xff, 0xff, 0xff, 0xff, 0xff, 0xff, 0xff, 0xff, 0xff, 0xff, 0xff, 0xff, 0xff, 0xff, 0xff, 0xff,
    0xff, 0xff, 0xff, 0xff, 0xff, 0xff, 0xff, 0xff, 0xff, 0xff, 0xff, 0xff, 0xff, 0xff, 0xff, 0xff, 0xff, 0xff, 0xff, 0xff, 0xff, 0xff, 0xfc, 0xe7,
    0xff, 0xff, 0xff, 0xff, 0xff, 0x80, 0x60, 0x00, 0xfe, 0xff, 0xdb, 0x9b, 0xf9, 0x00, 0x00, 0xc0, 0x18, 0x0f, 0x00, 0x03, 0x02, 0x00, 0x7f, 0xce,
    0xfd, 0x90, 0x63, 0xb9, 0xff, 0x8f, 0xf0, 0x7f, 0xe3, 0xc0, 0x06, 0x00, 0x0c, 0x07, 0xe1, 0x80, 0x80, 0x10, 0x03, 0x00, 0x01, 0xff, 0xff, 0xff,
    0xff, 0xff, 0xff, 0xff, 0xff, 0xff, 0xff, 0xff, 0xff, 0xff, 0xff, 0xff, 0xff, 0xff, 0xff, 0xff, 0xff, 0xff, 0xff, 0xff, 0xff, 0xff, 0xff, 0xff,
    0xff, 0xff, 0xff, 0xff, 0xff, 0xff, 0xff, 0xff, 0xff, 0xff, 0xff, 0xfb, 0xff, 0xff, 0xff, 0xff, 0xff, 0xff, 0xfb, 0x6f, 0xff, 0xff, 0xff, 0xff,
    0xff, 0xbf, 0x38, 0x80, 0xff, 0xff, 0xce, 0x0b, 0xdf, 0x00, 0x00, 0xc2, 0x30, 0x0f, 0x80, 0x10, 0x02, 0x00, 0x7f, 0xdc, 0xf7, 0x99, 0xce, 0xf1,
    0xff, 0xcf, 0xff, 0xff, 0x7d, 0xe0, 0x06, 0x00, 0x0c, 0x07, 0xe7, 0x80, 0x00, 0x00, 0x00, 0x00, 0x01, 0xff, 0xff, 0xff, 0xff, 0xff, 0xf7, 0xff,
    0xff, 0xff, 0xff, 0xff, 0xff, 0xff, 0xff, 0xff, 0xff, 0xff, 0xff, 0xff, 0xff, 0xff, 0xff, 0xff, 0xff, 0xff, 0xff, 0xff, 0xff, 0xff, 0xff, 0xff,
    0xff, 0xff, 0xff, 0xff, 0xff, 0xff, 0xff, 0xff, 0xff, 0xff, 0xff, 0xff, 0xff, 0xff, 0xfb, 0x1f, 0xff, 0xff, 0xff, 0xff, 0xff, 0xbf, 0xdc, 0x00,
    0xff, 0x07, 0xe6, 0x05, 0xff, 0x40, 0x00, 0x60, 0x80, 0x07, 0x80, 0x10, 0x41, 0x00, 0xf8, 0xdd, 0xdf, 0xde, 0x7c, 0xe0, 0x7f, 0xef, 0xff, 0xfe,
    0xf0, 0xe0, 0x03, 0x00, 0x00, 0x47, 0xc7, 0x80, 0x00, 0x00, 0x00, 0x00, 0x38, 0xff, 0xbf, 0xff, 0xff, 0xff, 0xbf, 0xbf, 0xff, 0xff, 0xff, 0xff,
    0xff, 0xff, 0xff, 0xff, 0xff, 0xff, 0xff, 0xff, 0xff, 0xff, 0xff, 0xff, 0xff, 0xff, 0xff, 0xff, 0xff, 0xff, 0xff, 0xff, 0xff, 0xff, 0xff, 0xff,
    0xff, 0xff, 0xfd, 0xdf, 0xff, 0xff, 0xff, 0xff, 0xe3, 0xff, 0xf7, 0xbf, 0xff, 0xff, 0xff, 0xff, 0xff, 0x9f, 0xfc, 0x00, 0xee, 0x40, 0xf6, 0x05,
    0xef, 0xc0, 0x00, 0xc0, 0x00, 0x07, 0x00, 0x22, 0x01, 0xc7, 0xf2, 0x5c, 0xfb, 0x40, 0xf0, 0x00, 0x3c, 0x2f, 0xff, 0xfe, 0xe0, 0xe0, 0x03, 0x00,
    0x00, 0x62, 0xc0, 0x01, 0x80, 0x08, 0x00, 0x00, 0x18, 0xff, 0xff, 0xfd, 0xff, 0xff, 0xff, 0xff, 0xff, 0xff, 0xff, 0xff, 0xff, 0xff, 0xff, 0xff,
    0xff, 0xff, 0xff, 0xff, 0xff, 0xff, 0xff, 0xff, 0xff, 0xff, 0xff, 0xff, 0xff, 0xff, 0xff, 0xff, 0xff, 0xff, 0xff, 0xff, 0xff, 0xff, 0xff, 0xff,
    0xff, 0xff, 0xff, 0xff, 0xcf, 0xff, 0xe9, 0xbf, 0xff, 0xff, 0xff, 0xe1, 0x0f, 0xcf, 0xfc, 0x00, 0xfe, 0xfc, 0x76, 0x02, 0xfe, 0xa0, 0x00, 0xc2,
    0x00, 0x03, 0x00, 0x06, 0x20, 0x7f, 0xdd, 0x99, 0xbf, 0xe7, 0xe0, 0x00, 0x39, 0xc7, 0x9f, 0xff, 0xe0, 0xe0, 0x01, 0x20, 0x18, 0x00, 0x00, 0x10,
    0x00, 0x86, 0x00, 0x00, 0x00, 0xff, 0xff, 0xf7, 0xff, 0xff, 0xff, 0xff, 0xff, 0xff, 0xff, 0xff, 0xff, 0xff, 0xff, 0xff, 0xff, 0xff, 0xff, 0xff,
    0xff, 0xff, 0xff, 0xff, 0xff, 0xff, 0xff, 0xff, 0xff, 0xff, 0xff, 0xff, 0xff, 0xff, 0xff, 0xff, 0xff, 0xff, 0xfb, 0xff, 0xff, 0xfe, 0xff, 0xff,
    0x97, 0xff, 0xd9, 0x7f, 0xff, 0xff, 0xff, 0xe6, 0xe3, 0xcf, 0xfe, 0x00, 0xff, 0xbf, 0x77, 0x02, 0xff, 0xe0, 0x00, 0x84, 0x80, 0x03, 0x80, 0x01,
    0x00, 0x1f, 0x39, 0x33, 0xed, 0xbf, 0x80, 0x00, 0x3b, 0xe7, 0x07, 0xff, 0xe0, 0x60, 0x03, 0x00, 0x00, 0x00, 0x00, 0x30, 0x00, 0x06, 0x00, 0x01,
    0x04, 0x7f, 0xff, 0x7f, 0xff, 0xff, 0xff, 0xff, 0xff, 0xff, 0xff, 0xff, 0xff, 0xff, 0xff, 0xff, 0xff, 0xff, 0xff, 0xff, 0xff, 0xff, 0xff, 0xff,
    0xff, 0xff, 0xff, 0xff, 0xff, 0xff, 0xff, 0xff, 0xff, 0xff, 0xff, 0xff, 0xff, 0xff, 0xff, 0xff, 0xff, 0xff, 0xef, 0xff, 0x9f, 0xff, 0xd5, 0xff,
    0xff, 0xff, 0xff, 0xcf, 0xf9, 0xe7, 0xfc, 0x00, 0xed, 0xfb, 0x77, 0x26, 0x77, 0xe8, 0x00, 0x04, 0x00, 0x03, 0x86, 0x01, 0x10, 0x00, 0x73, 0x6e,
    0xff, 0xfe, 0x80, 0x38, 0x3b, 0xf6, 0x73, 0xff, 0xf2, 0x60, 0x03, 0x00, 0x00, 0x80, 0x00, 0x00, 0x40, 0x02, 0x18, 0x03, 0x00, 0x7b, 0xfb, 0xff,
    0xff, 0xff, 0xff, 0xff, 0xff, 0xff, 0xff, 0xff, 0xff, 0xff, 0xff, 0xff, 0xff, 0xff, 0xff, 0xff, 0xff, 0xff, 0xff, 0xff, 0xff, 0xff, 0xff, 0xff,
    0xff, 0xff, 0xff, 0xff, 0xff, 0xff, 0xff, 0xff, 0xff, 0xff, 0xbf, 0xfe, 0xdf, 0xff, 0xff, 0xff, 0x5f, 0xff, 0xa9, 0xff, 0xff, 0xff, 0xff, 0xff,
    0xfe, 0x77, 0x36, 0x00, 0x3f, 0x5f, 0x2e, 0x02, 0x7d, 0xf0, 0x60, 0x00, 0x01, 0x01, 0x80, 0x10, 0x40, 0x00, 0x3c, 0xcf, 0xf1, 0xff, 0xc4, 0x10,
    0x3b, 0xf7, 0xfc, 0xff, 0xf0, 0xc0, 0x00, 0x18, 0x00, 0x00, 0x30, 0x00, 0x60, 0x00, 0x00, 0x03, 0x00, 0x3f, 0xbf, 0xff, 0xff, 0xfb, 0xff, 0xff,
    0xfe, 0xff, 0xff, 0xff, 0xff, 0xff, 0xff, 0xff, 0xff, 0xff, 0xff, 0xff, 0xff, 0xff, 0xff, 0xff, 0xff, 0xff, 0xff, 0xff, 0xff, 0xff, 0xff, 0xff,
    0xff, 0xff, 0xff, 0xff, 0xff, 0xff, 0xff, 0xf7, 0xff, 0xff, 0xff, 0xfe, 0x4f, 0xff, 0x35, 0xff, 0xff, 0xff, 0xff, 0xff, 0xef, 0xb2, 0x06, 0x00,
    0xb9, 0xfd, 0x6f, 0x86, 0x3f, 0xbc, 0x60, 0x00, 0x83, 0x01, 0x80, 0x0c, 0x20, 0x00, 0x1e, 0x1c, 0x20, 0x37, 0xf0, 0x00, 0x33, 0x8e, 0x7e, 0x7f,
    0xfc, 0x80, 0x02, 0x10, 0x00, 0x00, 0x10, 0x00, 0x20, 0x00, 0x00, 0x00, 0x01, 0x3f, 0xff, 0xff, 0xff, 0xff, 0xff, 0xff, 0xff, 0xff, 0xff, 0xff,
    0xff, 0xdf, 0xff, 0xff, 0xff, 0xff, 0xff, 0xff, 0xff, 0xff, 0xff, 0xff, 0xff, 0xff, 0xff, 0xff, 0xff, 0xff, 0xff, 0xff, 0xff, 0xff, 0xff, 0xff,
    0xff, 0xff, 0xfe, 0xff, 0xfe, 0xff, 0x7d, 0xfc, 0xbf, 0xf8, 0xcb, 0xff, 0xff, 0xff, 0xff, 0xdf, 0xff, 0xb8, 0x03, 0x00, 0x9c, 0xe1, 0xc7, 0xc4,
    0x36, 0xfa, 0x61, 0x81, 0x00, 0x03, 0x80, 0x09, 0x28, 0x30, 0x0f, 0x3e, 0x80, 0x03, 0xf0, 0x10, 0x67, 0x8e, 0xf7, 0x78, 0xfe, 0x00, 0x00, 0x00,
    0x00, 0x00, 0x00, 0xc0, 0x00, 0x31, 0x80, 0x00, 0x04, 0x1f, 0xff, 0xff, 0xff, 0xff, 0xef, 0xff, 0xff, 0xff, 0xff, 0xff, 0xff, 0xff, 0xff, 0xff,
    0xff, 0xff, 0xff, 0xff, 0xff, 0xff, 0xff, 0xff, 0xff, 0xff, 0xff, 0xff, 0xff, 0xff, 0xff, 0xff, 0xff, 0xff, 0xff, 0xf7, 0xef, 0xff, 0xbf, 0xff,
    0xff, 0xf7, 0xff, 0xfd, 0xe7, 0xfa, 0x57, 0xff, 0xff, 0xff, 0xff, 0xe3, 0xff, 0xfc, 0x00, 0x80, 0xdd, 0xc6, 0x03, 0xc0, 0x1f, 0xfd, 0x01, 0x83,
    0x00, 0x03, 0x80, 0x00, 0x00, 0x39, 0x8d, 0xfb, 0xc0, 0x81, 0xe0, 0x38, 0xc3, 0x7d, 0xc3, 0x70, 0x3f, 0x30, 0x00, 0x00, 0x00, 0x00, 0x01, 0xe0,
    0x00, 0x79, 0x80, 0xe0, 0x01, 0x8f, 0xff, 0xff, 0xff, 0xff, 0xff, 0xff, 0xbf, 0xff, 0xff, 0xff, 0xff, 0xff, 0xff, 0xff, 0xff, 0xff, 0xbf, 0xff,
    0xff, 0xff, 0xff, 0xff, 0xff, 0x7f, 0xff, 0xff, 0xff, 0xff, 0xff, 0xff, 0xff, 0xff, 0xff, 0xfe, 0xff, 0x7d, 0xff, 0xf7, 0xfb, 0xfd, 0xff, 0xf9,
    0xeb, 0xf7, 0x27, 0xff, 0xff, 0xff, 0xff, 0xf3, 0xff, 0xf7, 0x00, 0x00, 0xdb, 0xde, 0x09, 0x80, 0x1f, 0xde, 0x81, 0x81, 0x80, 0x01, 0x80, 0x02,
    0x10, 0x03, 0xdf, 0xff, 0xc3, 0xc1, 0xc0, 0x3c, 0x01, 0xf3, 0x9c, 0xe0, 0x1f, 0x30, 0x00, 0x06, 0x00, 0x01, 0x80, 0x20, 0x18, 0xf8, 0xc0, 0xe0,
    0x00, 0x8f, 0xff, 0xfd, 0xff, 0xff, 0xff, 0xff, 0xff, 0xb7, 0xff, 0xff, 0xff, 0xff, 0xff, 0xff, 0xff, 0xff, 0xff, 0x7f, 0xff, 0xff, 0xff, 0xff,
    0xff, 0xff, 0xff, 0xff, 0xff, 0xff, 0xff, 0xff, 0xff, 0xff, 0xff, 0xff, 0xff, 0xff, 0xfb, 0xbf, 0xff, 0xff, 0xff, 0xf3, 0xfb, 0xed, 0x6f, 0xff,
    0xff, 0xff, 0xf3, 0xf3, 0xf8, 0xfb, 0x11, 0x00, 0x93, 0x9f, 0x01, 0xc0, 0x0f, 0x7e, 0xc0, 0x01, 0x80, 0x03, 0x00, 0x00, 0x92, 0x00, 0x1b, 0xed,
    0xc1, 0xc1, 0xc0, 0x08, 0x01, 0x97, 0xbe, 0x60, 0x07, 0x84, 0x00, 0x07, 0x07, 0x80, 0x0c, 0x03, 0x00, 0x78, 0x00, 0x01, 0x80, 0x0e, 0xff, 0xff,
    0xff, 0xff, 0xff, 0xff, 0xff, 0xff, 0xff, 0xff, 0xff, 0xff, 0xff, 0xff, 0xff, 0xff, 0xff, 0xff, 0xff, 0xff, 0xff, 0xff, 0xff, 0xfb, 0xff, 0xff,
    0xff, 0xbf, 0xff, 0xff, 0xff, 0xff, 0xff, 0xff, 0xff, 0xf7, 0xef, 0xfb, 0xef, 0xff, 0x7f, 0xe7, 0xf5, 0xe9, 0x9f, 0xff, 0xff, 0xff, 0xc0, 0x1d,
    0xf0, 0x0d, 0x00, 0x00, 0xb7, 0xf6, 0x00, 0xc0, 0x08, 0x07, 0x60, 0x40, 0x80, 0x03, 0x00, 0x00, 0x20, 0x00, 0x1f, 0xe1, 0xc0, 0x01, 0xc1, 0x00,
    0x03, 0x9f, 0xff, 0x60, 0x03, 0x86, 0x00, 0x02, 0x07, 0x80, 0x0c, 0x03, 0x00, 0x73, 0x04, 0x01, 0x82, 0x07, 0xef, 0xff, 0xef, 0xff, 0xff, 0xff,
    0xff, 0xff, 0x7f, 0xff, 0xff, 0xff, 0xff, 0xff, 0xff, 0xff, 0xff, 0xff, 0xff, 0xff, 0xff, 0xff, 0xff, 0xff, 0xff, 0xff, 0xff, 0xff, 0xf7, 0xff,
    0xff, 0xff, 0xff, 0xff, 0xff, 0xff, 0x7f, 0xff, 0xff, 0xef, 0xff, 0xef, 0xfc, 0xd1, 0xbf, 0xff, 0xff, 0xff, 0xdf, 0xed, 0xf0, 0x03, 0x80, 0x00,
    0x6d, 0xf8, 0x01, 0x80, 0x01, 0x80, 0x20, 0x60, 0x00, 0x1e, 0x00, 0x01, 0x04, 0x00, 0x1f, 0xc0, 0xc0, 0x01, 0xc4, 0x00, 0x03, 0xff, 0xfe, 0x60,
    0x01, 0x86, 0x18, 0x00, 0x03, 0x00, 0x18, 0x00, 0x04, 0x07, 0x80, 0x00, 0x07, 0x87, 0xff, 0xff, 0xff, 0xff, 0xdf, 0xff, 0xff, 0xff, 0xff, 0xff,
    0xff, 0xff, 0xff, 0x7f, 0xff, 0xff, 0xff, 0xff, 0xff, 0xff, 0xff, 0xff, 0xff, 0xff, 0xfb, 0xef, 0xff, 0xff, 0xff, 0xff, 0xff, 0xff, 0xff, 0xb7,
    0xfe, 0xdd, 0xf7, 0xff, 0xbf, 0x7b, 0xff, 0x9b, 0xfb, 0x3b, 0x7f, 0xff, 0xff, 0xff, 0xff, 0xf3, 0xf8, 0x03, 0xc0, 0x00, 0x1f, 0x4e, 0x03, 0x00,
    0x07, 0xff, 0x90, 0xf0, 0x01, 0x8c, 0x00, 0x00, 0x40, 0x80, 0x3f, 0xc0, 0x62, 0x01, 0x80, 0x00, 0x03, 0xfd, 0xee, 0xc0, 0xe1, 0x80, 0x18, 0x00,
    0xc0, 0x00, 0x01, 0x20, 0x00, 0x0f, 0xc0, 0x00, 0x0f, 0xc3, 0xfd, 0xf7, 0xff, 0xee, 0xfd, 0xff, 0x7e, 0xff, 0xff, 0xff, 0xff, 0xff, 0xff, 0xfd,
    0xff, 0xff, 0xff, 0xff, 0xff, 0xff, 0xff, 0xff, 0xff, 0x7f, 0xff, 0xff, 0xdf, 0xff, 0xff, 0xfd, 0xf7, 0xff, 0xff, 0xff, 0xbf, 0xff, 0xfd, 0xb6,
    0xfb, 0xdf, 0xfb, 0xb7, 0xfd, 0x7e, 0x7f, 0xff, 0xff, 0xff, 0xff, 0xfc, 0xf9, 0x00, 0xc0, 0x00, 0xf7, 0xf6, 0x00, 0x00, 0x0f, 0xff, 0xc8, 0xf1,
    0x83, 0x00, 0x18, 0x00, 0x09, 0x03, 0xbf, 0xe0, 0xc7, 0x01, 0x02, 0x04, 0x06, 0x1f, 0xf9, 0xa1, 0xe1, 0x80, 0x00, 0x00, 0xc0, 0x00, 0x0f, 0xf0,
    0x00, 0x0f, 0xc0, 0x00, 0x1f, 0xe1, 0xff, 0xff, 0x7f, 0x7f, 0xff, 0xff, 0xff, 0xff, 0xff, 0xff, 0xff, 0xff, 0x7f, 0xff, 0xff, 0xff, 0xff, 0xff,
    0xff, 0xff, 0xff, 0xff, 0xff, 0xff, 0xdf, 0xff, 0xff, 0x7f, 0xff, 0xff, 0xff, 0xf7, 0x7d, 0xff, 0xfd, 0xf7, 0x7f, 0xff, 0xde, 0xff, 0xed, 0xe7,
    0xfe, 0xfc, 0xff, 0xff, 0xff, 0xff, 0xff, 0xff, 0xfc, 0x20, 0x60, 0x00, 0xed, 0xff, 0x00, 0x80, 0x3f, 0xfe, 0x64, 0x00, 0x80, 0x00, 0x38, 0x00,
    0x81, 0x8f, 0xff, 0xe0, 0x84, 0x07, 0x00, 0x86, 0x1c, 0x0f, 0xfd, 0x60, 0xe0, 0x9f, 0x00, 0x00, 0x40, 0x00, 0x3f, 0xfc, 0x01, 0x87, 0xe0, 0x00,
    0x1f, 0xe1, 0xfb, 0xdf, 0xff, 0xff, 0xf7, 0xef, 0xff, 0xfb, 0xff, 0xff, 0xff, 0xff, 0xff, 0xff, 0xfd, 0xff, 0xff, 0xff, 0xff, 0xff, 0xff, 0xff,
    0xff, 0xff, 0x7f, 0xff, 0xff, 0xf7, 0xff, 0xff, 0xff, 0xdf, 0xff, 0xfd, 0xf7, 0xdd, 0xf7, 0x6d, 0xf7, 0xfb, 0x3f, 0x4f, 0x7c, 0xfd, 0xff, 0xff,
    0xff, 0xff, 0xff, 0xff, 0xfe, 0x08, 0x30, 0x00, 0xdf, 0xc9, 0x81, 0xc0, 0x7f, 0xfc, 0x32, 0x00, 0x10, 0x00, 0x10, 0x00, 0x04, 0x7f, 0xfb, 0xe0,
    0x00, 0x06, 0x18, 0x20, 0x30, 0x0f, 0xfc, 0xe0, 0x00, 0x8f, 0x00, 0x00, 0x01, 0x80, 0x7f, 0xff, 0x00, 0xc3, 0xc6, 0x02, 0x0f, 0x80, 0xef, 0xff,
    0xdb, 0xef, 0xff, 0xff, 0xfe, 0xff, 0xff, 0xff, 0xff, 0x7f, 0xff, 0xef, 0xff, 0xff, 0xff, 0xfb, 0xff, 0xdf, 0xff, 0xff, 0xff, 0xff, 0xff, 0xfd,
    0xff, 0xff, 0xfd, 0xf7, 0xff, 0x7e, 0xff, 0x6f, 0xdf, 0x7f, 0xb9, 0xfd, 0xbf, 0xed, 0xf6, 0x9b, 0x83, 0xf3, 0xff, 0xff, 0xff, 0xff, 0xff, 0xf0,
    0xff, 0x42, 0x18, 0x00, 0xdf, 0xff, 0xc0, 0x00, 0xff, 0xfd, 0x9a, 0x40, 0x00, 0x00, 0x00, 0x00, 0x30, 0x10, 0x06, 0xf8, 0x00, 0x00, 0x18, 0x00,
    0x00, 0x07, 0xf7, 0xe0, 0x00, 0x82, 0x40, 0x00, 0x01, 0x80, 0xff, 0xff, 0x80, 0x60, 0x00, 0x06, 0x0f, 0x80, 0xff, 0xfb, 0xff, 0xbf, 0x7f, 0xf6,
    0xff, 0xff, 0xff, 0xff, 0xef, 0xff, 0xff, 0xff, 0xff, 0xff, 0xff, 0xdf, 0xff, 0xff, 0xff, 0xff, 0xdf, 0xf7, 0xfb, 0xdf, 0xed, 0xff, 0xbf, 0xff,
    0xff, 0xff, 0xf7, 0xfe, 0xff, 0xf6, 0xef, 0xb7, 0xfa, 0xb7, 0xdc, 0x64, 0xb3, 0xf7, 0xff, 0xff, 0xff, 0xff, 0xff, 0xf9, 0xff, 0x80, 0x08, 0x00,
    0xfb, 0x77, 0xe0, 0x03, 0xf7, 0xff, 0xdb, 0xf0, 0x00, 0x00, 0x00, 0x00, 0x38, 0x00, 0x01, 0xbc, 0x00, 0x00, 0x40, 0x90, 0x00, 0x07, 0x83, 0xf0,
    0x21, 0x80, 0x00, 0x30, 0x00, 0x01, 0xff, 0xff, 0xc0, 0x00, 0x00, 0x00, 0x00, 0x04, 0x76, 0xff, 0xff, 0xff, 0xfd, 0xbf, 0xff, 0xdf, 0xbf, 0xfd,
    0xff, 0xff, 0xff, 0xff, 0xff, 0xff, 0xff, 0xff, 0xff, 0xff, 0xbf, 0xbd, 0xfb, 0xff, 0xff, 0xff, 0xff, 0xdf, 0xff, 0xdf, 0xef, 0xff, 0xff, 0xdb,
    0xbb, 0xbb, 0xee, 0xff, 0x6e, 0xdb, 0xfd, 0xf6, 0x6f, 0xef, 0xff, 0xff, 0xff, 0xff, 0xe0, 0x3c, 0xff, 0xc9, 0x00, 0x00, 0xff, 0xfd, 0xff, 0x3f,
    0xfd, 0xf3, 0xd7, 0xf8, 0x20, 0x00, 0x00, 0x00, 0x39, 0x00, 0x00, 0xfc, 0x00, 0x00, 0x44, 0x60, 0x00, 0x03, 0xdc, 0xf0, 0x31, 0x81, 0xc0, 0x10,
    0x00, 0x03, 0xff, 0xff, 0xf0, 0x00, 0x00, 0x00, 0x00, 0x00, 0x3f, 0xb7, 0xbf, 0xfd, 0xef, 0xff, 0xdf, 0xff, 0xff, 0xff, 0xff, 0xff, 0xff, 0xff,
    0xff, 0xff, 0xff, 0xfe, 0xfd, 0xfd, 0xff, 0xff, 0xff, 0xbf, 0xff, 0xff, 0xff, 0xfd, 0xf7, 0x7f, 0xfb, 0xfe, 0xed, 0xff, 0xee, 0xef, 0x7f, 0x6d,
    0xb7, 0x7e, 0xef, 0x03, 0xcf, 0xcf, 0xff, 0xff, 0xff, 0xff, 0xe7, 0x9e, 0x7b, 0xe0, 0x00, 0x00, 0xf7, 0xff, 0xff, 0xff, 0xdf, 0xc0, 0x47, 0xdc,
    0x00, 0x04, 0x60, 0x00, 0x18, 0x40, 0x00, 0x78, 0x80, 0x20, 0x0c, 0x60, 0x01, 0x83, 0xf0, 0xf8, 0x79, 0x01, 0xc0, 0x01, 0xe0, 0x07, 0xff, 0xff,
    0xfc, 0x1c, 0x01, 0x00, 0x00, 0x00, 0x3d, 0xfd, 0xef, 0xbf, 0xff, 0xdf, 0xff, 0x7f, 0xff, 0x7f, 0xfb, 0xff, 0xff, 0xff, 0xef, 0xf7, 0xff, 0xff,
    0xff, 0xff, 0xff, 0xff, 0xdf, 0xff, 0x7f, 0xfe, 0xef, 0xff, 0xdf, 0xff, 0x7f, 0x7f, 0xff, 0xee, 0xff, 0xf9, 0xdb, 0xf6, 0xd9, 0xee, 0xec, 0x0d,
    0x9f, 0x9f, 0xff, 0xff, 0xff, 0xff, 0xef, 0xe7, 0x60, 0xf0, 0x00, 0x00, 0xff, 0xfb, 0xff, 0xff, 0xf7, 0x9f, 0x39, 0xff, 0x10, 0x00, 0xe0, 0x00,
    0x00, 0xc0, 0x00, 0x78, 0x00, 0x60, 0x2e, 0x00, 0x00, 0x03, 0x80, 0x7c, 0x70, 0x00, 0x10, 0x03, 0xe6, 0x0f, 0xff, 0xff, 0xff, 0x0c, 0x07, 0x00,
    0x00, 0x01, 0x17, 0xff, 0x7b, 0xee, 0xf7, 0x7d, 0xff, 0xfe, 0xf7, 0xff, 0xff, 0xff, 0xff, 0xee, 0xff, 0xbf, 0xff, 0x7f, 0xff, 0xff, 0xff, 0xfb,
    0xfe, 0xfd, 0xf7, 0x7f, 0xff, 0x7f, 0xff, 0xf7, 0xed, 0xdb, 0xff, 0xbb, 0xb7, 0x5f, 0xde, 0x9b, 0x6f, 0xbb, 0x30, 0x0c, 0x7f, 0x3f, 0xff, 0xff,
    0xff, 0xff, 0xff, 0xfb, 0x20, 0x32, 0x00, 0x00, 0xef, 0xdf, 0x7f, 0xff, 0xff, 0xbf, 0xbb, 0x07, 0x00, 0x00, 0x00, 0x00, 0x00, 0x80, 0x00, 0x70,
    0x00, 0xf0, 0x06, 0x08, 0x40, 0x03, 0x00, 0x3e, 0x00, 0x60, 0x00, 0x03, 0xe3, 0x9f, 0xff, 0xff, 0xff, 0xe0, 0x03, 0x00, 0x60, 0x00, 0x0f, 0xef,
    0xfe, 0xff, 0xbf, 0xff, 0xdf, 0xff, 0xff, 0xef, 0xff, 0xff, 0xff, 0xbf, 0xfd, 0xfe, 0xef, 0xf7, 0xff, 0xdf, 0xff, 0xff, 0x7b, 0xff, 0xff, 0xf7,
    0xf7, 0xef, 0x7d, 0xfd, 0xff, 0xff, 0xed, 0xff, 0xdb, 0x76, 0xe6, 0xed, 0xed, 0xb6, 0xc0, 0x10, 0xfe, 0x7f, 0xff, 0xff, 0xff, 0xff, 0xfb, 0xff,
    0xa0, 0x00, 0x00, 0x00, 0xff, 0x7f, 0xff, 0xff, 0xdb, 0x3f, 0xdb, 0x11, 0x60, 0x00, 0x00, 0x1c, 0x00, 0x08, 0x00, 0xf0, 0x00, 0x78, 0x00, 0xc0,
    0x00, 0x07, 0x00, 0x0f, 0x00, 0x78, 0x08, 0x01, 0xe1, 0x9f, 0xff, 0xff, 0xff, 0xf8, 0x02, 0x00, 0xe0, 0x02, 0x0d, 0xee, 0xf7, 0xf7, 0xfd, 0xf6,
    0xfb, 0xb7, 0xff, 0xfe, 0xff, 0x7f, 0xff, 0xff, 0xff, 0xfb, 0xff, 0xff, 0xef, 0xff, 0xff, 0xdf, 0xff, 0xdb, 0xfb, 0xff, 0xff, 0xfb, 0xf7, 0xdf,
    0x7b, 0x7d, 0xbb, 0x56, 0x7b, 0xfb, 0x3b, 0xb7, 0x37, 0xd9, 0xc0, 0x01, 0xfc, 0xff, 0xff, 0xff, 0xff, 0xf3, 0xf9, 0xff, 0xf2, 0x44, 0x00, 0x00,
    0xff, 0xff, 0xf7, 0xff, 0xff, 0x7b, 0xda, 0xe9, 0xb2, 0x00, 0x00, 0x1e, 0x0e, 0x01, 0x00, 0xe0, 0x40, 0x00, 0x11, 0xf0, 0x00, 0x0e, 0x00, 0x07,
    0x18, 0x78, 0x08, 0x03, 0xc0, 0x3f, 0xff, 0xff, 0xff, 0xff, 0x00, 0x00, 0x00, 0x00, 0x87, 0x7b, 0xdf, 0x7f, 0xef, 0xbf, 0xff, 0xff, 0xb6, 0xdf,
    0xdb, 0xdb, 0xff, 0xff, 0xff, 0xff, 0x7b, 0xdf, 0xff, 0xff, 0xbf, 0xff, 0xff, 0xff, 0xbf, 0xdf, 0x6f, 0x7f, 0xbe, 0xff, 0xdf, 0xdb, 0x77, 0xf7,
    0xee, 0xcd, 0xdb, 0x75, 0xda, 0x40, 0x80, 0x03, 0x7d, 0xff, 0xff, 0xff, 0xff, 0xe0, 0xfd, 0xff, 0xf0, 0x00, 0x00, 0x00, 0x3b, 0xff, 0xff, 0xff,
    0xe7, 0x3f, 0x72, 0xed, 0xb8, 0x00, 0x0e, 0x1e, 0x0e, 0x24, 0x01, 0xe2, 0x10, 0x01, 0xd1, 0xf2, 0x00, 0x0e, 0x0c, 0x66, 0x1c, 0x70, 0x00, 0x00,
    0x00, 0x3f, 0xff, 0xff, 0xff, 0xff, 0xfc, 0x00, 0x00, 0x00, 0x23, 0xdf, 0xed, 0xcd, 0xbb, 0xef, 0xbf, 0x7f, 0xff, 0xfb, 0xff, 0xff, 0xde, 0xfb,
    0xef, 0xdf, 0xff, 0x7f, 0xff, 0xff, 0xff, 0xff, 0x6f, 0xf7, 0xef, 0x7b, 0xfd, 0xef, 0xef, 0xbb, 0xf6, 0xef, 0xdc, 0xed, 0xb6, 0xf5, 0xcd, 0x5d,
    0xce, 0xe6, 0x04, 0x06, 0x73, 0xff, 0xff, 0xff, 0xff, 0xec, 0x1e, 0xff, 0xf1, 0x22, 0x00, 0x00, 0x7e, 0xee, 0xff, 0xbb, 0x71, 0x6f, 0x0d, 0xf3,
    0x0c, 0x00, 0x0e, 0x00, 0x0e, 0x20, 0x03, 0xe0, 0x30, 0x03, 0xc1, 0xf8, 0x00, 0x0c, 0x0e, 0x62, 0x00, 0x01, 0x84, 0x00, 0x40, 0x7f, 0xff, 0xff,
    0xff, 0xff, 0xff, 0xf0, 0x00, 0x00, 0x21, 0xf4, 0xff, 0xfe, 0xfe, 0xfd, 0xef, 0xf6, 0xfd, 0xfe, 0xfd, 0xfd, 0xff, 0xff, 0xbe, 0xf7, 0xf7, 0xff,
    0xbb, 0xdd, 0xfd, 0xf7, 0xfe, 0xfe, 0xff, 0xff, 0xbf, 0xfe, 0xdb, 0xfe, 0x7f, 0xbc, 0xef, 0x3e, 0xdb, 0x36, 0x77, 0x7a, 0x71, 0x9f, 0x00, 0x0c,
    0xf7, 0xff, 0xff, 0xff, 0xff, 0xdf, 0xce, 0x7f, 0xf0, 0x00, 0x00, 0x00, 0x78, 0x3f, 0xf7, 0xfe, 0x1c, 0x7f, 0xdc, 0x78, 0xc7, 0x00, 0x04, 0x00,
    0x02, 0x06, 0x07, 0x80, 0x60, 0x03, 0xc1, 0xf0, 0x08, 0x18, 0x00, 0x03, 0x00, 0x01, 0xc0, 0x01, 0xe0, 0x7f, 0xff, 0xff, 0xff, 0xff, 0xff, 0xfc,
    0x00, 0x20, 0x31, 0xef, 0x9b, 0x76, 0xdf, 0xb7, 0x7d, 0xff, 0xef, 0xef, 0xdf, 0xdf, 0xff, 0xf7, 0xff, 0xff, 0xdf, 0xee, 0xfe, 0xff, 0xff, 0xbf,
    0xff, 0xbf, 0xbb, 0xdd, 0xfb, 0xdf, 0x7e, 0xd7, 0xdb, 0xf7, 0xbb, 0xd3, 0xdb, 0xcf, 0x35, 0xa7, 0x9f, 0x3c, 0x20, 0x39, 0xe7, 0xff, 0xff, 0xff,
    0xff, 0xff, 0xf7, 0x7f, 0xf2, 0x44, 0x00, 0x00, 0x33, 0x9d, 0xbf, 0xfc, 0xcd, 0x3b, 0xf3, 0x3c, 0xb1, 0xc0, 0x40, 0x00, 0x00, 0x06, 0x0e, 0x00,
    0x00, 0x00, 0x40, 0x01, 0x00, 0x30, 0x00, 0x03, 0x00, 0x00, 0xc0, 0xc0, 0xe0, 0x7f, 0xff, 0xff, 0xff, 0xff, 0xff, 0xfe, 0x00, 0x60, 0x10, 0xbe,
    0xee, 0xdf, 0xf3, 0xbf, 0xdd, 0xdb, 0xff, 0xbf, 0xf7, 0xfe, 0xfb, 0xbe, 0xfb, 0xde, 0xfe, 0xfb, 0xff, 0xff, 0xdf, 0xee, 0xed, 0xed, 0xfe, 0x77,
    0xdf, 0x7b, 0xe7, 0xfd, 0xee, 0xde, 0xec, 0xda, 0x6c, 0xf9, 0xcd, 0xbc, 0xe6, 0xf0, 0x00, 0x3d, 0xcf, 0xff, 0xff, 0xff, 0xff, 0xff, 0xff, 0xbf,
    0xe0, 0x01, 0x00, 0x00, 0x66, 0xff, 0xfb, 0x67, 0xeb, 0x3e, 0xf9, 0xbf, 0x40, 0x60, 0x00, 0x00, 0x00, 0x43, 0xfc, 0x00, 0x22, 0x00, 0x00, 0x00,
    0x40, 0x60, 0x00, 0x03, 0x10, 0x00, 0x00, 0xf0, 0x40, 0xff, 0xff, 0xff, 0xff, 0xff, 0xff, 0xff, 0x00, 0x20, 0x04, 0xfe, 0xef, 0xbb, 0x6f, 0xdb,
    0xf7, 0x7f, 0x7d, 0xf6, 0xff, 0xff, 0xbe, 0xef, 0xef, 0x77, 0xfb, 0xbf, 0xb7, 0x6f, 0x7f, 0xff, 0xbf, 0xff, 0xdf, 0xfe, 0xf7, 0xee, 0xff, 0x6e,
    0x7b, 0x7b, 0x6d, 0x3b, 0xb7, 0x37, 0x7a, 0x67, 0x60, 0x80, 0x00, 0xf5, 0x9f, 0xff, 0xff, 0xff, 0xff, 0xff, 0xfc, 0xbf, 0xf0, 0x90, 0x40, 0x00,
    0x66, 0x77, 0xcf, 0xf3, 0xf3, 0xb7, 0xd8, 0xcf, 0x68, 0x78, 0x01, 0x80, 0x00, 0x80, 0x00, 0x00, 0x26, 0x00, 0x00, 0x90, 0x00, 0x00, 0x00, 0x03,
    0x18, 0x00, 0x00, 0x70, 0x01, 0xff, 0xff, 0xff, 0xff, 0xff, 0xff, 0xff, 0x80, 0x00, 0x00, 0x5f, 0x3f, 0x6d, 0xdf, 0x7b, 0x3f, 0xef, 0xdf, 0x7f,
    0xbd, 0xbf, 0xff, 0xff, 0x7d, 0xff, 0x6f, 0xef, 0xff, 0xbd, 0xf6, 0xfb, 0xfe, 0xdb, 0xf7, 0xdb, 0xbd, 0xbf, 0x9b, 0x7b, 0xdb, 0x6d, 0xb3, 0xe6,
    0xb3, 0xdb, 0x2b, 0x59, 0x8f, 0x01, 0x00, 0xfe, 0x3f, 0xff, 0xff, 0xff, 0xff, 0xff, 0xff, 0xff, 0x78, 0x04, 0x10, 0x00, 0xec, 0x1f, 0x83, 0xfb,
    0xff, 0xdf, 0x7c, 0xc7, 0x88, 0x0e, 0x01, 0xc7, 0x00, 0x00, 0x00, 0x00, 0x04, 0x00, 0x00, 0x0c, 0x20, 0x00, 0x00, 0x63, 0x08, 0x00, 0x20, 0x18,
    0x01, 0xff, 0xff, 0xff, 0xff, 0xff, 0xff, 0xff, 0x81, 0x00, 0x0f, 0x65, 0xd6, 0xdd, 0xb7, 0x6d, 0xec, 0xfd, 0xf7, 0xff, 0xef, 0xfd, 0xef, 0x77,
    0xf7, 0xdf, 0xff, 0x7e, 0xdb, 0xf7, 0xdf, 0xbf, 0x77, 0xfe, 0xfd, 0xf7, 0xef, 0xf7, 0xfd, 0x9f, 0xb7, 0x99, 0xb6, 0xd9, 0xce, 0xc9, 0xad, 0xdc,
    0x9e, 0x00, 0x13, 0xee, 0x7f, 0xff, 0xff, 0xff, 0xff, 0xff, 0xff, 0xfe, 0x1c, 0x41, 0x01, 0x00, 0x8d, 0x9f, 0x39, 0xfb, 0x6f, 0x7f, 0xee, 0x76,
    0x63, 0xe0, 0x00, 0x0f, 0x80, 0x18, 0x00, 0x00, 0x00, 0x01, 0x00, 0x04, 0x80, 0x00, 0x00, 0x63, 0x00, 0x00, 0x00, 0x00, 0x03, 0xff, 0xff, 0xff,
    0xff, 0xff, 0xff, 0xff, 0xc3, 0xc0, 0x07, 0x36, 0xdd, 0xb7, 0xbe, 0xdf, 0x6f, 0xb7, 0x6d, 0xbe, 0xfb, 0x6f, 0x7b, 0xfe, 0xff, 0x76, 0xdd, 0xdb,
    0xfe, 0x7e, 0xfd, 0xed, 0xdd, 0xb7, 0xae, 0xed, 0xfa, 0xdd, 0xa6, 0xe4, 0xf4, 0xde, 0xdd, 0x7d, 0x7a, 0x6c, 0xd0, 0xa6, 0xbe, 0x04, 0x03, 0x9c,
    0xff, 0xff, 0xff, 0xff, 0xff, 0xff, 0xff, 0xfc, 0x06, 0x00, 0x40, 0x00, 0x3f, 0xde, 0xfc, 0x73, 0xfd, 0xfb, 0xff, 0x00, 0x93, 0xfd, 0x80, 0x07,
    0x80, 0x18, 0x40, 0x00, 0x0e, 0x03, 0xc0, 0x00, 0x00, 0x00, 0xc0, 0x02, 0x00, 0x30, 0x18, 0x02, 0x03, 0xff, 0xff, 0xff, 0xff, 0xff, 0xff, 0xff,
    0xc3, 0xc0, 0x00, 0x1e, 0xe7, 0x7b, 0xcb, 0xb3, 0x7b, 0x7f, 0xdf, 0xfe, 0xdf, 0xfb, 0xfe, 0xdb, 0xb7, 0xff, 0xf7, 0xff, 0x6f, 0xfb, 0xb7, 0x7f,
    0xfb, 0x7d, 0xfb, 0xbb, 0x5e, 0xfd, 0xbb, 0xff, 0x5e, 0x66, 0xcd, 0x46, 0x4b, 0x36, 0x5b, 0x3b, 0xb0, 0x00, 0x03, 0x19, 0xff, 0xff, 0xff, 0xff,
    0xff, 0xff, 0xff, 0xfe, 0x01, 0x88, 0x08, 0x00, 0xfb, 0xde, 0xdf, 0x3b, 0xb7, 0xfe, 0xdf, 0xfc, 0x07, 0xff, 0x80, 0x07, 0x80, 0x00, 0x04, 0x06,
    0x0f, 0x03, 0x80, 0x00, 0x42, 0x00, 0x00, 0x0e, 0x00, 0x38, 0x7c, 0x00, 0x07, 0xff, 0xff, 0xff, 0xff, 0xff, 0xff, 0xff, 0xe0, 0x06, 0x00, 0x0d,
    0x39, 0xce, 0x7b, 0x6f, 0x9b, 0x6c, 0xf6, 0x7b, 0x76, 0xde, 0xdf, 0x7f, 0xb6, 0xdb, 0x7e, 0xe7, 0xf5, 0xb7, 0xff, 0xdb, 0x7b, 0xdf, 0x77, 0xbf,
    0x67, 0xa7, 0xde, 0x4b, 0x6b, 0xb3, 0x33, 0xb3, 0xac, 0xd3, 0x66, 0xc0, 0x80, 0x10, 0x93, 0x43, 0xff, 0xff, 0xff, 0xff, 0xff, 0xff, 0xff, 0xff,
    0x00, 0x81, 0x21, 0x00, 0xee, 0xdc, 0x77, 0xb9, 0xde, 0xdf, 0xff, 0xff, 0xff, 0xef, 0xe4, 0x00, 0x00, 0x00, 0x10, 0x0c, 0x06, 0x01, 0x80, 0x00,
    0x12, 0x00, 0x00, 0x0c, 0x00, 0x78, 0x7c, 0x00, 0x4f, 0xff, 0xff, 0xff, 0xff, 0xff, 0xff, 0xff, 0xf0, 0x0f, 0x00, 0x0d, 0xde, 0x77, 0x9d, 0xdf,
    0xed, 0xb7, 0xbb, 0xdd, 0xbb, 0xf7, 0x7d, 0xed, 0xdf, 0xef, 0x5b, 0xbd, 0xbf, 0xfd, 0xda, 0xef, 0xf6, 0xf7, 0xdc, 0xed, 0xfd, 0xf6, 0x57, 0xdb,
    0xad, 0xbd, 0xf6, 0xbc, 0xb5, 0xcd, 0x34, 0xc6, 0x00, 0x42, 0x06, 0x27, 0xff, 0xff, 0xff, 0xff, 0xff, 0xff, 0xff, 0xff, 0x80, 0x10, 0x00, 0x00,
    0xef, 0x9c, 0xfd, 0xbb, 0x47, 0xf7, 0x7f, 0xff, 0xff, 0xf8, 0x7b, 0x00, 0x00, 0x00, 0x00, 0x00, 0x00, 0x00, 0x00, 0x08, 0x00, 0x40, 0x00, 0x00,
    0x20, 0x38, 0x3c, 0x00, 0x1f, 0xff, 0xff, 0xff, 0xff, 0xff, 0xff, 0xff, 0xf0, 0x07, 0x00, 0xc6, 0xd3, 0x31, 0xe6, 0x7f, 0x3d, 0xf7, 0xed, 0xb7,
    0xcf, 0x39, 0xfe, 0xdb, 0x79, 0xbb, 0xde, 0xff, 0x6a, 0x6d, 0xee, 0xf9, 0x9f, 0xbd, 0xbf, 0xdb, 0x36, 0x5b, 0x75, 0xb6, 0xd5, 0x66, 0x4c, 0xcd,
    0x99, 0x2c, 0xc9, 0x1f, 0x00, 0x98, 0x44, 0xcf, 0xff, 0xff, 0xff, 0xff, 0xff, 0xff, 0x87, 0xff, 0xc0, 0x00, 0x02, 0x00, 0xb9, 0xb8, 0xcf, 0xb3,
    0x87, 0x7f, 0xdf, 0xff, 0xf9, 0xf8, 0x19, 0x00, 0x00, 0x20, 0x80, 0x00, 0x00, 0x40, 0x00, 0x00, 0x48, 0x00, 0x00, 0x00, 0x20, 0x00, 0x03, 0x20,
    0x3f, 0xff, 0xff, 0xff, 0xff, 0xff, 0xff, 0xff, 0xf8, 0x01, 0x00, 0x06, 0xf7, 0x9e, 0x6e, 0xce, 0xd7, 0x6c, 0xcd, 0xb6, 0x7d, 0xff, 0xbf, 0x76,
    0xef, 0x7a, 0xed, 0xcb, 0x6f, 0xf7, 0x37, 0xbe, 0x79, 0xcd, 0xb3, 0x5b, 0xdb, 0xdb, 0xb6, 0xec, 0xd6, 0x5a, 0xdb, 0x25, 0x6c, 0xb2, 0xcf, 0x3e,
    0x21, 0xf8, 0x13, 0x1f, 0xff, 0xff, 0xff, 0xff, 0xff, 0xff, 0x8f, 0xff, 0xe0, 0x00, 0x00, 0x00, 0xfe, 0x3b, 0xfe, 0x37, 0x73, 0xdb, 0xff, 0xff,
    0xe0, 0x7b, 0x4d, 0x80, 0x00, 0xe0, 0x01, 0x00, 0xc0, 0xc8, 0x18, 0x00, 0x00, 0x20, 0x00, 0x00, 0x00, 0x00, 0x03, 0x70, 0x7f, 0xff, 0xff, 0xff,
    0xff, 0xff, 0xff, 0xff, 0xfc, 0x00, 0x00, 0x03, 0x2c, 0xe6, 0x9d, 0xb6, 0xdb, 0x6f, 0x76, 0xdf, 0xb7, 0xbe, 0xff, 0x77, 0xae, 0xcf, 0x37, 0x7b,
    0xbd, 0x9e, 0xdd, 0xbf, 0xce, 0x7e, 0xed, 0xe6, 0xdb, 0x6c, 0xce, 0xcb, 0x39, 0x99, 0xb3, 0xb6, 0x66, 0xcb, 0x32, 0xf8, 0x09, 0xf9, 0x2c, 0xbf,
    0xff, 0xff, 0xff, 0xff, 0xfc, 0xff, 0x0f, 0xff, 0xe0, 0x00, 0x00, 0x00, 0xce, 0x37, 0x7b, 0xef, 0x79, 0xbf, 0x6f, 0xff, 0xef, 0x39, 0x6d, 0x70,
    0x00, 0xe0, 0x08, 0x03, 0xe0, 0x40, 0x09, 0x20, 0x11, 0x8c, 0x00, 0x00, 0x0c, 0x02, 0x00, 0x00, 0xff, 0xff, 0xff, 0xff, 0xff, 0xff, 0xff, 0xff,
    0xfe, 0x00, 0x06, 0x03, 0x6f, 0x79, 0xf9, 0x33, 0x69, 0xb3, 0xf6, 0xd9, 0xb6, 0xee, 0xdc, 0xdf, 0x73, 0xf7, 0xdb, 0x6c, 0xd6, 0xfb, 0xdb, 0xdd,
    0xf7, 0xd3, 0x6d, 0xbd, 0xb7, 0x6f, 0x7b, 0x3b, 0xab, 0xe6, 0x64, 0xd9, 0x9b, 0x29, 0x36, 0xb0, 0x03, 0xf4, 0x00, 0xff, 0xff, 0xff, 0xff, 0xff,
    0xf8, 0x7f, 0x86, 0x09, 0xfc, 0x00, 0x00, 0x00, 0xf9, 0xed, 0xbf, 0x1b, 0xfc, 0xfd, 0xff, 0xff, 0xfe, 0x5d, 0x9c, 0x3c, 0x00, 0x00, 0x00, 0x03,
    0xf3, 0x04, 0x00, 0x20, 0x19, 0x80, 0x00, 0x00, 0x1c, 0x3f, 0x00, 0x01, 0xff, 0xff, 0xff, 0xff, 0xff, 0xff, 0xff, 0xff, 0xff, 0x00, 0x0e, 0x61,
    0xd9, 0x9b, 0xe7, 0xcd, 0x36, 0x9c, 0x9d, 0xb7, 0xd9, 0xbb, 0x67, 0xb5, 0x5d, 0x34, 0xed, 0xb7, 0x77, 0x6d, 0x6e, 0x67, 0x35, 0xbd, 0xb6, 0x6d,
    0xa5, 0xb3, 0x49, 0xb4, 0xca, 0x5b, 0x1c, 0x49, 0x99, 0x36, 0xc1, 0x00, 0x43, 0xfe, 0xd4, 0xff, 0xff, 0xff, 0xff, 0xff, 0xf8, 0x01, 0xc4, 0x00,
    0x7e, 0x00, 0x00, 0x00, 0xfc, 0x9f, 0xef, 0x3f, 0xff, 0x36, 0xff, 0xe0, 0xf5, 0xcc, 0xe4, 0x1f, 0x00, 0x00, 0x00, 0x41, 0xe0, 0x00, 0x00, 0x30,
    0x01, 0x20, 0x00, 0x00, 0x04, 0x7f, 0x9f, 0x87, 0xff, 0xff, 0xff, 0xff, 0xff, 0xff, 0xff, 0xff, 0xff, 0x84, 0x06, 0x41, 0x56, 0xe7, 0xf4, 0xed,
    0xb6, 0xcf, 0x7b, 0x76, 0x6f, 0x6d, 0xfb, 0x6d, 0xdd, 0xde, 0x6d, 0xb5, 0xb9, 0xb7, 0xbd, 0xbb, 0x5c, 0xad, 0xb7, 0x66, 0x7c, 0x9b, 0x6c, 0xd6,
    0x75, 0x99, 0xa3, 0x6c, 0x64, 0xc4, 0x99, 0x01, 0x10, 0xea, 0x29, 0xff, 0xff, 0xff, 0xff, 0xff, 0xff, 0xfc, 0xe0, 0x00, 0x1e, 0x00, 0x00, 0x00,
    0xfe, 0x3f, 0x7f, 0xff, 0x83, 0x9f, 0xbf, 0x8c, 0x3c, 0x1b, 0x33, 0x06, 0x80, 0x00, 0x02, 0x00, 0x00, 0x00, 0x00, 0x00, 0x02, 0x0c, 0x00, 0x00,
    0x00, 0x7f, 0x9f, 0x8f, 0xff, 0xff, 0xff, 0xff, 0xff, 0xff, 0xff, 0xff, 0xff, 0xce, 0x00, 0x01, 0x67, 0x37, 0x96, 0xb3, 0x89, 0x69, 0x8c, 0xcd,
    0xb4, 0xdd, 0x9b, 0x6e, 0xb6, 0xd3, 0xb6, 0xec, 0xce, 0x9a, 0xd6, 0xd9, 0xdb, 0xb3, 0x59, 0x9b, 0xd3, 0x6c, 0xb7, 0x4b, 0x35, 0x24, 0xab, 0x27,
    0x36, 0x99, 0xb2, 0x00, 0x00, 0x01, 0xcb, 0xff, 0xff, 0xff, 0xff, 0xff, 0xff, 0xfe, 0x30, 0x48, 0x07, 0x00, 0x00, 0x00, 0x7f, 0xfd, 0xf9, 0xff,
    0x21, 0xcf, 0xff, 0x9e, 0x3c, 0xf3, 0xcf, 0xc0, 0xf0, 0x00, 0x00, 0x08, 0x00, 0x01, 0x00, 0x00, 0x00, 0xc6, 0x00, 0x00, 0xc0, 0x7f, 0x9f, 0x1f,
    0xff, 0xff, 0xff, 0xff, 0xff, 0xff, 0xff, 0xff, 0xff, 0xc7, 0x00, 0x18, 0x99, 0xd9, 0xcb, 0x76, 0x7b, 0x3c, 0xe6, 0xb3, 0xb6, 0xd6, 0xed, 0xb3,
    0xb3, 0x3f, 0x36, 0xb6, 0xd6, 0xdb, 0x73, 0x66, 0xdb, 0x5b, 0x4e, 0xda, 0x4d, 0x66, 0x93, 0x69, 0xcd, 0x66, 0x58, 0x99, 0x92, 0xb3, 0x30, 0x00,
    0x21, 0x05, 0x37, 0xff, 0xff, 0xff, 0xff, 0xff, 0xff, 0xfe, 0x12, 0x00, 0x03, 0x80, 0x00, 0x00, 0x3f, 0xff, 0xe4, 0xff, 0xfc, 0xdd, 0xdf, 0xbc,
    0xce, 0xc7, 0xf0, 0xb0, 0xfd, 0x02, 0x00, 0x00, 0x00, 0xc0, 0x40, 0x00, 0x00, 0xe6, 0x01, 0x00, 0xe0, 0xff, 0x0f, 0x3f, 0xff, 0xff, 0xff, 0xff,
    0xff, 0xff, 0xff, 0xff, 0xff, 0xe2, 0x00, 0x38, 0xd6, 0x4f, 0xd9, 0x7d, 0xbb, 0xbe, 0x7b, 0x6e, 0x4f, 0x36, 0x6d, 0xb7, 0x4d, 0xe5, 0xc9, 0x9b,
    0x35, 0xcd, 0x9f, 0x6e, 0xc9, 0x4c, 0xe6, 0x6d, 0xb5, 0x99, 0xd8, 0xb6, 0x59, 0x19, 0xc6, 0xd2, 0x4b, 0x2d, 0xe0, 0x07, 0xc8, 0x08, 0x2f, 0xff,
    0xff, 0xff, 0xff, 0xff, 0xff, 0xff, 0x08, 0x90, 0x03, 0x80, 0x00, 0x00, 0xbe, 0x0f, 0xb7, 0xfe, 0x1e, 0xf7, 0x7f, 0xb9, 0x6e, 0xed, 0xfe, 0x1c,
    0x0d, 0xc8, 0x00, 0x80, 0x18, 0xf0, 0x00, 0x0c, 0xc0, 0xc0, 0x23, 0x92, 0x04, 0x3f, 0x0e, 0xff, 0xff, 0xff, 0xff, 0xff, 0xff, 0xff, 0xff, 0xff,
    0xff, 0xf0, 0x00, 0x18, 0x66, 0xeb, 0xc6, 0xf1, 0x8c, 0xdb, 0x99, 0x69, 0xf6, 0x69, 0x9a, 0x4e, 0xf6, 0x5c, 0xdb, 0x6d, 0xad, 0x34, 0xd9, 0x9b,
    0x36, 0x66, 0xb3, 0x67, 0x36, 0xcd, 0x66, 0x93, 0x46, 0xc9, 0x31, 0x26, 0x69, 0xcc, 0x80, 0x0f, 0xc2, 0x33, 0x5f, 0xff, 0xff, 0xff, 0xff, 0xf7,
    0xfe, 0x7f, 0x80, 0x10, 0x00, 0xc0, 0x00, 0x00, 0xb4, 0xc3, 0xee, 0x7e, 0xee, 0xbf, 0xff, 0xbd, 0x2e, 0xcf, 0xef, 0x83, 0x80, 0xb0, 0x00, 0x00,
    0x08, 0xf0, 0x08, 0x0c, 0x00, 0x00, 0x81, 0x38, 0x04, 0x00, 0x01, 0xff, 0xff, 0xff, 0xff, 0xff, 0xff, 0xff, 0xff, 0xff, 0xff, 0xf0, 0x1e, 0x00,
    0x69, 0xa8, 0x64, 0xa6, 0x66, 0x49, 0xa6, 0x73, 0x31, 0x9b, 0x63, 0xd8, 0xb3, 0x53, 0x36, 0xdb, 0x66, 0xf7, 0x6d, 0xd9, 0xb6, 0xdb, 0x35, 0x98,
    0xca, 0x66, 0x25, 0x99, 0x66, 0x66, 0x4d, 0x29, 0x9a, 0x52, 0x40, 0x1f, 0xa0, 0xd4, 0x7f, 0xff, 0xff, 0xff, 0xff, 0xe0, 0x7e, 0x07, 0xc4, 0x42,
    0x00, 0x60, 0x00, 0x00, 0xbd, 0xfb, 0xcc, 0x38, 0xf9, 0xbb, 0xff, 0x9d, 0xac, 0x9f, 0x9f, 0xf0, 0xd2, 0x38, 0x06, 0x04, 0x00, 0x30, 0x02, 0x00,
    0x00, 0x0e, 0x80, 0x38, 0x00, 0x01, 0xc3, 0xff, 0xff, 0xff, 0xff, 0xff, 0xff, 0xff, 0xff, 0xff, 0xff, 0xf8, 0x0e, 0x00, 0x2d, 0x37, 0x37, 0x19,
    0xb3, 0x6c, 0xed, 0x96, 0xcd, 0xb2, 0x6d, 0xc7, 0x2d, 0xb6, 0x64, 0x92, 0x5a, 0x99, 0x26, 0x66, 0xcd, 0x99, 0xcc, 0xdb, 0x69, 0x9a, 0xb9, 0x65,
    0x39, 0x12, 0x49, 0x99, 0x26, 0x57, 0x42, 0x0f, 0xa0, 0x13, 0x7f, 0xff, 0xff, 0xff, 0xff, 0xcf, 0x0e, 0x01, 0xe1, 0x00, 0x90, 0x20, 0x00, 0x00,
    0xbb, 0xfd, 0xef, 0x3c, 0xfc, 0x7e, 0xff, 0xe6, 0x2d, 0x7e, 0x7f, 0xfc, 0x48, 0x07, 0x06, 0x00, 0x00, 0x00, 0x00, 0x00, 0xc0, 0x0e, 0x00, 0x00,
    0x01, 0xc7, 0xc7, 0xff, 0xff, 0xff, 0xff, 0xff, 0xff, 0xff, 0xff, 0xff, 0xff, 0xfc, 0x06, 0x04, 0x25, 0xd4, 0x9f, 0xe4, 0x99, 0x33, 0x59, 0xcc,
    0xda, 0x6f, 0x19, 0x69, 0xa4, 0xa4, 0xdb, 0x6d, 0x99, 0x8b, 0x9a, 0xb6, 0x65, 0x24, 0x6b, 0x65, 0x24, 0xa2, 0x8a, 0x55, 0x89, 0x99, 0x92, 0x67,
    0x65, 0x94, 0x80, 0x0f, 0xe1, 0x22, 0xff, 0xff, 0xff, 0xff, 0xff, 0xdf, 0xe7, 0x00, 0xe0, 0x08, 0x00, 0x30, 0x00, 0x00, 0xbb, 0xbc, 0xcf, 0x9d,
    0xcc, 0xef, 0xff, 0xff, 0xd9, 0x69, 0xff, 0x3f, 0x0c, 0x47, 0x80, 0x00, 0x40, 0x00, 0x04, 0x00, 0x03, 0x86, 0x18, 0x07, 0x01, 0xe7, 0x8f, 0xff,
    0xff, 0xff, 0xff, 0xff, 0xff, 0xff, 0xff, 0xff, 0xff, 0xfe, 0x00, 0x01, 0x34, 0x79, 0xdf, 0xec, 0xcc, 0xce, 0x56, 0x73, 0x33, 0x19, 0xd3, 0x3a,
    0xdb, 0x6b, 0x19, 0x49, 0xa5, 0x32, 0x63, 0x31, 0x36, 0xcd, 0x93, 0x24, 0x9a, 0x6c, 0xca, 0xd4, 0xcc, 0xc4, 0xb6, 0x48, 0x99, 0x32, 0x44, 0x22,
    0x41, 0xcd, 0xff, 0xff, 0xff, 0xff, 0xff, 0xfc, 0xb3, 0x80, 0x32, 0x22, 0x49, 0x00, 0x00, 0x00, 0xb7, 0xee, 0xcc, 0xcd, 0xff, 0xfb, 0xff, 0xff,
    0xc0, 0x03, 0xfc, 0xff, 0x91, 0xe0, 0x20, 0x00, 0x4c, 0x00, 0x80, 0x20, 0x01, 0xc0, 0x48, 0x07, 0x00, 0xe7, 0x9f, 0xff, 0xff, 0xff, 0xff, 0xff,
    0xff, 0xff, 0xff, 0xff, 0xff, 0xff, 0x00, 0x00, 0x1b, 0x3a, 0x5f, 0xeb, 0x66, 0x69, 0xb3, 0x13, 0x4d, 0xd2, 0x6c, 0xc6, 0x5b, 0x1a, 0xcc, 0x9a,
    0x66, 0x6c, 0xbd, 0x4d, 0x98, 0xb3, 0x34, 0x9b, 0x63, 0x49, 0x32, 0x12, 0x66, 0x34, 0x49, 0x32, 0x92, 0x68, 0x00, 0x80, 0x06, 0x13, 0xff, 0xff,
    0xff, 0xff, 0xff, 0xf8, 0x01, 0xc0, 0x18, 0x80, 0x00, 0x02, 0x12, 0x00, 0x37, 0x79, 0xb9, 0x5d, 0x9b, 0xbe, 0xff, 0xff, 0xff, 0x9f, 0xf1, 0xfe,
    0x62, 0x38, 0x1e, 0x08, 0x00, 0x00, 0x80, 0x07, 0x03, 0x80, 0x01, 0x01, 0x00, 0x63, 0x3f, 0xff, 0xff, 0xff, 0xff, 0xff, 0xff, 0xff, 0xff, 0xff,
    0xff, 0xff, 0x80, 0x00, 0x0b, 0x86, 0x5f, 0xc9, 0xc3, 0x2d, 0x29, 0x9c, 0xcc, 0xce, 0x8b, 0x35, 0x24, 0xd2, 0xe6, 0xb3, 0x59, 0x93, 0x85, 0x3a,
    0x4b, 0x26, 0x6c, 0xc9, 0x34, 0x93, 0x25, 0xab, 0x31, 0x8b, 0x49, 0x96, 0x64, 0x80, 0x02, 0x00, 0x4d, 0xb7, 0xff, 0xff, 0xff, 0xff, 0xff, 0xf8,
    0x14, 0xc0, 0x0c, 0x11, 0x10, 0x88, 0x80, 0x00, 0xce, 0xf3, 0x77, 0xdd, 0x07, 0xe7, 0xff, 0xff, 0xff, 0xc7, 0xc7, 0xf1, 0x0f, 0x0b, 0x03, 0x80,
    0x00, 0x00, 0x00, 0x13, 0x01, 0x80, 0x80, 0x40, 0x00, 0x00, 0x7f, 0xff, 0xff, 0xff, 0xff, 0xff, 0xff, 0xff, 0xff, 0xff, 0xff, 0xf3, 0xc0, 0x00,
    0x07, 0x99, 0xaf, 0x12, 0x39, 0x93, 0x4c, 0xc9, 0xa4, 0x29, 0xb3, 0x25, 0xa4, 0xd6, 0x32, 0x65, 0x54, 0xda, 0x76, 0xfa, 0x64, 0x4c, 0x8b, 0x32,
    0x94, 0xb4, 0xcc, 0xa9, 0x99, 0x69, 0x34, 0xc9, 0x2d, 0x80, 0x10, 0x49, 0xd9, 0x2f, 0xff, 0xff, 0xff, 0xff, 0xff, 0xf2, 0x00, 0xe0, 0x06, 0x04,
    0x04, 0x20, 0x20, 0x00, 0x3f, 0xfe, 0x7c, 0xf3, 0x67, 0x7f, 0xff, 0xff, 0x61, 0xf0, 0x9f, 0xe5, 0x7f, 0xe2, 0xe0, 0xf0, 0x00, 0xc0, 0x00, 0x02,
    0x20, 0x00, 0x02, 0x00, 0x38, 0x00, 0x7f, 0xff, 0xff, 0xff, 0xff, 0xff, 0xff, 0xff, 0xff, 0xff, 0xff, 0xf7, 0xe0, 0x00, 0x40, 0x79, 0x8f, 0x36,
    0x8c, 0xda, 0x72, 0x66, 0x33, 0x64, 0x48, 0xc8, 0x9b, 0x19, 0x99, 0x4d, 0x26, 0x49, 0x4a, 0x19, 0x95, 0xd3, 0xb2, 0x4e, 0xcd, 0x25, 0x32, 0x94,
    0xc6, 0x04, 0x94, 0x29, 0x82, 0x01, 0x38, 0x03, 0x25, 0x9f, 0xff, 0xff, 0xff, 0xff, 0xff, 0xf0, 0x22, 0x60, 0x02, 0x20, 0x21, 0x00, 0x00, 0x00,
    0xfe, 0x18, 0xf1, 0xe7, 0xfb, 0xdf, 0xff, 0xff, 0xc8, 0x30, 0x7f, 0x88, 0xff, 0xb8, 0x4c, 0x3e, 0x00, 0x40, 0x01, 0x00, 0x70, 0x00, 0x10, 0xe0,
    0x18, 0x00, 0xff, 0xff, 0xff, 0xff, 0xff, 0xff, 0xff, 0xff, 0xff, 0xff, 0xff, 0xf7, 0xf0, 0x00, 0x03, 0x3c, 0xd0, 0xd9, 0x62, 0x49, 0x87, 0x31,
    0x99, 0x36, 0x6c, 0x9a, 0x49, 0x64, 0xc5, 0x32, 0xa9, 0x65, 0x99, 0x84, 0x99, 0x92, 0x4c, 0xc8, 0x63, 0x4b, 0x12, 0x56, 0x64, 0xd6, 0x4b, 0x26,
    0x5a, 0x08, 0x7e, 0x24, 0x64, 0x3f, 0xff, 0xff, 0xff, 0xff, 0xff, 0xf8, 0x08, 0x20, 0x02, 0x00, 0x00, 0x00, 0x00, 0x00, 0xfc, 0xcd, 0xe7, 0x0f,
    0xfa, 0xff, 0xff, 0xff, 0x9e, 0x1b, 0x7e, 0x22, 0xfe, 0x7f, 0x39, 0x0d, 0x60, 0x00, 0x00, 0x00, 0x78, 0x00, 0x00, 0x62, 0x00, 0x01, 0xff, 0xff,
    0xff, 0xff, 0xff, 0xff, 0xff, 0xff, 0xff, 0xff, 0xff, 0xff, 0xf8, 0x00, 0x00, 0x82, 0x56, 0x5c, 0x5b, 0x24, 0x99, 0x94, 0xc4, 0x93, 0x26, 0x66,
    0xd4, 0x96, 0x4d, 0x92, 0x99, 0x34, 0x84, 0xec, 0xe6, 0xac, 0xc9, 0xb3, 0x28, 0x58, 0xcd, 0x43, 0x19, 0x31, 0x61, 0x90, 0x4c, 0x00, 0x7d, 0x69,
    0x9a, 0xff, 0xff, 0xff, 0xff, 0xff, 0xff, 0xfc, 0x00, 0x00, 0x00, 0x00, 0x00, 0x00, 0x00, 0x00, 0x79, 0xe7, 0xed, 0xbc, 0x1b, 0xff, 0xf8, 0x1f,
    0x87, 0xcb, 0xb9, 0x07, 0xf9, 0xfc, 0xe6, 0xc1, 0xf8, 0x00, 0x00, 0x00, 0x30, 0x00, 0x01, 0x03, 0x80, 0x03, 0xff, 0xff, 0xff, 0xff, 0xff, 0xff,
    0xff, 0xff, 0xff, 0xff, 0xff, 0xfb, 0xfe, 0x00, 0x08, 0xdb, 0x25, 0x26, 0x9e, 0xb6, 0x64, 0xce, 0x24, 0xc9, 0x99, 0xa4, 0x96, 0x92, 0x32, 0x4c,
    0xc6, 0x80, 0x26, 0x23, 0x26, 0x65, 0x26, 0x24, 0x9b, 0x24, 0x21, 0x39, 0x93, 0x25, 0x14, 0x4d, 0xb0, 0x44, 0x7f, 0x4e, 0x83, 0xff, 0xff, 0xff,
    0xff, 0xff, 0xff, 0xfc, 0x04, 0x00, 0x00, 0x00, 0x00, 0x00, 0x01, 0xc0, 0x7b, 0xf3, 0xec, 0xfd, 0xcb, 0x7f, 0xf2, 0x0f, 0xd3, 0x2f, 0x80, 0x4f,
    0xc7, 0xf1, 0x9c, 0x20, 0x2c, 0x80, 0x00, 0xc0, 0x07, 0x00, 0x00, 0x09, 0x90, 0x07, 0xff, 0xff, 0xff, 0xff, 0xff, 0xff, 0xff, 0xff, 0xff, 0xff,
    0xff, 0xf9, 0xff, 0x00, 0x08, 0x24, 0xa9, 0xa2, 0xa4, 0x91, 0x26, 0x29, 0x33, 0x28, 0xc1, 0x29, 0x22, 0x69, 0x92, 0x66, 0x64, 0xff, 0x31, 0x98,
    0x99, 0x13, 0x33, 0x2c, 0xc4, 0xa7, 0x2c, 0x8c, 0x64, 0xc8, 0xcd, 0x24, 0x90, 0x10, 0x77, 0x01, 0x69, 0xff, 0xff, 0xff, 0xff, 0xff, 0xff, 0x7e,
    0x04, 0x00, 0x00, 0x00, 0x00, 0x00, 0x07, 0xc0, 0xf9, 0xb9, 0xc2, 0x1f, 0xeb, 0xff, 0xf7, 0xe3, 0xc9, 0x4c, 0xe4, 0x3f, 0x9f, 0xe7, 0x39, 0x0c,
    0x07, 0xf0, 0x20, 0x03, 0x03, 0x00, 0x00, 0x19, 0x80, 0x0f, 0xff, 0xff, 0xff, 0xff, 0xff, 0xf3, 0xff, 0xff, 0xff, 0xff, 0xff, 0xf9, 0xbf, 0x80,
    0x00, 0x0c, 0x9a, 0x59, 0x21, 0x49, 0x99, 0xa3, 0x48, 0x66, 0x36, 0x4b, 0x99, 0x24, 0xcc, 0x93, 0x19, 0x1e, 0xd9, 0x4c, 0xc9, 0x98, 0xc9, 0x93,
    0x34, 0x98, 0xc6, 0xc5, 0x14, 0x92, 0x62, 0x66, 0x49, 0x00, 0x24, 0xc9, 0x0f, 0xff, 0xff, 0xfe, 0x7f, 0xff, 0xfc, 0x3e, 0x00, 0x00, 0x00, 0x00,
    0x00, 0x00, 0x0f, 0xc0, 0x73, 0xec, 0xe7, 0xce, 0x6f, 0xef, 0xff, 0x80, 0xf1, 0xea, 0xf1, 0xfe, 0x3f, 0x9c, 0xe3, 0xad, 0x80, 0xbc, 0x80, 0x03,
    0xc4, 0x00, 0x03, 0x08, 0x62, 0x1f, 0xff, 0xff, 0xff, 0xff, 0xff, 0xc0, 0xff, 0xff, 0xff, 0xff, 0xff, 0xfd, 0x8f, 0xc0, 0x00, 0x03, 0x4c, 0xcd,
    0x1a, 0x4c, 0x44, 0x54, 0x8c, 0x93, 0x24, 0xc8, 0x95, 0x96, 0x23, 0x30, 0xcb, 0x19, 0xc9, 0x67, 0x26, 0x66, 0x2c, 0xd2, 0x13, 0x24, 0x92, 0x31,
    0x93, 0x36, 0x18, 0x91, 0x68, 0x09, 0x00, 0x9a, 0x8f, 0xff, 0xff, 0xfc, 0x7c, 0xff, 0xfc, 0x07, 0x01, 0x00, 0x00, 0x00, 0x00, 0x00, 0x7f, 0xc0,
    0x76, 0xfe, 0xe7, 0xe7, 0xdb, 0xff, 0xfb, 0xc2, 0xfa, 0xf3, 0xf8, 0xf8, 0xfe, 0x73, 0xcd, 0xbe, 0x30, 0x16, 0xe0, 0x00, 0x0e, 0x00, 0x03, 0x00,
    0x76, 0x3f, 0xff, 0xff, 0xff, 0xff, 0xff, 0xfe, 0xff, 0xff, 0xff, 0xff, 0xff, 0xfe, 0xe7, 0xf0, 0x30, 0x02, 0x69, 0x21, 0xcb, 0xd3, 0x37, 0x14,
    0xb3, 0x31, 0x49, 0x24, 0x64, 0x93, 0x31, 0x4c, 0xa8, 0xff, 0xf4, 0x91, 0x32, 0x49, 0x86, 0x28, 0xc9, 0x25, 0x29, 0x26, 0x61, 0x41, 0x89, 0x93,
    0x20, 0xc0, 0x02, 0x61, 0xbf, 0xff, 0xff, 0xfd, 0xfe, 0x63, 0xfc, 0x03, 0x80, 0x80, 0x00, 0x00, 0x00, 0x00, 0xfd, 0x00, 0x67, 0xb6, 0x77, 0xe6,
    0xf3, 0x17, 0xfb, 0xf1, 0x78, 0x30, 0x1e, 0xe3, 0xf9, 0xcf, 0x3f, 0x7f, 0x9c, 0x41, 0x30, 0x00, 0x0e, 0x10, 0x00, 0x00, 0x70, 0x7f, 0xff, 0xff,
    0xff, 0xff, 0xff, 0xff, 0x7f, 0xff, 0xff, 0xff, 0xff, 0xfe, 0x3f, 0xf0, 0x00, 0x40, 0x92, 0x59, 0x89, 0x92, 0x26, 0xc6, 0x42, 0x4c, 0x59, 0x33,
    0x08, 0x64, 0xcc, 0x85, 0x2d, 0x7f, 0xf6, 0x99, 0x99, 0x91, 0x53, 0x26, 0x6c, 0xc9, 0x25, 0x48, 0x4c, 0x98, 0xe6, 0x4c, 0x93, 0xf2, 0x61, 0x1b,
    0x3f, 0xff, 0xff, 0xff, 0xe7, 0x60, 0xff, 0x21, 0x80, 0x20, 0x00, 0x00, 0x00, 0x03, 0xfe, 0x00, 0x6d, 0xef, 0x77, 0x36, 0xb7, 0x11, 0xf6, 0x30,
    0xe7, 0x3d, 0x5e, 0xcf, 0xf3, 0xbc, 0xf9, 0x3f, 0xc1, 0x80, 0x1f, 0x60, 0x04, 0x00, 0x00, 0x00, 0x00, 0xff, 0xff, 0xff, 0xff, 0xff, 0xff, 0xff,
    0xff, 0xff, 0xff, 0xff, 0xff, 0xff, 0x7f, 0xf8, 0x00, 0x1c, 0x26, 0xda, 0x64, 0x24, 0x88, 0x59, 0x18, 0x93, 0x24, 0xc8, 0xb3, 0x18, 0x8a, 0x33,
    0x45, 0xff, 0xfb, 0x26, 0x4c, 0xb6, 0x58, 0xc9, 0x12, 0x2a, 0x94, 0x49, 0x92, 0x86, 0x10, 0xc9, 0x9b, 0xf0, 0x48, 0xc6, 0xff, 0xff, 0xff, 0xff,
    0xfb, 0x24, 0x3e, 0x00, 0x40, 0x04, 0x00, 0x00, 0x40, 0x1f, 0xf8, 0xc0, 0xdf, 0x7b, 0x64, 0x03, 0xc6, 0x7c, 0x74, 0x30, 0xed, 0x9e, 0x23, 0x1f,
    0xc6, 0x72, 0x41, 0xbf, 0xfe, 0x30, 0x03, 0xf8, 0x00, 0x0c, 0x80, 0x00, 0x01, 0xff, 0xff, 0xff, 0xff, 0xff, 0xff, 0xff, 0xcf, 0xff, 0xff, 0xff,
    0xff, 0xff, 0xbf, 0xfe, 0x00, 0x1c, 0x21, 0x22, 0x34, 0xc9, 0x9b, 0x01, 0x25, 0x92, 0xa6, 0x0c, 0x84, 0xc6, 0x32, 0x48, 0xd3, 0xff, 0xff, 0x24,
    0xc2, 0x48, 0x8a, 0x59, 0x92, 0x8a, 0x43, 0x26, 0x32, 0x65, 0x26, 0x32, 0x67, 0xed, 0x16, 0xb5, 0xff, 0xff, 0xff, 0xfd, 0xff, 0xc0, 0x1f, 0x10,
    0x00, 0x00, 0x00, 0x90, 0x00, 0x7f, 0xe3, 0xc0, 0x9b, 0xdf, 0x60, 0x03, 0xcc, 0xfe, 0x74, 0x00, 0x68, 0x8f, 0x9b, 0xcf, 0x39, 0xcf, 0x4f, 0x9f,
    0xff, 0x8d, 0x80, 0x1e, 0x00, 0x0c, 0x00, 0x00, 0x03, 0xff, 0xff, 0xff, 0xff, 0xff, 0xff, 0xff, 0x07, 0xff, 0xff, 0xff, 0xff, 0xff, 0xbf, 0xff,
    0x00, 0x00, 0x19, 0x24, 0x8b, 0x12, 0xc4, 0xe6, 0xc4, 0x6c, 0x93, 0x33, 0x34, 0x49, 0xa4, 0xcc, 0x9b, 0xff, 0xff, 0x99, 0x33, 0x4b, 0x23, 0x12,
    0x64, 0xd1, 0x48, 0xb2, 0x4d, 0x31, 0x69, 0x86, 0x27, 0xf9, 0x9d, 0x73, 0xff, 0xff, 0xf0, 0xfc, 0xff, 0x08, 0x07, 0x00, 0x00, 0x00, 0x02, 0x00,
    0x01, 0xff, 0x8f, 0xc0, 0x7b, 0x76, 0x60, 0x01, 0x71, 0xff, 0x70, 0x00, 0xfb, 0x27, 0x8b, 0xf6, 0xe7, 0xbe, 0x7f, 0xcf, 0xff, 0xe0, 0x24, 0x04,
    0x00, 0xe0, 0x00, 0x00, 0x0f, 0xff, 0xff, 0xff, 0xff, 0xff, 0xff, 0xff, 0xc7, 0xff, 0xff, 0xff, 0xff, 0xff, 0xcf, 0xff, 0xc0, 0x00, 0x16, 0x49,
    0x88, 0x52, 0x24, 0x18, 0x19, 0x09, 0x49, 0x40, 0x87, 0x24, 0x89, 0x33, 0x27, 0xff, 0xff, 0xcb, 0x2c, 0x64, 0xd8, 0xc6, 0x0c, 0x15, 0x34, 0x89,
    0x91, 0x8c, 0x88, 0xb1, 0x99, 0xc2, 0x79, 0xef, 0xff, 0xff, 0xf7, 0x0e, 0xff, 0x80, 0x03, 0xa0, 0x00, 0x00, 0x00, 0x00, 0x07, 0xff, 0x3f, 0xc0,
    0xef, 0x7b, 0xc0, 0x00, 0x00, 0x03, 0x78, 0x03, 0x96, 0x73, 0x6a, 0xf1, 0x9e, 0x3d, 0x9f, 0xe1, 0xff, 0xfe, 0x1c, 0x01, 0x80, 0x60, 0x04, 0x00,
    0x1f, 0xff, 0xff, 0xff, 0xff, 0xff, 0xff, 0xff, 0xe7, 0xff, 0xff, 0xff, 0xff, 0xff, 0xf7, 0x7f, 0xe0, 0x71, 0x84, 0xc9, 0x25, 0x89, 0xab, 0x45,
    0x23, 0x49, 0x24, 0x9c, 0xc9, 0x36, 0x4b, 0x24, 0xcf, 0xff, 0xff, 0xe4, 0xc9, 0x94, 0x84, 0x64, 0xd3, 0x64, 0x84, 0x88, 0x4c, 0x49, 0x96, 0x24,
    0xc8, 0x00, 0xf2, 0x9f, 0xff, 0xff, 0xf7, 0xce, 0xff, 0x90, 0x03, 0xc8, 0x00, 0x00, 0x00, 0x00, 0x1f, 0xfc, 0x7f, 0xc0, 0xfd, 0xde, 0x00, 0x00,
    0x38, 0x00, 0xf0, 0x03, 0x09, 0x98, 0xf9, 0xdd, 0x79, 0xb1, 0xdf, 0xfc, 0x1f, 0xff, 0xb9, 0xa7, 0xcd, 0x00, 0x00, 0x20, 0x7f, 0xff, 0xff, 0xff,
    0xff, 0xff, 0xff, 0xff, 0xf7, 0xff, 0xff, 0xff, 0xff, 0xff, 0xf8, 0x1f, 0xfc, 0x30, 0x89, 0x32, 0x48, 0xa4, 0x48, 0xcc, 0xc8, 0x44, 0x92, 0x22,
    0x30, 0xc9, 0x32, 0x4c, 0x9f, 0xff, 0xff, 0xf2, 0x52, 0x53, 0x35, 0x11, 0x30, 0x49, 0xa9, 0x33, 0x63, 0x32, 0x51, 0x8c, 0x66, 0x07, 0xf9, 0x3f,
    0xff, 0xff, 0xff, 0xf7, 0xff, 0xe0, 0x00, 0xc0, 0x00, 0x00, 0x00, 0x00, 0x7f, 0xf9, 0xff, 0xc0, 0xd7, 0xda, 0x00, 0x00, 0xf0, 0x00, 0x60, 0x00,
    0x05, 0xec, 0xe9, 0x4e, 0x77, 0xb7, 0xc7, 0xff, 0x87, 0xfc, 0xe7, 0x07, 0xf9, 0x10, 0x00, 0x01, 0xff, 0xff, 0xff, 0xff, 0xff, 0xff, 0xff, 0xff,
    0xff, 0xc7, 0xff, 0xff, 0xff, 0xff, 0xfd, 0xdf, 0xfe, 0x00, 0x01, 0x12, 0x1a, 0x73, 0x12, 0x22, 0x1a, 0x72, 0x49, 0x49, 0x06, 0x09, 0x24, 0xd3,
    0x3f, 0xff, 0xff, 0xf9, 0x36, 0x49, 0x01, 0x93, 0x0d, 0x24, 0x2a, 0x44, 0x98, 0x92, 0x4c, 0xd3, 0x18, 0x47, 0xfe, 0xff, 0xff, 0xf0, 0xff, 0xfb,
    0xff, 0xe4, 0x00, 0xe1, 0x00, 0x00, 0x00, 0x01, 0xff, 0xe3, 0xff, 0xc0, 0xfe, 0x77, 0x00, 0x00, 0xe0, 0x00, 0x6c, 0x00, 0x0e, 0xce, 0x2c, 0x73,
    0x8f, 0x27, 0xf1, 0xff, 0xf0, 0xd3, 0x9e, 0x07, 0xff, 0xc4, 0x00, 0x03, 0xff, 0xff, 0xff, 0xff, 0xff, 0xff, 0xfe, 0x18, 0xfe, 0x7f, 0xff, 0xff,
    0xff, 0xff, 0xfe, 0xef, 0xff, 0x80, 0x07, 0x91, 0xc2, 0x60, 0xa4, 0x92, 0xc3, 0x09, 0x24, 0x49, 0x49, 0xa4, 0xc9, 0x12, 0x7f, 0xff, 0xff, 0xfd,
    0x21, 0x2c, 0xcc, 0x48, 0xc3, 0x26, 0xc2, 0x99, 0x04, 0x89, 0xb2, 0x52, 0x63, 0x3f, 0xd9, 0xff, 0xff, 0xf6, 0x3f, 0xfd, 0xff, 0xf8, 0x00, 0x60,
    0x48, 0x00, 0x00, 0x07, 0xff, 0xa7, 0xff, 0xc0, 0xaf, 0xee, 0x00, 0x01, 0xe0, 0x00, 0x4c, 0x00, 0x07, 0x5b, 0x1b, 0x1b, 0xee, 0x0f, 0xfc, 0x3f,
    0xfe, 0x07, 0x38, 0xff, 0xff, 0xfc, 0xc0, 0x1f, 0xff, 0xff, 0xff, 0xff, 0xff, 0xff, 0xfc, 0xcc, 0x7c, 0x3f, 0xff, 0xff, 0xff, 0xff, 0xfe, 0x73,
    0xff, 0xf0, 0x00, 0x6c, 0x91, 0x0c, 0x8c, 0x90, 0x94, 0x89, 0x24, 0xb2, 0x68, 0x24, 0x92, 0x48, 0xff, 0xff, 0xff, 0xfc, 0xcc, 0xa2, 0x64, 0x4c,
    0x32, 0x58, 0x18, 0x89, 0x64, 0x69, 0x26, 0x49, 0x8f, 0x3f, 0x73, 0xff, 0xff, 0xf7, 0xdf, 0xff, 0x3f, 0xfc, 0x00, 0x04, 0x00, 0x00, 0x00, 0x3f,
    0xfb, 0x9f, 0xff, 0xc0, 0xf9, 0xbc, 0x00, 0x01, 0xc0, 0x00, 0xdc, 0x00, 0x03, 0x7b, 0xc9, 0x8d, 0xe6, 0xf3, 0xff, 0x83, 0xff, 0x9c, 0xe6, 0xff,
    0xff, 0xff, 0x10, 0xff, 0xff, 0xff, 0xff, 0xff, 0xff, 0xff, 0xf9, 0xfe, 0x7f, 0x7f, 0xff, 0xff, 0xff, 0xff, 0xfe, 0x7f, 0xff, 0xf8, 0x00, 0x48,
    0x34, 0x92, 0x42, 0x4c, 0x24, 0xa4, 0x92, 0x06, 0x26, 0x5b, 0x26, 0x43, 0xff, 0xff, 0xff, 0xfe, 0x12, 0x99, 0x13, 0x23, 0x14, 0x83, 0x49, 0x26,
    0x19, 0x46, 0x49, 0x2c, 0x3f, 0xff, 0xcf, 0xff, 0xff, 0xff, 0xff, 0xff, 0xff, 0xfe, 0x00, 0x00, 0x00, 0x00, 0x00, 0xff, 0xfb, 0x3f, 0xff, 0xc0,
    0xde, 0xfc, 0x00, 0x03, 0x80, 0x03, 0x9e, 0x00, 0x09, 0xb8, 0xe6, 0xe5, 0x98, 0x38, 0x7f, 0xf9, 0xfe, 0x73, 0x9e, 0xff, 0x7c, 0x7c, 0x7f, 0xff,
    0xff, 0xff, 0xff, 0xff, 0xff, 0xff, 0xf9, 0xff, 0x7f, 0x7f, 0xff, 0xff, 0xff, 0xff, 0xfe, 0xff, 0xff, 0xfe, 0x00, 0x13, 0x08, 0x92, 0x6c, 0x23,
    0x20, 0x24, 0x93, 0x49, 0x91, 0x40, 0x49, 0x37, 0xff, 0xff, 0xff, 0xff, 0x32, 0x44, 0x90, 0xa0, 0xc4, 0xa9, 0x26, 0x60, 0xc3, 0x12, 0xc9, 0xa0,
    0xfe, 0xfb, 0x9f, 0xff, 0xff, 0xff, 0xff, 0xe7, 0xff, 0xff, 0x80, 0x00, 0x00, 0x00, 0x03, 0xff, 0xde, 0x7f, 0xff, 0xc0, 0xef, 0xdc, 0x00, 0x03,
    0x00, 0x03, 0x1e, 0x00, 0x01, 0xde, 0x20, 0xf1, 0x5e, 0x3f, 0x07, 0xfc, 0x39, 0xce, 0x7e, 0xff, 0xf0, 0x11, 0xff, 0xff, 0xff, 0xff, 0xff, 0xff,
    0xff, 0xff, 0xfd, 0xff, 0x5f, 0xff, 0xff, 0xff, 0xff, 0xff, 0xfe, 0x7f, 0xff, 0xff, 0xc0, 0x04, 0xca, 0x64, 0x8d, 0x90, 0x93, 0x12, 0x48, 0x50,
    0x49, 0x26, 0x52, 0xaf, 0xff, 0xff, 0xff, 0xff, 0x89, 0x44, 0x94, 0x9c, 0x28, 0x29, 0x22, 0x4c, 0x98, 0x98, 0x26, 0x43, 0xfb, 0xef, 0x3f, 0xff,
    0xff, 0xff, 0xff, 0xc3, 0xfe, 0xff, 0xc0, 0x00, 0x00, 0x00, 0x0f, 0xff, 0xfc, 0xff, 0xff, 0xc0, 0xb9, 0xfc, 0x00, 0x03, 0x00, 0xe0, 0x0c, 0x00,
    0x00, 0xdd, 0x99, 0x72, 0x7f, 0xcf, 0xe3, 0xff, 0xc3, 0x98, 0x7c, 0xff, 0xf3, 0xc7, 0xff, 0xff, 0xff, 0xff, 0xff, 0xff, 0xff, 0xff, 0xff, 0xfc,
    0x9f, 0xff, 0xff, 0xff, 0xff, 0xff, 0xff, 0x7f, 0xff, 0xff, 0xff, 0xe0, 0x49, 0x09, 0x20, 0x4c, 0x44, 0x49, 0x24, 0x96, 0x48, 0x99, 0x26, 0x3f,
    0xff, 0xff, 0xff, 0xff, 0xc9, 0x32, 0x44, 0x43, 0x23, 0x26, 0x49, 0x12, 0x26, 0x67, 0x32, 0x4f, 0xff, 0xfc, 0xff, 0xff, 0xff, 0xff, 0xff, 0xe3,
    0xfc, 0x1f, 0xf0, 0x00, 0x00, 0x00, 0x3f, 0xff, 0xe9, 0xff, 0xff, 0xc0, 0xf7, 0xfc, 0x00, 0x06, 0x01, 0xe0, 0x0c, 0x00, 0x00, 0x6d, 0xed, 0x3a,
    0xbd, 0xe3, 0xfc, 0x7f, 0xce, 0x73, 0xf0, 0x0f, 0xef, 0x9f, 0xff, 0xff, 0xff, 0xff, 0xff, 0xff, 0xff, 0xff, 0xfe, 0x7c, 0x3f, 0xff, 0xff, 0xff,
    0xff, 0xff, 0xff, 0x63, 0xff, 0xff, 0xff, 0xfe, 0x24, 0x99, 0x26, 0x23, 0x21, 0x08, 0x24, 0x81, 0x26, 0x42, 0x98, 0x7f, 0xff, 0xff, 0xff, 0xff,
    0xe4, 0x99, 0x23, 0x20, 0x94, 0x90, 0x91, 0x93, 0x49, 0x00, 0xc9, 0x3f, 0xdd, 0xb9, 0xff, 0xff, 0xff, 0xff, 0xe7, 0xf0, 0xfc, 0x06, 0xfe, 0x00,
    0x00, 0x00, 0xff, 0xff, 0xf3, 0xff, 0xff, 0xc0, 0xdf, 0xdc, 0x00, 0x06, 0x03, 0xf0, 0x0e, 0x00, 0x02, 0x37, 0xe6, 0x93, 0x1d, 0xb8, 0x7f, 0x0f,
    0x39, 0xce, 0x67, 0xc7, 0x8f, 0x3f, 0xff, 0xff, 0xff, 0xff, 0xff, 0xff, 0xff, 0xff, 0xff, 0x3f, 0x7f, 0xff, 0xff, 0xff, 0xff, 0xff, 0xff, 0xa1,
    0xff, 0xff, 0xff, 0xff, 0x24, 0x84, 0x99, 0x90, 0x29, 0x22, 0x92, 0x69, 0x21, 0x24, 0x81, 0xff, 0xff, 0xff, 0xff, 0xff, 0xf2, 0x44, 0x98, 0x98,
    0xc4, 0x92, 0x64, 0x64, 0x48, 0x42, 0x20, 0xff, 0x7f, 0xe7, 0xff, 0xff, 0xff, 0xff, 0xc1, 0xf0, 0xfe, 0x00, 0x1b, 0xf8, 0x00, 0x07, 0xff, 0xfd,
    0xe7, 0xff, 0xff, 0xc0, 0xff, 0xf6, 0x00, 0x18, 0x07, 0xf0, 0x0e, 0x00, 0x10, 0x1b, 0xf7, 0x93, 0xc3, 0xbf, 0x3f, 0xe0, 0xf7, 0xbf, 0x4f, 0xc0,
    0x06, 0xff, 0xff, 0xff, 0xff, 0xff, 0xff, 0xff, 0xff, 0xff, 0xff, 0x8f, 0xff, 0xff, 0xff, 0xff, 0xff, 0xff, 0xff, 0xbe, 0xff, 0xff, 0xff, 0xff,
    0x12, 0x64, 0x90, 0x49, 0x88, 0x48, 0x92, 0x04, 0x98, 0x92, 0x63, 0xff, 0xff, 0xff, 0xff, 0xff, 0xf9, 0x24, 0x84, 0x46, 0x22, 0x49, 0x0c, 0x89,
    0x36, 0xf0, 0x27, 0xf7, 0xfb, 0x9f, 0xff, 0xff, 0xff, 0xff, 0xc0, 0x78, 0x7c, 0x48, 0x00, 0x02, 0x10, 0x1f, 0xff, 0xdf, 0x8f, 0xff, 0xff, 0xc0,
    0xff, 0xfe, 0x00, 0x00, 0x03, 0xf0, 0x0c, 0x80, 0x30, 0x0b, 0xfb, 0xc9, 0xe0, 0xbf, 0x97, 0xf9, 0xce, 0x3d, 0x8f, 0xe0, 0x09, 0xff, 0xff, 0xff,
    0xff, 0xff, 0xff, 0xff, 0xff, 0xff, 0xbf, 0xcf, 0xff, 0xff, 0xff, 0xff, 0xff, 0xff, 0xff, 0xde, 0x7f, 0xff, 0xff, 0xff, 0x92, 0x49, 0x0c, 0x48,
    0x4a, 0x49, 0x04, 0x92, 0x42, 0x49, 0x0f, 0xff, 0xff, 0xff, 0xff, 0xff, 0xfc, 0x92, 0x66, 0x41, 0x19, 0x25, 0xa2, 0x92, 0x44, 0xf0, 0x1f, 0xdd,
    0xff, 0x3f, 0xff, 0xff, 0xff, 0xff, 0xc0, 0x1c, 0x07, 0x00, 0x00, 0x00, 0x97, 0x3f, 0xff, 0xff, 0x9f, 0xff, 0xff, 0xc0, 0xfe, 0xfe, 0x00, 0x00,
    0x00, 0x60, 0x0c, 0x80, 0x78, 0x0d, 0x1a, 0xe4, 0x7c, 0x3f, 0xe3, 0xe7, 0x39, 0x80, 0x0f, 0xe0, 0x09, 0xff, 0xff, 0xff, 0xff, 0xff, 0xff, 0xff,
    0xff, 0xfe, 0x07, 0xcf, 0xff, 0xff, 0xff, 0xff, 0xff, 0xff, 0xff, 0xc7, 0xbf, 0xff, 0xff, 0xff, 0xcc, 0x12, 0x63, 0x16, 0x22, 0x24, 0x40, 0xc9,
    0x13, 0x24, 0x8f, 0xff, 0xef, 0xff, 0xff, 0x3f, 0xfe, 0x52, 0x11, 0x31, 0x44, 0x94, 0x29, 0x24, 0xc8, 0xf8, 0xff, 0xff, 0xdc, 0x7f, 0xff, 0xff,
    0xff, 0xff, 0xf0, 0x0c, 0x87, 0x00, 0x00, 0x00, 0x00, 0xff, 0xff, 0xf8, 0x7f, 0xff, 0xff, 0xc0, 0xff, 0xbe, 0x00, 0x00, 0xc0, 0x00, 0x18, 0x00,
    0x38, 0x46, 0x1c, 0xb9, 0x33, 0x0f, 0xfc, 0x9c, 0xe7, 0x00, 0x0f, 0xa0, 0x27, 0xff, 0xff, 0xff, 0xff, 0xff, 0xff, 0xff, 0xff, 0xfc, 0x73, 0x9f,
    0xff, 0xff, 0xff, 0xff, 0xff, 0xff, 0xff, 0xf3, 0xff, 0xff, 0xff, 0xff, 0xe1, 0x24, 0x88, 0x91, 0x91, 0x92, 0x48, 0x24, 0x90, 0x92, 0x1f, 0xff,
    0xff, 0xff, 0xfd, 0xff, 0xff, 0x19, 0x91, 0x0c, 0x44, 0x92, 0x49, 0x20, 0x28, 0x13, 0xfd, 0xef, 0x71, 0xff, 0xff, 0xff, 0xff, 0xff, 0xf1, 0x04,
    0x01, 0x80, 0x00, 0x00, 0x0b, 0xff, 0xff, 0x00, 0xff, 0xff, 0xff, 0xc0, 0xfd, 0xff, 0x00, 0x00, 0x00, 0x10, 0x58, 0x00, 0x18, 0x02, 0x4d, 0x2e,
    0x5b, 0xc3, 0x9e, 0x1b, 0xce, 0x00, 0x01, 0xb0, 0x0f, 0xff, 0xff, 0xff, 0xff, 0xff, 0xff, 0xff, 0xfc, 0xfe, 0x79, 0xdf, 0xff, 0xff, 0xff, 0xff,
    0xff, 0xff, 0xff, 0xfb, 0xff, 0xff, 0xff, 0xff, 0xe2, 0x49, 0x24, 0x88, 0x4c, 0x12, 0x4e, 0x06, 0x4c, 0x92, 0x7f, 0xff, 0xff, 0xff, 0xfe, 0xff,
    0xff, 0xc4, 0x4c, 0xc2, 0x99, 0x22, 0x4c, 0x92, 0x00, 0x0f, 0xdf, 0x7b, 0x67, 0xff, 0xff, 0xff, 0xff, 0xff, 0xfe, 0x41, 0x00, 0xc0, 0x00, 0x00,
    0x1f, 0xff, 0xf8, 0x01, 0xff, 0xff, 0xff, 0xc0, 0xff, 0xff, 0x80, 0x0c, 0x00, 0x70, 0x60, 0x60, 0x00, 0x01, 0xbe, 0x67, 0x8d, 0xf0, 0xef, 0xe7,
    0x34, 0x00, 0x03, 0xe0, 0x1f, 0xff, 0xff, 0xff, 0xff, 0xff, 0xff, 0xff, 0xf8, 0x3f, 0xfd, 0xdc, 0x7f, 0xff, 0xff, 0xff, 0xff, 0xff, 0xff, 0xfd,
    0xf7, 0xff, 0xff, 0xff, 0xf8, 0x92, 0x53, 0x26, 0x41, 0x89, 0x27, 0x80, 0x42, 0x4c, 0x7f, 0xff, 0xff, 0xff, 0xff, 0xff, 0xff, 0xe3, 0x20, 0x32,
    0x26, 0x49, 0x90, 0x00, 0x00, 0xff, 0x77, 0xfe, 0x0f, 0xff, 0xff, 0xff, 0xff, 0xff, 0xfe, 0x08, 0x00, 0xc0, 0x00, 0x00, 0xff, 0xff, 0xc0, 0x27,
    0xff, 0xff, 0xff, 0xc0, 0xff, 0xfe, 0x80, 0x0c, 0x01, 0xf8, 0x20, 0x20, 0x00, 0x00, 0xce, 0xf1, 0xe1, 0xbc, 0x6b, 0xf0, 0xf4, 0x00, 0x01, 0xc0,
    0x3f, 0xff, 0xff, 0xff, 0xff, 0xff, 0xff, 0xff, 0xff, 0xcf, 0xfd, 0xb1, 0x1f, 0xff, 0xff, 0xff, 0xff, 0xff, 0xff, 0xfd, 0xfb, 0xff, 0xbf, 0xff,
    0xfc, 0x92, 0x48, 0x61, 0x30, 0x64, 0x93, 0xf0, 0x92, 0x41, 0xff, 0xfe, 0x7f, 0xff, 0xff, 0xbf, 0xff, 0xf0, 0xa6, 0x24, 0xc0, 0x94, 0x20, 0x00,
    0x43, 0xf7, 0xff, 0xbc, 0x3f, 0xff, 0xff, 0xff, 0xff, 0xff, 0x7f, 0xa0, 0x40, 0x40, 0x00, 0x03, 0xff, 0xff, 0x04, 0x87, 0xff, 0xff, 0xff, 0xc0,
    0xff, 0xff, 0xc0, 0x0e, 0x01, 0xf8, 0x00, 0x00, 0x00, 0x06, 0x63, 0xd2, 0x77, 0xbb, 0x13, 0x9a, 0xf8, 0x00, 0x00, 0x00, 0x7f, 0xff, 0xff, 0xff,
    0xff, 0xff, 0xff, 0xff, 0xff, 0xcf, 0xfd, 0xbf, 0x9f, 0xff, 0xff, 0xff, 0xff, 0xff, 0xff, 0xfe, 0xf9, 0xff, 0x8f, 0xbf, 0xfe, 0x49, 0x24, 0x99,
    0x0c, 0x12, 0x11, 0xfc, 0x24, 0x87, 0xff, 0xfe, 0x4f, 0xff, 0xff, 0xbf, 0xff, 0xfe, 0x19, 0x89, 0x19, 0x93, 0x0c, 0x00, 0x0f, 0x7d, 0xef, 0xe0,
    0xff, 0xff, 0xff, 0xff, 0xff, 0xfe, 0x3f, 0xff, 0x80, 0x00, 0x00, 0x0f, 0xff, 0xfc, 0x24, 0x1f, 0xff, 0xff, 0xff, 0xc0, 0xfe, 0xfb, 0xc0, 0x03,
    0x00, 0xf8, 0x00, 0x18, 0x00, 0x04, 0x25, 0xf2, 0x9e, 0x19, 0x01, 0xa2, 0x78, 0x00, 0x10, 0x00, 0xff, 0xff, 0xff, 0xff, 0xff, 0xff, 0xff, 0xff,
    0xff, 0xee, 0xff, 0x7f, 0xdf, 0xff, 0xff, 0xff, 0xff, 0xff, 0xff, 0xff, 0x7c, 0xff, 0x21, 0x9f, 0xff, 0x0c, 0x86, 0x24, 0xc3, 0x12, 0x4c, 0x7f,
    0x01, 0x1f, 0xff, 0xff, 0x8f, 0xff, 0xff, 0xff, 0xff, 0xff, 0x80, 0x98, 0x64, 0x48, 0x9f, 0x00, 0xbf, 0xdf, 0xfe, 0xc3, 0xff, 0xff, 0xf9, 0xff,
    0xe3, 0xfe, 0xff, 0xff, 0xe0, 0x00, 0x00, 0x7f, 0xff, 0xf0, 0x81, 0x3f, 0xff, 0xff, 0xbe, 0xc0, 0xf7, 0xff, 0xe0, 0x00, 0x00, 0x00, 0x00, 0x1c,
    0x0c, 0x00, 0x16, 0x7c, 0x9b, 0x07, 0x64, 0x6e, 0x48, 0x00, 0x00, 0x03, 0xff, 0xff, 0xff, 0xff, 0xff, 0xff, 0xff, 0xff, 0xff, 0xe5, 0xfa, 0xff,
    0xcf, 0xff, 0xff, 0xff, 0xff, 0xff, 0xff, 0xff, 0xbe, 0xff, 0xfc, 0xdf, 0xff, 0x82, 0x11, 0x24, 0x30, 0xc9, 0x80, 0x37, 0xd8, 0x7f, 0xff, 0xfe,
    0x0f, 0x9f, 0xfd, 0xff, 0xff, 0xff, 0xe6, 0x46, 0x12, 0x4c, 0x7e, 0x87, 0xfd, 0xf6, 0xdb, 0x0f, 0xff, 0xff, 0xf0, 0xff, 0xe0, 0xff, 0xff, 0xff,
    0xf0, 0x00, 0x01, 0xff, 0xff, 0xe0, 0x10, 0x3f, 0xff, 0xff, 0xff, 0xc0, 0xff, 0xff, 0xe0, 0x00, 0x18, 0x00, 0x00, 0x08, 0x00, 0x00, 0x03, 0x3e,
    0x6d, 0xc1, 0xec, 0x2f, 0x80, 0x04, 0x00, 0x07, 0xff, 0xff, 0xff, 0xff, 0xff, 0xff, 0xff, 0xff, 0xff, 0xf9, 0xf9, 0xfc, 0x1f, 0xff, 0xff, 0xff,
    0xff, 0xff, 0xff, 0xff, 0x9e, 0x7f, 0xfe, 0x7f, 0xff, 0xe2, 0x4c, 0x93, 0x0c, 0x24, 0x33, 0x0f, 0xf6, 0x3f, 0x9e, 0x78, 0x0f, 0x8f, 0xfc, 0xff,
    0xff, 0xff, 0xe1, 0x40, 0xca, 0x26, 0x7e, 0x9f, 0xff, 0x7f, 0xf8, 0x3f, 0xff, 0xff, 0xfe, 0x3f, 0xfe, 0x1f, 0xff, 0xff, 0xff, 0xc0, 0x07, 0xff,
    0xff, 0x82, 0x44, 0xff, 0xff, 0xff, 0xff, 0xc0, 0xfe, 0xff, 0xf0, 0x00, 0x00, 0x08, 0x00, 0x00, 0x00, 0x00, 0x03, 0xce, 0x64, 0x4c, 0x2f, 0x07,
    0xf4, 0x01, 0x00, 0x1f, 0xff, 0xff, 0xff, 0xff, 0xff, 0xff, 0xff, 0xff, 0xff, 0xc7, 0xff, 0xf9, 0x9f, 0xff, 0xff, 0xff, 0xff, 0xff, 0xff, 0xff,
    0xdf, 0x7f, 0xff, 0x7f, 0xbf, 0xf1, 0x22, 0x48, 0xc3, 0x24, 0xc9, 0x47, 0xfe, 0x8f, 0xfe, 0xc0, 0x1f, 0x1f, 0xfe, 0x6f, 0xff, 0xff, 0xf8, 0x32,
    0x21, 0x92, 0x38, 0x7b, 0x6f, 0xdb, 0xe0, 0xff, 0xff, 0xff, 0xff, 0xcf, 0xff, 0xe7, 0xff, 0xf3, 0xfc, 0xf0, 0x1f, 0xff, 0xfe, 0x00, 0x00, 0xff,
    0xff, 0xff, 0xff, 0xc0, 0xff, 0xff, 0x70, 0x00, 0x00, 0x3c, 0x30, 0x00, 0x00, 0x00, 0x01, 0xe7, 0x9b, 0x3e, 0x0f, 0xc7, 0xfd, 0x80, 0x00, 0x7f,
    0xff, 0xff, 0xff, 0xff, 0xff, 0xff, 0xff, 0xff, 0xff, 0xff, 0xff, 0xfb, 0xcf, 0xff, 0xff, 0xff, 0xff, 0xff, 0xff, 0xff, 0xef, 0x7f, 0xff, 0xbe,
    0xff, 0xf1, 0x32, 0x48, 0x30, 0x92, 0x08, 0x51, 0xfb, 0xc1, 0xf1, 0x80, 0x07, 0x0f, 0xff, 0x27, 0xff, 0xff, 0xfc, 0x25, 0x94, 0x42, 0x07, 0xff,
    0xfb, 0xff, 0x03, 0xff, 0xff, 0xff, 0xff, 0xf3, 0xff, 0xe7, 0xff, 0xf0, 0x7c, 0x1c, 0xff, 0xff, 0xf0, 0x11, 0x13, 0xff, 0xff, 0xfe, 0xfb, 0xc0,
    0xff, 0xfd, 0xf8, 0x00, 0x40, 0x3c, 0xf0, 0x43, 0x80, 0x00, 0x20, 0x79, 0xfb, 0x2d, 0xc1, 0xbf, 0xff, 0x20, 0x03, 0xff, 0xff, 0xff, 0xff, 0xff,
    0xff, 0xff, 0xff, 0xff, 0xff, 0xff, 0xff, 0xff, 0xdf, 0xff, 0xff, 0xff, 0xff, 0xff, 0xff, 0xff, 0xf7, 0xbf, 0xff, 0x9f, 0xf7, 0xf8, 0x89, 0x27,
    0x0c, 0x92, 0x66, 0x28, 0x6f, 0xf4, 0x21, 0xc0, 0x06, 0x0f, 0xff, 0x07, 0xff, 0xff, 0xff, 0x08, 0x45, 0x38, 0x7f, 0xfe, 0xfe, 0xed, 0x0f, 0xff,
    0xff, 0xff, 0xff, 0xfb, 0xcf, 0xfb, 0xff, 0xe0, 0x1c, 0x07, 0xff, 0xff, 0xe0, 0x10, 0x47, 0xff, 0xff, 0xff, 0xff, 0x80, 0xef, 0xbf, 0xf8, 0x10,
    0x46, 0x31, 0xf0, 0xc1, 0x80, 0x00, 0x00, 0x3c, 0x7f, 0x8f, 0xf0, 0xb7, 0xff, 0xec, 0x07, 0xff, 0xff, 0xff, 0xff, 0xff, 0xff, 0xff, 0xff, 0xff,
    0xff, 0xff, 0xff, 0xff, 0x9c, 0xff, 0xfb, 0xff, 0xff, 0xff, 0xff, 0xff, 0xf3, 0x9f, 0xff, 0xcf, 0xff, 0xfe, 0x49, 0x21, 0x86, 0x49, 0x11, 0xa2,
    0x3f, 0x7f, 0x21, 0x80, 0x04, 0x1f, 0xfe, 0x13, 0xcf, 0xff, 0xff, 0xc2, 0x48, 0x01, 0xff, 0xb7, 0xdf, 0xf8, 0x3f, 0xff, 0xff, 0xff, 0xff, 0xed,
    0xe7, 0xdc, 0xf3, 0xf0, 0x0e, 0x5f, 0xff, 0xff, 0xe2, 0x44, 0x0f, 0xff, 0xff, 0xff, 0xff, 0xc0, 0xff, 0xff, 0xfc, 0x18, 0x06, 0x00, 0xf0, 0x98,
    0x00, 0x00, 0x00, 0x1f, 0x1f, 0xe2, 0x38, 0x07, 0xff, 0xf9, 0x9f, 0xff, 0xff, 0xff, 0xff, 0xff, 0xff, 0xff, 0xff, 0xff, 0xe0, 0xff, 0xff, 0xfc,
    0x3d, 0x3f, 0xe3, 0xff, 0xff, 0xff, 0xff, 0xff, 0xfd, 0xdf, 0xe7, 0xff, 0xff, 0xff, 0x26, 0x98, 0x61, 0x24, 0x90, 0x91, 0x8f, 0xff, 0xd8, 0x80,
    0x18, 0x0f, 0xec, 0x01, 0xff, 0xbf, 0xff, 0xf0, 0x80, 0x4f, 0xfd, 0xff, 0xfd, 0xc0, 0xff, 0xff, 0xff, 0xff, 0xf0, 0xe5, 0xe1, 0x8f, 0xe1, 0xf2,
    0x46, 0x7f, 0xff, 0xff, 0xf0, 0x01, 0x1f, 0xff, 0xff, 0xf7, 0xff, 0xc0, 0xff, 0xff, 0xec, 0x08, 0x02, 0x00, 0x00, 0x18, 0x00, 0x00, 0xe0, 0x0f,
    0xc7, 0xf9, 0xae, 0x13, 0xff, 0xf8, 0x3f, 0xff, 0xff, 0xff, 0xff, 0xff, 0xff, 0xff, 0xff, 0xff, 0xcc, 0x7f, 0xc7, 0xf2, 0x77, 0xbf, 0xc9, 0xff,
    0xff, 0xff, 0xff, 0xff, 0xfc, 0xe7, 0xc1, 0xff, 0xff, 0xff, 0x90, 0x86, 0x19, 0x24, 0x86, 0x0f, 0xc6, 0xee, 0xf6, 0x00, 0x18, 0x0f, 0xe6, 0x00,
    0xe3, 0x9f, 0xff, 0x88, 0x34, 0xff, 0xdf, 0x6e, 0xef, 0x03, 0xff, 0xff, 0x1f, 0xc7, 0xe6, 0x7f, 0xe0, 0x27, 0xe0, 0x88, 0x13, 0xff, 0xff, 0xff,
    0xfc, 0x88, 0x7f, 0xff, 0xff, 0xff, 0xff, 0xc0, 0xfe, 0xfe, 0xfe, 0x00, 0x00, 0x00, 0x00, 0x1c, 0x00, 0x03, 0xe1, 0x07, 0xf1, 0xfd, 0xa3, 0xd3,
    0xff, 0x83, 0xff, 0xff, 0xff, 0xff, 0xff, 0xff, 0xff, 0xfe, 0xe6, 0xff, 0xbf, 0x3f, 0x83, 0xf3, 0xe7, 0x9f, 0xdc, 0xff, 0xff, 0xff, 0xff, 0xff,
    0xff, 0x37, 0xe8, 0xff, 0xff, 0xff, 0xc4, 0x60, 0x84, 0x92, 0x60, 0x7c, 0x09, 0xfb, 0xff, 0x60, 0x00, 0x07, 0xa2, 0x00, 0x61, 0xcf, 0xfe, 0x02,
    0x04, 0xff, 0x7b, 0xff, 0xbe, 0x0f, 0xff, 0xff, 0x63, 0xc3, 0xff, 0xbf, 0xe4, 0x03, 0xe4, 0x0c, 0x8f, 0xff, 0xff, 0xff, 0xfc, 0x22, 0x7f, 0xff,
    0xff, 0xff, 0xff, 0xc0, 0xff, 0xff, 0xff, 0x80, 0x00, 0xe0, 0x00, 0x08, 0x08, 0x01, 0xc0, 0x01, 0xfc, 0x7f, 0xda, 0x67, 0xfe, 0x3f, 0xff, 0xff,
    0xff, 0xff, 0xff, 0xff, 0xff, 0xf8, 0x77, 0xff, 0xbf, 0x9f, 0x79, 0xf9, 0x0f, 0xef, 0xde, 0x3f, 0xff, 0x1f, 0xff, 0xff, 0xff, 0x97, 0xee, 0x7f,
    0xff, 0xff, 0xe3, 0x09, 0xa4, 0x92, 0x11, 0xf8, 0x0e, 0x7f, 0xff, 0xd6, 0x00, 0x07, 0xb1, 0x80, 0x61, 0xcf, 0x80, 0x72, 0x40, 0x3b, 0xfe, 0xfb,
    0xf0, 0x3f, 0xff, 0xff, 0xfb, 0xfd, 0xff, 0x9f, 0xf0, 0x01, 0xf0, 0x4c, 0x7f, 0xff, 0xff, 0xfe, 0xc0, 0x00, 0xff, 0xff, 0xff, 0xff, 0xf7, 0x40,
    0xff, 0xff, 0xff, 0x80, 0x00, 0x60, 0x00, 0x00, 0x0c, 0x00, 0x00, 0x00, 0xe0, 0x00, 0x06, 0x2b, 0xf0, 0xff, 0xff, 0xff, 0xff, 0xff, 0xff, 0xff,
    0xff, 0xf0, 0x37, 0xff, 0xff, 0xdd, 0xf9, 0xff, 0xff, 0xe7, 0xdf, 0xdf, 0xff, 0x47, 0xff, 0xff, 0xff, 0xdf, 0xff, 0x3f, 0xff, 0xff, 0xf8, 0x96,
    0x24, 0x48, 0x07, 0xf0, 0x7e, 0x1f, 0xb6, 0x90, 0xc0, 0x03, 0xf0, 0x00, 0x01, 0x00, 0x02, 0x01, 0x00, 0x3f, 0xb7, 0xbe, 0x40, 0xff, 0xff, 0xff,
    0xfd, 0xbe, 0x7d, 0xff, 0xf0, 0x48, 0x30, 0x21, 0xff, 0xff, 0xff, 0xff, 0x81, 0x13, 0xff, 0xff, 0xff, 0xff, 0xff, 0xc0, 0xfb, 0xf7, 0xb6, 0xe0,
    0xc0, 0x00, 0x00, 0x00, 0x04, 0x40, 0x00, 0x10, 0x03, 0xfd, 0x20, 0x9b, 0x87, 0xff, 0xff, 0xff, 0xff, 0xff, 0xff, 0xff, 0xff, 0xf7, 0xb7, 0xff,
    0xff, 0xcc, 0xfc, 0xf3, 0xff, 0xf7, 0xdf, 0xff, 0xff, 0xf3, 0xff, 0xff, 0xff, 0xcf, 0xff, 0x9f, 0xf7, 0xff, 0xfc, 0x90, 0x93, 0x00, 0x1e, 0x60,
    0xc0, 0x06, 0xff, 0x00, 0x08, 0x00, 0x00, 0x00, 0x04, 0x04, 0x68, 0x04, 0x11, 0x3d, 0xff, 0xee, 0x0b, 0xff, 0xff, 0xff, 0xfd, 0x9f, 0xf8, 0x7e,
    0x31, 0x00, 0x19, 0x8f, 0xff, 0xff, 0xff, 0xf8, 0x08, 0x47, 0xff, 0xff, 0xf7, 0xff, 0xff, 0xc0, 0xff, 0xff, 0xff, 0xf0, 0x00, 0x4c, 0x00, 0x70,
    0x01, 0xe0, 0x00, 0x01, 0x7f, 0xff, 0xff, 0x80, 0x3f, 0xff, 0xff, 0xff, 0xff, 0xff, 0xff, 0xff, 0xff, 0xff, 0xa7, 0xff, 0xff, 0xee, 0xfc, 0xf7,
    0xff, 0xf7, 0xff, 0xff, 0xff, 0xf9, 0xff, 0xff, 0xff, 0xe7, 0xff, 0xcf, 0xff, 0xff, 0xfe, 0x61, 0x00, 0x01, 0x9c, 0x00, 0xc0, 0x01, 0xfb, 0x8b,
    0x23, 0x34, 0x24, 0xd3, 0x44, 0xc4, 0x18, 0x50, 0x09, 0x2f, 0xdf, 0xf8, 0x27, 0xff, 0xff, 0xff, 0xff, 0xff, 0xe8, 0x3e, 0x1c, 0x10, 0x4c, 0x7f,
    0xff, 0xff, 0xff, 0x00, 0x02, 0x0f, 0xff, 0xff, 0xbf, 0xff, 0xdf, 0xc0, 0xff, 0xff, 0x7f, 0xfc, 0x01, 0xc0, 0x03, 0x20, 0x00, 0xe0, 0x00, 0x0f,
    0xff, 0xff, 0xff, 0xff, 0xff, 0xff, 0xff, 0xff, 0xff, 0xff, 0xff, 0xff, 0xff, 0xef, 0xaf, 0xff, 0xff, 0xed, 0xfe, 0xf7, 0xff, 0xf7, 0xfc, 0x7f,
    0xff, 0xfe, 0xff, 0xff, 0xff, 0xe7, 0xff, 0xef, 0xff, 0xff, 0xff, 0x00, 0x00, 0x05, 0x80, 0x00, 0x00, 0x00, 0x6f, 0xe0, 0x40, 0x83, 0x24, 0x10,
    0x18, 0x21, 0x10, 0x02, 0x20, 0x0f, 0xf6, 0xc1, 0x3f, 0xff, 0xff, 0x3f, 0xff, 0xb9, 0xe8, 0x0e, 0x0c, 0x44, 0x03, 0xff, 0xff, 0xff, 0xfd, 0x02,
    0x20, 0x9f, 0xff, 0xfe, 0xff, 0xfe, 0xfe, 0xc0, 0xff, 0xff, 0xfe, 0xfe, 0x01, 0xe0, 0x07, 0x00, 0x08, 0x00, 0x00, 0x7f, 0xff, 0xff, 0xff, 0xff,
    0xff, 0xff, 0xff, 0xff, 0xff, 0xff, 0xff, 0xff, 0xff, 0xcf, 0x8f, 0xff, 0xff, 0xdb, 0xff, 0x77, 0xff, 0xfb, 0xfd, 0x3f, 0xff, 0xfe, 0x7f, 0xff,
    0xff, 0xf7, 0xff, 0xe7, 0xff, 0xff, 0xff, 0xc0, 0x00, 0x06, 0x00, 0x01, 0x00, 0x00, 0x1f, 0x72, 0x49, 0x28, 0x81, 0x24, 0x20, 0x29, 0x03, 0x08,
    0x02, 0x01, 0xbe, 0x00, 0xff, 0xff, 0xff, 0x9f, 0xff, 0xf0, 0xcc, 0x83, 0x06, 0x01, 0x1f, 0xff, 0xff, 0xff, 0xe0, 0x20, 0x88, 0x7f, 0xff, 0xff,
    0xff, 0xff, 0xff, 0xc0, 0xff, 0xff, 0xff, 0xff, 0xc1, 0xe0, 0x47, 0x00, 0x18, 0x10, 0x81, 0xff, 0xff, 0xff, 0xff, 0xff, 0xff, 0xff, 0xff, 0xff,
    0xff, 0xff, 0xff, 0xff, 0xff, 0xef, 0xdf, 0xff, 0xff, 0xf3, 0x8f, 0x73, 0xff, 0xfb, 0xbf, 0x9f, 0xfc, 0x7f, 0xbe, 0x3f, 0xff, 0xf7, 0xff, 0xf3,
    0xff, 0xff, 0xff, 0xe0, 0x00, 0x00, 0x00, 0x03, 0x00, 0x00, 0x07, 0xf8, 0x00, 0x00, 0x48, 0x20, 0x20, 0x00, 0xc8, 0x00, 0x00, 0x80, 0xf0, 0x23,
    0xff, 0xff, 0xe3, 0xcf, 0x83, 0xf2, 0x1c, 0x01, 0x20, 0x20, 0x7f, 0xff, 0xff, 0xff, 0x80, 0x84, 0x02, 0x7f, 0xff, 0xbf, 0xff, 0xef, 0xff, 0xc0,
    0xff, 0xf7, 0xff, 0xff, 0xf0, 0x00, 0x40, 0x00, 0x38, 0x00, 0x0f, 0xff, 0xff, 0xff, 0xff, 0xff, 0xff, 0xff, 0xff, 0xff, 0xff, 0xff, 0xff, 0xff,
    0xff, 0xe1, 0xff, 0xff, 0xff, 0x87, 0x7f, 0x73, 0xff, 0xff, 0xb9, 0xe7, 0xf9, 0x03, 0xde, 0x1f, 0xff, 0xf7, 0xff, 0xf9, 0xff, 0xff, 0xff, 0xf8,
    0x00, 0x00, 0x00, 0x00, 0x00, 0x00, 0x01, 0xdc, 0x16, 0xdc, 0x02, 0x00, 0x82, 0x44, 0x00, 0x20, 0x28, 0x10, 0xc1, 0x1f, 0xff, 0xff, 0xf8, 0x6f,
    0x83, 0x30, 0x00, 0x25, 0x09, 0x0b, 0xff, 0xff, 0xff, 0xff, 0xc2, 0x01, 0x11, 0xff, 0xff, 0xff, 0xfd, 0xff, 0xff, 0xc0, 0xf7, 0xff, 0xdf, 0xff,
    0xfc, 0x00, 0x00, 0x00, 0x10, 0x01, 0x7f, 0xff, 0xff, 0xff, 0xff, 0xff, 0xff, 0xff, 0xff, 0xff, 0xff, 0xff, 0xff, 0xff, 0xff, 0xf0, 0xff, 0xff,
    0x1f, 0xce, 0x7f, 0x77, 0xff, 0xff, 0xb9, 0xf1, 0xfb, 0xfd, 0xcf, 0xcf, 0xff, 0xf3, 0xff, 0xc6, 0xff, 0xff, 0xff, 0xfe, 0x00, 0x00, 0x00, 0x00,
    0x00, 0x00, 0x00, 0xf6, 0x40, 0x40, 0x00, 0x89, 0x10, 0x10, 0x10, 0x04, 0x88, 0x02, 0x08, 0xff, 0xff, 0xff, 0xff, 0x76, 0x00, 0x31, 0x21, 0x00,
    0x40, 0x4f, 0xff, 0xff, 0xff, 0xff, 0xc0, 0x20, 0x07, 0xff, 0xff, 0xff, 0xef, 0xff, 0xdf, 0x40, 0xff, 0xdf, 0xff, 0xff, 0xff, 0xc0, 0x00, 0x00,
    0x00, 0x1f, 0xff, 0xff, 0xff, 0xff, 0xff, 0xff, 0xff, 0xff, 0xff, 0xff, 0xff, 0xff, 0xff, 0xff, 0xff, 0xfc, 0xff, 0xff, 0xcf, 0xfc, 0xff, 0x6f,
    0xff, 0xff, 0x7b, 0xfd, 0xff, 0xff, 0xef, 0xf7, 0xff, 0xfb, 0xc3, 0xc2, 0xff, 0xff, 0xff, 0xff, 0xc0, 0x00, 0x00, 0x00, 0x00, 0x00, 0x00, 0x3f,
    0x09, 0x03, 0x2c, 0x60, 0x04, 0x80, 0x06, 0x10, 0x10, 0x20, 0x27, 0xff, 0xff, 0xff, 0xff, 0x9c, 0x08, 0x18, 0x04, 0x48, 0x11, 0xff, 0xff, 0xff,
    0xff, 0xff, 0xf8, 0x82, 0x4f, 0xff, 0xdf, 0xfb, 0xbf, 0xff, 0xff, 0xc0, 0xff, 0xff, 0xff, 0xfe, 0xff, 0xfc, 0x00, 0x00, 0x0f, 0xff, 0xff, 0xff,
    0xff, 0xff, 0xff, 0xff, 0xff, 0xfb, 0x7f, 0xff, 0xff, 0xff, 0xff, 0xff, 0xff, 0xfe, 0xff, 0xff, 0xe6, 0x3d, 0xfe, 0x4f, 0xff, 0xfb, 0x7f, 0xfd,
    0xff, 0xff, 0xff, 0xff, 0xff, 0xff, 0xc3, 0xdf, 0x7f, 0xff, 0xff, 0xff, 0xfc, 0x00, 0x00, 0x00, 0x00, 0x00, 0x00, 0x0f, 0xc4, 0x34, 0x89, 0x00,
    0x20, 0x22, 0x20, 0x40, 0x01, 0x09, 0x3f, 0xff, 0xff, 0xff, 0xff, 0xde, 0x20, 0x9c, 0x40, 0x02, 0x0f, 0xff, 0xff, 0xff, 0xff, 0xff, 0xff, 0x9a,
    0x9f, 0xff, 0xff, 0xdf, 0xff, 0x7f, 0x7f, 0x80, 0xff, 0xfe, 0xff, 0xf7, 0xff, 0xff, 0xff, 0x9f, 0xff, 0xff, 0xff, 0xff, 0xff, 0xff, 0xff, 0xff,
    0xff, 0xdf, 0xdf, 0xff, 0xff, 0xff, 0xff, 0xff, 0xff, 0xde, 0xff, 0xff, 0xe7, 0x1d, 0xfb, 0xdf, 0xff, 0xfa, 0xff, 0xfe, 0xff, 0xff, 0xf7, 0xff,
    0xff, 0xfd, 0xd9, 0xdf, 0x3f, 0xff, 0xff, 0xff, 0xff, 0xe0, 0x00, 0x00, 0x00, 0x00, 0x00, 0x01, 0xf1, 0x80, 0x00, 0x80, 0x08, 0x20, 0x10, 0x12,
    0x20, 0x01, 0xff, 0xff, 0xff, 0xff, 0xff, 0xfe, 0x04, 0x00, 0x12, 0x20, 0xff, 0xff, 0xff, 0xff, 0xff, 0xff, 0xff, 0xff, 0xbf, 0xff, 0xff, 0x7f,
    0xff, 0xff, 0xfe, 0x00, 0xff, 0x7f, 0xff, 0x7f, 0xff, 0xff, 0xff, 0xff, 0xff, 0xff, 0xff, 0xff, 0xff, 0xff, 0xff, 0xff, 0xff, 0x76, 0xfb, 0xff,
    0xff, 0xff, 0xff, 0xff, 0xfe, 0x46, 0xff, 0xff, 0xe7, 0xcc, 0xf9, 0x1f, 0xff, 0xf8, 0xff, 0xfe, 0x7f, 0xf3, 0xff, 0xff, 0xff, 0xfe, 0xfc, 0xcf,
    0xbf, 0xff, 0xff, 0xff, 0xff, 0xff, 0x60, 0x00, 0x00, 0x00, 0x00, 0x00, 0xf0, 0x00, 0x00, 0x02, 0x42, 0x04, 0x80, 0xbb, 0x08, 0x9f, 0xff, 0xff,
    0xe1, 0xff, 0xff, 0xff, 0x10, 0x42, 0x00, 0x85, 0xff, 0xff, 0xff, 0xff, 0xff, 0xff, 0xff, 0xfe, 0x7f, 0xff, 0xdb, 0xfd, 0xff, 0xff, 0xe0, 0x00,
    0xfd, 0xf7, 0xfb, 0xff, 0xff, 0xff, 0xff, 0xff, 0xff, 0xff, 0xff, 0xff, 0xff, 0xff, 0xff, 0xff, 0xff, 0xff, 0xbe, 0xff, 0xff, 0xff, 0xff, 0xff,
    0xfe, 0x76, 0xdf, 0xff, 0xef, 0xe6, 0xf8, 0x7f, 0xff, 0xff, 0xff, 0xff, 0xbf, 0xe1, 0xfe, 0xff, 0xff, 0xff, 0x7e, 0x6f, 0xdf, 0xff, 0xf7, 0xff,
    0xff, 0xff, 0xf8, 0x00, 0x00, 0x00, 0x00, 0x00, 0x1c, 0x24, 0x91, 0x50, 0x11, 0x01, 0x8d, 0xf8, 0x10, 0xff, 0xff, 0xff, 0xcf, 0xcf, 0xff, 0xff,
    0x80, 0x00, 0x48, 0x1f, 0xff, 0xff, 0xff, 0xff, 0xff, 0xff, 0xff, 0x04, 0xff, 0xff, 0x7f, 0xef, 0xdf, 0xf7, 0x00, 0x00, 0xff, 0xff, 0xff, 0xff,
    0xff, 0xff, 0xff, 0xff, 0xff, 0xff, 0xff, 0xff, 0xff, 0xff, 0xff, 0xff, 0xfe, 0xdb, 0xef, 0xbf, 0xff, 0xff, 0xff, 0xff, 0xfc, 0xf4, 0xff, 0xff,
    0xff, 0xf6, 0x7f, 0xff, 0xff, 0xff, 0xff, 0xef, 0x9f, 0xe0, 0x7a, 0xcf, 0xff, 0xff, 0xbf, 0x6c, 0x7f, 0xff, 0xe3, 0xff, 0xff, 0xff, 0xff, 0x00,
    0x00, 0x00, 0x00, 0x00, 0x06, 0x00, 0x04, 0x04, 0x04, 0x4b, 0xf7, 0x40, 0x87, 0xff, 0xff, 0xff, 0xff, 0x81, 0xff, 0xe7, 0xc2, 0x24, 0x0a, 0x7f,
    0xff, 0xff, 0xff, 0xff, 0xff, 0xe2, 0x80, 0x13, 0xff, 0xff, 0xff, 0xff, 0xfd, 0xfe, 0x12, 0x00, 0xf7, 0xff, 0xff, 0xff, 0xff, 0xff, 0xff, 0xff,
    0xff, 0xff, 0xff, 0xff, 0xff, 0xff, 0xff, 0xff, 0xff, 0xfe, 0xfb, 0xf7, 0xff, 0xff, 0xff, 0xff, 0xfd, 0xf1, 0xf7, 0xc7, 0x9f, 0xe6, 0xff, 0xff,
    0xff, 0xff, 0xfd, 0xff, 0xdf, 0xc0, 0x39, 0x87, 0xff, 0xff, 0xbf, 0xb0, 0x1f, 0xff, 0xc1, 0xff, 0xff, 0xff, 0xff, 0xc0, 0x00, 0x00, 0x00, 0x00,
    0x00, 0x40, 0x40, 0x21, 0x43, 0xdf, 0xd0, 0x00, 0x7f, 0xff, 0xff, 0xff, 0xdf, 0xfc, 0xff, 0xc1, 0xc8, 0x80, 0x83, 0xff, 0xff, 0xff, 0xff, 0xff,
    0xfc, 0x00, 0x00, 0x0f, 0xff, 0xff, 0xfe, 0xff, 0x7f, 0xfc, 0x80, 0x80, 0xff, 0xff, 0xef, 0xff, 0xbf, 0xff, 0xff, 0xff, 0xff, 0xff, 0xff, 0xff,
    0xff, 0xff, 0xff, 0xff, 0xfd, 0x37, 0xbf, 0xdf, 0xff, 0xff, 0xff, 0xff, 0xfc, 0xff, 0xf7, 0x81, 0xdf, 0xf6, 0xff, 0xff, 0xff, 0xfe, 0x3e, 0x7f,
    0xdb, 0xc4, 0x1f, 0xf3, 0xff, 0xff, 0xdf, 0xf0, 0x1f, 0xff, 0xc0, 0x7f, 0xff, 0xff, 0xff, 0xf1, 0x00, 0x00, 0x00, 0x00, 0x00, 0x12, 0x62, 0x26,
    0x1f, 0xf4, 0x00, 0x0f, 0xff, 0xff, 0xff, 0xff, 0xff, 0xff, 0xff, 0xf0, 0x60, 0x08, 0x3f, 0xff, 0xff, 0xff, 0xff, 0xff, 0x00, 0x01, 0x00, 0x1f,
    0xff, 0xff, 0xdb, 0xff, 0xff, 0xe0, 0x08, 0x00, 0xef, 0xbf, 0x7f, 0xff, 0xff, 0xbf, 0xff, 0xff, 0xff, 0xff, 0xff, 0xff, 0xff, 0xff, 0xff, 0xff,
    0xff, 0x1f, 0xed, 0xfb, 0x7f, 0xff, 0xfd, 0xff, 0xfe, 0x7f, 0xff, 0x9c, 0xcf, 0xe6, 0xff, 0xff, 0xff, 0xfe, 0x8e, 0xff, 0xeb, 0xc1, 0x1f, 0xf9,
    0xff, 0xff, 0xdf, 0xfc, 0x07, 0xff, 0x88, 0x3f, 0xff, 0xff, 0xff, 0xfc, 0xc0, 0x00, 0x00, 0x00, 0x00, 0x02, 0xce, 0x0f, 0xfe, 0x00, 0x05, 0xff,
    0xff, 0xff, 0xff, 0xff, 0xff, 0xff, 0xff, 0xfc, 0x72, 0x43, 0xff, 0xff, 0xff, 0xff, 0xff, 0xd0, 0x00, 0x10, 0x10, 0x7f, 0xff, 0xff, 0xff, 0xf7,
    0xbd, 0x80, 0x40, 0x00, 0xff, 0xff, 0xff, 0xff, 0xff, 0xff, 0xff, 0xff, 0xff, 0xff, 0xff, 0xff, 0xff, 0xff, 0xff, 0xff, 0xff, 0x9b, 0x7f, 0x7f,
    0xff, 0xff, 0xfc, 0xff, 0xff, 0x7f, 0xff, 0xde, 0xef, 0xfc, 0xff, 0xff, 0xff, 0xfd, 0xe7, 0xff, 0xe3, 0xc0, 0x47, 0xfc, 0x3f, 0xff, 0xef, 0xfc,
    0x41, 0xff, 0xc0, 0x9f, 0xff, 0xff, 0xff, 0xfe, 0x7e, 0x40, 0x00, 0x00, 0x00, 0x00, 0xf3, 0x3d, 0xa0, 0x08, 0x7f, 0xff, 0xff, 0xff, 0xff, 0xf8,
    0x7f, 0xff, 0xff, 0xec, 0x10, 0x1f, 0xff, 0xff, 0xff, 0xff, 0xf0, 0x00, 0x42, 0x00, 0x00, 0x7f, 0xff, 0xf7, 0xff, 0xfd, 0xf7, 0x04, 0x01, 0x00,
    0xff, 0xff, 0xff, 0xed, 0xff, 0xff, 0xff, 0xff, 0xff, 0xff, 0xff, 0xff, 0xff, 0xff, 0xff, 0xff, 0xff, 0xcf, 0xdf, 0xde, 0xff, 0xff, 0xfe, 0xff,
    0xff, 0xff, 0xf1, 0xcf, 0x6f, 0x91, 0xff, 0xf8, 0xff, 0xff, 0xfb, 0x7f, 0xf7, 0xc1, 0x07, 0xff, 0xbf, 0xff, 0xef, 0xfc, 0x81, 0xff, 0xc4, 0x0f,
    0xff, 0xff, 0xff, 0xff, 0xbf, 0xfc, 0x00, 0x00, 0x00, 0x00, 0xfc, 0xc0, 0x01, 0x27, 0xff, 0xff, 0xff, 0xff, 0xff, 0xf3, 0x0b, 0xf3, 0xff, 0xe0,
    0x19, 0xff, 0xff, 0xff, 0xff, 0xff, 0xf0, 0x00, 0x10, 0x00, 0x01, 0xff, 0xfd, 0xff, 0x7d, 0xff, 0xfe, 0x11, 0x08, 0x00, 0xff, 0xff, 0xff, 0xff,
    0xff, 0xff, 0xff, 0xff, 0xff, 0xff, 0xff, 0xff, 0xff, 0xff, 0xff, 0xff, 0xff, 0xe6, 0xfb, 0xff, 0xb7, 0xff, 0xfd, 0xf9, 0xff, 0xf3, 0xe0, 0xcf,
    0x6f, 0xe7, 0xff, 0xe2, 0xff, 0xff, 0xf9, 0x7f, 0xcf, 0xc8, 0x03, 0xff, 0xcf, 0xff, 0xf7, 0xfe, 0x04, 0xff, 0xe1, 0x0f, 0xff, 0xff, 0xff, 0xff,
    0xe7, 0xff, 0xf8, 0x00, 0x00, 0x00, 0x1e, 0x02, 0x5f, 0xff, 0xff, 0xff, 0xff, 0xff, 0xff, 0xff, 0x01, 0xe0, 0x7f, 0xe0, 0x8f, 0xff, 0xff, 0xff,
    0xff, 0xff, 0xf8, 0x48, 0x80, 0x00, 0x03, 0xff, 0xff, 0xfb, 0xff, 0xde, 0xe0, 0x00, 0x00, 0x00, 0xf7, 0xff, 0xff, 0xff, 0xdf, 0xff, 0xff, 0xff,
    0xff, 0xff, 0xff, 0xff, 0xff, 0xff, 0xff, 0xff, 0xfd, 0xf8, 0xee, 0xed, 0xff, 0xff, 0xf9, 0xe1, 0xff, 0xf3, 0xce, 0x6f, 0xcf, 0xff, 0xff, 0xef,
    0xf1, 0xfd, 0xff, 0xbf, 0xcf, 0xd8, 0x09, 0xff, 0xef, 0xff, 0xf3, 0x9e, 0x48, 0x7f, 0xe0, 0x03, 0xff, 0xfe, 0x7f, 0xff, 0xf8, 0xff, 0xff, 0xd0,
    0x00, 0x04, 0x01, 0xbf, 0xff, 0xff, 0xff, 0xff, 0xff, 0xfc, 0x9f, 0xff, 0x00, 0xe0, 0x3f, 0xc3, 0xff, 0xff, 0xff, 0xff, 0xff, 0xff, 0xfc, 0x00,
    0x00, 0x01, 0xe7, 0xff, 0xf7, 0xdf, 0xef, 0xfb, 0x80, 0x22, 0x21, 0x00, 0xff, 0x7f, 0xff, 0xbf, 0xfd, 0xff, 0xff, 0xff, 0xff, 0xff, 0xff, 0xfd,
    0xff, 0xff, 0xff, 0xff, 0xff, 0x78, 0x3f, 0xbf, 0x6f, 0xff, 0xf1, 0xae, 0xfc, 0x33, 0xdf, 0x7f, 0x1f, 0xff, 0xff, 0xcf, 0xc0, 0x7d, 0xfe, 0xbf,
    0xff, 0xd1, 0x30, 0xef, 0xef, 0xff, 0xfb, 0x0f, 0x18, 0x3f, 0xf4, 0x41, 0xff, 0xfc, 0x3f, 0xff, 0xff, 0x3f, 0xff, 0xff, 0xff, 0xff, 0xff, 0xff,
    0xff, 0xff, 0xff, 0xff, 0xff, 0xf8, 0xf0, 0xfe, 0x00, 0x70, 0x18, 0x3f, 0xff, 0xff, 0xff, 0xff, 0xff, 0xff, 0xff, 0x00, 0x01, 0xff, 0x4f, 0xff,
    0xff, 0xff, 0xff, 0x7f, 0xc8, 0x80, 0x04, 0x00, 0xff, 0xfd, 0xfb, 0xff, 0xff, 0xff, 0xff, 0xff, 0xff, 0xff, 0xff, 0xef, 0xff, 0xff, 0xff, 0xff,
    0xff, 0xe3, 0x9d, 0xfb, 0xff, 0xff, 0xf7, 0x3e, 0x64, 0x9f, 0xef, 0x3f, 0x3f, 0xff, 0xff, 0xdf, 0x1f, 0x3f, 0xfe, 0xff, 0x7f, 0xdc, 0x70, 0xe3,
    0xf7, 0xff, 0xfd, 0x07, 0x91, 0x1f, 0xf0, 0x04, 0x63, 0xfc, 0x1f, 0xff, 0xff, 0xe3, 0xff, 0xff, 0xff, 0xff, 0xff, 0xff, 0xff, 0xff, 0xff, 0xff,
    0xff, 0xfb, 0xf0, 0x3e, 0x24, 0x34, 0x43, 0xff, 0xff, 0xff, 0xff, 0xff, 0xff, 0xfe, 0x82, 0xe0, 0xcc, 0x00, 0x1f, 0xff, 0xff, 0xff, 0xbf, 0xf7,
    0xc2, 0x09, 0x00, 0x00, 0xff, 0xff, 0xff, 0xff, 0xff, 0xfb, 0xff, 0xff, 0xff, 0xff, 0xff, 0xfe, 0xef, 0xff, 0xff, 0xff, 0xff, 0xff, 0xdf, 0xde,
    0xdb, 0xff, 0xf0, 0x7e, 0x77, 0xdf, 0xe6, 0xff, 0xff, 0x7f, 0xff, 0xdf, 0x3f, 0xdd, 0xff, 0x7e, 0x7f, 0xdc, 0x02, 0x77, 0xf7, 0xff, 0xfe, 0x03,
    0x81, 0x0f, 0xf8, 0x10, 0x73, 0xfe, 0x0f, 0xff, 0xff, 0xfc, 0x7f, 0xff, 0xff, 0xff, 0xff, 0xff, 0xff, 0xff, 0xff, 0xfe, 0x1f, 0xfd, 0xe0, 0x07,
    0x01, 0x07, 0xff, 0xff, 0xff, 0xff, 0xff, 0xff, 0xff, 0x80, 0x00, 0x02, 0x00, 0x00, 0x3f, 0xff, 0xff, 0x7f, 0xfb, 0xff, 0xf0, 0x00, 0x10, 0x80,
    0xff, 0xff, 0xff, 0xff, 0xff, 0xff, 0xff, 0xff, 0xff, 0xff, 0xff, 0xdf, 0xbf, 0xff, 0xff, 0xff, 0xff, 0xff, 0xc6, 0xff, 0xfe, 0xff, 0xff, 0xff,
    0x77, 0xdb, 0xfc, 0xff, 0xff, 0xff, 0xff, 0xfe, 0x7f, 0xdd, 0xff, 0x7c, 0x3f, 0xce, 0x00, 0x77, 0xff, 0xff, 0xff, 0x09, 0xc0, 0x27, 0xfe, 0x40,
    0x3b, 0xfe, 0x07, 0xbf, 0xff, 0xff, 0xc3, 0xff, 0xff, 0xff, 0xff, 0xff, 0xff, 0xff, 0xff, 0xfe, 0xff, 0xff, 0xf0, 0x01, 0x88, 0xff, 0xff, 0xff,
    0xff, 0xff, 0xff, 0xdf, 0xff, 0xc0, 0x11, 0x10, 0x00, 0x00, 0xff, 0xff, 0xff, 0xff, 0xdf, 0xbf, 0x78, 0x44, 0x00, 0x00, 0xf7, 0xff, 0xff, 0xef,
    0xff, 0xf7, 0xff, 0xff, 0xff, 0xff, 0xff, 0xf7, 0xff, 0xff, 0xff, 0xff, 0xff, 0xff, 0xe7, 0xfd, 0xef, 0xff, 0xff, 0xed, 0x3f, 0xeb, 0xfe, 0x7f,
    0xff, 0xff, 0xff, 0xff, 0xff, 0xe6, 0xff, 0x78, 0x3f, 0xcf, 0x10, 0x37, 0xfd, 0xff, 0xff, 0x20, 0xc0, 0x07, 0xfe, 0x00, 0x1f, 0xfe, 0x00, 0xff,
    0xff, 0xff, 0xfc, 0x3f, 0xff, 0xff, 0xff, 0xff, 0xff, 0xff, 0xff, 0xfc, 0xff, 0x7f, 0xf2, 0x00, 0xff, 0xff, 0xff, 0xff, 0xff, 0xff, 0xfe, 0xff,
    0xff, 0xfc, 0x84, 0x04, 0x00, 0x01, 0xff, 0xff, 0xff, 0xff, 0xfd, 0xfb, 0xfe, 0x00, 0x88, 0x00, 0xff, 0xef, 0xff, 0xff, 0x7d, 0xbf, 0xff, 0xff,
    0xff, 0xff, 0xff, 0x7f, 0x6f, 0xff, 0xff, 0xff, 0xff, 0xff, 0xf3, 0x6f, 0x7b, 0x7f, 0xfd, 0xff, 0xef, 0xcb, 0xff, 0x7f, 0xff, 0xff, 0xff, 0xff,
    0xff, 0xf6, 0xff, 0xf8, 0x0f, 0xed, 0x84, 0x37, 0xfc, 0xff, 0xff, 0xc0, 0xe0, 0x03, 0xff, 0x9c, 0x0f, 0xff, 0x20, 0x7f, 0xff, 0xff, 0xff, 0xc0,
    0xff, 0xff, 0xff, 0xff, 0xff, 0xff, 0xdf, 0xff, 0xc4, 0x1f, 0x10, 0xff, 0xff, 0xff, 0xff, 0xff, 0xff, 0xfd, 0xff, 0xbf, 0xff, 0xff, 0xe0, 0x00,
    0x00, 0x03, 0xff, 0xff, 0xdf, 0xfb, 0xb7, 0xff, 0xff, 0x08, 0x00, 0x00, 0xff, 0xbf, 0xff, 0xff, 0xef, 0xff, 0xff, 0xff, 0xff, 0xff, 0xff, 0xfb,
    0xff, 0xff, 0xff, 0xff, 0xff, 0xff, 0xf9, 0xff, 0xff, 0xff, 0xff, 0xff, 0xef, 0xc7, 0x0f, 0x7f, 0xfe, 0xff, 0xff, 0xff, 0xff, 0xf6, 0xff, 0xf0,
    0x03, 0xe7, 0xa1, 0x1b, 0xfe, 0xff, 0xff, 0xc4, 0x20, 0x01, 0xff, 0xfe, 0x27, 0xff, 0x00, 0x1f, 0xff, 0xff, 0xff, 0xff, 0x00, 0x9f, 0xff, 0xff,
    0xff, 0xff, 0xfd, 0xff, 0xd8, 0x00, 0xdf, 0xff, 0xff, 0xff, 0xff, 0xff, 0xff, 0xff, 0xf7, 0x00, 0xdf, 0xff, 0x80, 0x00, 0x00, 0x0f, 0xff, 0xff,
    0xff, 0xff, 0xe4, 0x4d, 0x7f, 0xe0, 0x40, 0x00, 0xff, 0xff, 0xff, 0x7b, 0xbb, 0x7f, 0xff, 0xff, 0xff, 0xff, 0xfe, 0xfe, 0xf7, 0xff, 0xff, 0xff,
    0xff, 0xff, 0xff, 0xb7, 0xbe, 0xdf, 0xfe, 0xed, 0xde, 0x8f, 0xcf, 0x7f, 0xff, 0xff, 0xff, 0xff, 0xff, 0xf6, 0xff, 0xf0, 0x01, 0xd6, 0xc0, 0x19,
    0xfe, 0x7f, 0xff, 0xf0, 0x30, 0x00, 0xff, 0xff, 0x03, 0xff, 0x80, 0x1f, 0xff, 0xff, 0xff, 0xff, 0xff, 0x80, 0x9d, 0xff, 0xff, 0xff, 0xfe, 0x72,
    0x03, 0xff, 0xff, 0xff, 0xff, 0xff, 0xff, 0xff, 0xff, 0xff, 0xff, 0xc0, 0x00, 0x1b, 0x80, 0x00, 0x00, 0x9f, 0xff, 0xff, 0xff, 0xff, 0x00, 0x00,
    0x06, 0xfc, 0x00, 0x00, 0xfb, 0xff, 0xfd, 0xee, 0xdf, 0xdb, 0xff, 0xff, 0xff, 0xff, 0xff, 0xef, 0xfd, 0xff, 0xff, 0xff, 0xff, 0xff, 0x1f, 0xfe,
    0xf7, 0xff, 0xff, 0xf9, 0x9f, 0xff, 0xe7, 0x7f, 0xff, 0xff, 0xff, 0xf9, 0x3f, 0xfd, 0xff, 0xe0, 0x01, 0xe3, 0xc8, 0x19, 0xff, 0x7c, 0xff, 0xf9,
    0x18, 0x00, 0x7f, 0xf9, 0xc3, 0xff, 0x80, 0x07, 0xff, 0xff, 0xff, 0xff, 0xff, 0xff, 0xc0, 0x00, 0x26, 0x66, 0x02, 0x1f, 0xff, 0xff, 0xff, 0xff,
    0xff, 0xff, 0xff, 0xff, 0xff, 0xff, 0xff, 0xe2, 0x00, 0x00, 0x12, 0x35, 0xff, 0xbf, 0xff, 0xfe, 0xfd, 0xf6, 0x02, 0x20, 0x80, 0x0f, 0xc0, 0x00,
    0xff, 0xff, 0xff, 0xfd, 0xf6, 0xdf, 0xff, 0xff, 0xff, 0xff, 0xfb, 0x7f, 0xdf, 0x7f, 0xff, 0xff, 0xff, 0xfe, 0x07, 0xdf, 0xfd, 0xef, 0xff, 0xdc,
    0x3f, 0xff, 0xf7, 0x7f, 0xff, 0xff, 0xff, 0xf8, 0x1f, 0xf9, 0xff, 0xe0, 0x00, 0xe3, 0x74, 0x4f, 0xdb, 0xb8, 0x7f, 0xfe, 0x18, 0x00, 0x7f, 0xc1,
    0xc1, 0xef, 0x80, 0x07, 0xfd, 0xff, 0xff, 0xff, 0xff, 0xff, 0xff, 0xfb, 0x80, 0x9b, 0xff, 0xff, 0xff, 0xff, 0xff, 0xff, 0xff, 0xff, 0xff, 0xff,
    0xf8, 0x00, 0x36, 0xf8, 0x22, 0x20, 0x00, 0x00, 0x00, 0x7f, 0xff, 0xef, 0xff, 0xf0, 0x08, 0x00, 0x00, 0x01, 0xfe, 0x00, 0xff, 0x7f, 0xbe, 0xdd,
    0xbe, 0xf5, 0xbf, 0xff, 0xff, 0xff, 0xff, 0x9d, 0xff, 0xff, 0xff, 0xff, 0xff, 0xe0, 0x73, 0xfd, 0xdf, 0x7f, 0xff, 0xfc, 0x7f, 0xff, 0xf3, 0x7f,
    0xff, 0xff, 0xff, 0xff, 0xcf, 0xfb, 0xff, 0xe0, 0x00, 0xe1, 0xf2, 0x0d, 0xff, 0x98, 0x7f, 0xff, 0x0c, 0x00, 0x3d, 0x84, 0x70, 0xe7, 0xc0, 0x01,
    0xff, 0xff, 0xff, 0xff, 0xff, 0xff, 0xff, 0xff, 0xff, 0xff, 0xff, 0xff, 0xff, 0xff, 0xff, 0xff, 0xff, 0xff, 0xff, 0xff, 0xfc, 0x00, 0x00, 0x01,
    0x08, 0x80, 0x00, 0x00, 0x02, 0xff, 0xff, 0xff, 0xef, 0xb8, 0x40, 0x92, 0x49, 0x00, 0x02, 0x00, 0xff, 0xfd, 0xfe, 0xd7, 0xef, 0xbf, 0xff, 0xff,
    0xff, 0xff, 0xff, 0x87, 0xf6, 0xff, 0xff, 0xff, 0xff, 0xc7, 0xf9, 0x3f, 0xf7, 0xdf, 0xff, 0xff, 0xff, 0xff, 0xfb, 0xff, 0xff, 0xff, 0xff, 0xff,
    0xff, 0xdf, 0xff, 0xe0, 0xe0, 0x70, 0xd8, 0x05, 0xff, 0xdc, 0x3f, 0xff, 0xc4, 0x00, 0x1f, 0x90, 0x30, 0x73, 0xe1, 0x01, 0xff, 0xff, 0xff, 0xff,
    0xff, 0xff, 0xff, 0xff, 0xff, 0xff, 0xff, 0xff, 0xff, 0xff, 0xff, 0xff, 0xff, 0xff, 0xff, 0xff, 0xff, 0x20, 0x40, 0x00, 0x00, 0x00, 0x00, 0x00,
    0x03, 0xff, 0xff, 0x7f, 0xfe, 0xfe, 0x12, 0x00, 0x10, 0x00, 0x00, 0x00, 0xef, 0xff, 0xff, 0xf6, 0x7b, 0x6e, 0xdf, 0xff, 0xff, 0xff, 0xff, 0xe7,
    0xdf, 0xff, 0xff, 0xff, 0xff, 0x9f, 0xed, 0x77, 0xbd, 0xff, 0xff, 0xf7, 0xfb, 0xff, 0xfb, 0xff, 0xff, 0xff, 0xff, 0xff, 0xff, 0xff, 0xff, 0xf0,
    0x7c, 0x30, 0x7d, 0x25, 0xf3, 0xfc, 0x1f, 0xff, 0xc2, 0x00, 0x0f, 0xc2, 0x1c, 0x39, 0xe0, 0x08, 0x3f, 0xff, 0xff, 0xff, 0xff, 0xff, 0xff, 0xff,
    0xff, 0xff, 0xff, 0xff, 0xff, 0xff, 0xff, 0xff, 0xff, 0xff, 0xff, 0xff, 0xff, 0x80, 0x00, 0x00, 0x00, 0x00, 0x00, 0x00, 0x07, 0xff, 0xff, 0xff,
    0xff, 0xff, 0x00, 0x49, 0x00, 0x00, 0x00, 0x00, 0xff, 0xff, 0xfd, 0x7f, 0xdf, 0xfb, 0xf7, 0xff, 0xff, 0xff, 0xff, 0xef, 0x7f, 0xff, 0xff, 0xff,
    0xff, 0x9f, 0x7c, 0x7f, 0xff, 0x6f, 0xff, 0xff, 0xff, 0xff, 0xf2, 0xff, 0xff, 0xff, 0xff, 0xff, 0xf0, 0x3f, 0xff, 0xf0, 0xdf, 0xf0, 0x6e, 0x06,
    0xe1, 0xec, 0x8f, 0xff, 0xe0, 0x00, 0x07, 0xc0, 0x0c, 0x3d, 0xf0, 0x00, 0x0f, 0xff, 0xff, 0xff, 0xff, 0xff, 0xff, 0xff, 0xff, 0xff, 0xff, 0xff,
    0xff, 0xff, 0xff, 0xff, 0xff, 0xff, 0xff, 0xff, 0xff, 0xf0, 0x00, 0x00, 0x00, 0x00, 0x00, 0x00, 0x0f, 0xff, 0xbb, 0xff, 0xfb, 0xff, 0xc4, 0x00,
    0x40, 0x00, 0x00, 0x00, 0xff, 0xef, 0xfd, 0xcd, 0xf6, 0xdf, 0x7d, 0xff, 0xff, 0xff, 0xff, 0xff, 0xfb, 0x7f, 0xff, 0xff, 0xff, 0x9b, 0xdc, 0xfb,
    0x61, 0xfb, 0xff, 0xff, 0xff, 0xff, 0xf5, 0xff, 0xff, 0xff, 0xff, 0xff, 0xff, 0x3f, 0xff, 0xf1, 0x8f, 0xf9, 0x3b, 0x42, 0xe0, 0x76, 0x0f, 0xff,
    0xf0, 0x00, 0x07, 0xc8, 0x06, 0x1f, 0xf8, 0x00, 0x0f, 0xbf, 0xff, 0xff, 0xff, 0xff, 0xff, 0xff, 0xff, 0xff, 0xff, 0xff, 0xff, 0xff, 0xff, 0xff,
    0xff, 0xff, 0xff, 0xff, 0xff, 0xfe, 0x00, 0x00, 0x00, 0x00, 0x00, 0x00, 0x1f, 0xff, 0xff, 0xfe, 0x02, 0x5e, 0xf0, 0x24, 0x00, 0x00, 0x00, 0x00,
    0xff, 0x7f, 0xff, 0xbf, 0x7f, 0x77, 0xdf, 0x7f, 0xff, 0xff, 0xff, 0xff, 0xff, 0xff, 0xff, 0xff, 0xff, 0xbf, 0xf7, 0xff, 0xe0, 0xdf, 0xff, 0xff,
    0xff, 0xff, 0xf3, 0xff, 0xff, 0xff, 0xff, 0xff, 0xff, 0xdb, 0xff, 0xf1, 0x03, 0xfb, 0x1f, 0x8b, 0xe0, 0x76, 0x0f, 0xff, 0xf2, 0x00, 0x03, 0xc0,
    0x03, 0x0f, 0xf8, 0x00, 0x03, 0xff, 0xff, 0xff, 0xff, 0xff, 0xff, 0xff, 0xff, 0xff, 0xff, 0xff, 0xff, 0xff, 0xff, 0xff, 0xff, 0xff, 0xff, 0xff,
    0xff, 0xff, 0xf0, 0x00, 0x00, 0x00, 0x00, 0x07, 0xbf, 0xff, 0xff, 0xf0, 0x00, 0x00, 0x7c, 0x80, 0x00, 0x00, 0x00, 0x00, 0xfd, 0xff, 0xdb, 0x77,
    0xcd, 0xdd, 0xf3, 0xdf, 0xff, 0xff, 0xff, 0xf7, 0xbd, 0xbf, 0xff, 0xff, 0xff, 0xf9, 0xbf, 0xef, 0xfe, 0x77, 0xff, 0xff, 0xff, 0xff, 0xff, 0xf9,
    0xff, 0xff, 0xff, 0xff, 0xff, 0xdf, 0xff, 0xf9, 0x00, 0xf8, 0x1d, 0xc3, 0x64, 0x7e, 0x47, 0xff, 0xf8, 0x00, 0x03, 0xe4, 0x00, 0x87, 0xfc, 0x00,
    0x01, 0xff, 0xff, 0xff, 0xff, 0xff, 0xff, 0xff, 0xff, 0xff, 0xff, 0xff, 0xff, 0xff, 0xff, 0xff, 0xff, 0xff, 0xfb, 0xff, 0xff, 0xff, 0xff, 0x80,
    0x00, 0x00, 0x67, 0xbf, 0x7f, 0xff, 0xff, 0x80, 0x40, 0x00, 0x07, 0xc2, 0x00, 0x00, 0x00, 0x00, 0xf7, 0xff, 0x7d, 0xd9, 0xbf, 0x7d, 0xbe, 0xf7,
    0xff, 0xff, 0xf8, 0x73, 0xf7, 0xff, 0xff, 0xff, 0xff, 0xf8, 0x7b, 0xff, 0xff, 0x7f, 0xff, 0xff, 0xff, 0xff, 0xff, 0xe0, 0xff, 0xff, 0xff, 0xff,
    0xff, 0xcf, 0x7f, 0xf9, 0x00, 0xf8, 0x0f, 0x69, 0xe0, 0x3f, 0x13, 0xff, 0xfc, 0x00, 0x01, 0xe0, 0x00, 0x41, 0xfc, 0x00, 0x00, 0xfd, 0xff, 0xff,
    0xff, 0xff, 0xff, 0xff, 0xff, 0xff, 0xff, 0xff, 0xff, 0xff, 0xff, 0xff, 0xff, 0xff, 0xff, 0xfd, 0xff, 0xff, 0xff, 0xff, 0x6f, 0xff, 0xff, 0xfc,
    0xff, 0xff, 0xbe, 0x01, 0x08, 0x41, 0x00, 0x7c, 0x00, 0x00, 0x00, 0x40, 0xff, 0xff, 0xfe, 0xef, 0x61, 0xaf, 0xef, 0xbf, 0xff, 0xff, 0xf0, 0x19,
    0xff, 0xff, 0xff, 0xff, 0xff, 0xfe, 0x7f, 0xbf, 0xff, 0xed, 0xff, 0xff, 0xff, 0xff, 0xff, 0xfc, 0x3f, 0xff, 0xff, 0xff, 0xe0, 0xe7, 0xff, 0xf8,
    0x00, 0x78, 0x86, 0xf1, 0xf1, 0x0f, 0x01, 0xff, 0xff, 0x00, 0x00, 0xf0, 0x00, 0x40, 0xfe, 0x00, 0x00, 0x7f, 0xfb, 0xff, 0xfb, 0xff, 0xff, 0xff,
    0xff, 0xff, 0xff, 0xff, 0xff, 0xff, 0xff, 0xff, 0xff, 0xff, 0xff, 0xff, 0xff, 0xff, 0xff, 0xff, 0xff, 0xff, 0xff, 0xf9, 0xff, 0xfe, 0xfe, 0x08,
    0x22, 0x08, 0x00, 0x07, 0x70, 0x00, 0x03, 0x00,
};

constexpr uint8_t kGreatWaveGray[] = {
    0xaa, 0xaa, 0xaa, 0xaa, 0xaa, 0x51, 0xaa, 0xaa, 0xaa, 0xaa, 0x7d, 0x24, 0x5b, 0xf5, 0xd7, 0x9f, 0xaa, 0xaa, 0xaa, 0xaa, 0xba, 0xeb, 0xab, 0xae,
    0xae, 0xaa, 0xaa, 0xba, 0xe9, 0x1b, 0xff, 0xff, 0xff, 0xff, 0xff, 0xff, 0xff, 0xff, 0xff, 0xff, 0xff, 0xff, 0xff, 0xf9, 0x6f, 0xfb, 0xa5, 0xb9,
    0x59, 0x55, 0x5b, 0xff, 0xf8, 0x00, 0x16, 0xd1, 0x45, 0x00, 0x00, 0x00, 0x2f, 0x81, 0x40, 0x6b, 0x80, 0x00, 0x00, 0x00, 0x00, 0x00, 0x00, 0x1f,
    0xff, 0xff, 0xff, 0xd1, 0xaa, 0x4b, 0xfc, 0xaf, 0xbf, 0xf8, 0x6f, 0xbf, 0xff, 0xee, 0xff, 0x7e, 0x6a, 0xfa, 0xef, 0xba, 0xfb, 0xef, 0xeb, 0xbf,
    0xff, 0xff, 0xff, 0xff, 0xff, 0xff, 0xff, 0xff, 0xff, 0xff, 0xff, 0xff, 0xff, 0xff, 0xff, 0xff, 0xff, 0xff, 0xff, 0xef, 0xff, 0xff, 0xff, 0xff,
    0xff, 0xff, 0xff, 0xff, 0xff, 0xff, 0xff, 0xff, 0xff, 0xff, 0xff, 0xff, 0xff, 0xff, 0xff, 0xff, 0xfb, 0xff, 0xff, 0xff, 0xff, 0xfb, 0xfb, 0xfb,
    0xfb, 0xfe, 0xff, 0xfb, 0xef, 0xfb, 0xef, 0xbe, 0xfb, 0xef, 0xbe, 0xfb, 0xef, 0xaf, 0xbe, 0xbe, 0xfb, 0xbf, 0xfe, 0xfe, 0xfb, 0xbe, 0xff, 0xff,
    0xff, 0xef, 0xbe, 0xfb, 0xef, 0xfe, 0xfb, 0xeb, 0xef, 0xbe, 0xeb, 0xae, 0xba, 0xba, 0xe0, 0xaa, 0xaa, 0xaa, 0xaa, 0xaa, 0x40, 0x7a, 0xaa, 0xba,
    0xaa, 0x6d, 0x69, 0x59, 0xb9, 0xe7, 0x9f, 0x6a, 0xab, 0xaf, 0xbb, 0xaf, 0xba, 0xfa, 0xaa, 0xea, 0xfb, 0xbe, 0xba, 0x91, 0xbf, 0xff, 0xbf, 0xff,
    0xff, 0xff, 0xff, 0xff, 0xff, 0xff, 0xff, 0xff, 0xff, 0xff, 0xff, 0x96, 0xa9, 0x59, 0x2e, 0x55, 0xbf, 0xe2, 0xff, 0xe4, 0x00, 0x00, 0xa1, 0x50,
    0x00, 0x00, 0x00, 0x3f, 0x44, 0x00, 0x0a, 0xd0, 0x00, 0x00, 0x00, 0x00, 0x06, 0x40, 0x7f, 0xff, 0xff, 0xff, 0x4a, 0xff, 0xe6, 0xfd, 0xff, 0xff,
    0xfe, 0xff, 0xfe, 0xee, 0xbf, 0xfd, 0x65, 0xb5, 0x6f, 0xeb, 0xab, 0xfb, 0xbe, 0x55, 0xaf, 0xaf, 0xbe, 0xff, 0xff, 0xff, 0xff, 0xbf, 0xff, 0xbf,
    0xef, 0xfe, 0xff, 0xff, 0xbf, 0xbb, 0xff, 0xff, 0xff, 0xff, 0xff, 0xff, 0xff, 0xff, 0xff, 0xff, 0xff, 0xff, 0xff, 0xff, 0xff, 0xff, 0xbf, 0xff,
    0xff, 0xff, 0xff, 0xef, 0xbe, 0xff, 0xbe, 0xff, 0xef, 0xfb, 0xef, 0xbe, 0xbf, 0xbe, 0xfb, 0xfb, 0xeb, 0xeb, 0xbe, 0xba, 0xbe, 0xfa, 0xef, 0xbe,
    0xbe, 0xfe, 0xfb, 0xfa, 0xfb, 0xeb, 0xeb, 0xeb, 0xae, 0xbe, 0xaf, 0xaf, 0xba, 0xef, 0xae, 0xba, 0xff, 0xbe, 0xfb, 0xee, 0xbe, 0xbb, 0xbe, 0xeb,
    0xba, 0xfa, 0xeb, 0xbb, 0xeb, 0xe0, 0xaa, 0xaa, 0xae, 0xab, 0xaa, 0x55, 0xab, 0xaf, 0xab, 0xaa, 0x6e, 0x99, 0x56, 0xf9, 0xe2, 0x9f, 0xaa, 0xba,
    0xaa, 0xab, 0xae, 0xbe, 0xae, 0xfa, 0xfa, 0xeb, 0xae, 0xfa, 0x1b, 0xef, 0xff, 0xbf, 0xff, 0xef, 0xff, 0xff, 0xfe, 0xff, 0xff, 0xff, 0xff, 0xff,
    0xff, 0xff, 0xf9, 0x6a, 0xff, 0x4b, 0xfb, 0xff, 0xf8, 0xbf, 0xf4, 0x00, 0x00, 0x28, 0x40, 0x00, 0x00, 0x00, 0x7e, 0x04, 0x00, 0x01, 0xf4, 0x00,
    0x00, 0x00, 0x00, 0x07, 0x81, 0xbf, 0x55, 0xbf, 0xff, 0x5f, 0xfe, 0xb5, 0xfa, 0xeb, 0xff, 0xff, 0xff, 0xff, 0xff, 0xff, 0xfe, 0x5b, 0xff, 0x96,
    0xfa, 0xbe, 0xbb, 0xf4, 0x69, 0x56, 0xfb, 0xff, 0xef, 0xaf, 0xbe, 0xeb, 0xff, 0xbe, 0xfb, 0xfa, 0xff, 0xef, 0xff, 0xff, 0xff, 0xff, 0xef, 0xfe,
    0xfb, 0xfb, 0xff, 0xff, 0xff, 0xff, 0xff, 0xff, 0xff, 0xff, 0xff, 0xff, 0xff, 0xff, 0xff, 0xff, 0xff, 0xff, 0xef, 0xff, 0xfb, 0xef, 0xaf, 0xff,
    0xbf, 0xff, 0xfb, 0xef, 0xbe, 0xfe, 0xfe, 0xff, 0xbf, 0xbf, 0xff, 0xaf, 0xbf, 0xeb, 0xef, 0xbe, 0xef, 0xbe, 0xbf, 0xeb, 0xef, 0xba, 0xbe, 0xfb,
    0xeb, 0xeb, 0xee, 0xfb, 0xeb, 0xff, 0xef, 0xeb, 0xeb, 0xee, 0xbf, 0xeb, 0xbe, 0xbe, 0xfb, 0xeb, 0xbe, 0xfb, 0xba, 0xeb, 0xa0, 0xaa, 0xaa, 0xaa,
    0xaa, 0xa6, 0x41, 0xaa, 0xaa, 0xba, 0xea, 0xbe, 0x1d, 0x95, 0xb5, 0xfb, 0x9f, 0xaa, 0xaa, 0xea, 0xea, 0xba, 0xea, 0xee, 0xab, 0xaf, 0xae, 0xea,
    0xe5, 0xbf, 0xef, 0xef, 0xfe, 0xbf, 0xbe, 0xfb, 0xff, 0xef, 0xff, 0xff, 0xbf, 0xff, 0xff, 0xff, 0xff, 0xff, 0xff, 0xff, 0xe6, 0xbf, 0xea, 0xfe,
    0x2f, 0xf4, 0x00, 0x00, 0x1d, 0x00, 0x00, 0x00, 0x00, 0x7c, 0x10, 0x00, 0x00, 0xbe, 0x00, 0x00, 0x00, 0x00, 0x12, 0xeb, 0xfd, 0x00, 0x1f, 0xfe,
    0x2f, 0x95, 0x16, 0xf6, 0xff, 0xf9, 0x56, 0xbf, 0xff, 0xff, 0xff, 0xff, 0xff, 0xff, 0xf8, 0xba, 0xff, 0xfe, 0x96, 0xff, 0x95, 0x6a, 0xeb, 0xff,
    0xfb, 0xfb, 0xff, 0xef, 0xff, 0xff, 0xff, 0xef, 0xff, 0xbe, 0xfb, 0xef, 0xff, 0xff, 0xff, 0xfb, 0xff, 0xef, 0xef, 0xff, 0xfe, 0xfb, 0xff, 0xff,
    0xff, 0xfb, 0xef, 0xff, 0xfe, 0xfe, 0xff, 0xbe, 0xfa, 0xff, 0xeb, 0xff, 0xef, 0xff, 0xbf, 0xfa, 0xfb, 0xef, 0xfb, 0xff, 0xaf, 0xaf, 0xbe, 0xfa,
    0xfa, 0xfb, 0xfb, 0xeb, 0xbe, 0xfb, 0xef, 0xeb, 0xaf, 0xae, 0xbe, 0xbe, 0xbf, 0xae, 0xfb, 0xbf, 0xbe, 0xef, 0xef, 0xbe, 0xfb, 0xef, 0xbe, 0xfe,
    0xaf, 0xbb, 0xff, 0xbe, 0xeb, 0xae, 0xfb, 0xae, 0xba, 0xbe, 0xbe, 0xe0, 0xaa, 0xab, 0xaa, 0xaa, 0xe6, 0x55, 0xaa, 0xfa, 0xae, 0xaa, 0x6e, 0x28,
    0x69, 0x66, 0xff, 0x9f, 0x6a, 0xaa, 0xee, 0xaa, 0xea, 0xab, 0xeb, 0xbe, 0xaf, 0xbe, 0xfb, 0x86, 0xfa, 0xfe, 0xfe, 0xff, 0xfb, 0xff, 0xff, 0xef,
    0xff, 0xbf, 0xff, 0xff, 0xfb, 0xff, 0xff, 0xff, 0xab, 0xbf, 0xfb, 0xfe, 0x1e, 0x41, 0x6f, 0x87, 0xf9, 0x00, 0x00, 0x1d, 0x00, 0x00, 0x00, 0x00,
    0xb8, 0x40, 0x00, 0x00, 0x7f, 0x40, 0x00, 0x00, 0x05, 0x10, 0xbf, 0xe4, 0x00, 0x0b, 0xff, 0x6f, 0x46, 0xa6, 0xe6, 0xbf, 0xe5, 0x55, 0x5f, 0xff,
    0xff, 0xff, 0xff, 0xff, 0xff, 0xfe, 0x5a, 0xaa, 0xa9, 0xaf, 0xff, 0xfe, 0x55, 0x6f, 0xbe, 0xff, 0xfb, 0xff, 0xbe, 0xfb, 0xef, 0xeb, 0xff, 0xff,
    0xff, 0xff, 0xff, 0xfb, 0xbf, 0xef, 0xfe, 0xff, 0xff, 0xff, 0xff, 0xff, 0xff, 0xff, 0xbf, 0xfe, 0xff, 0xfe, 0xfa, 0xbf, 0xef, 0xef, 0xfe, 0xff,
    0xeb, 0xff, 0xbe, 0xff, 0xfe, 0xfe, 0xff, 0xbe, 0xee, 0xfb, 0xef, 0xff, 0xfb, 0xef, 0xef, 0xef, 0xfb, 0xfa, 0xff, 0xae, 0xba, 0xeb, 0xfb, 0xef,
    0xef, 0xbe, 0xfa, 0xeb, 0xee, 0xbe, 0xbe, 0xfa, 0xfb, 0xaf, 0xbf, 0xeb, 0xfb, 0xbe, 0xbf, 0xfb, 0xef, 0xaf, 0xab, 0xfb, 0xef, 0xbf, 0xef, 0xae,
    0xea, 0xaa, 0xe0, 0xaa, 0xea, 0xaa, 0xaf, 0x86, 0x81, 0x6a, 0xab, 0xaa, 0xba, 0xaf, 0xaa, 0xff, 0xab, 0xff, 0x9f, 0x6a, 0xba, 0xaa, 0xbe, 0xaf,
    0xbb, 0xbb, 0xeb, 0xeb, 0xab, 0xbd, 0x2f, 0xbf, 0xff, 0xff, 0xfb, 0xff, 0xfe, 0xfe, 0xff, 0xfb, 0xff, 0xaf, 0xff, 0xff, 0xff, 0xff, 0xfe, 0xaf,
    0xbd, 0x45, 0xbf, 0x9d, 0x1a, 0x56, 0xd6, 0xff, 0x80, 0x01, 0x28, 0x00, 0x00, 0x00, 0x0a, 0xe1, 0x00, 0x00, 0x00, 0x2e, 0x00, 0x00, 0x01, 0x45,
    0x04, 0x14, 0x00, 0x00, 0x07, 0xff, 0xfe, 0x7f, 0xaa, 0xdf, 0xff, 0xd7, 0xfe, 0x96, 0xff, 0xff, 0xff, 0xff, 0xff, 0xff, 0xff, 0xea, 0x5b, 0xaa,
    0xff, 0xff, 0xff, 0xfe, 0x96, 0xff, 0xff, 0xbf, 0xaf, 0xff, 0xef, 0xef, 0xff, 0xbb, 0xfb, 0xef, 0xbf, 0xff, 0xff, 0xff, 0xfe, 0xff, 0xbe, 0xff,
    0xfe, 0xff, 0xef, 0xff, 0xbf, 0xfa, 0xff, 0xff, 0xbf, 0xbf, 0xff, 0xff, 0xff, 0xbf, 0xbf, 0xbf, 0xbf, 0xff, 0xfb, 0xef, 0xef, 0xef, 0xef, 0xff,
    0xbf, 0xbe, 0xfe, 0xfe, 0xfb, 0xbe, 0xfb, 0xae, 0xaf, 0xae, 0xeb, 0xaf, 0xbe, 0xbe, 0xfa, 0xeb, 0xab, 0xaf, 0xee, 0xfb, 0xef, 0xef, 0xef, 0xba,
    0xfa, 0xef, 0xfe, 0xbe, 0xfb, 0xfb, 0xba, 0xfb, 0xfa, 0xfb, 0xbe, 0xfb, 0xae, 0xfb, 0xee, 0xbe, 0xfb, 0xa0, 0xaa, 0xaa, 0xeb, 0xaa, 0x95, 0x1a,
    0x5e, 0xaa, 0xab, 0xaa, 0xaf, 0xbe, 0xaf, 0xfe, 0xff, 0xff, 0x6a, 0xab, 0xab, 0xab, 0xae, 0xba, 0xba, 0xeb, 0xba, 0xef, 0xa4, 0xbf, 0xff, 0xff,
    0xff, 0xbf, 0xff, 0xfe, 0xff, 0xfa, 0xff, 0xff, 0xff, 0xff, 0xbf, 0xfe, 0xfe, 0xff, 0xae, 0xa5, 0x69, 0x1b, 0xd4, 0x7f, 0xf4, 0xd6, 0xbf, 0xd0,
    0x05, 0x04, 0x00, 0x00, 0x00, 0x0f, 0x90, 0x00, 0x00, 0x00, 0x2e, 0x00, 0x00, 0x14, 0x04, 0x00, 0x00, 0x00, 0x00, 0x02, 0xff, 0xbe, 0xfa, 0xd7,
    0x5f, 0xff, 0xd7, 0xef, 0xf9, 0x7f, 0xff, 0xff, 0xff, 0xff, 0xff, 0xff, 0xff, 0xff, 0xff, 0xff, 0xff, 0xff, 0xff, 0xf5, 0xbe, 0xa5, 0xbf, 0xfb,
    0xeb, 0xfe, 0xff, 0xff, 0xfb, 0xff, 0xff, 0xbe, 0xfb, 0xef, 0xfe, 0xff, 0xff, 0xff, 0xff, 0xef, 0xff, 0xff, 0xef, 0xff, 0xff, 0xff, 0xff, 0xff,
    0xff, 0xfb, 0xff, 0xff, 0xfb, 0xeb, 0xfe, 0xfb, 0xef, 0xbf, 0xff, 0xef, 0xee, 0xff, 0xbf, 0xfb, 0xfb, 0xaf, 0xaf, 0xbf, 0xbe, 0xfb, 0xff, 0xef,
    0xae, 0xeb, 0xeb, 0xbe, 0xbe, 0xbf, 0xbe, 0xfb, 0xeb, 0xee, 0xbb, 0xae, 0xeb, 0xaf, 0xaf, 0xbf, 0xee, 0xbf, 0xef, 0xeb, 0xfb, 0xbf, 0xbb, 0xff,
    0xbf, 0xaf, 0xab, 0xea, 0xfa, 0xeb, 0xae, 0xbb, 0xe0, 0xaa, 0xaa, 0xae, 0xba, 0xb6, 0x56, 0x5a, 0xaa, 0xfa, 0xaa, 0x7e, 0xb9, 0x6e, 0xff, 0xef,
    0xff, 0x6a, 0xaf, 0xae, 0xaa, 0xea, 0xaf, 0xae, 0xba, 0xbe, 0xae, 0x92, 0xfe, 0xff, 0xef, 0xbf, 0xff, 0xef, 0xbf, 0xef, 0xbf, 0xff, 0xbf, 0xff,
    0xff, 0xff, 0xbf, 0xff, 0xff, 0xaa, 0xeb, 0xbb, 0x92, 0xd2, 0xff, 0xbd, 0xe6, 0xab, 0xe0, 0x50, 0x00, 0x00, 0x00, 0x01, 0x45, 0x00, 0x00, 0x00,
    0x00, 0x1e, 0x00, 0x01, 0x41, 0x40, 0x00, 0x00, 0x14, 0x00, 0x40, 0xff, 0x7f, 0xeb, 0xd0, 0x2f, 0xff, 0x9b, 0xff, 0xff, 0x5b, 0xff, 0xff, 0xff,
    0xff, 0xff, 0xff, 0xff, 0xff, 0xff, 0xff, 0xff, 0xff, 0xff, 0xfd, 0x79, 0x55, 0x5b, 0xfb, 0xff, 0xff, 0xff, 0xbe, 0xff, 0xbe, 0xfb, 0xff, 0xff,
    0xef, 0xbf, 0xff, 0xbe, 0xfb, 0xef, 0xff, 0xff, 0xff, 0xff, 0xfb, 0xff, 0xfb, 0xee, 0xff, 0xff, 0xff, 0xef, 0xef, 0xfb, 0xfe, 0xfb, 0xff, 0xff,
    0xff, 0xbe, 0xfa, 0xfe, 0xfa, 0xfa, 0xfb, 0xeb, 0xff, 0xbb, 0xef, 0xef, 0xae, 0xbb, 0xea, 0xfb, 0xea, 0xbe, 0xab, 0xef, 0xaf, 0xbe, 0xae, 0xfa,
    0xfb, 0xbe, 0xfa, 0xff, 0xfa, 0xfb, 0xbe, 0xff, 0xef, 0xfa, 0xfe, 0xfb, 0xef, 0xbe, 0xaf, 0xab, 0xfb, 0xbe, 0xff, 0xaf, 0xbe, 0xef, 0xae, 0xe0,
    0xaa, 0xaf, 0xaa, 0xaa, 0xa5, 0x4a, 0x5a, 0xba, 0xaa, 0xba, 0x6f, 0xe5, 0xbb, 0xaa, 0xfe, 0xbb, 0xaa, 0xaa, 0xba, 0xea, 0xeb, 0xeb, 0xef, 0xae,
    0xab, 0xae, 0x5b, 0xff, 0xee, 0xff, 0xfb, 0xfe, 0xff, 0xfb, 0xff, 0xff, 0xfb, 0xff, 0xff, 0xff, 0xff, 0xff, 0xff, 0xff, 0xef, 0xae, 0xaa, 0xf5,
    0xe7, 0x94, 0x12, 0xe4, 0x07, 0xe1, 0x50, 0x00, 0x00, 0x00, 0x05, 0x40, 0x40, 0x00, 0x00, 0x00, 0x0e, 0x00, 0x14, 0x10, 0x00, 0x00, 0x41, 0x01,
    0x00, 0x54, 0x7e, 0x6f, 0xbe, 0xb9, 0xff, 0xff, 0xff, 0xaa, 0xff, 0x90, 0x6f, 0xff, 0xff, 0xff, 0xff, 0xff, 0xff, 0xff, 0xff, 0xff, 0xff, 0xff,
    0xf9, 0xbf, 0x65, 0xff, 0x96, 0xbf, 0xff, 0xbf, 0xfb, 0xfb, 0xef, 0xff, 0xfe, 0xff, 0xbf, 0xff, 0xfb, 0xfb, 0xff, 0xff, 0xef, 0xff, 0xfe, 0xff,
    0xff, 0xff, 0xef, 0xff, 0xff, 0xfb, 0xeb, 0xef, 0xff, 0xfe, 0xbf, 0xbf, 0xfb, 0xef, 0xff, 0xff, 0xff, 0xbf, 0xbe, 0xfb, 0xef, 0xbe, 0xff, 0xbb,
    0xfb, 0xef, 0xaf, 0xbe, 0xfa, 0xfe, 0xfa, 0xfe, 0xbe, 0xfb, 0xeb, 0xfa, 0xeb, 0xef, 0xbf, 0xbb, 0xeb, 0xfa, 0xbe, 0xbe, 0xfa, 0xfa, 0xeb, 0xee,
    0xbf, 0xbe, 0xfa, 0xfa, 0xef, 0xeb, 0xfa, 0xfa, 0xfa, 0xeb, 0xee, 0xbe, 0xea, 0xae, 0xb0, 0xaa, 0xaa, 0xaa, 0xae, 0xe4, 0x19, 0x1a, 0xab, 0xaa,
    0xaa, 0xbe, 0xa9, 0x56, 0xf9, 0xbd, 0x7f, 0x6a, 0xba, 0xba, 0xae, 0xba, 0xea, 0xea, 0xae, 0xeb, 0xf9, 0x2f, 0xef, 0xff, 0xfe, 0xff, 0xff, 0xfe,
    0xff, 0xbe, 0xff, 0xbf, 0xff, 0xff, 0xff, 0xfb, 0xff, 0xff, 0xef, 0xe5, 0xbb, 0xef, 0xaa, 0xea, 0x00, 0x00, 0x90, 0x02, 0xe1, 0x00, 0x00, 0x00,
    0x00, 0x54, 0x54, 0x00, 0x00, 0x00, 0x00, 0x2d, 0x00, 0x50, 0x40, 0x01, 0x14, 0x00, 0x00, 0x00, 0x04, 0x7e, 0x6e, 0xba, 0xff, 0xff, 0xff, 0xfe,
    0x16, 0xbf, 0xfa, 0x56, 0xff, 0xff, 0xff, 0xff, 0xff, 0xff, 0xff, 0xff, 0xff, 0xff, 0xff, 0xd1, 0x4b, 0xaf, 0xff, 0xa9, 0x5a, 0xbf, 0xfb, 0xff,
    0xff, 0xfe, 0xff, 0xbf, 0xef, 0xff, 0xbf, 0xfb, 0xff, 0xff, 0xef, 0xff, 0xef, 0xef, 0xff, 0xfe, 0xfe, 0xfb, 0xfe, 0xff, 0xbf, 0xff, 0xff, 0xbe,
    0xff, 0xfe, 0xfb, 0xbe, 0xfb, 0xfb, 0xee, 0xfb, 0xff, 0xbf, 0xbf, 0xef, 0xbe, 0xff, 0xbe, 0xfe, 0xfe, 0xfb, 0xeb, 0xfe, 0xbe, 0xbe, 0xeb, 0xeb,
    0xeb, 0xbe, 0xbe, 0xfb, 0xbb, 0xaf, 0xbe, 0xfb, 0xaf, 0xeb, 0xaf, 0xae, 0xeb, 0xef, 0xbf, 0xff, 0xaf, 0xae, 0xbe, 0xeb, 0xfa, 0xbe, 0xef, 0xaf,
    0xbe, 0xfa, 0xea, 0xbe, 0xba, 0xe0, 0xaa, 0xea, 0xeb, 0xea, 0xe5, 0x51, 0x6b, 0xaa, 0xae, 0xaa, 0x6f, 0x99, 0x5a, 0xf9, 0xaa, 0x7f, 0x6a, 0xab,
    0xab, 0xae, 0xba, 0xfa, 0xeb, 0xea, 0xee, 0xb4, 0xbf, 0xfe, 0xfb, 0xef, 0xff, 0xfb, 0xff, 0xff, 0xff, 0xef, 0xff, 0xff, 0xff, 0xef, 0xff, 0xea,
    0xaf, 0xff, 0xf8, 0x6a, 0xff, 0xfa, 0x9a, 0x00, 0x00, 0x40, 0x02, 0xf4, 0x00, 0x00, 0x00, 0x00, 0x50, 0x40, 0x00, 0x00, 0x00, 0x00, 0x74, 0x05,
    0x01, 0x00, 0x05, 0x00, 0x00, 0x00, 0x00, 0x04, 0x7e, 0x2e, 0xff, 0xff, 0xff, 0xff, 0xfd, 0x7e, 0xbf, 0xfb, 0xa4, 0xbf, 0xff, 0xaa, 0xbf, 0xff,
    0xff, 0xff, 0xff, 0xff, 0xff, 0xff, 0xd6, 0x97, 0xaf, 0xfe, 0xba, 0x95, 0x5b, 0xff, 0xbe, 0xfe, 0xff, 0xff, 0xfb, 0xfe, 0xff, 0xff, 0xbf, 0xef,
    0xfb, 0xff, 0xfe, 0xff, 0xff, 0xbf, 0xff, 0xef, 0xff, 0xff, 0xff, 0xff, 0xff, 0xff, 0xff, 0xef, 0xbe, 0xfb, 0xfe, 0xff, 0xff, 0xff, 0xfb, 0xeb,
    0xeb, 0xee, 0xbf, 0xef, 0xaf, 0xbe, 0xef, 0xff, 0xfa, 0xfb, 0xaf, 0xaf, 0xae, 0xbe, 0xbe, 0xbe, 0xbf, 0xeb, 0xaf, 0xbb, 0xeb, 0xee, 0xbb, 0xee,
    0xfb, 0xeb, 0xef, 0xbe, 0xbf, 0xbb, 0xae, 0xfb, 0xef, 0xaf, 0xbe, 0xbf, 0xaf, 0xae, 0xbf, 0xba, 0xbb, 0xef, 0xaf, 0xab, 0xa0, 0xbe, 0xaa, 0xaa,
    0xaa, 0xa6, 0xaa, 0xaa, 0xba, 0xaa, 0xba, 0x6f, 0x95, 0x5b, 0xb6, 0xd5, 0x1b, 0x6a, 0xae, 0xaa, 0xba, 0xae, 0xbe, 0xba, 0xeb, 0xae, 0x91, 0xff,
    0xbf, 0xff, 0xff, 0xff, 0xbf, 0xbf, 0xff, 0xff, 0xfe, 0xfb, 0xff, 0xff, 0xfe, 0xff, 0x90, 0x05, 0x56, 0xfe, 0x2f, 0xea, 0xb9, 0x09, 0x00, 0x00,
    0x00, 0x01, 0xbd, 0x00, 0x00, 0x00, 0x01, 0x05, 0x00, 0x00, 0x00, 0x00, 0x00, 0x00, 0x10, 0x40, 0x00, 0x40, 0x00, 0x00, 0x00, 0x00, 0x00, 0xbd,
    0x7b, 0xff, 0xf9, 0x57, 0xff, 0xf9, 0xff, 0xef, 0xfa, 0xf8, 0xbf, 0xfe, 0x05, 0x1f, 0xfa, 0xff, 0xff, 0xff, 0xff, 0xff, 0xff, 0xbe, 0xa7, 0xff,
    0xfe, 0xfb, 0xff, 0x86, 0xfb, 0xfb, 0xff, 0xef, 0xfe, 0xff, 0xbf, 0xff, 0xff, 0xff, 0xff, 0xff, 0xff, 0xff, 0xfb, 0xff, 0xfe, 0xff, 0xff, 0xff,
    0xbf, 0xff, 0xff, 0xff, 0xef, 0xfb, 0xff, 0xbf, 0xff, 0xff, 0xfe, 0xff, 0xfb, 0xff, 0xbf, 0xff, 0xef, 0xfa, 0xfb, 0xfb, 0xef, 0xbf, 0xaf, 0xaf,
    0xbf, 0xfa, 0xfb, 0xef, 0xae, 0xae, 0xef, 0xeb, 0xeb, 0xea, 0xfa, 0xfe, 0xeb, 0xee, 0xfa, 0xfa, 0xfa, 0xeb, 0xae, 0xfa, 0xfb, 0xfe, 0xfa, 0xeb,
    0xeb, 0xaf, 0xaf, 0xeb, 0xfa, 0xfa, 0xeb, 0xfb, 0xae, 0xea, 0xba, 0xf0, 0xae, 0xab, 0xae, 0xbe, 0xab, 0xaa, 0xaa, 0xaa, 0xba, 0xaa, 0xba, 0xe5,
    0x5b, 0xb8, 0xe5, 0x63, 0xaa, 0xae, 0xae, 0xaa, 0xeb, 0xab, 0xae, 0xba, 0xeb, 0x47, 0xfb, 0xff, 0xbf, 0xfb, 0xfb, 0xff, 0xfe, 0xfb, 0xfe, 0xff,
    0xff, 0xbf, 0xef, 0xbf, 0xee, 0x16, 0xa5, 0x54, 0x7f, 0x5e, 0x40, 0x0b, 0x6d, 0x00, 0x00, 0x00, 0x14, 0x7f, 0x40, 0x00, 0x00, 0x55, 0x11, 0x00,
    0x00, 0x00, 0x00, 0x00, 0x00, 0x51, 0x00, 0x01, 0x40, 0x00, 0x00, 0x00, 0x00, 0x02, 0xfa, 0xfb, 0xff, 0xe6, 0x91, 0xbf, 0xf9, 0xba, 0xfb, 0xff,
    0xed, 0x7f, 0xfd, 0x6f, 0x97, 0xf9, 0xbf, 0xff, 0xff, 0xff, 0xff, 0xff, 0xeb, 0xef, 0xfa, 0xfe, 0x6f, 0xff, 0xe1, 0xfb, 0xff, 0xfb, 0xfe, 0xff,
    0xff, 0xff, 0xef, 0xfb, 0xef, 0xbf, 0xef, 0xef, 0xff, 0xff, 0xff, 0xff, 0xef, 0xfe, 0xbf, 0xff, 0xff, 0xff, 0xff, 0xfe, 0xff, 0xff, 0xef, 0xbe,
    0xfb, 0xef, 0xef, 0xee, 0xbf, 0xfe, 0xbe, 0xbb, 0xef, 0xbf, 0xfb, 0xef, 0xbe, 0xfe, 0xff, 0xeb, 0xaf, 0xba, 0xfb, 0xeb, 0xeb, 0xeb, 0xea, 0xfa,
    0xfe, 0xee, 0xae, 0xfa, 0xee, 0xbf, 0xaf, 0xbe, 0xbe, 0xfa, 0xef, 0xaf, 0xbf, 0xbe, 0xfa, 0xbe, 0xeb, 0xea, 0xfa, 0xfb, 0xee, 0xfe, 0xae, 0xba,
    0xfa, 0xbe, 0xe0, 0xaa, 0xaa, 0xba, 0xaa, 0xea, 0xba, 0xeb, 0xaa, 0xab, 0xea, 0xae, 0xe5, 0x5b, 0xf6, 0x95, 0x57, 0xaa, 0xaa, 0xaa, 0xae, 0xba,
    0xba, 0xeb, 0xae, 0xae, 0x1b, 0xff, 0xef, 0xfb, 0xff, 0xff, 0xff, 0xff, 0xff, 0xff, 0xff, 0xef, 0xff, 0xff, 0xff, 0xf9, 0x2e, 0xaf, 0xa9, 0x2f,
    0x5c, 0x00, 0x06, 0xfe, 0x00, 0x00, 0x01, 0x45, 0x1f, 0x80, 0x00, 0x00, 0x41, 0x50, 0x00, 0x00, 0x00, 0x00, 0x00, 0x05, 0x40, 0x00, 0x04, 0x00,
    0x00, 0x00, 0x00, 0x00, 0x0b, 0xeb, 0xff, 0xff, 0xef, 0xbd, 0x5b, 0xfd, 0xbf, 0xff, 0xff, 0xbe, 0x6f, 0xfe, 0xfa, 0xf5, 0xf8, 0x7f, 0xff, 0xff,
    0xff, 0xfe, 0x56, 0xfd, 0x7f, 0x80, 0x6f, 0x5a, 0xab, 0xf8, 0xbf, 0xef, 0xbf, 0xbf, 0xbf, 0xbe, 0xbf, 0xfe, 0xff, 0xff, 0xfe, 0xfe, 0xfe, 0xfe,
    0xfe, 0xff, 0xfb, 0xff, 0xef, 0xbe, 0xff, 0xfb, 0xef, 0xbe, 0xff, 0xef, 0xef, 0xeb, 0xbf, 0xef, 0xbf, 0xfe, 0xff, 0xbe, 0xbf, 0xef, 0xfb, 0xff,
    0xfe, 0xbe, 0xfb, 0xfe, 0xff, 0xee, 0xfb, 0xef, 0xbe, 0xba, 0xfa, 0xfb, 0xba, 0xbe, 0xbe, 0xbe, 0xaf, 0xeb, 0xbe, 0xeb, 0xeb, 0xfb, 0xaf, 0xae,
    0xfb, 0xef, 0xbe, 0xfb, 0xef, 0xbf, 0xae, 0xfa, 0xfa, 0xaf, 0xae, 0xae, 0xbe, 0xee, 0xfa, 0xaf, 0xae, 0xe0, 0xaa, 0xba, 0xab, 0xaa, 0xaa, 0xa5,
    0x5a, 0xaa, 0xea, 0xaa, 0xaf, 0x54, 0xa6, 0xf5, 0xa6, 0x6b, 0xaa, 0xae, 0xeb, 0xab, 0xab, 0xea, 0xfa, 0xeb, 0xa9, 0x1f, 0xef, 0xfe, 0xff, 0xaf,
    0xef, 0xef, 0xff, 0xbe, 0xff, 0xbe, 0xff, 0xef, 0xff, 0xfb, 0xf8, 0xaa, 0xfa, 0xfe, 0x4b, 0x94, 0x00, 0x50, 0x7f, 0x40, 0x00, 0x05, 0x14, 0x0b,
    0x80, 0x00, 0x01, 0x54, 0x10, 0x00, 0x00, 0x00, 0x00, 0x00, 0x10, 0x40, 0x00, 0x14, 0x00, 0x00, 0x00, 0x00, 0x00, 0x0a, 0x9f, 0xff, 0xff, 0xae,
    0xff, 0xe6, 0xfe, 0x2f, 0xff, 0xff, 0xbf, 0x9f, 0xfe, 0xbb, 0xed, 0xbd, 0xbf, 0xff, 0xff, 0xff, 0xfa, 0xa4, 0xbd, 0x2e, 0x2a, 0x9f, 0x9e, 0x95,
    0xbd, 0xbe, 0xff, 0xfe, 0xfb, 0xff, 0xef, 0xff, 0xbf, 0xff, 0xfe, 0xfb, 0xff, 0xff, 0xff, 0xef, 0xef, 0xff, 0xfa, 0xff, 0xff, 0xef, 0xbf, 0xff,
    0xff, 0xff, 0xfe, 0xff, 0xeb, 0xff, 0xbf, 0xbe, 0xff, 0xfb, 0xfb, 0xeb, 0xee, 0xfe, 0xbe, 0xfb, 0xef, 0xba, 0xef, 0xbe, 0xff, 0xfe, 0xba, 0xef,
    0xef, 0xae, 0xbe, 0xbf, 0xbf, 0xae, 0xeb, 0xfa, 0xfb, 0xaf, 0xfb, 0xef, 0xbb, 0xeb, 0xef, 0xaf, 0xab, 0xfb, 0xee, 0xfb, 0xab, 0xee, 0xbe, 0xbf,
    0xef, 0xbe, 0xfb, 0xeb, 0xeb, 0xeb, 0xeb, 0xea, 0xf0, 0xaa, 0xaa, 0xea, 0xaa, 0x59, 0x56, 0x4a, 0xae, 0xaa, 0xb9, 0x6f, 0x96, 0x4b, 0xb8, 0xba,
    0x7f, 0xaa, 0xaa, 0xea, 0xba, 0xae, 0xbe, 0xae, 0xeb, 0xa4, 0x7f, 0xfb, 0xbf, 0xaf, 0xff, 0xff, 0xef, 0xef, 0xff, 0xff, 0xff, 0xff, 0xff, 0xff,
    0xbf, 0xf4, 0xbf, 0x90, 0x1b, 0xd7, 0x90, 0x00, 0x40, 0x1f, 0x40, 0x00, 0x05, 0x40, 0x0b, 0x80, 0x00, 0x05, 0x15, 0x00, 0x00, 0x00, 0x00, 0x00,
    0x01, 0x55, 0x00, 0x01, 0x40, 0x00, 0x00, 0x01, 0x80, 0x00, 0x01, 0xbf, 0xff, 0xff, 0x9f, 0xfa, 0xb6, 0xfe, 0x1f, 0xff, 0xff, 0xfb, 0xeb, 0xeb,
    0xff, 0xfe, 0xb9, 0xff, 0xff, 0xff, 0xff, 0xfa, 0xed, 0x7e, 0x69, 0xbf, 0xeb, 0x5a, 0xfa, 0x5f, 0x6f, 0xfe, 0xff, 0xbe, 0xfe, 0xff, 0xef, 0xfb,
    0xfe, 0xff, 0xff, 0xbf, 0xfb, 0xff, 0xfb, 0xff, 0xff, 0xef, 0xff, 0xfb, 0xff, 0xff, 0xff, 0xef, 0xbe, 0xff, 0xff, 0xaf, 0xaf, 0xbb, 0xef, 0xeb,
    0xfe, 0xfb, 0xfe, 0xfe, 0xef, 0xef, 0xae, 0xef, 0xbe, 0xbf, 0xaf, 0xbb, 0xaf, 0xfb, 0xee, 0xef, 0xaf, 0xae, 0xeb, 0xeb, 0xfa, 0xfb, 0xbe, 0xbe,
    0xfa, 0xbe, 0xbe, 0xba, 0xfb, 0xeb, 0xbe, 0xfb, 0xef, 0xaf, 0xbb, 0xfa, 0xeb, 0xaf, 0xba, 0xfa, 0xfb, 0xeb, 0xeb, 0xba, 0xaf, 0xbe, 0xbb, 0xa0,
    0xaa, 0xaa, 0xaa, 0xea, 0x41, 0xaa, 0x96, 0xaa, 0xaa, 0xba, 0xae, 0x55, 0x56, 0xfd, 0xbe, 0x7f, 0xaa, 0xea, 0xaa, 0xae, 0xba, 0xab, 0xae, 0xba,
    0xd4, 0xbf, 0xbf, 0xfb, 0xff, 0xfe, 0xfe, 0xff, 0xff, 0xfb, 0xeb, 0xff, 0xff, 0xff, 0xbf, 0xff, 0xf6, 0xee, 0x00, 0x01, 0xd7, 0xc0, 0x05, 0x00,
    0x0b, 0x80, 0x00, 0x10, 0x40, 0x0b, 0x80, 0x00, 0x14, 0x41, 0x00, 0x00, 0x00, 0x00, 0x00, 0x15, 0x04, 0x00, 0x05, 0x00, 0x00, 0x00, 0x0b, 0x80,
    0x00, 0x03, 0xff, 0xff, 0xff, 0x9b, 0x90, 0x2a, 0xfd, 0x7f, 0xfe, 0xff, 0xeb, 0xe7, 0xe2, 0xff, 0xfe, 0x7d, 0xff, 0xff, 0xff, 0xff, 0xea, 0xee,
    0x7e, 0x6b, 0xee, 0xf9, 0x67, 0xff, 0xdb, 0x6f, 0xbf, 0xfb, 0xff, 0xef, 0xfb, 0xff, 0xff, 0xfe, 0xfb, 0xef, 0xff, 0xff, 0xbe, 0xff, 0xbf, 0xbf,
    0xff, 0xfe, 0xff, 0xfb, 0xff, 0xff, 0xff, 0xff, 0xfb, 0xef, 0xfe, 0xfb, 0xff, 0xef, 0xff, 0xaf, 0xbe, 0xff, 0xaf, 0xeb, 0xee, 0xbe, 0xfb, 0xef,
    0xbb, 0xef, 0xbf, 0xfa, 0xfb, 0xbe, 0xfa, 0xfb, 0xef, 0xee, 0xbe, 0xfb, 0xfa, 0xeb, 0xbe, 0xfb, 0xaf, 0xaa, 0xee, 0xba, 0xfb, 0xae, 0xfe, 0xba,
    0xfb, 0xbe, 0xbe, 0xfb, 0xeb, 0xeb, 0xbe, 0xeb, 0xbe, 0xbe, 0xbf, 0xbe, 0xbf, 0xaf, 0xb0, 0xaa, 0xaa, 0xba, 0xae, 0x56, 0xaa, 0x4a, 0xba, 0xae,
    0xaa, 0x6e, 0xb5, 0x68, 0x6f, 0xfe, 0x7f, 0x6a, 0xae, 0xbe, 0xaa, 0xeb, 0xeb, 0xba, 0xba, 0x81, 0xff, 0xfe, 0xff, 0xbf, 0xbf, 0xef, 0xff, 0xbf,
    0xbf, 0xff, 0xfb, 0xef, 0xff, 0xff, 0xff, 0xfb, 0xf8, 0x00, 0x00, 0xbb, 0xd0, 0x14, 0x00, 0x0b, 0x80, 0x00, 0x54, 0x00, 0x1f, 0x40, 0x00, 0x51,
    0x44, 0x00, 0x00, 0x00, 0x00, 0x00, 0x15, 0x50, 0x00, 0x14, 0x00, 0x00, 0x00, 0x06, 0x80, 0x00, 0x07, 0xfe, 0x56, 0xff, 0xd1, 0x45, 0x45, 0xf9,
    0xfe, 0x6a, 0xff, 0xfe, 0xa7, 0xf6, 0xea, 0xfe, 0xb9, 0xff, 0xff, 0xff, 0xff, 0xff, 0xbe, 0xbd, 0xba, 0xbf, 0xe5, 0xe7, 0xbf, 0xff, 0x5f, 0xef,
    0xbf, 0xeb, 0xff, 0xff, 0xbf, 0xbf, 0xef, 0xff, 0xff, 0xef, 0xbf, 0xff, 0xef, 0xff, 0xff, 0xff, 0xff, 0xef, 0xff, 0xff, 0xfe, 0xff, 0xef, 0xff,
    0xbe, 0xff, 0xfb, 0xbe, 0xfe, 0xff, 0xfb, 0xfa, 0xeb, 0xfb, 0xfe, 0xbf, 0xeb, 0xbe, 0xeb, 0xeb, 0xeb, 0xee, 0xfa, 0xfb, 0xfb, 0xbb, 0xeb, 0xef,
    0xbf, 0xfe, 0xfb, 0xaf, 0xeb, 0xba, 0xeb, 0xfb, 0xef, 0xef, 0xaf, 0xbb, 0xef, 0xaf, 0xfb, 0xff, 0xef, 0xbe, 0xbe, 0xfa, 0xff, 0xaf, 0xaf, 0xbe,
    0xfb, 0xeb, 0xaa, 0xea, 0xea, 0xe0, 0xaa, 0xba, 0xab, 0xaa, 0xae, 0xa9, 0x6a, 0xab, 0xaa, 0xea, 0x6e, 0xe1, 0xbe, 0xaf, 0xbe, 0x7b, 0xaa, 0xab,
    0xaa, 0xea, 0xae, 0xba, 0xab, 0xaa, 0x57, 0xfb, 0xfe, 0xfe, 0xff, 0xbf, 0xff, 0xef, 0xff, 0xff, 0xff, 0xff, 0xfe, 0xff, 0xff, 0xff, 0xbf, 0xe0,
    0x00, 0x00, 0x7a, 0x80, 0x10, 0x00, 0x0b, 0x80, 0x01, 0x40, 0x00, 0x16, 0x00, 0x00, 0x41, 0x40, 0x00, 0x00, 0x40, 0x00, 0x00, 0x55, 0x40, 0x01,
    0x40, 0x00, 0x00, 0x00, 0x00, 0x00, 0x00, 0x5f, 0xf4, 0x00, 0xbf, 0xf8, 0x14, 0x50, 0xf9, 0xf8, 0xab, 0xbf, 0xee, 0xd7, 0xf5, 0x55, 0xbe, 0xb6,
    0xff, 0xff, 0xff, 0xff, 0xfb, 0xfb, 0xf9, 0xff, 0xea, 0xff, 0xd7, 0xfb, 0xfb, 0x5e, 0xff, 0xff, 0xff, 0xfb, 0xff, 0xef, 0xfb, 0xef, 0xfb, 0xfb,
    0xff, 0xff, 0xff, 0xff, 0xff, 0xff, 0xff, 0xfb, 0xff, 0xff, 0xff, 0xff, 0xff, 0xff, 0xef, 0xff, 0xef, 0xbf, 0xef, 0xef, 0xfb, 0xff, 0xbf, 0xff,
    0xfb, 0xef, 0xeb, 0xff, 0xbf, 0xbf, 0xfe, 0xff, 0xee, 0xff, 0xaf, 0xaf, 0xbe, 0xfb, 0xfb, 0xbb, 0xeb, 0xaf, 0xae, 0xbe, 0xbf, 0xbe, 0xfa, 0xfe,
    0xba, 0xeb, 0xef, 0xfb, 0xef, 0xaf, 0xbe, 0xfb, 0xfb, 0xfe, 0xbe, 0xba, 0xeb, 0xfa, 0xeb, 0xeb, 0xbb, 0xef, 0xae, 0xba, 0xe0, 0xaa, 0xaa, 0xea,
    0xaa, 0xaa, 0xa5, 0xaa, 0xae, 0xba, 0xaa, 0xae, 0xf6, 0xfb, 0xfb, 0xfb, 0xfb, 0xaa, 0xab, 0xaa, 0xef, 0xaa, 0xba, 0xef, 0xbd, 0x1b, 0xfe, 0xbf,
    0xef, 0xef, 0xfb, 0xfb, 0xfe, 0xfe, 0xfe, 0xfe, 0xff, 0xff, 0xff, 0xfb, 0xff, 0xff, 0xd0, 0x00, 0x00, 0x29, 0x01, 0x40, 0x00, 0x07, 0x80, 0x45,
    0x10, 0x00, 0x00, 0x00, 0x05, 0x14, 0x40, 0x00, 0x00, 0x00, 0x00, 0x01, 0x45, 0x00, 0x01, 0x00, 0x00, 0x00, 0x00, 0x00, 0x15, 0x17, 0xff, 0x80,
    0x54, 0x2f, 0xfd, 0x00, 0x51, 0xfa, 0xf5, 0xff, 0xbf, 0xaf, 0xd7, 0xe5, 0x69, 0x2e, 0x67, 0xff, 0xff, 0xaa, 0xff, 0xfe, 0xee, 0xa6, 0xef, 0x55,
    0x6f, 0xe2, 0xff, 0xb5, 0x1f, 0xfb, 0xee, 0xfe, 0xff, 0xbe, 0xfe, 0xff, 0xff, 0xbf, 0xff, 0xfe, 0xff, 0xff, 0xff, 0xef, 0xef, 0xfa, 0xff, 0xff,
    0xbb, 0xff, 0xbf, 0xff, 0xfb, 0xfe, 0xfb, 0xff, 0xff, 0xfe, 0xfb, 0xbf, 0xbf, 0xbf, 0xaf, 0xbe, 0xfe, 0xfb, 0xbe, 0xfb, 0xfb, 0xff, 0xbe, 0xfb,
    0xef, 0xff, 0xbe, 0xef, 0xbb, 0xbb, 0xfa, 0xbf, 0xbe, 0xfb, 0xef, 0xaf, 0xba, 0xee, 0xba, 0xfb, 0xfa, 0xee, 0xbb, 0xeb, 0xfe, 0xfa, 0xfb, 0xba,
    0xeb, 0xaf, 0xbb, 0xfa, 0xee, 0xfa, 0xbe, 0xbe, 0xfa, 0xfa, 0xbf, 0xa0, 0xaa, 0xaa, 0xae, 0xaa, 0xaa, 0x9a, 0xaa, 0xea, 0xaa, 0xb9, 0x6e, 0xbe,
    0xff, 0xbf, 0xff, 0xff, 0xaa, 0xaa, 0xbe, 0xaa, 0xfa, 0xeb, 0xae, 0xb4, 0x6f, 0xef, 0xfb, 0xff, 0xff, 0xff, 0xbf, 0xbf, 0xff, 0xef, 0xfe, 0xfb,
    0xff, 0xfb, 0xff, 0xff, 0xff, 0xd0, 0x00, 0x00, 0x1e, 0x41, 0x00, 0x00, 0x07, 0x81, 0x45, 0x00, 0x00, 0x00, 0x00, 0x01, 0x04, 0x00, 0x00, 0x00,
    0x00, 0x00, 0x05, 0x05, 0x00, 0x14, 0x00, 0x00, 0x00, 0x00, 0x00, 0x1f, 0xbf, 0xa5, 0x05, 0x05, 0x0b, 0xf8, 0x59, 0x1f, 0xe6, 0xe6, 0xbf, 0xfe,
    0xfa, 0xaf, 0x9b, 0xff, 0x5f, 0x1f, 0xff, 0xfe, 0x15, 0x5a, 0xfe, 0x5a, 0x5b, 0xee, 0x2f, 0x9b, 0xfb, 0xef, 0xb9, 0x7f, 0xbf, 0xff, 0xaf, 0xef,
    0xff, 0xff, 0xff, 0xff, 0xfe, 0xef, 0xef, 0xff, 0xff, 0xef, 0xff, 0xfe, 0xff, 0xff, 0xef, 0xff, 0xff, 0xff, 0xef, 0xbf, 0xff, 0xff, 0xbb, 0xff,
    0xff, 0xbf, 0xff, 0xfb, 0xfb, 0xfb, 0xef, 0xff, 0xaf, 0xfe, 0xff, 0xaf, 0xbb, 0xfa, 0xfb, 0xef, 0xaf, 0xbe, 0xfb, 0xbe, 0xfb, 0xaf, 0xba, 0xfa,
    0xfb, 0xeb, 0xea, 0xfb, 0xef, 0xaf, 0xae, 0xbe, 0xbe, 0xee, 0xfa, 0xfb, 0xef, 0xbe, 0xbe, 0xfb, 0xeb, 0xee, 0xbe, 0xbe, 0xbf, 0xfe, 0xfe, 0xbe,
    0xab, 0xab, 0xe0, 0xaa, 0xaa, 0xaa, 0xae, 0xae, 0x5a, 0xae, 0xab, 0xab, 0xa9, 0x6f, 0xee, 0xae, 0xaa, 0xa9, 0xa5, 0x6a, 0xaa, 0xea, 0xba, 0xaa,
    0xea, 0xaa, 0xe1, 0xbe, 0xff, 0xff, 0xfb, 0xbe, 0xff, 0xff, 0xff, 0xef, 0xff, 0xbf, 0xff, 0xbf, 0xff, 0xff, 0xff, 0xbe, 0xd0, 0x00, 0x00, 0x1f,
    0xc1, 0x00, 0x00, 0x1b, 0x80, 0x15, 0x40, 0x00, 0x00, 0x00, 0x19, 0x10, 0x00, 0x00, 0x00, 0x00, 0x00, 0x05, 0x41, 0x00, 0x00, 0x00, 0x00, 0x00,
    0x06, 0x00, 0x05, 0x50, 0x00, 0x11, 0x50, 0x47, 0xf4, 0x6e, 0x46, 0x8b, 0xd7, 0xba, 0xfe, 0xf9, 0xbe, 0xba, 0xea, 0x9f, 0xaf, 0xff, 0xf8, 0x7e,
    0xa9, 0x6f, 0x97, 0xbe, 0xfd, 0x7f, 0xfb, 0xef, 0xff, 0xff, 0xff, 0xbf, 0xef, 0xff, 0xff, 0xfb, 0xfb, 0xff, 0xff, 0xff, 0xff, 0xff, 0xfb, 0xfe,
    0xff, 0xff, 0xff, 0xff, 0xfb, 0xfe, 0xfe, 0xfe, 0xfe, 0xff, 0xff, 0xef, 0xbf, 0xff, 0xbe, 0xfb, 0xfe, 0xfb, 0xff, 0xfe, 0xfb, 0xeb, 0xeb, 0xff,
    0xfb, 0xef, 0xfe, 0xfb, 0xff, 0xfe, 0xfb, 0xee, 0xfb, 0xba, 0xee, 0xef, 0xbf, 0xfb, 0xef, 0xaf, 0xbe, 0xfe, 0xee, 0xbb, 0xef, 0xae, 0xef, 0xaf,
    0xee, 0xfb, 0xaf, 0xbf, 0xaf, 0xef, 0xbe, 0xbe, 0xee, 0xaf, 0xbf, 0xeb, 0xaf, 0xab, 0xaf, 0xab, 0xba, 0xe0, 0xaa, 0xab, 0xaa, 0xaa, 0xa9, 0x7a,
    0xaa, 0xba, 0xaa, 0xa9, 0x96, 0xaa, 0xaa, 0xaa, 0x5a, 0xaa, 0xba, 0xae, 0xaa, 0xaa, 0xae, 0xba, 0xeb, 0x92, 0xff, 0xfb, 0xef, 0xbf, 0xff, 0xef,
    0xff, 0xfe, 0xbf, 0xff, 0xff, 0xbf, 0xff, 0xbf, 0xfb, 0xff, 0xff, 0xd0, 0x00, 0x00, 0x0b, 0x84, 0x00, 0x00, 0xbe, 0x00, 0x50, 0x00, 0x00, 0x00,
    0x00, 0x45, 0x50, 0x00, 0x00, 0x00, 0x00, 0x00, 0x51, 0x51, 0x00, 0x40, 0x00, 0x00, 0x00, 0x0b, 0x40, 0x00, 0x01, 0x14, 0x50, 0x54, 0x57, 0xe5,
    0x15, 0x40, 0x1f, 0xe2, 0xfb, 0xfe, 0xed, 0x65, 0xbe, 0xff, 0x9f, 0xff, 0xff, 0xf4, 0xfb, 0xff, 0x5f, 0xe7, 0xfa, 0xfd, 0xbf, 0xfb, 0x9f, 0xbe,
    0xfe, 0xfb, 0xff, 0xef, 0xfe, 0xff, 0xff, 0xbf, 0xfe, 0xfe, 0xff, 0xff, 0xbf, 0xff, 0xef, 0xff, 0xfe, 0xff, 0xbf, 0xff, 0xbf, 0xff, 0xef, 0xef,
    0xfb, 0xfe, 0xff, 0xfb, 0xef, 0xff, 0xff, 0xef, 0xff, 0xee, 0xaf, 0xfe, 0xbe, 0xfe, 0xba, 0xff, 0xef, 0xfe, 0xfe, 0xef, 0xaf, 0xbe, 0xfe, 0xfb,
    0xef, 0xef, 0xae, 0xfa, 0xbf, 0xaf, 0xbe, 0xbe, 0xef, 0xbe, 0xfa, 0xfa, 0xfa, 0xeb, 0xeb, 0xbb, 0xaf, 0xbe, 0xfa, 0xfb, 0xef, 0xbf, 0xae, 0xfe,
    0xfb, 0xeb, 0xeb, 0xeb, 0xfa, 0xfa, 0xfe, 0xbe, 0xb0, 0xaa, 0xaa, 0xae, 0xba, 0xb8, 0x64, 0x6a, 0xaa, 0xea, 0xa9, 0xaa, 0xaa, 0xaa, 0xaa, 0xaa,
    0xaa, 0x56, 0xaa, 0xeb, 0xaa, 0xeb, 0xaf, 0xae, 0x5b, 0xff, 0xbf, 0xfb, 0xfe, 0xff, 0xff, 0xbf, 0xbf, 0xff, 0xfb, 0xff, 0xff, 0xfb, 0xff, 0xbf,
    0xbe, 0xfb, 0xd0, 0x00, 0x00, 0x2e, 0x04, 0x00, 0x00, 0xb4, 0x00, 0x44, 0x00, 0x00, 0x00, 0x05, 0x04, 0x50, 0x00, 0x40, 0x00, 0x00, 0x00, 0x51,
    0x14, 0x00, 0x40, 0x00, 0x00, 0x00, 0x07, 0x81, 0x15, 0x54, 0x41, 0x00, 0x04, 0x47, 0xe1, 0x11, 0x14, 0x46, 0xe2, 0xef, 0xff, 0xad, 0x5b, 0xee,
    0xbb, 0xdf, 0xff, 0xff, 0xfe, 0xef, 0xfb, 0xdb, 0xe6, 0xfb, 0xfe, 0xba, 0xea, 0x6f, 0xef, 0xfe, 0xfe, 0xef, 0xfe, 0xff, 0xef, 0xef, 0xff, 0xef,
    0xef, 0xff, 0xef, 0xff, 0xbe, 0xff, 0xef, 0xff, 0xff, 0xff, 0xef, 0xff, 0xbf, 0xff, 0xff, 0xff, 0xaf, 0xfb, 0xff, 0xff, 0xff, 0xfe, 0xff, 0xfe,
    0xff, 0xff, 0xff, 0xfe, 0xff, 0xfb, 0xeb, 0xee, 0xef, 0xbe, 0xff, 0xff, 0xbe, 0xfb, 0xee, 0xee, 0xbb, 0xfe, 0xef, 0xae, 0xfa, 0xef, 0xea, 0xfb,
    0xbb, 0xee, 0xba, 0xfe, 0xbe, 0xbe, 0xbb, 0xeb, 0xfe, 0xff, 0xeb, 0xbe, 0xeb, 0xbe, 0xaf, 0xbe, 0xfa, 0xfe, 0xbe, 0xae, 0xef, 0xaf, 0xeb, 0xa0,
    0xaa, 0xaa, 0xaa, 0xab, 0xa5, 0x05, 0x6a, 0xea, 0xaa, 0xea, 0x55, 0x95, 0x65, 0x56, 0x96, 0x56, 0xaa, 0xaa, 0xaa, 0xaa, 0xab, 0xaa, 0xbd, 0x2f,
    0xff, 0xfe, 0xbf, 0xaf, 0xef, 0xbf, 0xfb, 0xff, 0xff, 0xbf, 0xfe, 0xff, 0xbf, 0xff, 0xff, 0xff, 0xff, 0xd0, 0x10, 0x01, 0xb4, 0x10, 0x00, 0x00,
    0x00, 0x01, 0x40, 0x00, 0x00, 0x00, 0x01, 0x14, 0x00, 0x02, 0xd0, 0x00, 0x00, 0x01, 0x15, 0x10, 0x05, 0x40, 0x00, 0x00, 0x00, 0x01, 0x05, 0x50,
    0x04, 0x00, 0x00, 0x00, 0x0b, 0xd1, 0xb8, 0x54, 0x42, 0xf5, 0xff, 0xff, 0xff, 0xaf, 0xfe, 0xfa, 0xeb, 0xff, 0xaf, 0xff, 0xbe, 0xfe, 0xe7, 0xeb,
    0xef, 0xff, 0xbf, 0xe9, 0x7e, 0xfb, 0xff, 0xaf, 0xee, 0xfb, 0xeb, 0xfe, 0xff, 0xef, 0xff, 0xff, 0xfb, 0xff, 0xff, 0xff, 0xff, 0xfe, 0xff, 0xef,
    0xef, 0xfe, 0xff, 0xbe, 0xfb, 0xfb, 0xef, 0xff, 0xbf, 0xbe, 0xff, 0xff, 0xbf, 0xfe, 0xff, 0xff, 0xff, 0xaf, 0xef, 0xab, 0xef, 0xbf, 0xbf, 0xef,
    0xfb, 0xfa, 0xeb, 0xef, 0xaf, 0xbe, 0xfe, 0xfa, 0xef, 0xef, 0xfe, 0xfb, 0xeb, 0xef, 0xbf, 0xbb, 0xaf, 0xef, 0xaf, 0xae, 0xfb, 0xee, 0xfb, 0xaf,
    0xaf, 0xbe, 0xbe, 0xfe, 0xbb, 0xeb, 0xae, 0xbe, 0xae, 0xee, 0xee, 0xef, 0xaa, 0xeb, 0xe0, 0xaa, 0xaa, 0xba, 0xaa, 0xa6, 0x95, 0xaa, 0xae, 0xaa,
    0xaa, 0xaa, 0xae, 0xaa, 0xaa, 0xab, 0xae, 0xaa, 0xab, 0xae, 0xaa, 0xab, 0xba, 0xb8, 0xbf, 0xeb, 0xff, 0xef, 0xff, 0xff, 0xfb, 0xff, 0xff, 0xfb,
    0xff, 0xbf, 0xff, 0xff, 0xef, 0xef, 0xef, 0xfe, 0xe0, 0x00, 0x07, 0xd1, 0x50, 0x00, 0x00, 0x00, 0x01, 0x10, 0x00, 0x00, 0x00, 0x1a, 0x15, 0x00,
    0x01, 0x00, 0x00, 0x00, 0x01, 0x55, 0x40, 0x05, 0x00, 0x01, 0x40, 0x00, 0x00, 0x10, 0x55, 0x00, 0x00, 0x00, 0x00, 0x5e, 0x91, 0xa5, 0x95, 0x12,
    0xf6, 0xff, 0xff, 0x96, 0xfe, 0xbe, 0xaf, 0x9b, 0xe5, 0x47, 0xff, 0xbf, 0xef, 0xe2, 0xfe, 0xaf, 0xff, 0xaf, 0xba, 0xbf, 0xfb, 0xaf, 0xff, 0xff,
    0xef, 0xff, 0xbf, 0xfb, 0xfe, 0xff, 0xbe, 0xff, 0xfb, 0xfe, 0xff, 0xfb, 0xef, 0xff, 0xfe, 0xff, 0xff, 0xef, 0xfb, 0xfe, 0xff, 0xef, 0xeb, 0xff,
    0xff, 0xff, 0xfb, 0xff, 0xff, 0xfb, 0xff, 0xfb, 0xff, 0xff, 0xfb, 0xef, 0xfe, 0xbb, 0xff, 0xeb, 0xef, 0xfa, 0xfb, 0xbe, 0xbb, 0xef, 0xef, 0xaf,
    0xbe, 0xfb, 0xbe, 0xbe, 0xbf, 0xbe, 0xfe, 0xfa, 0xfb, 0xeb, 0xeb, 0xeb, 0xef, 0xaf, 0xbf, 0xbe, 0xfb, 0xef, 0xaf, 0xaf, 0xbe, 0xbb, 0xeb, 0xee,
    0xee, 0xeb, 0xab, 0xfa, 0xea, 0xa0, 0xaa, 0xaa, 0xaa, 0xae, 0xaa, 0x86, 0xaa, 0xaa, 0xaa, 0xba, 0xaa, 0xaa, 0xaa, 0xaa, 0xba, 0xaa, 0xaa, 0xba,
    0xaa, 0xae, 0xba, 0xbb, 0xe2, 0xfe, 0xef, 0xbf, 0xfb, 0xfb, 0xfe, 0xff, 0xff, 0xef, 0xbf, 0xff, 0xff, 0xfe, 0xfb, 0xfe, 0xff, 0xff, 0xff, 0xe0,
    0x00, 0x01, 0x05, 0x00, 0x00, 0x00, 0x00, 0x05, 0x40, 0x00, 0x00, 0x00, 0x59, 0x15, 0x00, 0x00, 0x00, 0x00, 0x00, 0x05, 0x90, 0x40, 0x10, 0x00,
    0x02, 0xe0, 0x00, 0x01, 0x51, 0x40, 0x00, 0x00, 0x00, 0x01, 0xe4, 0x05, 0x15, 0x51, 0x52, 0xe2, 0xff, 0xff, 0xe6, 0xeb, 0xaf, 0xbe, 0x9f, 0xd6,
    0xa6, 0xff, 0xaf, 0xbf, 0xa7, 0xdb, 0xff, 0xff, 0x96, 0xff, 0xfb, 0xba, 0x96, 0xaa, 0xeb, 0xef, 0xff, 0xfb, 0xff, 0xbf, 0xff, 0xff, 0xfe, 0xff,
    0xef, 0xfb, 0xff, 0xef, 0xff, 0xbf, 0xff, 0xef, 0xfe, 0xff, 0xbf, 0xef, 0xff, 0xfb, 0xfe, 0xef, 0xbf, 0xff, 0xff, 0xeb, 0xff, 0xbe, 0xff, 0xff,
    0xfa, 0xff, 0xbe, 0xff, 0xfb, 0xfb, 0xff, 0xef, 0xbf, 0xbf, 0xfb, 0xfb, 0xef, 0xaf, 0xba, 0xbe, 0xbb, 0xef, 0xfe, 0xfb, 0xeb, 0xef, 0xaf, 0xbe,
    0xfa, 0xfb, 0xee, 0xbb, 0xef, 0xba, 0xfb, 0xaf, 0xae, 0xab, 0xba, 0xfb, 0xeb, 0xeb, 0xee, 0xbe, 0xfb, 0xbe, 0xbe, 0xbf, 0xe0, 0xaa, 0xaa, 0xab,
    0xae, 0xba, 0x41, 0xaa, 0xea, 0xba, 0xaa, 0xba, 0xeb, 0xaa, 0xaa, 0xaa, 0xfa, 0xeb, 0xae, 0xaa, 0xaa, 0xba, 0xab, 0x8b, 0xfe, 0xfe, 0xfb, 0xff,
    0xbf, 0xbe, 0xfe, 0xfb, 0xff, 0xff, 0xfb, 0xef, 0xbf, 0xff, 0xff, 0xbe, 0xff, 0xbf, 0xe0, 0x00, 0x00, 0x04, 0x40, 0x00, 0x00, 0x40, 0x04, 0x00,
    0x00, 0x00, 0x00, 0x45, 0x11, 0x00, 0x00, 0x00, 0x00, 0x00, 0x05, 0x11, 0x40, 0x14, 0x00, 0x01, 0xf4, 0x00, 0x07, 0xd1, 0x00, 0x00, 0x00, 0x00,
    0x00, 0x40, 0x06, 0x40, 0x15, 0x02, 0xd7, 0xfe, 0xaf, 0xf9, 0xfb, 0xee, 0xeb, 0x7f, 0x5f, 0xf9, 0x7f, 0xd6, 0xfb, 0xaf, 0xaf, 0xff, 0xff, 0xf9,
    0xbb, 0xfb, 0xe6, 0xf9, 0x56, 0x56, 0xfe, 0xfb, 0xff, 0xef, 0xfb, 0xfb, 0xfb, 0xef, 0xff, 0xfb, 0xff, 0xbe, 0xff, 0xff, 0xff, 0xbf, 0xfe, 0xff,
    0xff, 0xfb, 0xff, 0xfe, 0xff, 0xff, 0xef, 0xfb, 0xff, 0xef, 0xff, 0xff, 0xff, 0xff, 0xff, 0xfe, 0xfb, 0xef, 0xbe, 0xff, 0xbf, 0xbf, 0xfb, 0xef,
    0xef, 0xbf, 0xef, 0xbe, 0xbe, 0xff, 0xef, 0xbe, 0xeb, 0xaf, 0xeb, 0xef, 0xbf, 0xbe, 0xbe, 0xbe, 0xbe, 0xbe, 0xba, 0xfb, 0xee, 0xef, 0xae, 0xbb,
    0xfb, 0xba, 0xeb, 0xba, 0xfe, 0xbb, 0xae, 0xba, 0xef, 0xab, 0xaa, 0xf0, 0xaa, 0xaa, 0xba, 0xaa, 0xaa, 0x46, 0xaa, 0xaa, 0xaa, 0xae, 0xaa, 0xaa,
    0xaa, 0xba, 0xea, 0xaa, 0xea, 0xaa, 0xea, 0xba, 0xae, 0xae, 0x5f, 0xef, 0xff, 0xfb, 0xaf, 0xff, 0xff, 0xef, 0xff, 0xbf, 0xfb, 0xff, 0xff, 0xff,
    0xbe, 0xff, 0xff, 0xff, 0xff, 0xe0, 0x00, 0x00, 0x04, 0x40, 0x00, 0x07, 0xd0, 0x10, 0x00, 0x00, 0x00, 0x01, 0x41, 0x54, 0x00, 0x00, 0x00, 0x00,
    0x00, 0x51, 0x45, 0x00, 0x50, 0x00, 0x00, 0x10, 0x00, 0x15, 0x90, 0x00, 0x00, 0x00, 0x00, 0x00, 0x00, 0x01, 0xa9, 0x55, 0x5b, 0x5b, 0xf4, 0x56,
    0xf8, 0xbf, 0xee, 0xe5, 0xbe, 0x2f, 0xbf, 0x9b, 0xe1, 0xff, 0xde, 0x7f, 0xff, 0xff, 0xfe, 0xbf, 0xbe, 0x4b, 0xff, 0xff, 0xf9, 0xbe, 0xff, 0xbe,
    0xfe, 0xff, 0xbf, 0xbf, 0xff, 0xef, 0xff, 0xef, 0xff, 0xff, 0xff, 0xfb, 0xfb, 0xff, 0xff, 0xfe, 0xfb, 0xfb, 0xfe, 0xff, 0xef, 0xff, 0xfe, 0xff,
    0xfe, 0xff, 0xff, 0xff, 0xff, 0xbe, 0xff, 0xbe, 0xef, 0xeb, 0xef, 0xbe, 0xbb, 0xbf, 0xbe, 0xfb, 0xee, 0xbe, 0xfb, 0xfa, 0xeb, 0xeb, 0xee, 0xfb,
    0xee, 0xbe, 0xbe, 0xba, 0xba, 0xeb, 0xef, 0xae, 0xeb, 0xef, 0xab, 0xef, 0xee, 0xfa, 0xfa, 0xbb, 0xaf, 0xae, 0xba, 0xaf, 0xba, 0xfb, 0xee, 0xba,
    0xfb, 0xfb, 0xa0, 0xaa, 0xae, 0xaa, 0xea, 0xea, 0x45, 0x6a, 0xaa, 0xea, 0xea, 0xae, 0xba, 0xaa, 0xaa, 0xab, 0xaa, 0xbe, 0xae, 0xae, 0xaa, 0xaa,
    0xe9, 0x7f, 0xff, 0xbe, 0xff, 0xfe, 0xfb, 0xef, 0xef, 0xff, 0xff, 0xbf, 0xfe, 0xfe, 0xff, 0xff, 0xfb, 0xff, 0xff, 0xff, 0xe0, 0x00, 0x00, 0x05,
    0x00, 0x00, 0x01, 0x80, 0x14, 0x00, 0x00, 0x00, 0x01, 0x55, 0xd0, 0x01, 0x00, 0x00, 0x00, 0x01, 0x64, 0x54, 0x00, 0x40, 0x00, 0x00, 0x00, 0x01,
    0x40, 0x10, 0x00, 0x00, 0x00, 0x00, 0x00, 0x00, 0x01, 0xff, 0xe9, 0xbd, 0x7f, 0xd7, 0xa9, 0xbd, 0x7a, 0xfb, 0xa9, 0xe5, 0xb9, 0x16, 0xdf, 0xe2,
    0xeb, 0xd9, 0xbf, 0xff, 0xff, 0xfe, 0xba, 0xa9, 0x6f, 0xff, 0xea, 0xff, 0x6f, 0xbf, 0xff, 0xff, 0xef, 0xff, 0xff, 0xfb, 0xfe, 0xfe, 0xff, 0xff,
    0xbe, 0xff, 0xff, 0xff, 0xbf, 0xbe, 0xff, 0xfe, 0xfb, 0xff, 0xef, 0xbf, 0xbf, 0xef, 0xff, 0xbf, 0xff, 0xbf, 0xff, 0xef, 0xff, 0xfb, 0xee, 0xfa,
    0xff, 0xbe, 0xef, 0xeb, 0xfe, 0xbf, 0xbe, 0xff, 0xbe, 0xfb, 0xef, 0xfa, 0xfa, 0xeb, 0xbe, 0xfb, 0xeb, 0xeb, 0xeb, 0xeb, 0xef, 0xab, 0xeb, 0xeb,
    0xaf, 0xbe, 0xba, 0xfa, 0xfb, 0xee, 0xba, 0xfa, 0xfa, 0xef, 0xeb, 0xae, 0xeb, 0xaf, 0xba, 0xae, 0xbb, 0xe0, 0xaa, 0xaa, 0xea, 0xaa, 0xeb, 0x85,
    0x1e, 0xaa, 0xaa, 0xaa, 0xaa, 0xaa, 0xba, 0xab, 0xaa, 0xea, 0xaa, 0xea, 0xaa, 0xaa, 0xea, 0xa5, 0xfe, 0xfb, 0xfe, 0xfe, 0xff, 0xbf, 0xfe, 0xfe,
    0xfb, 0xfb, 0xfe, 0xff, 0xff, 0xfe, 0xff, 0xbf, 0xef, 0xff, 0xfe, 0xd0, 0x00, 0x00, 0x15, 0x00, 0x40, 0x00, 0x00, 0x54, 0x00, 0x00, 0x00, 0x06,
    0x95, 0x80, 0x00, 0x00, 0xa0, 0x00, 0x01, 0x54, 0x50, 0x01, 0x00, 0x00, 0x00, 0x00, 0x5b, 0x85, 0x00, 0x00, 0x00, 0x00, 0x00, 0x00, 0x00, 0x02,
    0xff, 0xfd, 0x52, 0xff, 0x9f, 0xfe, 0x7d, 0xba, 0xfb, 0x5f, 0x9b, 0xe5, 0xa5, 0xaf, 0xe6, 0xff, 0xe7, 0xff, 0xfa, 0xbf, 0xfe, 0xbe, 0xab, 0xff,
    0xff, 0xbf, 0xbf, 0xaf, 0xbf, 0xfb, 0xef, 0xbe, 0xef, 0xeb, 0xff, 0xff, 0xff, 0xfe, 0xfb, 0xff, 0xff, 0xef, 0xff, 0xff, 0xfe, 0xff, 0xee, 0xff,
    0xfb, 0xff, 0xfb, 0xfe, 0xff, 0xff, 0xff, 0xbf, 0xfe, 0xfb, 0xff, 0xff, 0xfb, 0xff, 0xef, 0xbb, 0xef, 0xeb, 0xfe, 0xef, 0xfb, 0xfe, 0xfb, 0xeb,
    0xee, 0xae, 0xbf, 0xbe, 0xfb, 0xae, 0xbb, 0xef, 0xbe, 0xfa, 0xee, 0xba, 0xfa, 0xfb, 0xbf, 0xba, 0xeb, 0xfb, 0xbf, 0xae, 0xba, 0xef, 0xba, 0xeb,
    0xee, 0xee, 0xee, 0xbe, 0xbe, 0xef, 0xae, 0xeb, 0xe0, 0xaa, 0xba, 0xae, 0xba, 0xaa, 0x42, 0x6a, 0xaa, 0xaa, 0xba, 0xba, 0xbe, 0xaa, 0xba, 0xaa,
    0xab, 0xaa, 0xaa, 0xaa, 0xab, 0xaf, 0x97, 0xef, 0xff, 0xff, 0xef, 0xef, 0xff, 0xbf, 0xfb, 0xff, 0xff, 0xff, 0xff, 0xbf, 0xff, 0xef, 0xff, 0xff,
    0xef, 0xff, 0xd0, 0x00, 0x00, 0x10, 0x02, 0x80, 0x00, 0x00, 0x50, 0x00, 0x00, 0x00, 0x07, 0x91, 0x00, 0x00, 0x00, 0xa0, 0x00, 0x01, 0x45, 0x40,
    0x00, 0x00, 0x00, 0x00, 0x00, 0x06, 0x49, 0x00, 0x00, 0x00, 0x00, 0x00, 0x00, 0x00, 0x02, 0xff, 0xfe, 0x5b, 0xff, 0x6f, 0xff, 0xb9, 0xfe, 0xfb,
    0x59, 0x2f, 0xff, 0xfe, 0xbf, 0x9f, 0xff, 0xff, 0xff, 0x90, 0x07, 0xff, 0xff, 0xff, 0xff, 0xff, 0xa6, 0x6f, 0xff, 0xef, 0xef, 0xef, 0xff, 0xfe,
    0xff, 0xbf, 0xef, 0xbf, 0xff, 0xef, 0xbe, 0xff, 0xff, 0xff, 0xef, 0xef, 0xef, 0xff, 0xff, 0xff, 0xfb, 0xff, 0xef, 0xff, 0xef, 0xfb, 0xfa, 0xff,
    0xff, 0xfe, 0xff, 0xef, 0xbb, 0xaf, 0xfa, 0xee, 0xfe, 0xbf, 0xeb, 0xef, 0xaf, 0xaa, 0xfb, 0xaf, 0xeb, 0xeb, 0xbe, 0xbe, 0xfb, 0xbe, 0xbe, 0xbe,
    0xbe, 0xbe, 0xfa, 0xfa, 0xfa, 0xea, 0xfb, 0xeb, 0xaf, 0xbe, 0xfe, 0xba, 0xfa, 0xfe, 0xeb, 0xbe, 0xbe, 0xeb, 0xeb, 0xea, 0xeb, 0xeb, 0xee, 0xa0,
    0xaa, 0xaa, 0xaa, 0xaa, 0xae, 0x16, 0xaa, 0xae, 0xae, 0xab, 0xab, 0xaa, 0xaa, 0xaa, 0xae, 0xba, 0xbb, 0xae, 0xba, 0xaa, 0xaa, 0x5b, 0xff, 0xbf,
    0xbf, 0xff, 0xfe, 0xff, 0xff, 0xbf, 0xef, 0xff, 0xfb, 0xfb, 0xff, 0xef, 0xff, 0xfb, 0xff, 0xff, 0xef, 0xe0, 0x00, 0x00, 0x01, 0x01, 0x00, 0x00,
    0x00, 0x50, 0x00, 0x00, 0x00, 0x06, 0x51, 0x10, 0x00, 0x00, 0x00, 0x00, 0x05, 0x51, 0x40, 0x00, 0x00, 0x00, 0x00, 0x01, 0x44, 0x14, 0x00, 0x00,
    0x00, 0x00, 0x00, 0x00, 0x00, 0x06, 0xff, 0xff, 0xff, 0xff, 0xbf, 0xff, 0xa6, 0xff, 0xff, 0x41, 0xbf, 0xfb, 0xaf, 0xaf, 0xaf, 0xff, 0xff, 0xfe,
    0x0a, 0xa5, 0xff, 0xff, 0xff, 0xff, 0xff, 0x96, 0x8b, 0xeb, 0xef, 0xfe, 0xfe, 0xfb, 0xff, 0xfb, 0xff, 0xff, 0xfb, 0xfb, 0xff, 0xef, 0xff, 0xbf,
    0xff, 0xff, 0xfe, 0xfe, 0xbf, 0xff, 0xef, 0xff, 0xfe, 0xff, 0xfb, 0xff, 0xbf, 0xff, 0xff, 0xfe, 0xff, 0xef, 0xfe, 0xff, 0xfe, 0xff, 0xfa, 0xff,
    0xfb, 0xfa, 0xef, 0xaf, 0xbe, 0xbe, 0xbe, 0xbe, 0xfb, 0xeb, 0xef, 0xbb, 0xef, 0xbb, 0xeb, 0xaf, 0xba, 0xef, 0xaf, 0xbe, 0xef, 0xae, 0xbf, 0xfa,
    0xeb, 0xeb, 0xef, 0xbb, 0xae, 0xbe, 0xbb, 0xbe, 0xfb, 0xee, 0xfe, 0xba, 0xfa, 0xae, 0xe0, 0xaa, 0xae, 0xbb, 0xaa, 0xea, 0x96, 0xaa, 0xea, 0xaa,
    0xea, 0xaa, 0xaa, 0xea, 0xaa, 0xaa, 0xaa, 0xba, 0xaa, 0xaa, 0xaa, 0xea, 0x2f, 0xbe, 0xfb, 0xfb, 0xfb, 0xfb, 0xef, 0xef, 0xef, 0xfe, 0xfb, 0xff,
    0xff, 0xfb, 0xff, 0xfb, 0xff, 0xff, 0xbf, 0xff, 0xe0, 0x00, 0x00, 0x15, 0x00, 0x00, 0x10, 0x01, 0x50, 0x00, 0x00, 0x00, 0x10, 0x55, 0x00, 0x00,
    0x00, 0x00, 0x00, 0x05, 0xe1, 0x00, 0x00, 0x00, 0x00, 0x00, 0x06, 0x45, 0x00, 0x00, 0x00, 0x00, 0x00, 0x00, 0x00, 0x00, 0x02, 0xe5, 0xff, 0xff,
    0xff, 0xfd, 0x5a, 0xeb, 0xff, 0xff, 0x9b, 0x9a, 0xff, 0xfb, 0xdb, 0x6f, 0xff, 0xff, 0xfe, 0x2f, 0xfc, 0xbf, 0xef, 0xff, 0xff, 0xff, 0xdf, 0xe6,
    0xe7, 0xfe, 0xbf, 0xff, 0xff, 0xbf, 0xbe, 0xfb, 0xff, 0xbf, 0xff, 0xff, 0xef, 0xfb, 0xff, 0xfb, 0xfe, 0xff, 0xff, 0xff, 0xbf, 0xff, 0xbe, 0xff,
    0xff, 0xff, 0xfb, 0xfe, 0xff, 0xff, 0xff, 0xfb, 0xff, 0xbe, 0xfa, 0xef, 0xfb, 0xfb, 0xeb, 0xfb, 0xbf, 0xfa, 0xfa, 0xfb, 0xef, 0xeb, 0xea, 0xef,
    0xaf, 0xef, 0xbe, 0xeb, 0xae, 0xbb, 0xeb, 0xaf, 0xaf, 0xbf, 0xaf, 0xbe, 0xfe, 0xba, 0xfb, 0xfb, 0xaf, 0xae, 0xbf, 0xaf, 0xaf, 0xbb, 0xae, 0xba,
    0xbe, 0xaf, 0xbe, 0xbe, 0xba, 0xf0, 0xaa, 0xaa, 0xaa, 0xba, 0xaa, 0x96, 0xaa, 0xab, 0xab, 0xaa, 0xba, 0xee, 0xaa, 0xaa, 0xaa, 0xab, 0xaa, 0xea,
    0xea, 0xaa, 0xa9, 0x7f, 0xbf, 0xff, 0xff, 0xff, 0xbf, 0xfe, 0xff, 0xfb, 0xef, 0xef, 0xbf, 0xef, 0xbf, 0xfe, 0xff, 0xff, 0xef, 0xff, 0xff, 0xe0,
    0x01, 0x40, 0x50, 0x00, 0x01, 0xa0, 0x02, 0x40, 0x00, 0x00, 0x00, 0x10, 0x6d, 0x40, 0x74, 0x00, 0x00, 0x00, 0x16, 0xe4, 0x00, 0x00, 0x00, 0x00,
    0x00, 0x07, 0x41, 0x40, 0x00, 0x00, 0x00, 0x00, 0x00, 0x00, 0x00, 0x07, 0xd1, 0x5b, 0xff, 0xff, 0xf5, 0x91, 0xff, 0xff, 0xff, 0xfd, 0x54, 0xbf,
    0xfa, 0x9e, 0x7a, 0xbf, 0xff, 0xff, 0xbe, 0xad, 0xba, 0xff, 0xff, 0xff, 0xff, 0xeb, 0xf9, 0xe7, 0xaf, 0xfb, 0xef, 0xef, 0xfb, 0xff, 0xff, 0xbf,
    0xff, 0xfe, 0xfe, 0xff, 0xff, 0xfb, 0xff, 0xff, 0xef, 0xff, 0xff, 0xff, 0xff, 0xff, 0xeb, 0xfb, 0xff, 0xff, 0xef, 0xef, 0xbf, 0xff, 0xff, 0xbf,
    0xff, 0xff, 0xef, 0xbe, 0xbf, 0xef, 0xbf, 0xeb, 0xbf, 0xfe, 0xeb, 0xee, 0xfb, 0xff, 0xae, 0xfa, 0xfa, 0xfa, 0xfe, 0xef, 0xba, 0xfa, 0xeb, 0xeb,
    0xeb, 0xeb, 0xba, 0xfb, 0xef, 0xbf, 0xbf, 0xfa, 0xfa, 0xee, 0xfb, 0xef, 0xba, 0xfb, 0xef, 0xbb, 0xeb, 0xeb, 0xeb, 0xeb, 0xa0, 0xaa, 0xba, 0xaa,
    0xaa, 0xaa, 0x96, 0xae, 0xaa, 0xba, 0xae, 0xaa, 0xaa, 0xae, 0xaa, 0xaa, 0xea, 0xab, 0xaa, 0xaa, 0xaa, 0xa4, 0xbf, 0xff, 0xbf, 0xff, 0xef, 0xfe,
    0xff, 0xfe, 0xff, 0xff, 0xff, 0xfb, 0xff, 0xff, 0xef, 0xff, 0xff, 0xff, 0xff, 0xbf, 0xf4, 0x01, 0x40, 0x14, 0x00, 0x00, 0xb4, 0x06, 0x50, 0x00,
    0x00, 0x00, 0x15, 0x19, 0x40, 0xb8, 0x00, 0x00, 0x00, 0x50, 0x54, 0x00, 0x00, 0x00, 0x00, 0x00, 0x11, 0x50, 0x00, 0x00, 0x00, 0x00, 0x00, 0x00,
    0x00, 0x00, 0xaf, 0x46, 0xa4, 0xbf, 0xff, 0xd7, 0xf9, 0x7f, 0xff, 0xff, 0xf6, 0xb9, 0x2f, 0xfe, 0xbd, 0xba, 0xff, 0xff, 0xff, 0xf8, 0xba, 0xe7,
    0xfb, 0xff, 0xff, 0xff, 0xf6, 0xf9, 0x9b, 0xff, 0xff, 0xfe, 0xff, 0xff, 0xff, 0xff, 0xff, 0xff, 0xbf, 0xff, 0xff, 0xff, 0xff, 0xff, 0xbf, 0xff,
    0xef, 0xfb, 0xff, 0xff, 0xff, 0xff, 0xff, 0xfb, 0xef, 0xff, 0xff, 0xff, 0xff, 0xbf, 0xfe, 0xfe, 0xbf, 0xef, 0xff, 0xfe, 0xff, 0xfe, 0xff, 0xfe,
    0xbf, 0xfe, 0xbe, 0xfe, 0xbf, 0xbe, 0xff, 0xba, 0xeb, 0xaf, 0xfb, 0xee, 0xbe, 0xfa, 0xfe, 0xfa, 0xff, 0xef, 0xaf, 0xaf, 0xba, 0xea, 0xfb, 0xef,
    0xea, 0xfa, 0xfa, 0xfe, 0xfa, 0xfb, 0xeb, 0xba, 0xfb, 0xba, 0xef, 0xa0, 0xab, 0xaa, 0xba, 0xae, 0xae, 0xd6, 0xaa, 0xba, 0xaa, 0xea, 0xaa, 0xba,
    0xaa, 0xaa, 0xaa, 0xaa, 0xeb, 0xae, 0xba, 0xbb, 0x92, 0xff, 0xff, 0xfb, 0xef, 0xff, 0xff, 0xfb, 0xff, 0xef, 0xbf, 0xfb, 0xea, 0xeb, 0xff, 0xff,
    0xff, 0xbf, 0xff, 0xff, 0xff, 0xf9, 0x00, 0x00, 0x54, 0x00, 0x00, 0x00, 0x00, 0x10, 0x00, 0x00, 0x00, 0x58, 0x10, 0x00, 0x7c, 0x00, 0x00, 0x00,
    0x45, 0x04, 0x00, 0x00, 0x00, 0x00, 0x00, 0x50, 0x50, 0x00, 0x00, 0x00, 0x00, 0x00, 0x00, 0x00, 0x01, 0xf4, 0x01, 0x79, 0x7f, 0xff, 0xef, 0xfe,
    0x7f, 0xfb, 0xff, 0xd7, 0xff, 0x8b, 0xfe, 0x65, 0xf9, 0xfe, 0x51, 0xff, 0xf6, 0xff, 0x4b, 0xff, 0xff, 0xff, 0xff, 0xf8, 0xb9, 0x69, 0x6b, 0xaf,
    0xff, 0xfa, 0xef, 0xfe, 0xff, 0xfe, 0xff, 0xff, 0xff, 0xff, 0xbe, 0xff, 0xef, 0xff, 0xbe, 0xff, 0xff, 0xff, 0xbf, 0xff, 0xff, 0xef, 0xbf, 0xff,
    0xff, 0xbf, 0xff, 0xfb, 0xff, 0xef, 0xff, 0xeb, 0xfe, 0xfa, 0xfb, 0xef, 0xef, 0xfe, 0xff, 0xaf, 0xbf, 0xbf, 0xaf, 0xeb, 0xef, 0xaf, 0xbf, 0xef,
    0xfa, 0xfb, 0xee, 0xfb, 0xef, 0xaf, 0xbf, 0xae, 0xef, 0xeb, 0xeb, 0xfa, 0xff, 0xbe, 0xbe, 0xbf, 0xaf, 0xbe, 0xef, 0xaf, 0xba, 0xfa, 0xbe, 0xbb,
    0xbe, 0xbe, 0xe0, 0xaa, 0xaa, 0xae, 0xaa, 0xea, 0x96, 0xba, 0xab, 0xae, 0xab, 0xab, 0xaa, 0xba, 0xaa, 0xaa, 0xaa, 0xba, 0xaa, 0xaa, 0xab, 0x4b,
    0xff, 0xfe, 0xff, 0xff, 0xff, 0xfb, 0xff, 0xaf, 0xff, 0xfe, 0xff, 0xff, 0xef, 0xfe, 0xff, 0xbf, 0xff, 0xbe, 0xfb, 0xff, 0xbe, 0x40, 0x00, 0x60,
    0x00, 0x00, 0x00, 0x01, 0x40, 0x00, 0x00, 0x00, 0x45, 0x45, 0x00, 0x14, 0x00, 0x04, 0x02, 0x94, 0x50, 0x00, 0x00, 0x00, 0x00, 0x05, 0x50, 0x40,
    0x00, 0x00, 0x00, 0x10, 0x00, 0x00, 0x00, 0x01, 0x40, 0x00, 0x6d, 0xbf, 0xff, 0xff, 0xfb, 0x5f, 0xe1, 0xbf, 0xef, 0xef, 0x8b, 0xfe, 0x5b, 0xe2,
    0xf5, 0xa9, 0x2f, 0xf6, 0xff, 0xaf, 0xbf, 0xff, 0xff, 0xff, 0xee, 0x59, 0x55, 0x9b, 0xff, 0xaf, 0xff, 0xfe, 0xff, 0xef, 0xff, 0xef, 0xff, 0xbe,
    0xfb, 0xff, 0xff, 0xff, 0xff, 0xff, 0xfe, 0xff, 0xbf, 0xff, 0xef, 0xfe, 0xff, 0xff, 0xff, 0xef, 0xfb, 0xff, 0xff, 0xbf, 0xff, 0xbf, 0xbe, 0xba,
    0xff, 0xff, 0xfe, 0xfe, 0xbe, 0xeb, 0xfb, 0xeb, 0xeb, 0xba, 0xfe, 0xeb, 0xee, 0xfe, 0xfa, 0xfe, 0xbe, 0xfb, 0xeb, 0xef, 0xfb, 0xef, 0xfa, 0xeb,
    0xfa, 0xfe, 0xbf, 0xbf, 0xaf, 0xeb, 0xeb, 0xef, 0xae, 0xeb, 0xfe, 0xbe, 0xbf, 0xef, 0xba, 0xeb, 0xea, 0xf0, 0xaa, 0xaa, 0xaa, 0xea, 0xaa, 0xe6,
    0xaa, 0xeb, 0xaa, 0xaa, 0xaa, 0xab, 0xaa, 0xba, 0xea, 0xab, 0xaa, 0xab, 0xae, 0xa9, 0x1f, 0xff, 0xff, 0xfe, 0xfb, 0xfe, 0xff, 0xeb, 0xff, 0xfb,
    0xff, 0xfe, 0xfb, 0xff, 0xff, 0xff, 0xff, 0xff, 0xff, 0xfb, 0xfb, 0xff, 0x90, 0x00, 0x14, 0x00, 0x60, 0x00, 0x01, 0x40, 0x00, 0x00, 0x01, 0x57,
    0x84, 0x00, 0x00, 0x00, 0x0e, 0x02, 0xd2, 0x90, 0x00, 0x01, 0x40, 0x00, 0x14, 0x15, 0x00, 0x00, 0x00, 0x00, 0x78, 0x00, 0x00, 0x00, 0x00, 0x00,
    0x00, 0x6e, 0xff, 0xff, 0xff, 0xff, 0x9f, 0x86, 0x6f, 0xfe, 0xbb, 0x5b, 0xff, 0xbf, 0xd3, 0xe2, 0xff, 0x4b, 0xf6, 0xfb, 0xfe, 0xff, 0xff, 0xff,
    0xff, 0xeb, 0xff, 0xff, 0xf5, 0xff, 0xfe, 0xff, 0xbf, 0xef, 0xfe, 0xfb, 0xff, 0xff, 0xff, 0xff, 0xff, 0xff, 0xbf, 0xff, 0xff, 0xff, 0xff, 0xff,
    0xff, 0xff, 0xff, 0xff, 0xff, 0xfb, 0xff, 0xff, 0xff, 0xff, 0xff, 0xff, 0xff, 0xff, 0xff, 0xef, 0xbe, 0xbe, 0xff, 0xff, 0xfe, 0xfb, 0xef, 0xef,
    0xbf, 0xae, 0xfb, 0xfe, 0xfb, 0xef, 0xaf, 0xef, 0xbb, 0xfe, 0xba, 0xfb, 0xee, 0xff, 0xbe, 0xff, 0xaf, 0xef, 0xbb, 0xfe, 0xfb, 0xbe, 0xeb, 0xeb,
    0xef, 0xbf, 0xef, 0xae, 0xeb, 0xea, 0xfb, 0xaf, 0xa0, 0xaa, 0xab, 0xaa, 0xbe, 0xba, 0xaa, 0xaa, 0xaa, 0xab, 0xaa, 0xea, 0xfa, 0xaa, 0xaa, 0xaa,
    0xaa, 0xae, 0xba, 0xae, 0xa5, 0x7e, 0xff, 0xbf, 0xef, 0xff, 0xbf, 0xfe, 0xff, 0xfe, 0xff, 0xbf, 0xbf, 0xff, 0xfe, 0xfb, 0xfe, 0xff, 0xfb, 0xff,
    0xff, 0xff, 0xff, 0xe0, 0x00, 0x14, 0x00, 0xb0, 0x00, 0x04, 0x40, 0x00, 0x00, 0x01, 0x0b, 0xd1, 0x00, 0x00, 0x00, 0x05, 0x05, 0x92, 0x90, 0x00,
    0x01, 0xd0, 0x00, 0x50, 0x50, 0x00, 0x00, 0x00, 0x00, 0x68, 0x00, 0x00, 0x00, 0x00, 0x00, 0x01, 0x6f, 0xff, 0xff, 0xff, 0xe5, 0x5f, 0x5f, 0xaf,
    0xfa, 0xfb, 0x6f, 0xff, 0xff, 0xdb, 0xdb, 0xff, 0xe6, 0xf6, 0xfe, 0xbe, 0xff, 0xe6, 0xbf, 0xff, 0xbe, 0xeb, 0xff, 0xfd, 0xbb, 0xff, 0xef, 0xff,
    0xfe, 0xff, 0xff, 0xff, 0xfb, 0xff, 0xff, 0xff, 0xef, 0xff, 0xbf, 0xbe, 0xff, 0xff, 0xff, 0xff, 0xbf, 0xfb, 0xfb, 0xef, 0xbf, 0xff, 0xff, 0xef,
    0xbf, 0xff, 0xff, 0xee, 0xeb, 0xef, 0xbe, 0xbf, 0xff, 0xef, 0xef, 0xaf, 0xbe, 0xbe, 0xbe, 0xef, 0xff, 0xbe, 0xff, 0xff, 0xaf, 0xeb, 0xef, 0xaf,
    0xaf, 0xef, 0xbe, 0xff, 0xaf, 0xbe, 0xef, 0xfb, 0xef, 0xfb, 0xef, 0xbf, 0xaf, 0xfe, 0xbe, 0xfb, 0xeb, 0xef, 0xfa, 0xfa, 0xef, 0xba, 0xfa, 0xe0,
    0xab, 0xaa, 0xba, 0xaa, 0xab, 0xaa, 0xba, 0xaa, 0xea, 0xaa, 0xae, 0xaa, 0xab, 0xaa, 0xaa, 0xaa, 0xaa, 0xaa, 0xea, 0xd1, 0xbe, 0xff, 0xff, 0xff,
    0xfb, 0xff, 0xff, 0xef, 0xbf, 0xef, 0xfb, 0xff, 0xef, 0xff, 0xff, 0xff, 0xfe, 0xff, 0xff, 0xff, 0xef, 0xff, 0xf4, 0x00, 0x90, 0x00, 0x40, 0x00,
    0x04, 0x00, 0x00, 0x00, 0x01, 0x46, 0x54, 0x00, 0x00, 0x00, 0x00, 0x05, 0x54, 0x40, 0x00, 0x00, 0x50, 0x00, 0x11, 0x40, 0x00, 0x00, 0x00, 0x00,
    0x00, 0x00, 0x00, 0x00, 0x00, 0x00, 0x00, 0xba, 0xff, 0xff, 0xff, 0x45, 0x5f, 0x5e, 0xff, 0xfb, 0xfe, 0x6f, 0xff, 0xff, 0xda, 0xcb, 0xfb, 0xf5,
    0xf6, 0xbf, 0xef, 0xfe, 0x15, 0x5b, 0xfe, 0xae, 0xfb, 0xef, 0xff, 0x6e, 0xbf, 0xfb, 0xef, 0xbf, 0xff, 0xbf, 0xfe, 0xff, 0xff, 0xbe, 0xfb, 0xff,
    0xff, 0xfe, 0xff, 0xfb, 0xff, 0xef, 0xbf, 0xef, 0xbf, 0xff, 0xff, 0xff, 0xfe, 0xfe, 0xff, 0xff, 0xbf, 0xef, 0xff, 0xfe, 0xbf, 0xbf, 0xff, 0xeb,
    0xef, 0xff, 0xef, 0xbf, 0xbe, 0xfa, 0xfa, 0xbb, 0xef, 0xaf, 0xbe, 0xfb, 0xff, 0xfa, 0xfb, 0xfa, 0xff, 0xbf, 0xfb, 0xff, 0xff, 0xea, 0xfa, 0xfa,
    0xfe, 0xeb, 0xaf, 0xab, 0xaf, 0xbe, 0xbe, 0xfe, 0xfa, 0xff, 0xaf, 0xbe, 0xbe, 0xba, 0xe0, 0xaa, 0xba, 0xae, 0xaa, 0xaa, 0xaa, 0xaa, 0xea, 0xaa,
    0xae, 0xaa, 0xaa, 0xaa, 0xaa, 0xaa, 0xaa, 0xfa, 0xaa, 0xea, 0x56, 0xea, 0xfe, 0xff, 0xff, 0xff, 0xff, 0xef, 0xff, 0xfb, 0xfe, 0xff, 0xff, 0xff,
    0xef, 0xef, 0xff, 0xff, 0xff, 0xef, 0xff, 0xff, 0xff, 0xf9, 0x00, 0xa0, 0x00, 0x00, 0x00, 0x06, 0x81, 0x90, 0x00, 0x00, 0x54, 0x10, 0x00, 0x68,
    0x00, 0x00, 0x01, 0x11, 0x40, 0x00, 0x00, 0x00, 0x01, 0x05, 0x10, 0x00, 0x00, 0x00, 0x00, 0x00, 0x00, 0x00, 0x00, 0x00, 0x00, 0x01, 0xff, 0xff,
    0xff, 0xfe, 0xbf, 0x9e, 0x2f, 0xfb, 0xff, 0xae, 0x6f, 0xaa, 0xff, 0xd7, 0xdf, 0xbf, 0xb8, 0xb9, 0xeb, 0xff, 0xf9, 0x7e, 0xa5, 0xff, 0x5b, 0xea,
    0x96, 0xbf, 0xdb, 0xfe, 0xff, 0xff, 0xff, 0xfb, 0xfb, 0xef, 0xef, 0xfb, 0xff, 0xff, 0xff, 0xff, 0xef, 0xfb, 0xff, 0xfb, 0xff, 0xff, 0xef, 0xff,
    0xef, 0xfb, 0xff, 0xff, 0xff, 0xff, 0xef, 0xfb, 0xff, 0xbf, 0xbf, 0xfb, 0xfb, 0xeb, 0xff, 0xff, 0xbe, 0xff, 0xff, 0xeb, 0xaf, 0xbf, 0xbe, 0xfb,
    0xff, 0xbf, 0xff, 0xbe, 0xbf, 0xfe, 0xff, 0xbf, 0xff, 0xbf, 0xff, 0xff, 0xff, 0xbe, 0xff, 0xaf, 0xfb, 0xfb, 0xff, 0xbf, 0xaf, 0xef, 0xef, 0xbf,
    0xaf, 0xef, 0xbb, 0xeb, 0xef, 0xa0, 0xae, 0xaa, 0xae, 0xba, 0xee, 0xba, 0xea, 0xab, 0xaa, 0xaa, 0xba, 0xaa, 0xea, 0xea, 0xaa, 0xba, 0xaa, 0xba,
    0xaa, 0x1b, 0xba, 0xef, 0xfb, 0xfb, 0xff, 0xef, 0xff, 0xbf, 0xff, 0xff, 0xfe, 0xff, 0xfb, 0xfe, 0xff, 0xfe, 0xff, 0xff, 0xff, 0xfe, 0xff, 0xfb,
    0xfd, 0x01, 0x54, 0x00, 0x04, 0x00, 0x07, 0x81, 0xd0, 0x00, 0x01, 0x04, 0x10, 0x00, 0xfd, 0x00, 0x00, 0x15, 0x91, 0x40, 0x00, 0x00, 0x00, 0x01,
    0x44, 0x10, 0x00, 0x00, 0x00, 0x00, 0x00, 0x00, 0x00, 0x00, 0x15, 0x05, 0x07, 0xef, 0xff, 0xff, 0xfe, 0xf9, 0x6e, 0x15, 0xbf, 0xea, 0xfe, 0x7d,
    0x00, 0xbf, 0xe6, 0xff, 0xfe, 0xfd, 0xb6, 0xff, 0xff, 0xfa, 0xfb, 0xfd, 0xbf, 0x8a, 0x56, 0xfe, 0x5b, 0xf5, 0xff, 0xfe, 0xfb, 0xff, 0xbf, 0xff,
    0xff, 0xff, 0xff, 0xef, 0xff, 0xff, 0xff, 0xff, 0xff, 0xff, 0xff, 0xff, 0xfb, 0xfb, 0xfb, 0xfe, 0xff, 0xbf, 0xef, 0xff, 0xfb, 0xff, 0xff, 0xbf,
    0xef, 0xfb, 0xff, 0xaf, 0xff, 0xbf, 0xfb, 0xfe, 0xfb, 0xfb, 0xff, 0xbf, 0xbf, 0xee, 0xbe, 0xfb, 0xfb, 0xee, 0xff, 0xff, 0xaf, 0xef, 0xfb, 0xeb,
    0xfe, 0xef, 0xbe, 0xff, 0xef, 0xef, 0xff, 0xbb, 0xfb, 0xeb, 0xfa, 0xfb, 0xeb, 0xef, 0xeb, 0xfa, 0xeb, 0xeb, 0xeb, 0xea, 0xf0, 0xaa, 0xaa, 0xea,
    0xaa, 0xaa, 0xaa, 0xbe, 0xaa, 0xba, 0xba, 0xaa, 0xaa, 0xae, 0xaa, 0xea, 0xaa, 0xab, 0xaa, 0xa5, 0x6f, 0xbf, 0xff, 0xbf, 0xbf, 0xfb, 0xff, 0xff,
    0xff, 0xbf, 0xef, 0xef, 0xfe, 0xff, 0xff, 0xfe, 0xff, 0xff, 0xff, 0xff, 0xff, 0xfe, 0xff, 0xfe, 0x00, 0x14, 0x00, 0x00, 0x02, 0x40, 0x00, 0x00,
    0x00, 0x05, 0x15, 0x90, 0x00, 0x68, 0x00, 0x00, 0x15, 0xd5, 0x00, 0x00, 0x00, 0x00, 0x05, 0x41, 0x00, 0x00, 0x00, 0x01, 0x40, 0x00, 0x00, 0x00,
    0x15, 0x01, 0x54, 0x2e, 0xff, 0xff, 0xff, 0xfe, 0xfa, 0x3d, 0x69, 0x7f, 0x8a, 0xa5, 0xb8, 0xaa, 0x2f, 0xfe, 0xef, 0xef, 0xfa, 0xd7, 0xff, 0xff,
    0xff, 0xff, 0xef, 0xbf, 0xd5, 0x6f, 0xff, 0xe5, 0xbd, 0xbb, 0xff, 0xff, 0xfb, 0xff, 0xff, 0xff, 0xff, 0xbe, 0xff, 0xef, 0xfe, 0xff, 0xff, 0xff,
    0xff, 0xef, 0xff, 0xff, 0xbf, 0xbf, 0xff, 0xef, 0xfe, 0xff, 0xfe, 0xff, 0xbf, 0xff, 0xfe, 0xff, 0xff, 0xaf, 0xef, 0xbf, 0xff, 0xff, 0xff, 0xff,
    0xbf, 0xaf, 0xfb, 0xeb, 0xef, 0xfe, 0xff, 0xff, 0xef, 0xef, 0xea, 0xfb, 0xfe, 0xfb, 0xff, 0xef, 0xef, 0xff, 0xfb, 0xef, 0xfe, 0xfb, 0xef, 0xbe,
    0xba, 0xeb, 0xfa, 0xfa, 0xbf, 0xfe, 0xff, 0xee, 0xfe, 0xbe, 0xfb, 0xe0, 0xaa, 0xae, 0xab, 0xae, 0xba, 0xae, 0xab, 0xaa, 0xab, 0xaa, 0xaa, 0xea,
    0xaa, 0xae, 0xaa, 0xab, 0xaa, 0xaa, 0x91, 0xfb, 0xaf, 0xbe, 0xff, 0xff, 0xff, 0xff, 0xff, 0xfb, 0xff, 0xbf, 0xff, 0xff, 0xff, 0xff, 0xff, 0xff,
    0xfb, 0xfe, 0xff, 0xff, 0xff, 0xff, 0xff, 0x40, 0x44, 0x00, 0x00, 0x06, 0x06, 0x40, 0x00, 0x00, 0x04, 0x11, 0x90, 0x00, 0x00, 0x00, 0x00, 0x45,
    0x51, 0x00, 0x00, 0x01, 0x40, 0x06, 0x55, 0x00, 0x00, 0x00, 0x0b, 0x80, 0x00, 0x00, 0x00, 0x50, 0x60, 0x44, 0x7f, 0xff, 0xff, 0xaf, 0xff, 0xb6,
    0xf5, 0xff, 0x2f, 0xda, 0xab, 0xe6, 0xff, 0x97, 0xff, 0xbe, 0xff, 0xfa, 0x9f, 0xff, 0xff, 0xff, 0xfe, 0xbf, 0xaf, 0xd2, 0xff, 0xef, 0xb9, 0x6e,
    0x7f, 0xbf, 0xfe, 0xff, 0xfe, 0xfe, 0xfe, 0xfb, 0xfb, 0xfe, 0xff, 0xff, 0xff, 0xff, 0xff, 0xfb, 0xef, 0xff, 0xff, 0xff, 0xff, 0xfb, 0xfe, 0xef,
    0xbe, 0xff, 0xff, 0xff, 0xee, 0xff, 0xfe, 0xff, 0xfe, 0xfb, 0xfe, 0xff, 0xbf, 0xff, 0xfe, 0xff, 0xfb, 0xee, 0xff, 0xff, 0xaf, 0xff, 0xef, 0xfe,
    0xbe, 0xff, 0xeb, 0xbf, 0xbf, 0xbf, 0xff, 0xff, 0xff, 0xbf, 0xfa, 0xfb, 0xef, 0xaf, 0xbe, 0xfb, 0xfe, 0xbf, 0xff, 0xbf, 0xfe, 0xaf, 0xbe, 0xfa,
    0xfe, 0xbe, 0xa0, 0xab, 0xaa, 0xba, 0xae, 0xab, 0xaa, 0xea, 0xab, 0xaa, 0xab, 0xaa, 0xae, 0xba, 0xea, 0xaa, 0xaa, 0xaa, 0xaa, 0x56, 0xab, 0xfa,
    0xfb, 0xff, 0xfe, 0xfe, 0xff, 0xbf, 0xff, 0xfb, 0xfb, 0xff, 0xef, 0xfe, 0xff, 0xff, 0xff, 0xff, 0xef, 0xff, 0xef, 0xff, 0xff, 0xff, 0xc1, 0x44,
    0x01, 0x80, 0x00, 0x07, 0x40, 0x00, 0x00, 0x01, 0x41, 0x00, 0x19, 0x00, 0x00, 0x00, 0x45, 0x54, 0x00, 0x00, 0x02, 0x80, 0x5b, 0x44, 0x00, 0x00,
    0x00, 0x1f, 0xe0, 0x00, 0x00, 0x01, 0x45, 0xa5, 0x01, 0xff, 0xaf, 0xe5, 0xbe, 0xff, 0xb5, 0xdb, 0xff, 0x5f, 0xda, 0xba, 0x5b, 0xff, 0xe5, 0xbf,
    0x6f, 0xff, 0xe4, 0x55, 0xff, 0xff, 0xff, 0xe4, 0x57, 0xaf, 0xdb, 0xfb, 0xfb, 0xff, 0x5f, 0x7f, 0xff, 0xfb, 0xef, 0xbf, 0xef, 0xef, 0xff, 0xff,
    0xfe, 0xff, 0xff, 0xff, 0xef, 0xff, 0xff, 0xbf, 0xef, 0xff, 0xef, 0xfb, 0xff, 0xbf, 0xef, 0xff, 0xff, 0xbe, 0xfe, 0xff, 0xff, 0xff, 0xef, 0xff,
    0xfe, 0xff, 0xff, 0xfb, 0xff, 0xff, 0xfb, 0xfb, 0xfe, 0xff, 0xbf, 0xfe, 0xbe, 0xfe, 0xff, 0xfe, 0xbf, 0xbf, 0xfb, 0xef, 0xff, 0xba, 0xfb, 0xef,
    0xbe, 0xff, 0xaf, 0xaf, 0xbe, 0xfb, 0xeb, 0xbf, 0xfb, 0xff, 0xbe, 0xfb, 0xeb, 0xaf, 0xaf, 0xaf, 0xae, 0xf0, 0xaa, 0xaa, 0xaa, 0xaa, 0xeb, 0xaa,
    0xaa, 0xea, 0xba, 0xaa, 0xba, 0xaa, 0xaa, 0xaa, 0xea, 0xaa, 0xae, 0xa9, 0x1a, 0xfb, 0xbf, 0xff, 0xff, 0xbf, 0xfe, 0xff, 0xfb, 0xff, 0xbf, 0xef,
    0xfb, 0xfe, 0xff, 0xfb, 0xef, 0xff, 0xff, 0xff, 0xfe, 0xff, 0xff, 0xff, 0xff, 0xe1, 0x44, 0x06, 0x80, 0x00, 0x01, 0x40, 0x00, 0x50, 0x04, 0x50,
    0x40, 0x7f, 0x80, 0x00, 0x00, 0x51, 0x44, 0x00, 0x00, 0x00, 0x00, 0x47, 0x44, 0x00, 0x00, 0x00, 0x07, 0x80, 0x00, 0x00, 0x14, 0x15, 0xd0, 0x1b,
    0xfe, 0xfb, 0xf8, 0xbb, 0xff, 0xf9, 0x1a, 0xff, 0xdb, 0xd9, 0x55, 0xbf, 0xfb, 0xf8, 0x7e, 0x1f, 0xff, 0x9a, 0xee, 0x7f, 0xff, 0xff, 0x8a, 0xe6,
    0xaf, 0x9f, 0xff, 0xff, 0xeb, 0xdb, 0x6f, 0xef, 0xbf, 0xff, 0xfb, 0xff, 0xff, 0xff, 0xbf, 0xff, 0xff, 0xff, 0xff, 0xfe, 0xfb, 0xff, 0xfe, 0xff,
    0xef, 0xfe, 0xff, 0xbf, 0xff, 0xfb, 0xfb, 0xef, 0xff, 0xff, 0xff, 0xfe, 0xff, 0xff, 0xfb, 0xef, 0xef, 0xff, 0xff, 0xbf, 0xff, 0xbf, 0xbf, 0xbf,
    0xfb, 0xfa, 0xff, 0xff, 0xfb, 0xeb, 0xef, 0xff, 0xfe, 0xfb, 0xef, 0xef, 0xbf, 0xff, 0xff, 0xfa, 0xff, 0xfe, 0xfb, 0xfe, 0xff, 0xff, 0xeb, 0xef,
    0xef, 0xef, 0xeb, 0xfb, 0xaf, 0xbf, 0xbf, 0xff, 0xa0, 0xaa, 0xea, 0xab, 0xae, 0xaa, 0xab, 0xaa, 0xae, 0xaa, 0xba, 0xaa, 0xeb, 0xaa, 0xaa, 0xaa,
    0xaa, 0xea, 0xa5, 0x6a, 0xfb, 0xef, 0xff, 0xff, 0xff, 0xff, 0xff, 0xff, 0xbf, 0xfe, 0xff, 0xff, 0xff, 0xef, 0xff, 0xff, 0xbf, 0xef, 0xff, 0xff,
    0xff, 0xff, 0xff, 0xff, 0xf4, 0x14, 0x00, 0x00, 0x00, 0x04, 0x00, 0x00, 0xa0, 0x04, 0x15, 0x40, 0xbf, 0x80, 0x00, 0x00, 0x51, 0x40, 0x00, 0x0a,
    0x00, 0x00, 0x11, 0x50, 0x00, 0x00, 0x00, 0x00, 0x00, 0x00, 0x01, 0x41, 0x50, 0xfa, 0xbf, 0xe5, 0x6f, 0xf9, 0xfa, 0xaf, 0xfe, 0xbf, 0xfa, 0xdb,
    0x9e, 0xbe, 0xeb, 0xbe, 0xb9, 0x7e, 0x2f, 0xff, 0xaf, 0xff, 0xff, 0xff, 0xff, 0x5f, 0xfd, 0xaf, 0x7f, 0xef, 0xaf, 0xfe, 0xdb, 0xba, 0xff, 0xfb,
    0xfe, 0xff, 0xbe, 0xfb, 0xff, 0xfb, 0xff, 0xff, 0xbf, 0xfb, 0xff, 0xef, 0xbe, 0xff, 0xfe, 0xfe, 0xff, 0xff, 0xff, 0xea, 0xbe, 0xbf, 0xff, 0xef,
    0xff, 0xfe, 0xff, 0xeb, 0xff, 0xbf, 0xef, 0xfe, 0xfe, 0xff, 0xff, 0xfb, 0xff, 0xfb, 0xff, 0xbf, 0xff, 0xeb, 0xef, 0xbf, 0xbe, 0xfb, 0xff, 0xef,
    0xfe, 0xfe, 0xff, 0xff, 0xef, 0xbb, 0xef, 0xfa, 0xfe, 0xff, 0xef, 0xfe, 0xbf, 0xff, 0xee, 0xfe, 0xff, 0xfe, 0xbe, 0xfb, 0xfb, 0xfa, 0xfb, 0xf0,
    0xaa, 0xaa, 0xba, 0xaa, 0xba, 0xba, 0xae, 0xaa, 0xae, 0xaa, 0xae, 0xaa, 0xae, 0xab, 0xaa, 0xaa, 0xab, 0x95, 0xaf, 0xee, 0xfe, 0xff, 0xfb, 0xef,
    0xef, 0xfb, 0xef, 0xfb, 0xff, 0xff, 0xbe, 0xff, 0xfe, 0xfe, 0xff, 0xff, 0xff, 0xef, 0xff, 0xff, 0xff, 0xff, 0xff, 0xfe, 0x00, 0x00, 0x02, 0x41,
    0x00, 0x10, 0x00, 0x50, 0x0a, 0x05, 0x10, 0x2e, 0x00, 0x00, 0x01, 0x54, 0x50, 0x00, 0x05, 0x00, 0x00, 0x74, 0x10, 0x00, 0x00, 0x00, 0x00, 0x00,
    0x00, 0x14, 0x55, 0x14, 0x6a, 0xbf, 0x80, 0x1f, 0xf9, 0xe5, 0x46, 0xff, 0xff, 0xe5, 0x5f, 0x9f, 0xff, 0xfe, 0xbf, 0xfe, 0x7e, 0x7f, 0xff, 0xff,
    0xfe, 0x9b, 0xff, 0xfe, 0xbf, 0xaf, 0x6e, 0x7f, 0xff, 0xff, 0xef, 0xef, 0x7f, 0xfb, 0xfb, 0xef, 0xef, 0xef, 0xff, 0xbf, 0xff, 0xbb, 0xfb, 0xfe,
    0xff, 0xfb, 0xff, 0xff, 0xff, 0xff, 0xff, 0xff, 0xbf, 0xef, 0xff, 0xff, 0xef, 0xff, 0xfe, 0xff, 0xef, 0xfb, 0xff, 0xbf, 0xff, 0xff, 0xff, 0xff,
    0xfb, 0xfe, 0xff, 0xfb, 0xfe, 0xfb, 0xfe, 0xbe, 0xff, 0xef, 0xbf, 0xfe, 0xfb, 0xfb, 0xfe, 0xff, 0xef, 0xbf, 0xbe, 0xff, 0xff, 0xfe, 0xfa, 0xfb,
    0xfe, 0xff, 0xbf, 0xef, 0xbe, 0xfe, 0xff, 0xbf, 0xff, 0xfe, 0xfb, 0xaf, 0xef, 0xae, 0xe0, 0xba, 0xaa, 0xaa, 0xfa, 0xab, 0xaa, 0xaa, 0xaa, 0xaa,
    0xaa, 0xaa, 0xaa, 0xea, 0xaa, 0xaa, 0xaa, 0xaa, 0x5a, 0xaf, 0xff, 0xef, 0xbe, 0xff, 0xff, 0xff, 0xff, 0xff, 0xff, 0xef, 0xbf, 0xff, 0xef, 0xef,
    0xff, 0xfe, 0xff, 0xbf, 0xff, 0xff, 0xff, 0xff, 0xff, 0xff, 0xff, 0xe5, 0x00, 0x11, 0x40, 0x06, 0xe9, 0x54, 0x00, 0x15, 0x54, 0x00, 0x05, 0x00,
    0x00, 0x01, 0x04, 0x50, 0x00, 0x00, 0x00, 0x00, 0xb8, 0x50, 0x00, 0x6d, 0x00, 0x00, 0x00, 0x00, 0x54, 0x16, 0x45, 0x00, 0x04, 0x14, 0x5e, 0xf9,
    0x5f, 0xa4, 0x6b, 0xff, 0xeb, 0x9f, 0x7f, 0xff, 0xff, 0xfb, 0xaa, 0xbd, 0xbf, 0xff, 0xff, 0xf8, 0x01, 0xff, 0xff, 0xff, 0xfa, 0xbd, 0xbf, 0xfb,
    0xfe, 0xfb, 0xee, 0xbf, 0xff, 0xbf, 0xef, 0xff, 0xef, 0xef, 0xfb, 0xef, 0xff, 0xbf, 0xef, 0xef, 0xbf, 0xff, 0xff, 0xff, 0xff, 0xef, 0xbf, 0xfe,
    0xff, 0xff, 0xff, 0xff, 0xbf, 0xff, 0xfb, 0xff, 0xff, 0xff, 0xff, 0xff, 0xfb, 0xff, 0xbf, 0xff, 0xbf, 0xef, 0xff, 0xbe, 0xfb, 0xeb, 0xfb, 0xfa,
    0xff, 0xfb, 0xef, 0xbf, 0xff, 0xfe, 0xef, 0xfb, 0xfb, 0xff, 0xfb, 0xef, 0xbb, 0xef, 0xff, 0xbf, 0xff, 0xbf, 0xef, 0xfb, 0xfb, 0xfb, 0xfe, 0xfb,
    0xef, 0xaf, 0xfe, 0xff, 0xef, 0xa0, 0xaa, 0xaa, 0xae, 0xaa, 0xea, 0xaa, 0xfa, 0xae, 0xaa, 0xba, 0xeb, 0xaa, 0xaa, 0xba, 0xaa, 0xaa, 0xb9, 0x6e,
    0xfe, 0xba, 0xff, 0xff, 0xfe, 0xff, 0xbf, 0xef, 0xff, 0xbe, 0xff, 0xfb, 0xef, 0xfe, 0xff, 0xbf, 0xbf, 0xff, 0xff, 0xff, 0xef, 0xff, 0xff, 0xff,
    0xff, 0xff, 0xfe, 0xa5, 0x00, 0x00, 0x6f, 0xfe, 0xae, 0x90, 0x00, 0x01, 0x40, 0x00, 0x00, 0x00, 0x01, 0x54, 0x00, 0x00, 0x00, 0x00, 0x01, 0xf6,
    0x40, 0x01, 0xfd, 0x00, 0x00, 0x00, 0x00, 0x41, 0x40, 0x51, 0x51, 0x40, 0x55, 0x0b, 0xf6, 0xbf, 0xfa, 0x55, 0x7f, 0xef, 0x6e, 0x6b, 0xff, 0xff,
    0xff, 0xe9, 0xbe, 0xff, 0xff, 0xff, 0xe1, 0xa8, 0x7f, 0xff, 0xff, 0xf9, 0xe6, 0xfb, 0xff, 0xbf, 0xff, 0x9d, 0xba, 0xff, 0xfe, 0xff, 0xfa, 0xff,
    0xef, 0xef, 0xfe, 0xff, 0xff, 0xff, 0xff, 0xfb, 0xff, 0xfb, 0xfb, 0xef, 0xff, 0xbf, 0xff, 0xfe, 0xff, 0xbf, 0xfb, 0xfb, 0xff, 0xff, 0xff, 0xff,
    0xff, 0xef, 0xbe, 0xff, 0xef, 0xfb, 0xef, 0xfb, 0xfe, 0xff, 0xff, 0xaf, 0xbe, 0xbf, 0xbf, 0xfe, 0xfa, 0xef, 0xbf, 0xef, 0xaf, 0xfe, 0xfe, 0xff,
    0xef, 0xbf, 0xeb, 0xfb, 0xff, 0xbf, 0xff, 0xeb, 0xef, 0xfb, 0xfb, 0xaf, 0xff, 0xff, 0xfb, 0xff, 0xff, 0xff, 0xeb, 0xfa, 0xf0, 0xaa, 0xba, 0xba,
    0xaa, 0xae, 0xaa, 0xaa, 0xaa, 0xea, 0xaa, 0xaa, 0xae, 0xab, 0xaa, 0xaa, 0xaa, 0xe5, 0xbf, 0xef, 0xfb, 0xeb, 0xff, 0xbf, 0xfb, 0xff, 0xff, 0xff,
    0xff, 0xfb, 0xff, 0xfe, 0xff, 0xfb, 0xff, 0xff, 0xff, 0xff, 0xfe, 0xff, 0xff, 0xff, 0xbf, 0xff, 0xff, 0xff, 0xff, 0x90, 0x01, 0xbf, 0xeb, 0xea,
    0xe0, 0x09, 0x14, 0x00, 0x00, 0x00, 0x00, 0x01, 0x15, 0x00, 0x00, 0x00, 0x2a, 0x01, 0x55, 0x00, 0x01, 0xfd, 0x00, 0x00, 0x00, 0x01, 0x15, 0x06,
    0x14, 0x15, 0x15, 0x40, 0x5b, 0xe7, 0xfe, 0xff, 0xfe, 0x6f, 0xfe, 0x79, 0x97, 0xff, 0xe5, 0x6f, 0xf9, 0xbb, 0xff, 0xff, 0xff, 0xe2, 0xfe, 0x2f,
    0xfe, 0x6b, 0xfd, 0x0b, 0xfe, 0xbf, 0xfb, 0xbf, 0xe6, 0xff, 0xba, 0xfe, 0xfb, 0xff, 0xbe, 0xfb, 0xfe, 0xff, 0xee, 0xff, 0xff, 0xff, 0xff, 0xef,
    0xff, 0xff, 0xff, 0xbf, 0xff, 0xff, 0xfe, 0xfb, 0xfe, 0xfb, 0xfe, 0xff, 0xff, 0xfb, 0xef, 0xff, 0xfe, 0xff, 0xef, 0xff, 0xff, 0xff, 0xff, 0xbf,
    0xff, 0xff, 0xfe, 0xaf, 0xbe, 0xfb, 0xef, 0xaf, 0xfb, 0xff, 0xef, 0xff, 0xbe, 0xff, 0xef, 0xbe, 0xfb, 0xff, 0xbf, 0xff, 0xbe, 0xfe, 0xff, 0xff,
    0xbf, 0xbf, 0xff, 0xef, 0xfb, 0xff, 0xbf, 0xbe, 0xbf, 0xbe, 0xbe, 0xf0, 0xaa, 0xaa, 0xba, 0xeb, 0xaa, 0xea, 0xaa, 0xea, 0xae, 0xab, 0xaa, 0xaa,
    0xaa, 0xaa, 0xfa, 0xae, 0x87, 0xfa, 0xff, 0xfa, 0xff, 0xfb, 0xeb, 0xfb, 0xfb, 0xff, 0xbe, 0xff, 0xbf, 0xbe, 0xff, 0xfb, 0xff, 0xfe, 0xff, 0xef,
    0xbf, 0xff, 0xff, 0xff, 0xfb, 0xff, 0xff, 0xff, 0xff, 0xff, 0xfa, 0x5b, 0xff, 0xeb, 0x80, 0x14, 0x15, 0x00, 0x00, 0x00, 0x00, 0x00, 0x05, 0x51,
    0x40, 0x00, 0x00, 0x1b, 0x01, 0x04, 0x40, 0x01, 0xfd, 0x00, 0x00, 0x00, 0x01, 0x1e, 0x17, 0x85, 0x41, 0x10, 0x06, 0xeb, 0xd7, 0xff, 0xee, 0xff,
    0x9f, 0xfa, 0xd6, 0xf6, 0xff, 0x46, 0x96, 0xf6, 0xe7, 0xff, 0xff, 0xff, 0xe7, 0xff, 0x9f, 0xe5, 0x42, 0xfe, 0x9b, 0xaf, 0xfe, 0xff, 0xbe, 0xfb,
    0xef, 0xbf, 0xef, 0xbf, 0xaf, 0xbf, 0xbf, 0xbf, 0xfb, 0xff, 0xff, 0xff, 0xff, 0xff, 0xff, 0xef, 0xfe, 0xfb, 0xff, 0xff, 0xfe, 0xff, 0xfe, 0xef,
    0xff, 0xff, 0xfe, 0xff, 0xff, 0xff, 0xef, 0xff, 0xff, 0xfe, 0xff, 0xbf, 0xff, 0xef, 0xff, 0xff, 0xfa, 0xfb, 0xfe, 0xfb, 0xef, 0xbe, 0xfb, 0xbf,
    0xfb, 0xff, 0xff, 0xff, 0xbe, 0xfe, 0xbe, 0xff, 0xff, 0xbe, 0xbe, 0xfb, 0xef, 0xfe, 0xbf, 0xbf, 0xfe, 0xff, 0xff, 0xfb, 0xff, 0xfb, 0xff, 0xfb,
    0xef, 0xaf, 0xe0, 0x1b, 0xab, 0xab, 0xaa, 0xba, 0xab, 0xaa, 0xaa, 0xaa, 0xea, 0xba, 0xea, 0xfa, 0xaa, 0xaa, 0xa9, 0x2e, 0xff, 0xbf, 0xbe, 0xff,
    0xff, 0xff, 0xff, 0xbf, 0xfe, 0xff, 0xff, 0xff, 0xff, 0xef, 0xbf, 0xff, 0xff, 0xfb, 0xfb, 0xfe, 0xff, 0xff, 0xff, 0xff, 0xff, 0xff, 0xff, 0xff,
    0xff, 0xff, 0xff, 0xff, 0xff, 0x40, 0x00, 0x00, 0x6a, 0x90, 0x00, 0x00, 0x00, 0x04, 0xa1, 0x00, 0x00, 0x00, 0x01, 0x04, 0x51, 0x00, 0x00, 0xb4,
    0x00, 0x00, 0x00, 0x15, 0x09, 0x16, 0x80, 0x41, 0x50, 0x6f, 0xdb, 0x8b, 0xbf, 0xef, 0xff, 0x9f, 0xf9, 0x5b, 0xfa, 0xfe, 0x1f, 0xfa, 0xe7, 0x8b,
    0xff, 0xff, 0xff, 0xeb, 0xfe, 0xdf, 0xd2, 0xf8, 0xbf, 0xd7, 0xff, 0xef, 0xaf, 0xff, 0xff, 0xbe, 0xff, 0xbf, 0xff, 0xfe, 0xfb, 0xfb, 0xfb, 0xff,
    0xbf, 0xff, 0xbf, 0xfb, 0xff, 0xff, 0xff, 0xbf, 0xff, 0xfb, 0xaf, 0xff, 0xef, 0xbf, 0xfe, 0xfe, 0xff, 0xbf, 0xfe, 0xff, 0xff, 0xff, 0xaf, 0xff,
    0xbf, 0xff, 0xfb, 0xff, 0xfe, 0xfe, 0xfb, 0xff, 0xaf, 0xaf, 0xef, 0xbf, 0xfb, 0xff, 0xfe, 0xff, 0xff, 0xba, 0xff, 0xff, 0xff, 0xef, 0xfe, 0xbf,
    0xef, 0xfe, 0xff, 0xbf, 0xbf, 0xfe, 0xfb, 0xfe, 0xfb, 0xfe, 0xff, 0xbe, 0xfb, 0xeb, 0xfb, 0xef, 0xfa, 0xe0, 0x55, 0xaa, 0xaa, 0xba, 0xab, 0xaa,
    0xba, 0xaa, 0xba, 0xae, 0xaa, 0xae, 0xaa, 0xae, 0xa5, 0x41, 0xbe, 0xef, 0xfb, 0xfe, 0xeb, 0xfe, 0xff, 0xef, 0xff, 0xff, 0xff, 0xfb, 0xfb, 0xef,
    0xff, 0xfe, 0xfa, 0xff, 0xbf, 0xff, 0xef, 0xff, 0xff, 0xff, 0xff, 0xff, 0xff, 0xff, 0xff, 0xff, 0xff, 0xff, 0xff, 0xfa, 0x80, 0x00, 0x05, 0xbf,
    0xf4, 0x00, 0x10, 0x00, 0x05, 0x55, 0x00, 0x04, 0x00, 0x00, 0x15, 0x91, 0x00, 0x00, 0x40, 0x00, 0x00, 0x00, 0x51, 0x44, 0x55, 0x14, 0x15, 0x06,
    0xfa, 0x5f, 0x5b, 0xfb, 0xef, 0xba, 0x9f, 0xfe, 0xbf, 0xb9, 0xfe, 0x2e, 0xff, 0xa5, 0x2f, 0xfa, 0xff, 0xff, 0xef, 0xf4, 0x5b, 0x87, 0xfe, 0x7f,
    0xd6, 0xfa, 0xff, 0xff, 0xef, 0xaf, 0xbf, 0xeb, 0xfe, 0xeb, 0xef, 0xaf, 0xef, 0xbf, 0xaf, 0xfb, 0xff, 0xff, 0xff, 0xff, 0xbf, 0xff, 0xfb, 0xff,
    0xbf, 0xfb, 0xfb, 0xff, 0xff, 0xbf, 0xef, 0xff, 0xfb, 0xef, 0xff, 0xef, 0xff, 0xff, 0xeb, 0xfb, 0xff, 0xff, 0xef, 0xbf, 0xff, 0xff, 0xbf, 0xfe,
    0xfe, 0xfe, 0xfb, 0xff, 0xbf, 0xef, 0xef, 0xbf, 0xff, 0xfa, 0xfb, 0xef, 0xff, 0xbf, 0xeb, 0xfb, 0xef, 0xaf, 0xbf, 0xbf, 0xef, 0xef, 0xbf, 0xff,
    0xaf, 0xaf, 0xfb, 0xff, 0xbf, 0xbf, 0xfa, 0xfa, 0xf0, 0xa4, 0x5a, 0xbe, 0xaa, 0xea, 0xae, 0xaa, 0xaa, 0xaa, 0xaa, 0xae, 0xaa, 0xaa, 0xa9, 0x54,
    0x06, 0xeb, 0xee, 0xfb, 0xef, 0xff, 0xff, 0xff, 0xff, 0xef, 0xef, 0xfb, 0xff, 0xbf, 0xff, 0xbe, 0xff, 0xff, 0xfb, 0xff, 0xfe, 0xff, 0xff, 0xff,
    0xbf, 0xbf, 0xff, 0xff, 0xff, 0xff, 0xff, 0xff, 0xff, 0xff, 0xff, 0xe5, 0x5a, 0xff, 0xfe, 0xbe, 0x40, 0x64, 0x00, 0x05, 0x14, 0x00, 0x00, 0x01,
    0x00, 0x07, 0x85, 0x00, 0x00, 0x00, 0x00, 0x40, 0x00, 0xb5, 0x45, 0x45, 0x14, 0x14, 0x1b, 0xe9, 0x7d, 0x2f, 0xef, 0xfa, 0xff, 0x9f, 0xeb, 0xeb,
    0xfe, 0xbe, 0x3e, 0xff, 0xf8, 0x7f, 0xfe, 0xfb, 0xff, 0xff, 0xe6, 0xaf, 0xaf, 0xff, 0x5f, 0xc7, 0xff, 0xfe, 0xfa, 0xff, 0xff, 0xfb, 0xfe, 0xfe,
    0xfe, 0xfb, 0xfe, 0xbf, 0xfb, 0xfe, 0xff, 0xef, 0xfe, 0xfe, 0xff, 0xff, 0xff, 0xff, 0xbf, 0xfe, 0xff, 0xbf, 0xfb, 0xef, 0xfb, 0xff, 0xbf, 0xff,
    0xff, 0xef, 0xbf, 0xef, 0xfb, 0xff, 0xff, 0xef, 0xbf, 0xff, 0xff, 0xbf, 0xbf, 0xfe, 0xff, 0xfb, 0xef, 0xff, 0xff, 0xfe, 0xff, 0xff, 0xff, 0xbf,
    0xbf, 0xef, 0xbe, 0xff, 0xeb, 0xff, 0xbf, 0xff, 0xfb, 0xff, 0xfa, 0xff, 0xef, 0xfb, 0xef, 0xff, 0xfe, 0xff, 0xaf, 0xbf, 0xbe, 0xfb, 0xaf, 0xa0,
    0xaa, 0x51, 0x56, 0xaa, 0xaa, 0xaa, 0xaa, 0xea, 0xaa, 0xeb, 0xaa, 0xaa, 0xaa, 0x95, 0x55, 0x1a, 0xfe, 0xfa, 0xff, 0xfb, 0xbe, 0xff, 0xff, 0xff,
    0xbe, 0xff, 0xff, 0xff, 0xff, 0xbb, 0xff, 0xff, 0xbf, 0xff, 0xff, 0xff, 0xff, 0xff, 0xff, 0xff, 0xff, 0xff, 0xef, 0xbf, 0xff, 0xff, 0xff, 0xff,
    0xff, 0xff, 0xfe, 0xff, 0xff, 0x90, 0x5b, 0xe0, 0x00, 0x00, 0x11, 0x41, 0x00, 0x50, 0x0b, 0x80, 0x11, 0x54, 0x00, 0x00, 0x00, 0x01, 0x90, 0x02,
    0xf8, 0x51, 0x11, 0xb4, 0x50, 0xbe, 0xdb, 0xe5, 0xbf, 0xef, 0xef, 0xfa, 0x9b, 0x9e, 0xfe, 0xee, 0x7e, 0x6f, 0xff, 0xfe, 0xff, 0xef, 0xbf, 0xff,
    0xff, 0xef, 0xff, 0x7f, 0xe4, 0x4b, 0xdb, 0xbe, 0xff, 0xff, 0xba, 0xfa, 0xfb, 0xbe, 0xff, 0xfe, 0xfe, 0xff, 0xfb, 0xff, 0xfb, 0xef, 0xfe, 0xff,
    0xff, 0xfb, 0xfe, 0xfb, 0xff, 0xff, 0xef, 0xff, 0xff, 0xfe, 0xfe, 0xfb, 0xfb, 0xfb, 0xff, 0xfe, 0xff, 0xff, 0xfe, 0xff, 0xff, 0xbf, 0xff, 0xfb,
    0xfb, 0xfb, 0xfb, 0xfe, 0xff, 0xef, 0xbf, 0xeb, 0xbf, 0xbf, 0xef, 0xff, 0xbf, 0xff, 0xeb, 0xff, 0xef, 0xfb, 0xfe, 0xff, 0xbf, 0xbe, 0xfb, 0xff,
    0xea, 0xff, 0xeb, 0xfe, 0xbf, 0xbf, 0xfe, 0xfb, 0xef, 0xee, 0xfb, 0xfe, 0xff, 0xfe, 0xe0, 0xaa, 0xaa, 0x55, 0x56, 0xab, 0xaa, 0xea, 0xae, 0xaa,
    0xaa, 0xba, 0xab, 0xa5, 0x5a, 0x45, 0xba, 0xff, 0xff, 0xff, 0xfb, 0xfe, 0xff, 0xfb, 0xef, 0xbf, 0xbf, 0xef, 0xbf, 0xff, 0xff, 0xef, 0xbf, 0xfb,
    0xff, 0xff, 0xff, 0xff, 0xbf, 0xff, 0xfe, 0xff, 0xfe, 0xff, 0xff, 0xff, 0xff, 0xff, 0xff, 0xff, 0xff, 0xff, 0xff, 0xe9, 0x01, 0x01, 0xf4, 0x00,
    0x00, 0x10, 0x50, 0x11, 0xb9, 0x06, 0x80, 0x14, 0x10, 0x00, 0x79, 0x00, 0x00, 0x00, 0x02, 0xf8, 0x47, 0x52, 0xf9, 0x42, 0xee, 0x9a, 0x0b, 0xfb,
    0xfb, 0xfe, 0xe6, 0x9b, 0x9e, 0xff, 0xee, 0xbd, 0xbf, 0xea, 0xff, 0xff, 0xfe, 0xfb, 0xff, 0xff, 0xfd, 0xb9, 0x7f, 0x86, 0x87, 0x9f, 0xbe, 0xef,
    0xef, 0xef, 0xaf, 0xff, 0xbf, 0xfa, 0xff, 0xef, 0xef, 0xbf, 0xaf, 0xfb, 0xfe, 0xff, 0xfb, 0xff, 0xff, 0xff, 0xff, 0xff, 0xff, 0xff, 0xfb, 0xff,
    0xef, 0xfa, 0xff, 0xbf, 0xff, 0xef, 0xff, 0xfa, 0xff, 0xfe, 0xfe, 0xfb, 0xfb, 0xbe, 0xff, 0xbf, 0xff, 0xfb, 0xef, 0xef, 0xee, 0xfb, 0xff, 0xfb,
    0xff, 0xff, 0xff, 0xbf, 0xaf, 0xff, 0xfb, 0xff, 0xbf, 0xbf, 0xff, 0xeb, 0xfb, 0xef, 0xbe, 0xff, 0xef, 0xef, 0xaf, 0xbf, 0xbe, 0xff, 0xbe, 0xfe,
    0xbf, 0xef, 0xef, 0xfe, 0xfb, 0xf0, 0xaa, 0xaa, 0xaa, 0xa5, 0x5a, 0xaa, 0xaa, 0xaa, 0xaa, 0xbe, 0xba, 0xe9, 0x56, 0xa4, 0x06, 0xbf, 0xaf, 0xbf,
    0xef, 0xbf, 0xaf, 0xfb, 0xff, 0xff, 0xff, 0xfe, 0xbf, 0xfe, 0xfb, 0xef, 0xeb, 0xaa, 0xff, 0xbf, 0xbf, 0xff, 0xef, 0xbf, 0xff, 0xff, 0xff, 0xff,
    0xff, 0xff, 0xff, 0xff, 0xff, 0xff, 0xff, 0xff, 0xff, 0xff, 0xd5, 0x14, 0x00, 0x38, 0x00, 0x00, 0x28, 0x14, 0x02, 0xfd, 0x00, 0x00, 0x52, 0x80,
    0x00, 0x7f, 0x40, 0x00, 0x00, 0x05, 0xf1, 0x46, 0x56, 0xf9, 0x0b, 0xff, 0x81, 0xbf, 0xff, 0xfb, 0xff, 0x86, 0x5f, 0x6f, 0xbb, 0xfd, 0x79, 0xfe,
    0x41, 0x6b, 0xff, 0x6b, 0xef, 0xff, 0xff, 0xbd, 0x15, 0x7f, 0x8b, 0xd7, 0x9b, 0xef, 0xef, 0xfe, 0xff, 0xfb, 0xfe, 0xfb, 0xfb, 0xeb, 0xfb, 0xff,
    0xef, 0xfe, 0xff, 0xbf, 0xff, 0xff, 0xbf, 0xff, 0xff, 0xff, 0xfe, 0xff, 0xfe, 0xff, 0xbf, 0xff, 0xbf, 0xef, 0xfe, 0xff, 0xff, 0xfb, 0xff, 0xfb,
    0xef, 0xff, 0xff, 0xff, 0xff, 0xff, 0xff, 0xef, 0xef, 0xff, 0xfe, 0xff, 0xef, 0xbe, 0xff, 0xff, 0xbe, 0xef, 0xff, 0xfe, 0xff, 0xbf, 0xfb, 0xbf,
    0xfb, 0xeb, 0xff, 0xbf, 0xaf, 0xff, 0xff, 0xfe, 0xbf, 0xff, 0xfb, 0xff, 0xeb, 0xef, 0xef, 0xfb, 0xfe, 0xef, 0xee, 0xbf, 0xa0, 0xaa, 0xaa, 0xaa,
    0xaa, 0x55, 0x5a, 0xab, 0xaa, 0xaa, 0xea, 0xa9, 0x55, 0xa9, 0x50, 0x1f, 0xfb, 0xfe, 0xbf, 0xef, 0xef, 0xee, 0xff, 0xbf, 0xff, 0xef, 0xff, 0xfb,
    0xff, 0xff, 0xfe, 0xba, 0xaa, 0xaf, 0xff, 0xff, 0xbf, 0xff, 0xff, 0xef, 0xff, 0xfe, 0xff, 0xff, 0xff, 0xeb, 0xff, 0xff, 0xff, 0xff, 0xff, 0xff,
    0xff, 0x59, 0x00, 0x00, 0x1d, 0x00, 0x00, 0x15, 0x04, 0x02, 0xfd, 0x00, 0x01, 0x41, 0x51, 0x00, 0x2f, 0x80, 0x6e, 0x00, 0x04, 0x61, 0x04, 0x10,
    0x64, 0x6f, 0xfb, 0xeb, 0xff, 0xff, 0xfe, 0xfa, 0x65, 0x6e, 0x6f, 0xbe, 0xfd, 0xa7, 0xfd, 0x6a, 0x55, 0xff, 0xd6, 0xfe, 0xff, 0xff, 0xbe, 0x1f,
    0x6f, 0x5f, 0xd7, 0x9f, 0xef, 0xbf, 0xbe, 0xfa, 0xfb, 0xff, 0xff, 0xbf, 0xfe, 0xff, 0xbb, 0xef, 0xff, 0xef, 0xff, 0xbe, 0xff, 0xfb, 0xff, 0xfb,
    0xfb, 0xff, 0xff, 0xbf, 0xef, 0xeb, 0xfb, 0xff, 0xfe, 0xff, 0xef, 0xbf, 0xfb, 0xef, 0xbf, 0xff, 0xef, 0xbe, 0xfe, 0xfb, 0xef, 0xff, 0xff, 0xff,
    0xfb, 0xbf, 0xef, 0xbf, 0xff, 0xef, 0xff, 0xff, 0xef, 0xfe, 0xff, 0xeb, 0xfe, 0xfb, 0xfb, 0xff, 0xff, 0xbe, 0xfb, 0xfe, 0xfb, 0xfb, 0xfb, 0xfe,
    0xfb, 0xef, 0xef, 0xbf, 0xff, 0xbf, 0xef, 0xbe, 0xfe, 0xfb, 0xef, 0xe0, 0xaa, 0xaa, 0xaa, 0xaa, 0xa9, 0x55, 0x55, 0x55, 0x55, 0x55, 0x05, 0x5a,
    0x54, 0x15, 0xbe, 0xfb, 0xff, 0xee, 0xfe, 0xfe, 0xfb, 0xff, 0xff, 0xff, 0xff, 0xbf, 0xff, 0xff, 0xbe, 0xfb, 0xaa, 0xfa, 0xab, 0xfe, 0xff, 0xff,
    0xff, 0xff, 0xff, 0xbf, 0xff, 0xff, 0xfe, 0xff, 0xff, 0xff, 0xef, 0xff, 0xff, 0xff, 0xff, 0xff, 0x68, 0x15, 0x00, 0x0e, 0x00, 0x00, 0x11, 0x50,
    0x01, 0xa4, 0x01, 0x41, 0x44, 0x47, 0x40, 0x15, 0x00, 0x7e, 0x00, 0x51, 0x40, 0x64, 0x55, 0x01, 0xbf, 0xff, 0xff, 0xfb, 0xfb, 0xef, 0xff, 0xff,
    0xf8, 0x7f, 0xae, 0xbb, 0xeb, 0xf5, 0xff, 0xe9, 0x7f, 0xf5, 0xef, 0xff, 0xff, 0xbf, 0xff, 0xaf, 0x6f, 0xd7, 0xcb, 0xfb, 0xba, 0xfe, 0xbb, 0xbf,
    0xbf, 0xbf, 0xfe, 0xff, 0xef, 0xfb, 0xfb, 0xef, 0xfb, 0xff, 0xff, 0xfb, 0xff, 0xff, 0xff, 0xbf, 0xff, 0xbf, 0xbf, 0xbf, 0xff, 0xff, 0xef, 0xbf,
    0xff, 0xff, 0xfe, 0xff, 0xbf, 0xfe, 0xff, 0xff, 0xff, 0xef, 0xff, 0xfe, 0xfb, 0xfe, 0xff, 0xff, 0xff, 0xef, 0xbf, 0xef, 0xfe, 0xfe, 0xff, 0xfe,
    0xfb, 0xef, 0xff, 0xef, 0xbf, 0xff, 0xbe, 0xfb, 0xff, 0xfb, 0xef, 0xff, 0xbf, 0xbf, 0xef, 0xef, 0xbe, 0xfe, 0xff, 0xbf, 0xff, 0xff, 0xbf, 0xff,
    0xfe, 0xfe, 0xf0, 0xaa, 0xaa, 0xaa, 0xaa, 0xaa, 0xaa, 0x96, 0x59, 0x55, 0x5a, 0xaa, 0x40, 0x01, 0x06, 0xff, 0xbe, 0xbe, 0xfe, 0xff, 0xef, 0xfb,
    0xbe, 0xff, 0xef, 0xbf, 0xfb, 0xfe, 0xfb, 0xff, 0xfa, 0xae, 0xab, 0xaf, 0xbf, 0xaf, 0xaf, 0xff, 0xbf, 0xff, 0xff, 0xff, 0xff, 0xbf, 0xfb, 0xff,
    0xff, 0xff, 0xff, 0xff, 0xa5, 0x5b, 0xfe, 0x6d, 0x01, 0x00, 0x1d, 0x00, 0x00, 0x14, 0xa0, 0x00, 0x00, 0x02, 0x41, 0x44, 0x4b, 0x80, 0x00, 0x00,
    0x19, 0x00, 0x51, 0x44, 0xb1, 0x64, 0x56, 0xff, 0xae, 0xff, 0xfb, 0xfb, 0xff, 0xef, 0x5a, 0x90, 0x16, 0xff, 0xb6, 0x9f, 0xdb, 0xef, 0xff, 0x5f,
    0xf5, 0xff, 0xff, 0xff, 0xeb, 0xfb, 0x5f, 0xbf, 0x8b, 0xdb, 0xfe, 0xff, 0xff, 0xff, 0xbe, 0xfb, 0xbe, 0xff, 0xbf, 0xbb, 0xef, 0xff, 0xbf, 0xfb,
    0xfb, 0xff, 0xff, 0xff, 0xff, 0xff, 0xff, 0xff, 0xff, 0xfb, 0xff, 0xfe, 0xef, 0xef, 0xff, 0xfb, 0xfe, 0xfe, 0xff, 0xbe, 0xfb, 0xfe, 0xfb, 0xef,
    0xff, 0xef, 0xbf, 0xff, 0xff, 0xef, 0xbf, 0xef, 0xbf, 0xfe, 0xff, 0xff, 0xef, 0xfb, 0xef, 0xef, 0xfe, 0xff, 0xbf, 0xbe, 0xbf, 0xff, 0xff, 0xaf,
    0xfb, 0xfb, 0xef, 0xbf, 0xfe, 0xff, 0xef, 0xff, 0xfb, 0xfe, 0xfb, 0xef, 0xbf, 0xfb, 0xbf, 0xaf, 0xbe, 0xe0, 0xaa, 0xaa, 0xaa, 0xaa, 0xaa, 0xaa,
    0xaa, 0xaa, 0xaa, 0xa9, 0x94, 0x51, 0x41, 0x1b, 0xbf, 0xbf, 0xbe, 0xfb, 0xfb, 0xeb, 0xbf, 0xfe, 0xff, 0xff, 0xfe, 0xff, 0xbf, 0xff, 0xfb, 0xba,
    0xfe, 0xba, 0xaf, 0xfb, 0xff, 0xff, 0xff, 0xff, 0xff, 0xff, 0xff, 0xff, 0xff, 0xff, 0xff, 0xff, 0xff, 0xff, 0xfd, 0x56, 0x52, 0xff, 0x5e, 0x04,
    0x00, 0x24, 0x01, 0x40, 0x45, 0x14, 0x00, 0x00, 0x00, 0x01, 0x55, 0x05, 0x00, 0x00, 0x00, 0x00, 0x00, 0x46, 0x55, 0x51, 0x04, 0x4b, 0xff, 0xaf,
    0xaf, 0xbe, 0xff, 0xff, 0xfe, 0x41, 0x5a, 0xa5, 0xff, 0xf1, 0x6f, 0xdf, 0xbe, 0xff, 0x9f, 0xe7, 0xff, 0xff, 0xff, 0xff, 0xbf, 0x6f, 0xbf, 0x5f,
    0x5f, 0xff, 0xef, 0xff, 0xaf, 0xfb, 0xff, 0xef, 0xeb, 0xfb, 0xff, 0xef, 0xff, 0xbf, 0xef, 0xff, 0xfe, 0xff, 0xff, 0xef, 0xef, 0xff, 0xff, 0xff,
    0xff, 0xfb, 0xef, 0xfe, 0xfe, 0xfb, 0xff, 0xfa, 0xef, 0xff, 0xff, 0xbf, 0xff, 0xff, 0xfe, 0xfb, 0xff, 0xff, 0xef, 0xff, 0xff, 0xfb, 0xff, 0xbe,
    0xff, 0xfb, 0xef, 0xff, 0xff, 0xef, 0xff, 0xbf, 0xff, 0xbf, 0xff, 0xfb, 0xfa, 0xff, 0xfe, 0xfb, 0xfb, 0xff, 0xfb, 0xef, 0xff, 0xfe, 0xfb, 0xef,
    0xbf, 0xff, 0xff, 0xbe, 0xff, 0xbb, 0xff, 0xbf, 0xe0, 0xaa, 0xaa, 0xaa, 0xaa, 0xaa, 0xaa, 0xaa, 0xaa, 0xaa, 0x95, 0x40, 0xa0, 0x10, 0xbf, 0xeb,
    0xeb, 0xef, 0xff, 0xbf, 0xfb, 0xbf, 0xef, 0xff, 0xfb, 0xef, 0xef, 0xff, 0xef, 0xbb, 0xab, 0xaa, 0xba, 0xaf, 0xff, 0xfe, 0xff, 0xef, 0xff, 0xff,
    0xff, 0xff, 0xff, 0xff, 0xef, 0xff, 0xff, 0xfb, 0xff, 0xf8, 0xbf, 0xf9, 0xbf, 0xfa, 0x90, 0x00, 0x40, 0x00, 0x40, 0x51, 0x14, 0x00, 0x00, 0x00,
    0x01, 0x41, 0x00, 0x00, 0x00, 0x00, 0x00, 0x00, 0x4b, 0x91, 0x14, 0x51, 0x1f, 0xaf, 0xbf, 0xff, 0xbe, 0xff, 0xff, 0xbf, 0x9b, 0xff, 0xe8, 0xbf,
    0xfa, 0xff, 0xdb, 0xfb, 0xef, 0x9f, 0xeb, 0xbf, 0xff, 0xff, 0xfb, 0xed, 0x6e, 0x7e, 0x7d, 0x7e, 0xff, 0xbf, 0xfb, 0xff, 0xfb, 0xaf, 0xef, 0xff,
    0xff, 0xef, 0xff, 0xbf, 0xff, 0xbe, 0xff, 0xff, 0xff, 0xfb, 0xff, 0xef, 0xff, 0xff, 0xfb, 0xff, 0xff, 0xff, 0xbf, 0xff, 0xff, 0xef, 0xff, 0xff,
    0xfb, 0xef, 0xfe, 0xff, 0xbe, 0xff, 0xff, 0xfe, 0xfe, 0xff, 0xbf, 0xfb, 0xff, 0xfb, 0xff, 0xef, 0xbf, 0xfe, 0xff, 0xfe, 0xff, 0xff, 0xfb, 0xff,
    0xef, 0xbf, 0xef, 0xff, 0xff, 0xff, 0xff, 0xbf, 0xbe, 0xbf, 0xff, 0xfb, 0xfe, 0xbf, 0xff, 0xfb, 0xef, 0xbf, 0xff, 0xef, 0xff, 0xfa, 0xfa, 0xf0,
    0x59, 0xaa, 0xaa, 0xaa, 0xaa, 0xaa, 0xaa, 0xa5, 0x05, 0x00, 0x15, 0xa9, 0x06, 0xfe, 0xfe, 0xfe, 0xfb, 0xef, 0xfb, 0xbf, 0xff, 0xab, 0xfe, 0xff,
    0xff, 0xfe, 0xff, 0xff, 0xfa, 0xaf, 0xab, 0xaa, 0x6e, 0xbf, 0xff, 0xff, 0xff, 0xfb, 0xff, 0xff, 0xff, 0xef, 0xfa, 0xae, 0xff, 0xff, 0xff, 0xff,
    0xf5, 0xff, 0xae, 0x6f, 0xff, 0xf9, 0x00, 0x00, 0x00, 0x01, 0x74, 0x78, 0x00, 0x00, 0x01, 0x01, 0x50, 0x00, 0x00, 0x00, 0x00, 0x00, 0x01, 0x1f,
    0xd1, 0x50, 0x51, 0x7b, 0xfb, 0xfe, 0xfb, 0xff, 0xfb, 0xff, 0xfb, 0xff, 0xaf, 0xfc, 0xbf, 0xff, 0xff, 0x9f, 0xbf, 0xff, 0xdb, 0xea, 0x5b, 0xff,
    0xff, 0xfe, 0xe4, 0xb8, 0x7d, 0xaa, 0x6f, 0xef, 0xbf, 0xff, 0xfb, 0xff, 0xfe, 0xbf, 0xbe, 0xfa, 0xff, 0xff, 0xfb, 0xef, 0xff, 0xef, 0xbf, 0xff,
    0xff, 0xff, 0xff, 0xfb, 0xfb, 0xff, 0xbf, 0xbf, 0xbf, 0xff, 0xef, 0xef, 0xff, 0xff, 0xfe, 0xff, 0xff, 0xef, 0xff, 0xfe, 0xff, 0xff, 0xff, 0xef,
    0xff, 0xff, 0xbf, 0xff, 0xff, 0xbe, 0xff, 0xff, 0xff, 0xef, 0xbf, 0xbe, 0xfe, 0xff, 0xff, 0xfe, 0xfb, 0xff, 0xef, 0xef, 0xbf, 0xbf, 0xff, 0xff,
    0xfe, 0xfa, 0xff, 0xaf, 0xfb, 0xfe, 0xff, 0xef, 0xfb, 0xef, 0xef, 0xef, 0xef, 0xfb, 0xa0, 0x40, 0x56, 0xa9, 0xa6, 0x99, 0x55, 0x55, 0x50, 0x00,
    0x14, 0x12, 0xb8, 0x1f, 0xaf, 0xbe, 0xef, 0xbf, 0xef, 0xaf, 0xbe, 0xff, 0xfe, 0xff, 0xfe, 0xfb, 0xff, 0xfb, 0xfb, 0xae, 0xea, 0xfa, 0x95, 0x7a,
    0xfb, 0xff, 0xfb, 0xff, 0xff, 0xff, 0xff, 0xff, 0xff, 0xeb, 0xfa, 0xff, 0xff, 0xff, 0xff, 0xf9, 0xfd, 0x05, 0x9b, 0xef, 0xff, 0x80, 0x00, 0x00,
    0x00, 0xa5, 0xf8, 0x06, 0x91, 0xa0, 0x04, 0x14, 0x14, 0x00, 0x00, 0x00, 0x00, 0x00, 0x1b, 0x54, 0x05, 0x10, 0xbb, 0xff, 0xff, 0xfb, 0xef, 0xbf,
    0xbe, 0xfb, 0xff, 0xff, 0xbd, 0xbf, 0xeb, 0xbf, 0x9e, 0xff, 0xaf, 0xdb, 0xdb, 0x92, 0xff, 0xff, 0xff, 0xbf, 0xe5, 0xb8, 0x5b, 0x9a, 0xea, 0xfb,
    0xfe, 0xbf, 0xaf, 0xef, 0xff, 0xfe, 0xff, 0xfb, 0xfb, 0xff, 0xfe, 0xfb, 0xff, 0xff, 0xff, 0xff, 0xfb, 0xff, 0xfb, 0xff, 0xff, 0xff, 0xfb, 0xfb,
    0xfe, 0xfe, 0xff, 0xbf, 0xfb, 0xff, 0xff, 0xfb, 0xff, 0xef, 0xff, 0xfe, 0xfe, 0xfb, 0xff, 0xff, 0xfb, 0xfe, 0xfb, 0xef, 0xfb, 0xff, 0xef, 0xbf,
    0xff, 0xfb, 0xff, 0xef, 0xfe, 0xfe, 0xfb, 0xff, 0xbf, 0xff, 0xff, 0xfb, 0xfb, 0xff, 0xfb, 0xef, 0xbf, 0xef, 0xff, 0xff, 0xff, 0xff, 0xfa, 0xfb,
    0xff, 0xfe, 0xfe, 0xfa, 0xfe, 0xf0, 0x04, 0x50, 0x54, 0x50, 0x45, 0x00, 0x00, 0x01, 0x51, 0x41, 0x01, 0x54, 0xba, 0xfb, 0xee, 0xab, 0xaf, 0xff,
    0xbf, 0xeb, 0xee, 0xff, 0xff, 0xff, 0xff, 0xef, 0xff, 0xbe, 0xaa, 0xeb, 0xab, 0xab, 0xe6, 0xff, 0xff, 0xff, 0xff, 0xef, 0xff, 0xff, 0xff, 0xff,
    0xea, 0x6f, 0xff, 0xff, 0xff, 0xff, 0xfa, 0xf9, 0x69, 0x97, 0xff, 0xff, 0xd0, 0x00, 0x00, 0x00, 0x41, 0x50, 0x0b, 0xf1, 0x90, 0x05, 0x54, 0xbe,
    0x00, 0x01, 0x40, 0x00, 0x05, 0x01, 0x04, 0x11, 0x12, 0xff, 0xaf, 0xff, 0xff, 0xff, 0xff, 0xff, 0xff, 0xfb, 0xff, 0xf8, 0xbf, 0xae, 0xaf, 0x9f,
    0xff, 0xbe, 0xd7, 0xdb, 0xf5, 0xff, 0xff, 0xff, 0x9a, 0x5b, 0xfd, 0x6f, 0xe5, 0x55, 0x6f, 0xff, 0xfe, 0xfe, 0xfb, 0xfa, 0xff, 0xef, 0xbf, 0xbf,
    0xbf, 0xbf, 0xff, 0xfb, 0xff, 0xef, 0xbf, 0xbf, 0xef, 0xff, 0xff, 0xfb, 0xff, 0xff, 0xff, 0xbf, 0xff, 0xff, 0xff, 0xef, 0xff, 0xfb, 0xff, 0xff,
    0xfe, 0xff, 0xbf, 0xff, 0xff, 0xff, 0xbf, 0xfb, 0xff, 0xff, 0xff, 0xff, 0xbf, 0xff, 0xfb, 0xff, 0xff, 0xef, 0xff, 0xbf, 0xee, 0xff, 0xbf, 0xff,
    0xbe, 0xfe, 0xff, 0xff, 0xef, 0xbf, 0xbf, 0xfe, 0xfe, 0xfb, 0xef, 0xfb, 0xfb, 0xbf, 0xff, 0xbf, 0xbf, 0xff, 0xef, 0xef, 0xe0, 0x10, 0x00, 0x00,
    0x00, 0x44, 0x04, 0x05, 0x04, 0x06, 0xd1, 0x14, 0x42, 0xef, 0xff, 0xef, 0xbe, 0xfb, 0xbe, 0xfa, 0xfa, 0xbf, 0xaf, 0xff, 0xbf, 0xbe, 0xff, 0xbf,
    0xfe, 0xfa, 0xae, 0xba, 0x85, 0x06, 0xbf, 0xbf, 0xef, 0xef, 0xff, 0xff, 0xff, 0xbf, 0xff, 0x95, 0x6f, 0xff, 0xff, 0xff, 0xff, 0xff, 0xf6, 0xfa,
    0xd7, 0xf9, 0xbf, 0xd0, 0x19, 0x00, 0x00, 0x15, 0x14, 0x07, 0xe0, 0x00, 0x05, 0x50, 0xff, 0x40, 0x02, 0x80, 0x00, 0x01, 0x54, 0x41, 0x51, 0x4b,
    0xef, 0xff, 0xfe, 0xbf, 0xfb, 0xff, 0xff, 0xbe, 0xff, 0xff, 0xfd, 0xbe, 0xbe, 0xfb, 0xd7, 0xef, 0xff, 0x8b, 0x9f, 0xf9, 0xbf, 0xff, 0xff, 0x81,
    0xbf, 0xff, 0xff, 0xfe, 0xbf, 0x5b, 0xbf, 0xff, 0xfe, 0xfb, 0xef, 0xef, 0xff, 0xff, 0xfb, 0xfb, 0xff, 0xef, 0xbf, 0xfb, 0xff, 0xff, 0xfe, 0xff,
    0xbf, 0xff, 0xff, 0xff, 0xfe, 0xef, 0xfb, 0xff, 0xef, 0xfb, 0xfe, 0xfb, 0xff, 0xef, 0xbf, 0xbf, 0xef, 0xfb, 0xfb, 0xef, 0xef, 0xfb, 0xff, 0xfb,
    0xff, 0xff, 0xff, 0xfe, 0xff, 0xff, 0xbf, 0xff, 0xfe, 0xff, 0xfb, 0xff, 0xef, 0xef, 0xfb, 0xff, 0xef, 0xfe, 0xfe, 0xff, 0xff, 0xfb, 0xef, 0xbf,
    0xfe, 0xfe, 0xff, 0xbf, 0xff, 0xef, 0xfb, 0xff, 0xbf, 0xef, 0xfb, 0xe0, 0x41, 0x05, 0x41, 0x04, 0x00, 0x41, 0x5a, 0x14, 0x06, 0xf9, 0x04, 0x5b,
    0xaf, 0xaf, 0xfe, 0xfe, 0xff, 0xef, 0xef, 0xfe, 0xfb, 0xef, 0xfb, 0xfb, 0xff, 0xfb, 0xfb, 0xea, 0xaa, 0xaa, 0xea, 0xa5, 0x5a, 0xfb, 0xff, 0xff,
    0xff, 0xff, 0xff, 0xff, 0xff, 0xfe, 0x5a, 0xff, 0xff, 0xff, 0xff, 0xff, 0xff, 0xf6, 0xed, 0x47, 0xd0, 0x1f, 0xc0, 0x18, 0x00, 0x00, 0x2f, 0x44,
    0x01, 0x40, 0x00, 0x04, 0x00, 0xba, 0x04, 0x00, 0x00, 0x00, 0x00, 0x14, 0x51, 0x05, 0x1f, 0xef, 0xff, 0xff, 0xfb, 0xff, 0xbf, 0xfb, 0xff, 0xef,
    0xff, 0xf9, 0xbe, 0xaa, 0xfa, 0xe1, 0xfe, 0xfb, 0x6e, 0x6f, 0xfd, 0x7f, 0xff, 0xff, 0xeb, 0xff, 0xff, 0xff, 0xff, 0xff, 0xd7, 0xbb, 0xeb, 0xef,
    0xef, 0xaf, 0xef, 0xbb, 0xfb, 0xff, 0xff, 0xfb, 0xff, 0xff, 0xff, 0xbf, 0xfe, 0xff, 0xef, 0xff, 0xff, 0xfe, 0xff, 0xef, 0xfe, 0xff, 0xbf, 0xfe,
    0xff, 0xff, 0xff, 0xbf, 0xfb, 0xff, 0xff, 0xfe, 0xff, 0xff, 0xff, 0xfe, 0xff, 0xbe, 0xff, 0xff, 0xff, 0xff, 0xff, 0xff, 0xbf, 0xff, 0xfe, 0xff,
    0xfb, 0xfb, 0xfb, 0xfb, 0xef, 0xbf, 0xfb, 0xff, 0xbf, 0xef, 0xfb, 0xef, 0xff, 0xff, 0xef, 0xee, 0xff, 0xfe, 0xff, 0xef, 0xbe, 0xff, 0xef, 0xfa,
    0xff, 0xfb, 0xf0, 0x01, 0x04, 0x14, 0x14, 0x10, 0x10, 0x6d, 0x01, 0x5b, 0xa9, 0x41, 0xbe, 0xfb, 0xfe, 0xfa, 0xfb, 0xfe, 0xff, 0xff, 0xaf, 0xff,
    0xeb, 0xff, 0xaa, 0xff, 0xaa, 0xff, 0xab, 0xae, 0xba, 0xd7, 0xaa, 0xab, 0xff, 0xfe, 0xff, 0xfb, 0xff, 0xff, 0xef, 0xfb, 0xed, 0x7a, 0xfa, 0xaa,
    0xaa, 0xff, 0xff, 0xff, 0xf6, 0xea, 0x5f, 0x40, 0x4b, 0xd0, 0x00, 0x00, 0x00, 0x6f, 0x84, 0x00, 0x00, 0x00, 0x15, 0x54, 0x01, 0x04, 0x00, 0x00,
    0x00, 0x05, 0x0a, 0x14, 0x14, 0x7e, 0xff, 0xaf, 0xbf, 0xff, 0xff, 0xfb, 0xff, 0xfb, 0xff, 0xff, 0xfd, 0xbe, 0x05, 0x6e, 0xf8, 0xbf, 0xfa, 0xf5,
    0xbf, 0xfe, 0x7f, 0xff, 0xff, 0xff, 0xfe, 0xab, 0xff, 0xaf, 0xeb, 0xe1, 0xfb, 0xef, 0xfb, 0xef, 0xfe, 0xff, 0xfb, 0xef, 0xbe, 0xbe, 0xbf, 0xfb,
    0xef, 0xbf, 0xff, 0xbf, 0xef, 0xff, 0xef, 0xff, 0xff, 0xfb, 0xff, 0xbf, 0xff, 0xfb, 0xff, 0xfe, 0xff, 0xbf, 0xff, 0xbf, 0xfb, 0xef, 0xff, 0xef,
    0xfe, 0xfb, 0xff, 0xef, 0xff, 0xef, 0xef, 0xff, 0xfe, 0xfb, 0xfb, 0xff, 0xfe, 0xff, 0xff, 0xfb, 0xbe, 0xff, 0xbf, 0xbf, 0xff, 0xff, 0xff, 0xff,
    0xff, 0xff, 0xfe, 0xfe, 0xfb, 0xef, 0xef, 0xaf, 0xbf, 0xeb, 0xfb, 0xff, 0xff, 0xff, 0xff, 0xfb, 0xef, 0xe0, 0x50, 0x10, 0x40, 0x01, 0x05, 0x10,
    0x59, 0x10, 0x1a, 0xa8, 0x1b, 0xef, 0xfa, 0xbe, 0xef, 0xfb, 0xef, 0xff, 0xfa, 0xff, 0xaf, 0xbe, 0xbf, 0xae, 0xbb, 0xfa, 0xfe, 0xaa, 0xea, 0xeb,
    0x97, 0xae, 0x9b, 0xff, 0xef, 0xff, 0xff, 0xfb, 0xff, 0xff, 0xff, 0xf8, 0xbb, 0xd0, 0x15, 0x54, 0x7f, 0xff, 0xff, 0xff, 0xb6, 0xf9, 0x00, 0x47,
    0xe0, 0x00, 0x00, 0x00, 0x6b, 0x50, 0x00, 0x00, 0x00, 0x2e, 0x40, 0x00, 0x0a, 0x90, 0x00, 0x00, 0x01, 0x1e, 0x14, 0x40, 0xbf, 0xbf, 0xff, 0xfe,
    0xfe, 0xfb, 0xff, 0xff, 0xfe, 0xfb, 0xef, 0xb5, 0xf9, 0xaa, 0x4b, 0xfe, 0x6f, 0xfd, 0x47, 0xfb, 0xee, 0x6f, 0xfa, 0xff, 0xff, 0xe4, 0x02, 0xff,
    0xd5, 0xbb, 0xf8, 0x7e, 0xfe, 0xff, 0xbe, 0xff, 0xfb, 0xef, 0xef, 0xff, 0xff, 0xff, 0xff, 0xfe, 0xff, 0xfb, 0xff, 0xfe, 0xff, 0xff, 0xfe, 0xff,
    0xff, 0xfb, 0xfe, 0xfb, 0xff, 0xef, 0xbf, 0xff, 0xfb, 0xff, 0xfe, 0xff, 0xff, 0xef, 0xff, 0xef, 0xff, 0xbf, 0xff, 0xff, 0xfe, 0xff, 0xff, 0xff,
    0xff, 0xff, 0xff, 0xff, 0xfb, 0xff, 0xff, 0xff, 0xff, 0xfa, 0xff, 0xef, 0xef, 0xef, 0xfe, 0xff, 0xbf, 0xbf, 0xef, 0xfb, 0xff, 0xbf, 0xef, 0xfb,
    0xfe, 0xbf, 0xef, 0xfe, 0xfe, 0xbf, 0xbe, 0xfe, 0xf0, 0x04, 0x10, 0x01, 0x40, 0x14, 0x01, 0x05, 0x41, 0x01, 0x55, 0xbe, 0xfa, 0xbf, 0xfb, 0xfe,
    0xff, 0xff, 0xef, 0xbf, 0xef, 0xef, 0xbf, 0xfe, 0xee, 0xbf, 0xfa, 0xba, 0xea, 0xeb, 0xae, 0x9b, 0x9a, 0x6f, 0xfe, 0xff, 0xff, 0xbf, 0xff, 0xff,
    0xbf, 0xff, 0xf8, 0xba, 0x86, 0xaa, 0xbe, 0x6f, 0xff, 0xff, 0xfb, 0xf9, 0x90, 0x00, 0x52, 0xf4, 0x00, 0x50, 0x00, 0x05, 0x10, 0x00, 0x74, 0x00,
    0x2f, 0x40, 0x00, 0x0b, 0xf0, 0x00, 0x00, 0x01, 0x05, 0x01, 0x42, 0xef, 0xbf, 0xbe, 0xff, 0xbf, 0xff, 0xff, 0xeb, 0xef, 0xef, 0xff, 0xd7, 0xf5,
    0xff, 0xe1, 0xbd, 0x6f, 0xee, 0x6f, 0xef, 0xef, 0x5f, 0x41, 0xbf, 0xff, 0x8b, 0xa8, 0x7f, 0xf4, 0x2e, 0xbf, 0x5b, 0xbf, 0xef, 0xbf, 0xeb, 0xff,
    0xaf, 0xff, 0xef, 0xff, 0xfb, 0xfe, 0xff, 0xfb, 0xff, 0xfe, 0xff, 0xff, 0xff, 0xff, 0xff, 0xff, 0xff, 0xff, 0xff, 0xef, 0xff, 0xff, 0xfb, 0xff,
    0xfe, 0xff, 0xef, 0xbe, 0xff, 0xbe, 0xff, 0xff, 0xff, 0xff, 0xff, 0xfb, 0xfb, 0xff, 0xef, 0xff, 0xbf, 0xfb, 0xff, 0xff, 0xfe, 0xff, 0xfb, 0xff,
    0xff, 0xfe, 0xfe, 0xff, 0xff, 0xff, 0xef, 0xfb, 0xef, 0xff, 0xfe, 0xff, 0xfb, 0xef, 0xef, 0xbf, 0xfe, 0xff, 0xbf, 0xef, 0xff, 0xfe, 0xfb, 0xa0,
    0x45, 0x05, 0x10, 0x10, 0x40, 0x40, 0x10, 0x41, 0x41, 0x1b, 0xef, 0xaf, 0xef, 0xef, 0xff, 0xbe, 0xfb, 0xff, 0xfe, 0xfb, 0xfe, 0xfb, 0xfe, 0xa9,
    0x7e, 0xbb, 0xab, 0xbe, 0xba, 0xae, 0x8b, 0xe5, 0xbb, 0xef, 0xff, 0xfb, 0xff, 0xfe, 0xfb, 0xff, 0xff, 0xf8, 0xaa, 0x5a, 0xfa, 0xff, 0xff, 0xff,
    0xff, 0xfa, 0xe9, 0x50, 0x00, 0x12, 0xe4, 0x00, 0x40, 0x00, 0x50, 0x50, 0x04, 0x24, 0x64, 0x16, 0x50, 0x00, 0x06, 0xe0, 0x00, 0x00, 0x05, 0x05,
    0x51, 0x46, 0xff, 0xfb, 0xff, 0xef, 0xff, 0xef, 0xff, 0xff, 0xfe, 0xfe, 0xfa, 0x5f, 0xd6, 0xff, 0xf9, 0xbd, 0x7f, 0xaf, 0xff, 0xef, 0xff, 0x6d,
    0x1b, 0x9f, 0xfe, 0x6f, 0xfe, 0x4b, 0xfe, 0x28, 0x1b, 0xe2, 0xef, 0xee, 0xfb, 0xff, 0xbe, 0xfe, 0xfb, 0xfe, 0xfb, 0xfb, 0xef, 0xbf, 0xbf, 0xff,
    0xbf, 0xfb, 0xfe, 0xff, 0xff, 0xff, 0xbf, 0xfe, 0xfb, 0xfe, 0xff, 0xfe, 0xfb, 0xff, 0xff, 0xff, 0xff, 0xff, 0xff, 0xff, 0xff, 0xff, 0xef, 0xfe,
    0xff, 0xef, 0xff, 0xff, 0xef, 0xff, 0xef, 0xff, 0xbf, 0xff, 0xff, 0xef, 0xfe, 0xff, 0xfe, 0xff, 0xef, 0xff, 0xbf, 0xbf, 0xef, 0xfe, 0xff, 0xee,
    0xfa, 0xfe, 0xfe, 0xfb, 0xef, 0xfe, 0xfe, 0xff, 0xfb, 0xfb, 0xff, 0xfe, 0xef, 0xbb, 0xe0, 0x04, 0x40, 0x14, 0x05, 0x41, 0x04, 0x41, 0x10, 0x45,
    0xaa, 0xbb, 0xee, 0xfa, 0xfe, 0xff, 0xbf, 0xfa, 0xfa, 0xfb, 0xbf, 0xbe, 0xff, 0xff, 0xa9, 0x6e, 0x6b, 0xeb, 0xaa, 0xbb, 0xeb, 0xd7, 0xff, 0xff,
    0xbf, 0xfb, 0xff, 0xff, 0xbe, 0xff, 0xff, 0xff, 0xfd, 0x2f, 0x5e, 0xab, 0x9a, 0xff, 0xff, 0xff, 0xff, 0xfb, 0xe0, 0x40, 0x0b, 0xd0, 0x00, 0x00,
    0x06, 0xf9, 0x10, 0xaf, 0x41, 0xfd, 0x04, 0x10, 0x00, 0x00, 0x00, 0x00, 0x00, 0x05, 0x50, 0x55, 0x57, 0xbb, 0xef, 0xfb, 0xff, 0xef, 0xfb, 0xff,
    0xff, 0xfa, 0xff, 0xa9, 0x2f, 0x8b, 0xef, 0xbe, 0x7d, 0xbb, 0xff, 0xff, 0xff, 0xbe, 0x2c, 0x7f, 0xeb, 0xfe, 0x7f, 0xff, 0xe2, 0xfe, 0x65, 0x42,
    0xf8, 0xbe, 0xfa, 0xff, 0xbf, 0xff, 0xfe, 0xff, 0xbe, 0xff, 0xbf, 0xff, 0xff, 0xfe, 0xff, 0xff, 0xfb, 0xff, 0xff, 0xbf, 0xff, 0xff, 0xff, 0xff,
    0xff, 0xfb, 0xff, 0xff, 0xef, 0xef, 0xbf, 0xef, 0xbf, 0xff, 0xef, 0xfb, 0xff, 0xfe, 0xff, 0xfe, 0xff, 0xfe, 0xfe, 0xff, 0xff, 0xff, 0xff, 0xff,
    0xef, 0xff, 0xff, 0xbf, 0xff, 0xff, 0xfb, 0xff, 0xff, 0xff, 0xfb, 0xfe, 0xfb, 0xef, 0xfe, 0xff, 0xaf, 0xbf, 0xef, 0xfe, 0xbf, 0xef, 0xef, 0xbf,
    0xff, 0xff, 0xef, 0xef, 0xaf, 0xf0, 0x45, 0x14, 0x41, 0x44, 0x10, 0x14, 0x41, 0x05, 0x1a, 0xfe, 0xfb, 0xbe, 0xbf, 0xfb, 0xff, 0xfb, 0xbf, 0xbf,
    0xfb, 0xeb, 0xff, 0xee, 0xef, 0xe4, 0x7e, 0x6a, 0xfa, 0xeb, 0xaa, 0xaa, 0xa1, 0xff, 0xbf, 0xff, 0xbf, 0xff, 0xfb, 0xff, 0xff, 0xff, 0xfb, 0xff,
    0x5b, 0x9b, 0xf9, 0x15, 0xbf, 0xff, 0xfb, 0xff, 0xfe, 0xe0, 0xf0, 0x46, 0x40, 0x00, 0x06, 0xbf, 0xff, 0x80, 0xbf, 0x42, 0xfd, 0x1d, 0x10, 0x00,
    0x00, 0x00, 0x00, 0x00, 0x14, 0x14, 0x00, 0x5b, 0xff, 0xfe, 0xff, 0xff, 0xbe, 0xff, 0xbf, 0xff, 0xbf, 0xff, 0x9f, 0xfe, 0x1e, 0xff, 0xfe, 0x7e,
    0xbf, 0xfb, 0xfe, 0xff, 0xfe, 0xb8, 0xaa, 0xff, 0xfe, 0x7e, 0xff, 0xf6, 0xfd, 0xaf, 0xe5, 0x7d, 0x7f, 0xfb, 0xff, 0xbb, 0xef, 0xbf, 0xbf, 0xaf,
    0xff, 0xbe, 0xff, 0xff, 0xef, 0xbf, 0xef, 0xbf, 0xff, 0xfe, 0xff, 0xfe, 0xff, 0xbf, 0xef, 0xbf, 0xbf, 0xff, 0xef, 0xfb, 0xff, 0xff, 0xff, 0xfb,
    0xbe, 0xff, 0xbf, 0xef, 0xff, 0xff, 0xff, 0xff, 0xbf, 0xff, 0xff, 0xef, 0xfb, 0xff, 0xff, 0xff, 0xff, 0xff, 0xfb, 0xff, 0xff, 0xfe, 0xbf, 0xbe,
    0xfe, 0xff, 0xfe, 0xff, 0xfe, 0xfb, 0xff, 0xff, 0xff, 0xbe, 0xbf, 0xff, 0xff, 0xfb, 0xef, 0xef, 0xef, 0xfa, 0xfb, 0xef, 0xa0, 0x04, 0x10, 0x41,
    0x00, 0x04, 0x40, 0x15, 0x55, 0xbe, 0xaf, 0xff, 0xaf, 0xbe, 0xbf, 0xbf, 0xfb, 0xff, 0xbf, 0xbe, 0xff, 0xee, 0xaa, 0xea, 0xe5, 0xf9, 0x6a, 0xaa,
    0xfb, 0xae, 0xbe, 0xa9, 0x7b, 0xff, 0xff, 0xff, 0xef, 0xff, 0xff, 0xff, 0xff, 0xff, 0xff, 0xe9, 0xab, 0xae, 0xa8, 0x7f, 0xbf, 0xff, 0xff, 0xff,
    0xe0, 0x50, 0x10, 0x01, 0x00, 0x0f, 0xff, 0x46, 0xd0, 0xa5, 0x01, 0xb4, 0x19, 0x10, 0x00, 0x00, 0x00, 0x00, 0x00, 0x14, 0x05, 0x50, 0x1e, 0xee,
    0xbf, 0xef, 0xef, 0xff, 0xef, 0xff, 0xfb, 0xff, 0xbb, 0x9a, 0x55, 0xbf, 0xfa, 0xfe, 0x6e, 0x7e, 0xff, 0xbf, 0xfe, 0xaf, 0xe0, 0x15, 0xef, 0xfe,
    0x7f, 0xfe, 0xb9, 0xfd, 0xbf, 0xfe, 0x5e, 0x7b, 0xbf, 0xeb, 0xeb, 0xff, 0xbf, 0xfb, 0xff, 0xff, 0xff, 0xef, 0xfb, 0xfb, 0xfb, 0xff, 0xbf, 0xff,
    0xef, 0xfb, 0xef, 0xff, 0xfb, 0xff, 0xef, 0xff, 0xef, 0xff, 0xbf, 0xbe, 0xff, 0xfb, 0xff, 0xff, 0xff, 0xff, 0xfe, 0xff, 0xff, 0xfb, 0xef, 0xff,
    0xff, 0xff, 0xff, 0xff, 0xfb, 0xfe, 0xff, 0xef, 0xbf, 0xff, 0xff, 0xbe, 0xff, 0xfb, 0xfb, 0xff, 0xff, 0xef, 0xff, 0xaf, 0xef, 0xbe, 0xfb, 0xef,
    0xfb, 0xfb, 0xeb, 0xbe, 0xbf, 0xfe, 0xfe, 0xfe, 0xbf, 0xfe, 0xfa, 0xf0, 0x54, 0x50, 0x05, 0x05, 0x54, 0x55, 0xa5, 0x5b, 0xef, 0xef, 0xaf, 0xef,
    0xfb, 0xff, 0xfb, 0xff, 0xbf, 0xef, 0xaf, 0xbe, 0xfa, 0xfb, 0xa1, 0xff, 0x55, 0xaf, 0xae, 0xae, 0xae, 0xaa, 0xaf, 0x6f, 0xef, 0xbf, 0xfb, 0xef,
    0xfe, 0xff, 0xef, 0xfb, 0xff, 0xff, 0xfe, 0x4b, 0xaf, 0xed, 0x2f, 0xf9, 0x56, 0xff, 0xff, 0xe0, 0x00, 0x10, 0x0e, 0x00, 0x0b, 0xfd, 0x00, 0x50,
    0x14, 0x00, 0x10, 0x05, 0x40, 0x00, 0x00, 0x05, 0x00, 0x00, 0x51, 0x41, 0x15, 0x1f, 0xef, 0xff, 0xff, 0xfe, 0xfb, 0xff, 0xef, 0xff, 0xfb, 0xff,
    0xd1, 0xaf, 0xeb, 0xff, 0xfe, 0x7e, 0xbf, 0xef, 0xbf, 0xbf, 0x5f, 0x96, 0xb9, 0xbf, 0xff, 0x7f, 0xe5, 0x59, 0xbd, 0xbf, 0xff, 0xc6, 0x7f, 0xfe,
    0xff, 0xef, 0xfb, 0xef, 0xbf, 0xfe, 0xfb, 0xef, 0xff, 0xbf, 0xff, 0xbf, 0xbf, 0xff, 0xef, 0xff, 0xff, 0xff, 0xbf, 0xff, 0xff, 0xfe, 0xfe, 0xff,
    0xff, 0xff, 0xff, 0xff, 0xff, 0xbe, 0xfb, 0xff, 0xff, 0xbf, 0xff, 0xff, 0xff, 0xee, 0xff, 0xbf, 0xff, 0xbe, 0xfe, 0xff, 0xef, 0xfe, 0xff, 0xfb,
    0xff, 0xff, 0xff, 0xef, 0xef, 0xff, 0xbf, 0xfe, 0xff, 0xfb, 0xff, 0xbf, 0xfe, 0xfe, 0xfe, 0xfb, 0xef, 0xff, 0xbf, 0xfa, 0xfb, 0xff, 0xfb, 0xfa,
    0xee, 0xfe, 0xf0, 0xaa, 0x9a, 0x56, 0xaa, 0xaa, 0xaa, 0x56, 0xbf, 0xbe, 0xef, 0xfa, 0xfe, 0xff, 0xef, 0xfe, 0xef, 0xbe, 0xfe, 0xef, 0xbe, 0xfb,
    0xab, 0xa5, 0x95, 0x6a, 0xaa, 0xeb, 0xae, 0xe4, 0xa2, 0xea, 0x1f, 0xef, 0xfb, 0xff, 0xff, 0xbf, 0xff, 0xff, 0xff, 0xff, 0xff, 0xff, 0xd6, 0xfa,
    0xbe, 0x2f, 0xe4, 0x50, 0xbf, 0xff, 0xf8, 0x24, 0x50, 0x04, 0x00, 0x1b, 0xf8, 0x55, 0x01, 0xbe, 0x00, 0x00, 0x04, 0x40, 0x00, 0x00, 0x0a, 0x00,
    0x00, 0x51, 0x51, 0x51, 0x6f, 0xbf, 0xfb, 0xff, 0xff, 0xff, 0xfb, 0xff, 0xbf, 0xff, 0xef, 0xff, 0xff, 0xff, 0xef, 0xf8, 0xb9, 0xfb, 0xff, 0xef,
    0xfb, 0x95, 0x2f, 0xfe, 0x7e, 0xff, 0xbf, 0x6f, 0xfd, 0xbd, 0xbe, 0x6a, 0x97, 0xaa, 0xee, 0xbe, 0xff, 0xbf, 0xfe, 0xfe, 0xfb, 0xff, 0xff, 0xbf,
    0xff, 0xff, 0xbf, 0xfb, 0xff, 0xff, 0xfe, 0xff, 0xff, 0xfb, 0xef, 0xbf, 0xbf, 0xff, 0xff, 0xbf, 0xef, 0xef, 0xfe, 0xff, 0xff, 0xff, 0xff, 0xff,
    0xff, 0xfe, 0xfb, 0xff, 0xff, 0xef, 0xff, 0xff, 0xff, 0xef, 0xef, 0xff, 0xff, 0xff, 0xff, 0xaf, 0xff, 0xef, 0xff, 0xfe, 0xff, 0xfb, 0xef, 0xff,
    0xff, 0xff, 0xbf, 0xef, 0xef, 0xff, 0xff, 0xef, 0xef, 0xff, 0xff, 0xbf, 0xff, 0xbf, 0xff, 0xfe, 0xaf, 0xa0, 0xaa, 0xaa, 0xaa, 0x55, 0x55, 0x41,
    0x6f, 0xbf, 0xbe, 0xfa, 0xff, 0xfb, 0xef, 0xfe, 0xef, 0xfe, 0xff, 0xff, 0xfe, 0xfb, 0xeb, 0xae, 0xe9, 0x42, 0xaa, 0xfa, 0xeb, 0xaa, 0xd7, 0xeb,
    0xb9, 0x6f, 0xbf, 0xff, 0xff, 0xff, 0xff, 0xab, 0xfb, 0xff, 0xff, 0xa9, 0xbf, 0xf6, 0xba, 0xfb, 0x5f, 0x86, 0xfa, 0xff, 0xfe, 0xfe, 0x28, 0x14,
    0x00, 0x05, 0xbf, 0xfd, 0x00, 0x1b, 0xff, 0xd0, 0x00, 0x04, 0x50, 0x69, 0x00, 0x00, 0x00, 0x01, 0x45, 0x10, 0x51, 0x6e, 0xfb, 0xef, 0xbe, 0xff,
    0xef, 0xbf, 0xfb, 0xff, 0xfe, 0xff, 0xff, 0xbb, 0xff, 0xfe, 0xba, 0xe6, 0xfe, 0xfb, 0xfe, 0xff, 0xea, 0xbf, 0xef, 0x6f, 0xff, 0xfd, 0x6f, 0xee,
    0x7d, 0xbe, 0xaa, 0xab, 0x6b, 0xeb, 0xaf, 0xeb, 0xff, 0xbe, 0xff, 0xff, 0xbf, 0xbf, 0xfb, 0xef, 0xbf, 0xff, 0xff, 0xfb, 0xff, 0xef, 0xfb, 0xfe,
    0xff, 0xff, 0xff, 0xfb, 0xfb, 0xff, 0xfb, 0xfe, 0xff, 0xbf, 0xeb, 0xef, 0xef, 0xff, 0xfe, 0xff, 0xbf, 0xff, 0xef, 0xbf, 0xee, 0xff, 0xfb, 0xfb,
    0xff, 0xff, 0xff, 0xff, 0xff, 0xef, 0xff, 0xef, 0xff, 0xfb, 0xff, 0xfb, 0xff, 0xef, 0xff, 0xfe, 0xfb, 0xfe, 0xff, 0xfe, 0xbb, 0xef, 0xbf, 0xff,
    0xef, 0xbf, 0xbf, 0xbf, 0xee, 0xff, 0xbf, 0xfe, 0x60, 0x95, 0x55, 0x45, 0x00, 0x00, 0x1a, 0xfa, 0xfb, 0xeb, 0xff, 0xee, 0xbf, 0xbe, 0xbf, 0xef,
    0xbf, 0xfe, 0xfe, 0xbe, 0xfb, 0xea, 0xfa, 0xee, 0xba, 0xeb, 0xaf, 0xae, 0xba, 0xdb, 0x96, 0xa5, 0xfe, 0xbf, 0xfe, 0xbf, 0xbf, 0xea, 0xba, 0xbf,
    0xff, 0xfe, 0xa9, 0x5b, 0xba, 0xbe, 0xae, 0x6f, 0x4a, 0xff, 0xff, 0xff, 0xff, 0x80, 0x04, 0x00, 0x6f, 0xff, 0xfe, 0x55, 0xbf, 0x56, 0xfe, 0x50,
    0x05, 0x10, 0x7d, 0x00, 0x40, 0x01, 0x00, 0x50, 0x45, 0x14, 0x2f, 0xef, 0xff, 0xff, 0xfe, 0xfb, 0xff, 0xbf, 0xff, 0xef, 0xbe, 0xfb, 0xbe, 0xbf,
    0xbf, 0xf7, 0x87, 0xbe, 0xff, 0xbe, 0xff, 0xff, 0xfa, 0xfa, 0x6f, 0xff, 0xf8, 0xbf, 0xfd, 0xb9, 0xab, 0xff, 0xae, 0x7f, 0xbf, 0xfa, 0xff, 0xef,
    0xfb, 0xff, 0xaf, 0xba, 0xfb, 0xff, 0xff, 0xbe, 0xff, 0xbf, 0xff, 0xbf, 0xff, 0xff, 0xff, 0xfe, 0xfb, 0xfb, 0xff, 0xff, 0xff, 0xff, 0xbe, 0xfb,
    0xff, 0xff, 0xfe, 0xff, 0xfe, 0xff, 0xff, 0xfb, 0xfe, 0xff, 0xff, 0xbf, 0xfb, 0xff, 0xbf, 0xbf, 0xfe, 0xfb, 0xef, 0xff, 0xff, 0xfb, 0xff, 0xff,
    0xfe, 0xfb, 0xff, 0xbe, 0xff, 0xfe, 0xff, 0xfb, 0xef, 0xba, 0xff, 0xfb, 0xff, 0xbe, 0xfb, 0xff, 0xfb, 0xfb, 0xfa, 0xfe, 0xfb, 0xfa, 0xe5, 0xb0,
    0x40, 0x14, 0x04, 0x55, 0x11, 0x6f, 0xbe, 0xef, 0xbf, 0xaf, 0xef, 0xee, 0xfb, 0xfb, 0xfa, 0xeb, 0xff, 0xef, 0xef, 0xaf, 0xfe, 0xbb, 0xae, 0xbe,
    0xfa, 0xeb, 0xae, 0xbe, 0x9b, 0xe0, 0x5b, 0xfe, 0xbf, 0xff, 0xef, 0xfe, 0xaa, 0xaa, 0xae, 0xff, 0xfe, 0xeb, 0xa2, 0xfa, 0xeb, 0xf8, 0xbe, 0x19,
    0x6f, 0xff, 0xff, 0xff, 0xe4, 0x50, 0x02, 0xff, 0xff, 0xff, 0xff, 0xf9, 0x00, 0x16, 0xe4, 0x14, 0x10, 0x14, 0x00, 0x90, 0x00, 0x00, 0x51, 0x44,
    0x54, 0x7e, 0xff, 0xfa, 0xfb, 0xef, 0xbf, 0xef, 0xff, 0xbe, 0xfb, 0xff, 0xef, 0xff, 0xfb, 0xff, 0xf5, 0x1f, 0xff, 0xff, 0xff, 0xeb, 0xfe, 0xff,
    0xff, 0x6f, 0xff, 0xf8, 0xbf, 0xe5, 0xe6, 0xff, 0xbf, 0x99, 0xbb, 0xfb, 0xff, 0xfa, 0xff, 0xff, 0xeb, 0xff, 0xef, 0xfb, 0xbe, 0xff, 0xff, 0xff,
    0xfb, 0xff, 0xfb, 0xef, 0xbe, 0xff, 0xff, 0xff, 0xff, 0xff, 0xbf, 0xfb, 0xff, 0xff, 0xff, 0xff, 0xbe, 0xbf, 0xfb, 0xff, 0xef, 0xfb, 0xff, 0xff,
    0xfe, 0xff, 0xff, 0xff, 0xbf, 0xff, 0xfe, 0xff, 0xff, 0xff, 0xff, 0xbe, 0xff, 0xff, 0xfb, 0xef, 0xef, 0xaf, 0xfb, 0xff, 0xbf, 0xfb, 0xfe, 0xff,
    0xff, 0xeb, 0xff, 0xbf, 0xff, 0xbf, 0xfb, 0xef, 0xff, 0xff, 0xbf, 0xff, 0xff, 0x9b, 0xf0, 0x11, 0x00, 0x54, 0x00, 0x46, 0xbb, 0xef, 0xbe, 0xfa,
    0xfa, 0xff, 0xef, 0xbf, 0xff, 0xbf, 0xff, 0xbf, 0xfe, 0xfe, 0xaf, 0xbe, 0xbb, 0xae, 0x7e, 0xae, 0xfa, 0xfa, 0xeb, 0x96, 0xfe, 0xbf, 0xba, 0xbf,
    0xef, 0xff, 0xef, 0xaa, 0xae, 0xaa, 0xff, 0xfe, 0xfb, 0xa2, 0xf6, 0xeb, 0xae, 0xf8, 0x29, 0x4b, 0xff, 0xff, 0xff, 0xfd, 0x40, 0x17, 0xfa, 0xff,
    0xff, 0xff, 0xf0, 0x00, 0x00, 0xb8, 0x05, 0x40, 0x00, 0x00, 0x00, 0x00, 0x00, 0x91, 0x18, 0x44, 0x7f, 0xfb, 0xff, 0xff, 0xbf, 0xff, 0xfe, 0xff,
    0xef, 0xff, 0xbe, 0xff, 0xef, 0xef, 0xee, 0xf9, 0xbe, 0xff, 0xfe, 0xff, 0xff, 0xbf, 0xff, 0xff, 0x7f, 0xff, 0xf9, 0xff, 0xeb, 0xef, 0xff, 0xff,
    0x86, 0xff, 0xfb, 0xef, 0xff, 0xfb, 0xaf, 0xff, 0xfe, 0xff, 0xbf, 0xff, 0xfb, 0xfb, 0xef, 0xfb, 0xfe, 0xff, 0xff, 0xbf, 0xff, 0xff, 0xff, 0xef,
    0xff, 0xff, 0xbf, 0xff, 0xef, 0xff, 0xff, 0xff, 0xff, 0xbf, 0xef, 0xff, 0xff, 0xff, 0xff, 0xff, 0xfb, 0xfe, 0xfb, 0xff, 0xef, 0xef, 0xff, 0xff,
    0xbf, 0xbf, 0xff, 0xfe, 0xfb, 0xff, 0xff, 0xbf, 0xfb, 0xfb, 0xef, 0xfb, 0xff, 0xef, 0xfe, 0xfb, 0xef, 0xbf, 0xef, 0xef, 0xff, 0xfb, 0xef, 0xbe,
    0xbf, 0xfb, 0xaf, 0xad, 0x6f, 0xf0, 0x01, 0x05, 0x01, 0x41, 0x5b, 0xba, 0xef, 0xbb, 0xef, 0xbf, 0xba, 0xfb, 0xee, 0xbe, 0xff, 0xbf, 0xfe, 0xfe,
    0xba, 0xfb, 0xfe, 0x6a, 0xf8, 0x7a, 0xea, 0xba, 0xaa, 0xaa, 0xe4, 0xaf, 0xeb, 0xab, 0xbe, 0xfe, 0xfb, 0xfe, 0xa5, 0x6a, 0xfa, 0xfe, 0xff, 0xbf,
    0xaa, 0xe6, 0xff, 0x9f, 0x95, 0xbf, 0xd2, 0xff, 0xff, 0xef, 0xff, 0xd6, 0xaf, 0xff, 0xfe, 0xff, 0xf9, 0x90, 0x00, 0x00, 0x1d, 0x04, 0x40, 0x00,
    0x00, 0x00, 0x00, 0x00, 0x55, 0x2d, 0x50, 0xbb, 0xbf, 0xff, 0xbf, 0xbf, 0xfe, 0xbf, 0xef, 0xff, 0xef, 0xfb, 0xfb, 0xef, 0xff, 0xef, 0xef, 0xff,
    0xfa, 0xff, 0xef, 0xff, 0xfb, 0xeb, 0xff, 0x6f, 0xff, 0xfa, 0xfb, 0xda, 0xbb, 0xeb, 0xfb, 0xab, 0xef, 0xbf, 0xff, 0xff, 0xbf, 0xff, 0xbf, 0xbf,
    0xff, 0xfe, 0xfb, 0xff, 0xff, 0xfe, 0xff, 0xff, 0xef, 0xfb, 0xff, 0xbf, 0xef, 0xff, 0xff, 0xae, 0xff, 0xff, 0xff, 0xff, 0xef, 0xbf, 0xff, 0xfb,
    0xfe, 0xff, 0xff, 0xef, 0xef, 0xbf, 0xef, 0xfb, 0xff, 0xff, 0xef, 0xfe, 0xff, 0xbe, 0xff, 0xff, 0xfb, 0xff, 0xbf, 0xef, 0xef, 0xbb, 0xfb, 0xff,
    0xbe, 0xfe, 0xff, 0xef, 0xef, 0xbe, 0xfb, 0xfe, 0xbb, 0xeb, 0xfe, 0xff, 0xbf, 0xfb, 0xff, 0xfb, 0xff, 0xff, 0xe6, 0xff, 0xe0, 0x40, 0x50, 0x14,
    0x15, 0x7e, 0xbe, 0xfa, 0xfa, 0xef, 0xbf, 0xbf, 0xbe, 0xef, 0xff, 0xfb, 0xef, 0xff, 0xaf, 0xef, 0xff, 0xff, 0x5e, 0xae, 0xf5, 0xaf, 0xaf, 0xaf,
    0xbe, 0xa9, 0x15, 0x91, 0xaa, 0xbf, 0xff, 0xff, 0xfb, 0xe1, 0x46, 0xab, 0xaf, 0xff, 0xff, 0x5f, 0x9b, 0xae, 0x95, 0x5b, 0xeb, 0xe2, 0xff, 0xbe,
    0xfe, 0xff, 0xff, 0xff, 0xff, 0xff, 0xbf, 0xfd, 0x04, 0x01, 0x40, 0x0a, 0x05, 0x40, 0x00, 0x00, 0x00, 0x00, 0x01, 0x55, 0x55, 0x10, 0xbf, 0xfe,
    0xfb, 0xfb, 0xfb, 0xaf, 0xff, 0xfe, 0xff, 0xfe, 0xff, 0xff, 0xff, 0xbb, 0xff, 0xfe, 0xfb, 0xff, 0xff, 0xff, 0xfe, 0xff, 0xff, 0xfb, 0x6f, 0xff,
    0xfc, 0xbb, 0xd6, 0xfa, 0xff, 0xbf, 0xfe, 0xfb, 0xfb, 0xfe, 0xbf, 0xff, 0xfb, 0xff, 0xff, 0xbf, 0xef, 0xff, 0xff, 0xff, 0xbf, 0xfe, 0xfb, 0xff,
    0xbf, 0xff, 0xfb, 0xff, 0xbe, 0xfb, 0xff, 0xef, 0xff, 0xfb, 0xff, 0xff, 0xff, 0xff, 0xff, 0xff, 0xff, 0xff, 0xff, 0xff, 0xff, 0xfe, 0xff, 0xef,
    0xff, 0xff, 0xff, 0xff, 0xff, 0xfb, 0xef, 0xff, 0xff, 0xfb, 0xfe, 0xfb, 0xfb, 0xef, 0xbf, 0xff, 0xff, 0xbe, 0xfe, 0xff, 0xff, 0xef, 0xbf, 0xfb,
    0xfe, 0xff, 0xef, 0xfe, 0xbe, 0xfb, 0xff, 0xaf, 0xef, 0x9b, 0xff, 0xf0, 0x05, 0x05, 0x00, 0x1a, 0xee, 0xbe, 0xbf, 0xee, 0xfb, 0xeb, 0xfb, 0xef,
    0xfb, 0xef, 0xbf, 0xef, 0xbf, 0xbe, 0xff, 0xee, 0xaa, 0x2f, 0xf9, 0x55, 0xea, 0xea, 0xf9, 0x6a, 0xaa, 0x96, 0xa4, 0x55, 0xff, 0xbf, 0xbe, 0xff,
    0xfb, 0xe2, 0xee, 0xbf, 0xfb, 0xe9, 0x45, 0x2e, 0xfb, 0xe5, 0xbe, 0xfa, 0x97, 0xff, 0xff, 0xff, 0xff, 0xff, 0xff, 0xff, 0xe5, 0x55, 0xfe, 0x40,
    0x1b, 0xd0, 0x05, 0x01, 0x40, 0x00, 0x00, 0x00, 0x04, 0x05, 0x1d, 0x11, 0x14, 0xbb, 0xef, 0xff, 0xff, 0xff, 0xff, 0xbf, 0xff, 0xff, 0xff, 0xbe,
    0xfe, 0xff, 0xff, 0xff, 0xfe, 0xff, 0xbf, 0xaf, 0xfb, 0xeb, 0xff, 0xfb, 0xef, 0x6f, 0xff, 0xfe, 0x2f, 0xeb, 0xaf, 0xfe, 0xfe, 0xfe, 0xff, 0xff,
    0xbf, 0xfa, 0xff, 0xbf, 0xeb, 0xfb, 0xef, 0xfb, 0xbf, 0xff, 0xbf, 0xff, 0xff, 0xff, 0xff, 0xbf, 0xef, 0xff, 0xbf, 0xef, 0xff, 0xfb, 0xfa, 0xef,
    0xff, 0xef, 0xff, 0xfe, 0xfe, 0xff, 0xff, 0xfe, 0xff, 0xbe, 0xfb, 0xfe, 0xff, 0xef, 0xff, 0xef, 0xbf, 0xef, 0xee, 0xef, 0xff, 0xff, 0xfb, 0xfb,
    0xbe, 0xff, 0xff, 0xef, 0xff, 0xef, 0xbb, 0xef, 0xff, 0xbf, 0xef, 0xef, 0xff, 0xbf, 0xbf, 0xbe, 0xeb, 0xef, 0xef, 0xff, 0xef, 0xbf, 0xfe, 0xfe,
    0x7f, 0xff, 0xb0, 0x10, 0x00, 0x56, 0xaf, 0xef, 0xbb, 0xff, 0xbe, 0xfb, 0xef, 0xbe, 0xfa, 0xfe, 0xff, 0xef, 0xbf, 0xef, 0xfe, 0xbf, 0xfd, 0x65,
    0x7b, 0x91, 0x06, 0xeb, 0xeb, 0x96, 0x94, 0x7a, 0xfb, 0x96, 0x5b, 0xfb, 0xfb, 0xff, 0xff, 0xbf, 0xf6, 0xae, 0xef, 0xfe, 0x15, 0x96, 0xee, 0xbb,
    0xeb, 0xee, 0xbf, 0x9f, 0xfe, 0x55, 0xbf, 0xef, 0xff, 0xff, 0xff, 0x96, 0xa0, 0x6f, 0xe0, 0x2f, 0xd0, 0x00, 0x04, 0x11, 0x00, 0x00, 0x00, 0x00,
    0x06, 0x44, 0x05, 0x14, 0xbf, 0xbf, 0xef, 0xfe, 0xff, 0xff, 0xbf, 0xef, 0xfe, 0xfb, 0xff, 0xef, 0xfb, 0xef, 0xfa, 0xff, 0xff, 0xfb, 0xff, 0xff,
    0xff, 0xff, 0xbe, 0xfd, 0x7f, 0xff, 0xff, 0x5a, 0xbf, 0xff, 0xfe, 0xfe, 0xff, 0xef, 0xef, 0xfb, 0xff, 0xff, 0xff, 0xff, 0xff, 0xff, 0xbf, 0xff,
    0xbf, 0xfe, 0xff, 0xef, 0xff, 0xff, 0xfb, 0xff, 0xff, 0xfb, 0xff, 0xfe, 0xfb, 0xbf, 0xef, 0xaf, 0xfa, 0xfb, 0xef, 0xff, 0xff, 0xff, 0xbf, 0xff,
    0xff, 0xff, 0xff, 0xef, 0xff, 0xff, 0xff, 0xff, 0xef, 0xfe, 0xff, 0xfe, 0xfb, 0xef, 0xbf, 0xff, 0xff, 0xbf, 0xfe, 0xfa, 0xff, 0xbb, 0xfe, 0xfb,
    0xfb, 0xfe, 0xfe, 0xfb, 0xfb, 0xff, 0xff, 0xff, 0xff, 0xfb, 0xeb, 0xff, 0xfb, 0xff, 0xe6, 0xff, 0xff, 0xa0, 0x01, 0x56, 0xaf, 0xef, 0xba, 0xfb,
    0xeb, 0xaf, 0xaf, 0xbe, 0xbe, 0xff, 0xee, 0xeb, 0xff, 0xff, 0xfe, 0xfb, 0xef, 0xbe, 0x5a, 0xae, 0xab, 0xaa, 0xba, 0xba, 0x6f, 0xf9, 0x2a, 0xaa,
    0x96, 0xff, 0xfe, 0xbe, 0xff, 0xfb, 0xff, 0xe6, 0xfa, 0xef, 0xbc, 0x7b, 0xe6, 0xea, 0xba, 0xfe, 0xeb, 0xa6, 0x6f, 0xf9, 0x6a, 0xaf, 0xff, 0xff,
    0xff, 0xff, 0x5b, 0xe0, 0x0b, 0xf0, 0x0b, 0x80, 0x00, 0x15, 0x52, 0x40, 0x00, 0x00, 0x00, 0x05, 0x41, 0x54, 0x51, 0xbe, 0xfa, 0xfe, 0xff, 0xef,
    0xbf, 0xff, 0xff, 0xef, 0xff, 0xef, 0xff, 0xff, 0xff, 0xff, 0xef, 0xfb, 0xff, 0xff, 0xbf, 0xff, 0xff, 0xfe, 0xf9, 0xbf, 0xff, 0xff, 0xe5, 0x59,
    0xba, 0xff, 0xae, 0xff, 0xbe, 0xfe, 0xff, 0xbf, 0xbe, 0xfb, 0xfe, 0xfe, 0xfb, 0xfe, 0xfb, 0xfb, 0xff, 0xff, 0xff, 0xff, 0xfb, 0xff, 0xbf, 0xfb,
    0xff, 0xbe, 0xff, 0xef, 0xbe, 0xff, 0xff, 0xbf, 0xff, 0xff, 0xff, 0xff, 0xbf, 0xfb, 0xfb, 0xfb, 0xfe, 0xff, 0xfe, 0xff, 0xfb, 0xfe, 0xfb, 0xef,
    0xff, 0xfe, 0xfe, 0xff, 0xff, 0xff, 0xef, 0xff, 0xbf, 0xbf, 0xff, 0xbf, 0xfe, 0xbf, 0xff, 0xef, 0xff, 0xff, 0xfb, 0xff, 0xeb, 0xef, 0xbe, 0xfb,
    0xfb, 0xfb, 0xbb, 0xfb, 0xef, 0x9b, 0xff, 0xff, 0xf0, 0x5a, 0xbe, 0xba, 0xeb, 0xbe, 0xef, 0xbe, 0xef, 0xbe, 0xfb, 0xef, 0xaf, 0xbf, 0xfe, 0xfb,
    0xfb, 0xff, 0xbf, 0xff, 0xfb, 0x9a, 0x59, 0x7a, 0xaa, 0xba, 0xae, 0xbe, 0xf9, 0x2a, 0xee, 0x91, 0x5a, 0x64, 0x7f, 0xeb, 0xfb, 0xff, 0xae, 0xab,
    0xaf, 0xf8, 0xba, 0xb8, 0xf6, 0xaf, 0xae, 0xf9, 0xe0, 0x7f, 0xe1, 0xba, 0xef, 0xbf, 0xff, 0xff, 0xfe, 0x2e, 0xe0, 0x02, 0xe4, 0x01, 0x00, 0x00,
    0x01, 0x41, 0x40, 0x00, 0x00, 0x00, 0x00, 0x50, 0x74, 0x41, 0xbe, 0xff, 0xff, 0xef, 0xff, 0xfa, 0xfa, 0xbf, 0xff, 0xff, 0xbf, 0xfb, 0xee, 0xfb,
    0xbf, 0xfb, 0xff, 0xbe, 0xfb, 0xff, 0xfb, 0xff, 0xba, 0xe6, 0xfe, 0xff, 0xfb, 0xbe, 0xff, 0x5b, 0xbf, 0xff, 0xff, 0xbf, 0xfb, 0xef, 0xef, 0xbe,
    0xff, 0xaf, 0xfe, 0xff, 0xff, 0xfe, 0xfb, 0xff, 0xfe, 0xff, 0xef, 0xff, 0xff, 0xff, 0xff, 0xaf, 0xff, 0xef, 0xff, 0xfe, 0xfb, 0xff, 0xff, 0xbf,
    0xbf, 0xef, 0xbf, 0xfb, 0xfe, 0xbf, 0xbf, 0xbf, 0xef, 0xbf, 0xfb, 0xff, 0xbf, 0xff, 0xfb, 0xef, 0xbf, 0xff, 0xff, 0xbf, 0xfe, 0xff, 0xef, 0xfb,
    0xff, 0xbf, 0xfb, 0xef, 0xfb, 0xef, 0xfe, 0xfb, 0xef, 0xbf, 0xbf, 0xff, 0xff, 0xff, 0xfb, 0xbf, 0xbf, 0xff, 0xfe, 0xfe, 0xbf, 0xff, 0xef, 0xf0,
    0xee, 0xee, 0xfb, 0xbe, 0xef, 0xaf, 0xbe, 0xfb, 0xfb, 0xeb, 0xaf, 0xae, 0xfb, 0xaa, 0xff, 0xfe, 0xfb, 0xfe, 0xfb, 0xff, 0x6a, 0x91, 0xab, 0xeb,
    0xaf, 0xbf, 0xff, 0xf9, 0x6a, 0xaa, 0xe6, 0x69, 0x51, 0xfb, 0xe7, 0xff, 0xfb, 0x9a, 0xab, 0xbf, 0xfd, 0x7a, 0xb8, 0xf6, 0xae, 0xbf, 0xf5, 0xfa,
    0xfe, 0x5b, 0xbf, 0xff, 0xff, 0xff, 0xef, 0xff, 0x9f, 0xe0, 0x41, 0xe4, 0x00, 0x00, 0x00, 0x10, 0x50, 0x00, 0x00, 0x00, 0x00, 0x05, 0x04, 0x51,
    0x54, 0xbf, 0xef, 0xeb, 0xff, 0xff, 0xef, 0xff, 0xff, 0xbf, 0xff, 0xbe, 0xff, 0xfe, 0xff, 0xbe, 0xfb, 0xef, 0xff, 0xff, 0xef, 0xbf, 0xbe, 0xb9,
    0x9b, 0xf4, 0x2f, 0xfb, 0xff, 0xff, 0x8b, 0xeb, 0xfb, 0xaf, 0xfb, 0xff, 0xfe, 0xff, 0xff, 0xfb, 0xfb, 0xef, 0xbe, 0xfb, 0xef, 0xff, 0xef, 0xff,
    0xef, 0xfe, 0xfe, 0xfb, 0xff, 0xef, 0xff, 0xef, 0xff, 0xbe, 0xfb, 0xff, 0xfe, 0xff, 0xff, 0xfb, 0xff, 0xfa, 0xff, 0xbf, 0xff, 0xff, 0xfb, 0xff,
    0xff, 0xbf, 0xbf, 0xfb, 0xff, 0xff, 0xff, 0xff, 0xfb, 0xfb, 0xff, 0xff, 0xff, 0xff, 0xff, 0xfb, 0xfb, 0xff, 0xff, 0xff, 0xfe, 0xff, 0xbf, 0xff,
    0xff, 0xfe, 0xff, 0xbe, 0xfb, 0xff, 0xaf, 0xbe, 0xfa, 0xff, 0xf6, 0xff, 0xff, 0xff, 0xe0, 0xea, 0xee, 0xab, 0xae, 0xba, 0xfa, 0xeb, 0xeb, 0xef,
    0xbf, 0xbb, 0xfe, 0xea, 0xae, 0xaf, 0xbf, 0xbf, 0xef, 0xff, 0xbe, 0x6b, 0xaa, 0xae, 0xab, 0xeb, 0xfb, 0xfb, 0xed, 0x6a, 0xba, 0xef, 0xaa, 0xaa,
    0xae, 0x5a, 0xfe, 0xfb, 0xe6, 0xaa, 0xbf, 0xfe, 0x1f, 0x9a, 0xe2, 0xfe, 0xeb, 0xb8, 0x6a, 0xa4, 0x7b, 0xff, 0xff, 0xff, 0xfa, 0xab, 0xff, 0xeb,
    0xf1, 0xd1, 0xe1, 0x00, 0x00, 0x15, 0x05, 0x10, 0x00, 0x00, 0x00, 0x00, 0x05, 0x14, 0x41, 0x04, 0xbb, 0xfe, 0xff, 0xfb, 0xfe, 0xff, 0xef, 0xbf,
    0xfe, 0xff, 0xef, 0xef, 0xbf, 0xff, 0xff, 0xff, 0xef, 0xfb, 0xff, 0xff, 0xff, 0xff, 0xf9, 0x6f, 0x9a, 0x9b, 0xf9, 0xfb, 0xff, 0xd6, 0xff, 0xbf,
    0xfe, 0xff, 0xbe, 0xbf, 0xfb, 0xff, 0xfb, 0xff, 0xff, 0xff, 0xff, 0xff, 0xef, 0xfe, 0xff, 0xff, 0xff, 0xff, 0xff, 0xfb, 0xff, 0xff, 0xfa, 0xfb,
    0xef, 0xfb, 0xef, 0xff, 0xef, 0xff, 0xff, 0xfe, 0xff, 0xef, 0xff, 0xbe, 0xfb, 0xff, 0xbe, 0xfb, 0xff, 0xff, 0xff, 0xef, 0xff, 0xff, 0xfe, 0xff,
    0xff, 0xfb, 0xef, 0xfe, 0xfe, 0xfe, 0xfe, 0xff, 0xbf, 0xeb, 0xef, 0xbf, 0xef, 0xff, 0xff, 0xfb, 0xff, 0xef, 0xff, 0xbf, 0xaf, 0xfe, 0xff, 0xef,
    0xef, 0x9b, 0xff, 0xfb, 0xff, 0xf0, 0xbe, 0xaf, 0xbb, 0xfa, 0xbe, 0xfb, 0xef, 0xbe, 0xbe, 0xfa, 0xfa, 0xfa, 0xfa, 0xae, 0xab, 0xfb, 0xff, 0xef,
    0xef, 0xfe, 0xba, 0xae, 0xba, 0xae, 0xbe, 0xff, 0xff, 0xbe, 0x06, 0xeb, 0xaa, 0xbe, 0xbe, 0x40, 0x19, 0xbf, 0xab, 0xf9, 0xaa, 0xbe, 0xff, 0x9a,
    0xe5, 0x56, 0xbe, 0xef, 0xee, 0x55, 0x41, 0xff, 0xfa, 0xaf, 0xff, 0xfb, 0xbf, 0xff, 0xfb, 0xf4, 0x52, 0xe0, 0x0a, 0x06, 0xfb, 0xa4, 0x50, 0x01,
    0x40, 0x00, 0x00, 0x01, 0x68, 0x51, 0x04, 0xbf, 0xbf, 0xff, 0xbf, 0xef, 0xbb, 0xfe, 0xfe, 0xff, 0xfe, 0xfe, 0xff, 0xfb, 0xfb, 0xfb, 0xff, 0xff,
    0xbf, 0xfe, 0xfe, 0xbf, 0xeb, 0x9e, 0xa9, 0x6f, 0xe6, 0xfd, 0x7a, 0x5a, 0xf5, 0xff, 0xef, 0xbf, 0xef, 0xff, 0xef, 0xbf, 0xbe, 0xff, 0xef, 0xbf,
    0xef, 0xbe, 0xff, 0xef, 0xff, 0xff, 0xbf, 0xff, 0xff, 0xbf, 0xff, 0xbe, 0xff, 0xff, 0xff, 0xef, 0xbf, 0xff, 0xef, 0xfe, 0xff, 0xef, 0xef, 0xef,
    0xfe, 0xfb, 0xff, 0xff, 0xbf, 0xff, 0xff, 0xfb, 0xfe, 0xff, 0xff, 0xbf, 0xbf, 0xbf, 0xff, 0xef, 0xff, 0xfe, 0xff, 0xff, 0xbf, 0xfe, 0xff, 0xee,
    0xeb, 0xff, 0xbf, 0xff, 0xff, 0xef, 0xbf, 0xfb, 0xfb, 0xef, 0xbe, 0xfe, 0xfe, 0xfb, 0xff, 0xee, 0x6f, 0xff, 0xff, 0xef, 0xf0, 0xaf, 0xae, 0xba,
    0xfb, 0xef, 0xae, 0xea, 0xea, 0xea, 0xef, 0xbf, 0xbf, 0xea, 0xeb, 0xeb, 0xff, 0xeb, 0xfe, 0xfe, 0xfa, 0xbe, 0xeb, 0xeb, 0xaa, 0xff, 0xef, 0xef,
    0xbf, 0xa5, 0xba, 0xbb, 0xaa, 0xea, 0x95, 0x6d, 0x3e, 0xae, 0xf5, 0xeb, 0xff, 0xfb, 0xff, 0xbd, 0x5f, 0xaf, 0xbe, 0xef, 0xba, 0xaa, 0xfe, 0xa5,
    0x47, 0xff, 0xff, 0xff, 0xfb, 0xe7, 0xf9, 0x07, 0xc5, 0x05, 0x0f, 0xff, 0xfd, 0x10, 0x1a, 0xa4, 0x00, 0x00, 0x14, 0x6d, 0x15, 0x44, 0xbf, 0xbf,
    0xbf, 0xff, 0xff, 0xbf, 0xbf, 0xef, 0xfb, 0xff, 0xff, 0xfb, 0xff, 0xbf, 0xfb, 0xef, 0xfb, 0xfe, 0xff, 0xef, 0xfe, 0xff, 0x85, 0x05, 0xff, 0xf9,
    0xfe, 0x15, 0x55, 0xfd, 0xbe, 0xef, 0xff, 0xbe, 0xfb, 0xef, 0xbe, 0xff, 0xff, 0xff, 0xfb, 0xef, 0xff, 0xfe, 0xff, 0xbf, 0xff, 0xff, 0xff, 0xfb,
    0xff, 0xbf, 0xff, 0xbf, 0xef, 0xef, 0xff, 0xff, 0xef, 0xfe, 0xff, 0xff, 0xff, 0xff, 0xff, 0xbf, 0xff, 0xeb, 0xef, 0xfb, 0xfb, 0xfe, 0xff, 0xbe,
    0xfb, 0xfb, 0xff, 0xff, 0xff, 0xfb, 0xff, 0xaf, 0xbf, 0xef, 0xbf, 0xff, 0xbf, 0xee, 0xff, 0xff, 0xbf, 0xfe, 0xbe, 0xfb, 0xff, 0xef, 0xff, 0xfb,
    0xef, 0xff, 0xff, 0xef, 0xfb, 0xfb, 0xf9, 0xff, 0xff, 0xbf, 0xfe, 0xe0, 0xeb, 0xfa, 0xef, 0xbf, 0xfb, 0xea, 0xaa, 0xaa, 0xab, 0xef, 0xaf, 0xaa,
    0xbe, 0xba, 0xbb, 0xef, 0xff, 0xbf, 0xbf, 0xf9, 0x6e, 0xea, 0xae, 0xbf, 0xef, 0xfb, 0xff, 0xff, 0xfe, 0x56, 0x96, 0xaa, 0xeb, 0xad, 0x24, 0xbf,
    0xae, 0xea, 0xaf, 0xef, 0xff, 0xff, 0xfa, 0xab, 0xfb, 0xef, 0xff, 0xff, 0xff, 0xff, 0x9b, 0xe5, 0xff, 0xee, 0xba, 0xbf, 0xf5, 0xbf, 0x45, 0x06,
    0x40, 0x1f, 0xff, 0xfe, 0x00, 0x1e, 0xbe, 0xa6, 0x40, 0x54, 0x05, 0x2c, 0x50, 0xbe, 0xfb, 0xfe, 0xff, 0xff, 0xff, 0xfb, 0xff, 0xff, 0xfb, 0xfb,
    0xfb, 0xef, 0xfb, 0xef, 0xbf, 0xff, 0xbf, 0xef, 0xff, 0xff, 0xff, 0xe6, 0x6f, 0xfe, 0xfe, 0xbe, 0x16, 0xfe, 0x7e, 0x7b, 0xfe, 0xfb, 0xff, 0xfb,
    0xff, 0xfb, 0xff, 0xbf, 0xbf, 0xff, 0xbf, 0xef, 0xef, 0xfb, 0xfb, 0xff, 0xfe, 0xff, 0xff, 0xef, 0xff, 0xff, 0xff, 0xfe, 0xfe, 0xbe, 0xef, 0xef,
    0xbf, 0xfb, 0xeb, 0xfb, 0xfb, 0xfb, 0xfb, 0xef, 0xff, 0xfe, 0xff, 0xff, 0xef, 0xef, 0xff, 0xfb, 0xff, 0xfe, 0xfe, 0xfe, 0xff, 0xff, 0xff, 0xff,
    0xff, 0xfe, 0xff, 0xfb, 0xfe, 0xfb, 0xff, 0xfb, 0xef, 0xff, 0xef, 0xbe, 0xfe, 0xfe, 0xfe, 0xfe, 0xff, 0xbf, 0xfb, 0xfe, 0xbb, 0xe7, 0xff, 0xff,
    0xfe, 0xff, 0xf0, 0xfa, 0xfb, 0xef, 0xae, 0xba, 0xab, 0xaa, 0xae, 0xaa, 0xbe, 0xfa, 0xaa, 0xfb, 0xab, 0xab, 0xef, 0xbf, 0xeb, 0xfb, 0xfe, 0x59,
    0xbe, 0xfe, 0xff, 0xef, 0xbf, 0xbf, 0xef, 0xff, 0x9b, 0x94, 0x7a, 0xbb, 0x5e, 0x52, 0xee, 0xaa, 0x9a, 0xbf, 0xff, 0xbf, 0xff, 0xf9, 0x6a, 0xbe,
    0xff, 0xff, 0xff, 0xff, 0xfa, 0xfe, 0xf8, 0xbf, 0xf9, 0xa5, 0x5b, 0xfd, 0x7f, 0xe9, 0x40, 0x00, 0xbf, 0xff, 0xff, 0x96, 0xaa, 0xae, 0xff, 0xe4,
    0x45, 0x50, 0x54, 0x15, 0xbe, 0xff, 0xef, 0xff, 0xef, 0xef, 0xff, 0xbe, 0xff, 0xff, 0xff, 0xbf, 0xfe, 0xfb, 0xff, 0xff, 0xaf, 0xbf, 0xfe, 0xff,
    0xef, 0xbf, 0xff, 0xff, 0xff, 0xfe, 0xbd, 0xbf, 0xff, 0x9f, 0x6f, 0xfe, 0xff, 0xeb, 0xbf, 0xbe, 0xff, 0xbf, 0xfb, 0xfe, 0xff, 0xff, 0xfe, 0xff,
    0xff, 0xef, 0xbf, 0xff, 0xfe, 0xff, 0xff, 0xfe, 0xfe, 0xff, 0xef, 0xff, 0xfb, 0xfe, 0xfb, 0xff, 0xbf, 0xbf, 0xfb, 0xfb, 0xfe, 0xff, 0xfe, 0xff,
    0xff, 0xff, 0xff, 0xff, 0xfe, 0xff, 0xbf, 0xbe, 0xff, 0xef, 0xff, 0xfe, 0xfe, 0xff, 0xef, 0xbf, 0xff, 0xee, 0xff, 0xbf, 0xef, 0xbf, 0xff, 0xff,
    0xef, 0xff, 0xbf, 0xff, 0xef, 0xfe, 0xff, 0xbe, 0xfa, 0xff, 0xbf, 0xef, 0x6f, 0xff, 0xff, 0xff, 0xff, 0xf0, 0xbe, 0xfe, 0xba, 0xeb, 0xee, 0xaa,
    0xae, 0xaa, 0xae, 0xab, 0xea, 0xaa, 0xfd, 0x6f, 0x6e, 0xff, 0xbe, 0xff, 0xfe, 0xbf, 0x95, 0x6e, 0xbf, 0xfa, 0xff, 0xfe, 0xfb, 0xfe, 0xbf, 0xff,
    0xf9, 0x6b, 0xba, 0x4b, 0xfb, 0xfe, 0x69, 0x2b, 0xff, 0xfb, 0xfe, 0xff, 0xff, 0x4b, 0xfe, 0xff, 0xef, 0xff, 0xff, 0xff, 0xae, 0xee, 0x6f, 0xf6,
    0xeb, 0xe1, 0xfd, 0x7f, 0xff, 0xe9, 0x56, 0xff, 0xff, 0xeb, 0xff, 0xef, 0xae, 0x91, 0xb8, 0x10, 0x10, 0x41, 0x41, 0xef, 0xfe, 0xff, 0xff, 0xbf,
    0xfe, 0xff, 0xfb, 0xff, 0xbf, 0xef, 0xff, 0xbf, 0xef, 0xfb, 0xfb, 0xff, 0xff, 0xef, 0xfb, 0xff, 0xfe, 0xff, 0xef, 0xfb, 0xfe, 0xbd, 0xbe, 0xef,
    0xdb, 0x6f, 0xff, 0xef, 0xbf, 0xfb, 0xfb, 0xef, 0xfb, 0xff, 0xff, 0xee, 0xfa, 0xff, 0xff, 0xef, 0xff, 0xff, 0xbf, 0xff, 0xfe, 0xfb, 0xff, 0xff,
    0xfb, 0xff, 0xef, 0xfb, 0xff, 0xff, 0xff, 0xbe, 0xfe, 0xff, 0xaf, 0xef, 0xef, 0xbf, 0xef, 0xbf, 0xef, 0xfb, 0xfe, 0xff, 0xef, 0xff, 0xff, 0xff,
    0xef, 0xfb, 0xff, 0xff, 0xfb, 0xff, 0xfe, 0xff, 0xfe, 0xff, 0xbb, 0xef, 0xbe, 0xbf, 0xfb, 0xee, 0xfb, 0xff, 0xbf, 0xff, 0xbf, 0xeb, 0xff, 0xff,
    0xbf, 0xbb, 0xe9, 0xbf, 0xff, 0xff, 0xff, 0xff, 0xf0, 0xeb, 0xef, 0xfe, 0xfa, 0xea, 0xee, 0xaa, 0xbb, 0xaa, 0xab, 0xbe, 0xad, 0xbe, 0x2a, 0x5f,
    0xbf, 0xff, 0xfe, 0xff, 0xef, 0x9b, 0xe9, 0xbf, 0xbf, 0xfb, 0xef, 0xef, 0xff, 0xfe, 0xff, 0xfe, 0x1a, 0xba, 0x96, 0xaf, 0xf9, 0x6e, 0xab, 0xff,
    0xbf, 0xff, 0xaa, 0xff, 0xcb, 0xaf, 0xff, 0x95, 0xff, 0xff, 0xff, 0xfe, 0xbf, 0x9b, 0xf6, 0xfe, 0xb9, 0xb9, 0xff, 0xff, 0xff, 0xef, 0xfe, 0xaf,
    0xfe, 0xaf, 0xea, 0xe5, 0x00, 0x1f, 0x45, 0x15, 0x05, 0x11, 0xef, 0xff, 0xfe, 0xfb, 0xfb, 0xff, 0xef, 0xff, 0xff, 0xfe, 0xff, 0xff, 0xfb, 0xff,
    0xbf, 0xbf, 0xfb, 0xeb, 0xef, 0xbf, 0xbe, 0xff, 0xee, 0xfb, 0xff, 0xad, 0xb9, 0xfe, 0xfe, 0xe7, 0x6f, 0xeb, 0xef, 0xbe, 0xff, 0xfb, 0xfb, 0xff,
    0xbf, 0xfb, 0xff, 0xff, 0xfb, 0xfe, 0xff, 0xbf, 0xff, 0xff, 0xff, 0xff, 0xff, 0xfb, 0xff, 0xff, 0xfe, 0xff, 0xbe, 0xef, 0xbf, 0xef, 0xef, 0xff,
    0xef, 0xff, 0xff, 0xbe, 0xfb, 0xff, 0xfb, 0xff, 0xff, 0xef, 0xef, 0xfe, 0xfe, 0xff, 0xef, 0xff, 0xbf, 0xbf, 0xef, 0xff, 0xfb, 0xff, 0xff, 0xff,
    0xef, 0xfb, 0xfb, 0xff, 0xeb, 0xff, 0xbf, 0xff, 0xff, 0xfb, 0xff, 0xeb, 0xff, 0xeb, 0xef, 0xfb, 0xff, 0xe6, 0xff, 0xff, 0xff, 0xff, 0xfb, 0xe0,
    0xfb, 0xef, 0xee, 0xfe, 0xaa, 0xae, 0xba, 0xaa, 0xba, 0xaa, 0xba, 0xad, 0x7a, 0x2e, 0x2f, 0xee, 0xab, 0xee, 0xaf, 0xff, 0x59, 0x65, 0xfe, 0xbf,
    0xbf, 0xbf, 0xbf, 0xef, 0xff, 0xff, 0xaf, 0x8a, 0xea, 0xa0, 0x15, 0x55, 0xaa, 0xab, 0xff, 0xf9, 0x55, 0x50, 0xbf, 0x8a, 0xbf, 0xff, 0xa9, 0x7f,
    0xff, 0xff, 0xff, 0xae, 0xe7, 0xf5, 0xaf, 0xbe, 0x7d, 0xff, 0xff, 0xff, 0xff, 0xee, 0x46, 0xff, 0xaf, 0xe6, 0x90, 0x00, 0x03, 0x85, 0x05, 0x14,
    0x12, 0xfa, 0xfb, 0xef, 0xff, 0xff, 0xbf, 0xff, 0xef, 0xfe, 0xff, 0xfe, 0xfb, 0xff, 0xbf, 0xbf, 0xfe, 0xff, 0xff, 0xbf, 0xff, 0xff, 0xff, 0xaf,
    0xff, 0xbe, 0xf9, 0xfa, 0xef, 0xff, 0xea, 0x7e, 0xff, 0xbe, 0xff, 0xef, 0xff, 0xbf, 0xbf, 0xbe, 0xff, 0xbf, 0xbe, 0xff, 0xff, 0xfb, 0xfe, 0xff,
    0xfe, 0xff, 0xef, 0xbf, 0xff, 0xef, 0xbf, 0xef, 0xbb, 0xff, 0xff, 0xff, 0xff, 0xff, 0xff, 0xfb, 0xff, 0xbe, 0xff, 0xff, 0xff, 0xff, 0xbe, 0xfe,
    0xff, 0xff, 0xbf, 0xef, 0xff, 0xfe, 0xfb, 0xff, 0xff, 0xff, 0xff, 0xff, 0xeb, 0xff, 0xfb, 0xfe, 0xff, 0xbf, 0xfb, 0xff, 0xef, 0xff, 0xef, 0xef,
    0xff, 0xef, 0xfe, 0xbe, 0xff, 0xef, 0xff, 0xef, 0x9b, 0xff, 0xff, 0xef, 0xff, 0xff, 0xf0, 0xfb, 0xee, 0xbb, 0xaf, 0xab, 0xaa, 0xaa, 0xeb, 0xab,
    0xae, 0xab, 0xa4, 0x7d, 0x2a, 0x6e, 0xfe, 0xba, 0xff, 0xab, 0xba, 0x6d, 0x12, 0xee, 0xbb, 0xef, 0xfb, 0xfb, 0xff, 0xfb, 0xb9, 0x07, 0xda, 0xee,
    0xaa, 0xa5, 0x5a, 0xfa, 0xa5, 0xbb, 0xe1, 0x6a, 0xb8, 0xbf, 0x5b, 0xff, 0xff, 0xea, 0x2f, 0xff, 0xff, 0x95, 0x1e, 0xba, 0xf8, 0xbb, 0xee, 0x6e,
    0xbf, 0xff, 0xff, 0xff, 0xff, 0xe5, 0xfe, 0xab, 0xdb, 0x00, 0x00, 0x02, 0x81, 0x41, 0x51, 0x42, 0xff, 0xbf, 0xff, 0xff, 0xff, 0xbe, 0xfb, 0xff,
    0xef, 0xfb, 0xff, 0xbf, 0xff, 0xef, 0xfb, 0xef, 0xef, 0xfe, 0xbe, 0xfb, 0xef, 0xff, 0xff, 0xef, 0xff, 0xaf, 0xe6, 0xfb, 0xef, 0x99, 0x7e, 0xbe,
    0xbf, 0xef, 0xeb, 0xef, 0xff, 0xfb, 0xfb, 0xef, 0xfb, 0xff, 0xef, 0xef, 0xbf, 0xef, 0xff, 0xff, 0xfe, 0xff, 0xff, 0xef, 0xff, 0xff, 0xff, 0xff,
    0xfa, 0xfb, 0xef, 0xff, 0xff, 0xfb, 0xff, 0xff, 0xff, 0xfb, 0xff, 0xef, 0xbf, 0xff, 0xef, 0xfb, 0xfb, 0xfb, 0xff, 0xff, 0xff, 0xff, 0xfe, 0xfe,
    0xff, 0xbe, 0xff, 0xff, 0xbf, 0xbf, 0xfb, 0xef, 0xfe, 0xfb, 0xff, 0xef, 0xff, 0xfe, 0xff, 0xaf, 0xfb, 0xef, 0xfe, 0xff, 0xff, 0xbf, 0xfe, 0x6f,
    0xff, 0xff, 0xff, 0xff, 0xff, 0xf0, 0xae, 0xbe, 0xfb, 0xfe, 0xaa, 0xba, 0xae, 0xae, 0xab, 0xae, 0xab, 0xfa, 0xa5, 0x5b, 0xfa, 0xfb, 0xe9, 0xbb,
    0xbb, 0x94, 0x6e, 0xab, 0xea, 0xbf, 0xea, 0xfa, 0xff, 0xbe, 0xff, 0xf9, 0x91, 0xda, 0xfa, 0xe5, 0xaa, 0xbf, 0xeb, 0xa9, 0x7f, 0x9b, 0xbf, 0xbd,
    0x7f, 0x7f, 0xff, 0xea, 0xfb, 0x9f, 0xef, 0xfe, 0x5a, 0x6f, 0xb9, 0xfc, 0xbb, 0xee, 0x6e, 0x7f, 0xff, 0xff, 0xff, 0xfa, 0xfd, 0xbf, 0x6e, 0xda,
    0x00, 0x00, 0x01, 0xd0, 0x54, 0x51, 0x52, 0xef, 0xfa, 0xfb, 0xef, 0xbf, 0xff, 0xff, 0xff, 0xff, 0xff, 0xef, 0xff, 0xef, 0xfe, 0xfa, 0xff, 0xfe,
    0xfb, 0xfe, 0xfb, 0xff, 0xbe, 0xfb, 0xef, 0xeb, 0x6e, 0x5b, 0xfb, 0xef, 0x91, 0xff, 0xeb, 0xfa, 0xfa, 0xfe, 0xfb, 0xef, 0xff, 0xfb, 0xff, 0xff,
    0xfb, 0xfe, 0xff, 0xff, 0xff, 0xfb, 0xef, 0xff, 0xfb, 0xfe, 0xff, 0xff, 0xfe, 0xfb, 0xfe, 0xbf, 0xff, 0xfe, 0xbe, 0xfb, 0xff, 0xbf, 0xef, 0xfb,
    0xff, 0xaf, 0xff, 0xef, 0xef, 0xff, 0xff, 0xff, 0xff, 0xff, 0xbf, 0xbf, 0xfe, 0xff, 0xef, 0xff, 0xff, 0xef, 0xff, 0xfb, 0xff, 0xff, 0xaf, 0xff,
    0xbf, 0xef, 0xff, 0xbf, 0xff, 0xff, 0xfe, 0xff, 0xef, 0xef, 0xef, 0xbf, 0xfe, 0xf9, 0xff, 0xff, 0xff, 0xbf, 0xff, 0xff, 0xe0, 0xfe, 0xeb, 0xeb,
    0xae, 0xae, 0xba, 0xaa, 0xaa, 0xea, 0xaa, 0xa9, 0xaf, 0x56, 0x8b, 0xe6, 0xfe, 0xae, 0x7f, 0x69, 0x44, 0x56, 0xff, 0x9a, 0xaf, 0xfa, 0xfe, 0xbf,
    0xff, 0xee, 0xfa, 0xe6, 0xda, 0xba, 0xd5, 0x7e, 0x7f, 0xfa, 0xae, 0x7f, 0xaa, 0xba, 0xfa, 0x7e, 0x7f, 0xfb, 0xd1, 0xeb, 0x9b, 0xeb, 0xfd, 0xbb,
    0xfe, 0xf9, 0xf9, 0xaf, 0xbe, 0x6d, 0xbf, 0xea, 0xaf, 0xff, 0x90, 0x6e, 0x6f, 0x2e, 0xe6, 0x00, 0x00, 0x01, 0xc5, 0x04, 0x14, 0x16, 0xfa, 0xff,
    0xff, 0xfe, 0xfb, 0xeb, 0xfe, 0xfe, 0xfb, 0xfe, 0xff, 0xfe, 0xfe, 0xff, 0xff, 0xbf, 0xbf, 0xfb, 0xef, 0xff, 0xbb, 0xfe, 0xff, 0xfb, 0xfe, 0x61,
    0xbe, 0xfb, 0xfb, 0xea, 0xfb, 0xeb, 0xbe, 0xff, 0xbf, 0xff, 0xfe, 0xee, 0xff, 0xfb, 0xfe, 0xfb, 0xfe, 0xfe, 0xff, 0xbf, 0xff, 0xff, 0xff, 0xff,
    0xef, 0xff, 0xef, 0xff, 0xbf, 0xbf, 0xfe, 0xbe, 0xbf, 0xff, 0xfa, 0xff, 0xff, 0xff, 0xff, 0xef, 0xfe, 0xbf, 0xfe, 0xff, 0xbf, 0xbe, 0xfb, 0xfe,
    0xff, 0xfb, 0xfe, 0xff, 0xef, 0xff, 0xfe, 0xff, 0xff, 0xff, 0xff, 0xff, 0xff, 0xfe, 0xfb, 0xff, 0xfe, 0xfb, 0xfb, 0xef, 0xaf, 0xff, 0xfe, 0xff,
    0xef, 0xef, 0xbf, 0xef, 0xe6, 0xff, 0xff, 0xfb, 0xff, 0xff, 0xbe, 0xf0, 0xeb, 0xef, 0xbf, 0xbe, 0xaa, 0xaa, 0xaa, 0xab, 0xae, 0xaa, 0xea, 0x15,
    0x5a, 0x91, 0x57, 0xee, 0xbe, 0x6f, 0x54, 0x14, 0x00, 0x55, 0x5e, 0x7e, 0xfa, 0xef, 0xbe, 0xfb, 0xab, 0xbe, 0xa9, 0x5a, 0xaf, 0x9a, 0x69, 0x7f,
    0xfa, 0xae, 0x6f, 0xab, 0xff, 0xeb, 0x6f, 0x6a, 0xff, 0x5a, 0xaa, 0x5f, 0x9b, 0xf9, 0xef, 0xff, 0xf9, 0xf5, 0xae, 0xfa, 0xb9, 0xff, 0xeb, 0xeb,
    0xfe, 0x1a, 0x5e, 0x3d, 0x6a, 0xb5, 0x01, 0x00, 0x00, 0x41, 0x41, 0x45, 0x46, 0xff, 0xef, 0xbe, 0xbf, 0xfb, 0xff, 0xef, 0xff, 0xff, 0xfb, 0xfb,
    0xef, 0xff, 0xeb, 0xff, 0xbf, 0xeb, 0xff, 0xff, 0xbf, 0xff, 0xef, 0xef, 0xbf, 0xbf, 0xba, 0xff, 0xef, 0xbf, 0xff, 0xbf, 0xaf, 0xbf, 0xfb, 0xaf,
    0xaf, 0xff, 0xff, 0xff, 0xbf, 0xbf, 0xff, 0xaf, 0xef, 0xef, 0xfb, 0xfe, 0xfe, 0xfa, 0xfe, 0xff, 0xfb, 0xfe, 0xff, 0xff, 0xfb, 0xbf, 0xff, 0xfb,
    0xfb, 0xfe, 0xab, 0xfe, 0xfb, 0xfe, 0xfe, 0xff, 0xfb, 0xff, 0xfb, 0xff, 0xff, 0xff, 0xbf, 0xfe, 0xff, 0xff, 0xfb, 0xef, 0xff, 0xff, 0xfb, 0xff,
    0xff, 0xff, 0xff, 0xbe, 0xff, 0xfe, 0xfb, 0xef, 0xef, 0xbe, 0xfb, 0xff, 0xbf, 0xff, 0xfb, 0xfe, 0xff, 0xfb, 0xff, 0x9f, 0xff, 0xff, 0xff, 0xff,
    0xff, 0xff, 0xf0, 0xfb, 0xbe, 0xfb, 0xeb, 0xaa, 0xa4, 0x56, 0xaa, 0xaa, 0xfa, 0xaa, 0x55, 0x9a, 0xa9, 0x5b, 0xef, 0xea, 0x6b, 0x45, 0x51, 0x54,
    0x01, 0x95, 0xbe, 0xba, 0xfe, 0xab, 0xfe, 0xbf, 0xbe, 0x69, 0x2e, 0xea, 0x9b, 0x41, 0xbf, 0xea, 0xba, 0x6f, 0xaf, 0xf9, 0x69, 0x6e, 0x25, 0xbe,
    0x2f, 0xb9, 0x6a, 0x5e, 0xfa, 0xff, 0xff, 0xe9, 0xe6, 0xbe, 0xbe, 0x12, 0xff, 0xbe, 0xbf, 0xfd, 0x7f, 0xed, 0x79, 0xab, 0xbd, 0x40, 0x00, 0x00,
    0x04, 0x55, 0x44, 0x47, 0xaf, 0xbf, 0xfb, 0xff, 0xbf, 0xbe, 0xff, 0xbf, 0xbf, 0xff, 0xff, 0xbf, 0xaf, 0xff, 0xeb, 0xfe, 0xff, 0xff, 0xfb, 0xef,
    0xff, 0xef, 0xfb, 0xef, 0xfb, 0xff, 0xbf, 0xbe, 0xff, 0xfb, 0xeb, 0xff, 0xeb, 0xeb, 0xff, 0xfb, 0xeb, 0xfb, 0xbe, 0xff, 0xbf, 0xaf, 0xff, 0xfb,
    0xff, 0xef, 0xef, 0xef, 0xff, 0xff, 0xfe, 0xff, 0xbf, 0xff, 0xef, 0xff, 0xbf, 0xef, 0xbf, 0xbf, 0xef, 0xfa, 0xff, 0xff, 0xbf, 0xff, 0xef, 0xff,
    0xff, 0xff, 0xfe, 0xfb, 0xff, 0xfb, 0xff, 0xff, 0xff, 0xff, 0xbf, 0xfe, 0xfb, 0xff, 0xff, 0xef, 0xbf, 0xef, 0xff, 0xbb, 0xef, 0xfe, 0xfb, 0xaf,
    0xff, 0xfb, 0xff, 0xfb, 0xef, 0xfe, 0xff, 0xbe, 0xff, 0xfe, 0x7f, 0xff, 0xff, 0xff, 0xff, 0xff, 0xff, 0xf0, 0xef, 0xbe, 0xfa, 0xfa, 0xab, 0xe9,
    0xa4, 0x6e, 0xaa, 0xae, 0xab, 0x6f, 0x9a, 0xae, 0xe1, 0xfd, 0x94, 0x7e, 0x14, 0x11, 0x45, 0x06, 0xa6, 0xee, 0x6b, 0xaf, 0xab, 0xee, 0xe5, 0xbe,
    0x5f, 0xaf, 0xae, 0xd7, 0xea, 0xff, 0xfa, 0xa9, 0x7e, 0x6f, 0xe1, 0xaa, 0xbd, 0xae, 0x1e, 0x6b, 0xe9, 0xe6, 0xbe, 0xf6, 0xf5, 0x5b, 0xdf, 0x9f,
    0xff, 0xff, 0x5b, 0xff, 0xfa, 0xea, 0xfe, 0xbb, 0x96, 0xd2, 0xab, 0xaf, 0xe0, 0x00, 0x00, 0x04, 0x40, 0x50, 0x47, 0xbe, 0xfb, 0xff, 0xef, 0xff,
    0xff, 0xff, 0xfb, 0xfe, 0xfe, 0xfe, 0xff, 0xfe, 0xbe, 0xff, 0xfe, 0xff, 0xff, 0xbb, 0xfe, 0xfe, 0xff, 0xbf, 0xff, 0xff, 0xaf, 0xbe, 0xbe, 0xff,
    0xbe, 0xfb, 0xfe, 0xfa, 0xfe, 0xfb, 0xbf, 0xba, 0xbf, 0xeb, 0xfb, 0xef, 0xff, 0xef, 0xbf, 0xbf, 0xef, 0xef, 0xff, 0xef, 0xfb, 0xff, 0xff, 0xff,
    0xeb, 0xfb, 0xef, 0xeb, 0xff, 0xbf, 0xff, 0xff, 0xff, 0xff, 0xef, 0xfe, 0xff, 0xff, 0xef, 0xfe, 0xff, 0xff, 0xff, 0xfb, 0xff, 0xef, 0xeb, 0xff,
    0xbf, 0xff, 0xff, 0xff, 0xff, 0xbe, 0xff, 0xff, 0xff, 0xef, 0xff, 0xff, 0xbe, 0xfb, 0xff, 0xeb, 0xef, 0xff, 0xff, 0xfe, 0xff, 0xfb, 0xfb, 0xef,
    0xb9, 0xff, 0xff, 0xff, 0xff, 0xfb, 0xfe, 0xba, 0xa0, 0xea, 0xeb, 0xaf, 0xbe, 0xaf, 0xea, 0xa9, 0x5a, 0xaa, 0xaa, 0xaa, 0x2f, 0x8a, 0x5a, 0xa6,
    0xed, 0x6a, 0xf9, 0x14, 0x14, 0x10, 0x55, 0xbf, 0xe5, 0x6a, 0xbf, 0xba, 0xfe, 0x54, 0x6f, 0x8a, 0xea, 0xba, 0xa1, 0xff, 0xff, 0xbe, 0x5e, 0xfd,
    0x6f, 0x9b, 0xba, 0xe6, 0xfe, 0x5e, 0x6b, 0xe9, 0x4b, 0xae, 0xf6, 0xd0, 0x02, 0xd5, 0x2f, 0xff, 0xff, 0xff, 0xfe, 0xab, 0xea, 0xff, 0xaf, 0x91,
    0x5a, 0xaa, 0xbf, 0xf8, 0x04, 0x10, 0x01, 0x54, 0x15, 0x47, 0xfa, 0xef, 0xbf, 0xff, 0xfe, 0xff, 0xaf, 0xef, 0xff, 0xef, 0xef, 0xfe, 0xff, 0xff,
    0xef, 0xaf, 0xbb, 0xff, 0xbf, 0xff, 0xef, 0xef, 0xef, 0xbe, 0xef, 0xff, 0xff, 0xef, 0xef, 0xbe, 0xff, 0xbe, 0xff, 0xbf, 0xff, 0xbf, 0xfe, 0xaa,
    0xab, 0xeb, 0xfe, 0xfb, 0xff, 0xff, 0xff, 0xbf, 0xff, 0xff, 0xff, 0xbf, 0xfb, 0xfb, 0xef, 0xff, 0xfb, 0xef, 0xff, 0xbf, 0xff, 0xff, 0xbf, 0xef,
    0xbf, 0xfe, 0xff, 0xef, 0xbe, 0xff, 0xbf, 0xff, 0xbf, 0xbf, 0xff, 0xfe, 0xff, 0xff, 0xff, 0xfb, 0xff, 0xff, 0xbe, 0xfe, 0xff, 0xff, 0xef, 0xbf,
    0xff, 0xef, 0xbf, 0xff, 0xff, 0xfb, 0xfe, 0xfe, 0xff, 0xef, 0xff, 0xbf, 0xbf, 0xff, 0xfe, 0xeb, 0xff, 0xff, 0xff, 0xff, 0xff, 0xfe, 0xfa, 0xf0,
    0xfe, 0xfb, 0xef, 0xba, 0xfe, 0xaa, 0xa5, 0x55, 0x6a, 0xeb, 0xb9, 0xb9, 0x5b, 0xab, 0x97, 0xfd, 0x2f, 0xa4, 0x45, 0x44, 0x51, 0x40, 0x2a, 0x55,
    0xaa, 0xba, 0xba, 0xbd, 0x6a, 0x5f, 0x8a, 0xba, 0xba, 0xe8, 0x16, 0xbf, 0xfe, 0x9a, 0xa1, 0xaf, 0x9a, 0xb4, 0x4a, 0x5b, 0x6e, 0x6e, 0xbe, 0x6a,
    0xaa, 0xf9, 0x44, 0x01, 0xe1, 0xff, 0xff, 0xff, 0xff, 0xff, 0xa5, 0xbe, 0xff, 0xbe, 0xa9, 0xba, 0x51, 0x6a, 0xfd, 0x00, 0x00, 0x01, 0x11, 0x41,
    0x0b, 0xaf, 0xbf, 0xbe, 0xfb, 0xff, 0xef, 0xff, 0xef, 0xef, 0xfb, 0xff, 0xbf, 0xef, 0xbf, 0xfe, 0xff, 0xff, 0xff, 0xfe, 0xeb, 0xff, 0xfe, 0xff,
    0xfb, 0xef, 0xef, 0xef, 0xef, 0xfb, 0xef, 0xff, 0xbf, 0xaf, 0xfb, 0xef, 0xef, 0xef, 0xfa, 0xaf, 0xff, 0xbf, 0xfb, 0xfb, 0xef, 0xfb, 0xff, 0xff,
    0xef, 0xbf, 0xff, 0xbf, 0xfb, 0xff, 0xbf, 0xef, 0xfe, 0xff, 0xbb, 0xef, 0xbf, 0xff, 0xff, 0xfb, 0xff, 0xff, 0xff, 0xff, 0xff, 0xfb, 0xff, 0xff,
    0xbf, 0xef, 0xbf, 0xfb, 0xff, 0xef, 0xff, 0xbe, 0xff, 0xff, 0xef, 0xfb, 0xef, 0xff, 0xfe, 0xbf, 0xff, 0xfb, 0xfb, 0xef, 0xef, 0xff, 0xff, 0xff,
    0xff, 0xeb, 0xfa, 0xff, 0xbe, 0xbf, 0x9f, 0xfb, 0xff, 0xff, 0xff, 0xff, 0xfe, 0xeb, 0xe0, 0xeb, 0xee, 0xea, 0xfa, 0xeb, 0xea, 0x5b, 0xf9, 0x2e,
    0xaa, 0xaf, 0xe5, 0x97, 0x95, 0x6f, 0xf8, 0x91, 0x44, 0x41, 0x41, 0x14, 0x14, 0x00, 0x1a, 0xaf, 0xb5, 0xeb, 0xbe, 0xab, 0x5e, 0x5b, 0xaf, 0xab,
    0xae, 0x55, 0x1f, 0xff, 0x90, 0x16, 0xaf, 0x8b, 0xe9, 0x04, 0x02, 0x2e, 0xbf, 0xea, 0xaa, 0xaa, 0xfd, 0x04, 0x00, 0x16, 0xff, 0xff, 0xff, 0xe5,
    0x6b, 0xfd, 0x6b, 0xff, 0xfa, 0xfd, 0xb9, 0x14, 0x01, 0xbd, 0x00, 0x00, 0x01, 0x51, 0x51, 0x1b, 0xfe, 0xbf, 0xff, 0xff, 0xef, 0xff, 0xfb, 0xff,
    0xff, 0xff, 0xfb, 0xeb, 0xff, 0xfa, 0xff, 0xfa, 0xfe, 0xff, 0xff, 0xff, 0xbf, 0xff, 0xeb, 0xff, 0xfe, 0xfb, 0xef, 0xbf, 0xff, 0xbf, 0xaf, 0xeb,
    0xfb, 0xef, 0xbe, 0xff, 0xef, 0xff, 0xff, 0xbe, 0xfb, 0xff, 0xef, 0xfe, 0xff, 0xbe, 0xfb, 0xff, 0xfe, 0xff, 0xbe, 0xff, 0xff, 0xff, 0xff, 0xbf,
    0xbe, 0xff, 0xff, 0xfe, 0xfe, 0xff, 0xff, 0xbf, 0xfa, 0xfe, 0xfb, 0xff, 0xfe, 0xff, 0xef, 0xfe, 0xff, 0xfb, 0xff, 0xff, 0xff, 0xef, 0xff, 0xfb,
    0xef, 0xff, 0xbf, 0xff, 0xfb, 0xef, 0xfe, 0xfb, 0xfe, 0xff, 0xff, 0xef, 0xaf, 0xbe, 0xfb, 0xfb, 0xff, 0xff, 0xef, 0xbf, 0xfe, 0x6f, 0xff, 0xff,
    0xff, 0xff, 0xff, 0xff, 0xfb, 0x90, 0xeb, 0xee, 0xbe, 0xee, 0xfb, 0xea, 0xff, 0xbf, 0x4a, 0xaa, 0x5e, 0x4a, 0x9b, 0xa5, 0xff, 0xd2, 0xe5, 0xa5,
    0x50, 0x55, 0x01, 0x44, 0x00, 0x46, 0xba, 0xf8, 0xbe, 0xbe, 0xee, 0x2e, 0x7a, 0xea, 0xba, 0xa5, 0xaa, 0x9b, 0xfb, 0xfa, 0xaa, 0xef, 0x9b, 0xb4,
    0x00, 0x05, 0x3d, 0xbf, 0xff, 0xea, 0x5a, 0xff, 0x80, 0x00, 0x00, 0xbf, 0xff, 0xfa, 0x5a, 0x96, 0xfe, 0x2f, 0xff, 0xfe, 0x94, 0xf4, 0x44, 0x00,
    0x2e, 0x00, 0x14, 0x00, 0x50, 0x15, 0x1f, 0xff, 0xfa, 0xff, 0xef, 0xfe, 0xfb, 0xfe, 0xff, 0xbf, 0xbe, 0xff, 0xff, 0xfb, 0xff, 0xbb, 0xef, 0xfb,
    0xff, 0xbe, 0xfb, 0xfb, 0xef, 0xef, 0xbf, 0xbf, 0xfa, 0xfe, 0xfe, 0xef, 0xfb, 0xfe, 0xfb, 0xff, 0xff, 0xbe, 0xef, 0xff, 0xee, 0xff, 0xbf, 0xff,
    0xbe, 0xff, 0xff, 0xff, 0xbf, 0xff, 0xff, 0xff, 0xef, 0xff, 0xef, 0xfb, 0xff, 0xbe, 0xbf, 0xbf, 0xfe, 0xfe, 0xff, 0xef, 0xfb, 0xef, 0xff, 0xbf,
    0xef, 0xff, 0xbf, 0xff, 0xff, 0xfe, 0xff, 0xff, 0xff, 0xaf, 0xbf, 0xff, 0xff, 0xff, 0xff, 0xfe, 0xfb, 0xfe, 0xfb, 0xff, 0xff, 0xff, 0xff, 0xbf,
    0xef, 0xfe, 0xff, 0xff, 0xfe, 0xff, 0xbf, 0xff, 0xef, 0xff, 0xfb, 0xf9, 0xbf, 0xef, 0xfe, 0xff, 0xff, 0xff, 0xff, 0xbe, 0x90, 0xfa, 0xfa, 0xfb,
    0xee, 0xef, 0xbf, 0xfb, 0xeb, 0x91, 0xaa, 0x84, 0x6a, 0x96, 0xbf, 0xfa, 0x4a, 0xba, 0xaa, 0xaa, 0xb8, 0x00, 0x05, 0x55, 0x41, 0xbb, 0xe4, 0x5a,
    0xbe, 0xae, 0xbe, 0xaa, 0xea, 0xba, 0x95, 0x6a, 0xae, 0xfb, 0xff, 0xfa, 0xaf, 0xdb, 0xa0, 0x00, 0x07, 0xb4, 0x5b, 0xff, 0x90, 0x01, 0xbf, 0x84,
    0x00, 0x14, 0x2f, 0xff, 0xfe, 0xaf, 0xf8, 0xbe, 0x6f, 0xff, 0xff, 0x66, 0xd0, 0x50, 0x00, 0x0b, 0x80, 0x04, 0x01, 0x05, 0x05, 0x1e, 0xeb, 0xff,
    0xef, 0xbe, 0xff, 0xff, 0xbf, 0xff, 0xff, 0xbf, 0xee, 0xbe, 0xfb, 0xef, 0xfb, 0xff, 0xbf, 0xbf, 0xbe, 0xff, 0xff, 0xef, 0xef, 0xfb, 0xbe, 0xff,
    0xbe, 0xfe, 0xfa, 0xfb, 0xef, 0xbf, 0xae, 0xbb, 0xef, 0xaf, 0xff, 0xfe, 0xff, 0xfb, 0xaf, 0xfb, 0xff, 0xef, 0xbf, 0xff, 0xbf, 0xff, 0xef, 0xfb,
    0xef, 0xff, 0xff, 0xfb, 0xff, 0xff, 0xfb, 0xef, 0xbe, 0xff, 0xff, 0xff, 0xef, 0xef, 0xff, 0xbf, 0xef, 0xff, 0xef, 0xfb, 0xff, 0xff, 0xbe, 0xbf,
    0xff, 0xff, 0xbe, 0xff, 0xbf, 0xfe, 0xff, 0xff, 0xef, 0xff, 0xbf, 0xfb, 0xfb, 0xef, 0xff, 0xff, 0xef, 0xfa, 0xff, 0xef, 0xef, 0xfe, 0xfb, 0xfe,
    0xbe, 0xfe, 0xa2, 0xff, 0xff, 0xff, 0xff, 0xff, 0xff, 0xff, 0xff, 0xe0, 0xfe, 0xbe, 0xbb, 0xbb, 0xae, 0xfb, 0xaf, 0xea, 0xb9, 0x5a, 0xa5, 0xaa,
    0xa4, 0x55, 0x54, 0x6e, 0xba, 0xeb, 0xff, 0xe4, 0x00, 0x01, 0x11, 0x51, 0xbf, 0x90, 0x01, 0xbd, 0xaa, 0xb9, 0xaf, 0xaf, 0xa9, 0x2e, 0x7a, 0x5f,
    0xef, 0xfb, 0xfd, 0xaf, 0xfa, 0xe0, 0x00, 0x02, 0x90, 0x01, 0xfe, 0x00, 0x00, 0xbe, 0x44, 0x00, 0x2c, 0x1f, 0xff, 0xff, 0xea, 0xbd, 0x7d, 0xbf,
    0xff, 0xff, 0x5a, 0x41, 0x55, 0x00, 0x0b, 0xc0, 0x00, 0x00, 0x50, 0x50, 0x2f, 0xfe, 0xef, 0xff, 0xbf, 0xef, 0xaf, 0xbb, 0xff, 0xff, 0xff, 0xbf,
    0xfb, 0xef, 0xfb, 0xfe, 0xfb, 0xef, 0xfb, 0xff, 0xfe, 0xfe, 0xfb, 0xbe, 0xff, 0xfa, 0xff, 0xfb, 0xef, 0xff, 0xbf, 0xbf, 0xaf, 0xff, 0xbb, 0xfb,
    0xff, 0xbf, 0xbf, 0xef, 0xff, 0xff, 0xbf, 0xaf, 0xff, 0xfe, 0xfb, 0xff, 0xef, 0xfa, 0xff, 0xef, 0xbe, 0xfe, 0xff, 0xfb, 0xff, 0xfb, 0xef, 0xff,
    0xfb, 0xfe, 0xfe, 0xff, 0xff, 0xef, 0xfb, 0xff, 0xef, 0xff, 0xff, 0xbf, 0xbf, 0xff, 0xfe, 0xff, 0xff, 0xfe, 0xfb, 0xfb, 0xff, 0xef, 0xbe, 0xfb,
    0xff, 0xff, 0xbf, 0xff, 0xff, 0xfe, 0xfb, 0xfe, 0xbf, 0xef, 0xfe, 0xfe, 0xff, 0xef, 0xaf, 0xfe, 0xef, 0x8b, 0xff, 0xff, 0xff, 0xff, 0xff, 0xff,
    0xfe, 0xbb, 0xe0, 0xaf, 0xae, 0xbe, 0xbb, 0xab, 0xef, 0xbe, 0xaa, 0xaf, 0x96, 0xab, 0xae, 0xaa, 0xaa, 0x9a, 0xab, 0xaa, 0xbf, 0xaf, 0xe4, 0x00,
    0x00, 0x41, 0x02, 0xee, 0x40, 0x00, 0xbd, 0x6a, 0x52, 0xea, 0xaa, 0xeb, 0x5e, 0x55, 0x1f, 0xfa, 0xbf, 0xee, 0x6b, 0xfb, 0xe0, 0x00, 0x00, 0x00,
    0x01, 0xee, 0x00, 0x00, 0xbe, 0x01, 0x00, 0x7e, 0x1f, 0xff, 0xff, 0xe5, 0x6e, 0x7a, 0xff, 0x96, 0xff, 0x80, 0x00, 0x05, 0x00, 0x0b, 0xc0, 0x00,
    0x00, 0x41, 0x45, 0x2f, 0xaf, 0xee, 0xfb, 0xfb, 0xff, 0xff, 0xff, 0xbf, 0xef, 0xfb, 0xff, 0xef, 0xfe, 0xfe, 0xbe, 0xfa, 0xfe, 0xfb, 0xff, 0xbe,
    0xfe, 0xff, 0xff, 0xee, 0xff, 0xae, 0xfb, 0xef, 0xaf, 0xbe, 0xfb, 0xfa, 0xfb, 0xff, 0xbf, 0xbf, 0xff, 0xfb, 0xff, 0xaf, 0xfb, 0xfb, 0xfa, 0xfe,
    0xff, 0xff, 0xfe, 0xff, 0xff, 0xef, 0xff, 0xef, 0xef, 0xfe, 0xbf, 0xbe, 0xfe, 0xff, 0xfb, 0xff, 0xef, 0xef, 0xfe, 0xbe, 0xfb, 0xff, 0xfb, 0xfe,
    0xff, 0xbf, 0xff, 0xff, 0xef, 0xef, 0xff, 0xbe, 0xff, 0xff, 0xff, 0xbf, 0xbf, 0xff, 0xbf, 0xbe, 0xff, 0xfe, 0xff, 0xbf, 0xbe, 0xff, 0xff, 0xef,
    0xfa, 0xff, 0xef, 0xfb, 0xff, 0xfb, 0xef, 0xfe, 0x2f, 0xff, 0xff, 0xff, 0xff, 0xff, 0xfa, 0xfe, 0x24, 0xb0, 0xfb, 0xeb, 0xee, 0xba, 0xfb, 0xae,
    0xfa, 0xab, 0xab, 0xe6, 0xaa, 0xab, 0xeb, 0xaa, 0xeb, 0xab, 0xab, 0xae, 0x41, 0xf4, 0x00, 0x00, 0x18, 0x0b, 0xf8, 0x00, 0x00, 0x78, 0x6b, 0x9a,
    0xba, 0xfa, 0xfb, 0x5b, 0xea, 0xaf, 0x90, 0x1f, 0xff, 0x5b, 0xff, 0xe0, 0x40, 0x00, 0x00, 0x01, 0xfe, 0x00, 0x00, 0xbe, 0x19, 0x00, 0x2e, 0x1f,
    0xff, 0x96, 0xff, 0x5e, 0x79, 0xfe, 0x04, 0x6f, 0xe0, 0x00, 0x14, 0x00, 0x07, 0x80, 0x00, 0x00, 0x44, 0x04, 0x7b, 0xff, 0xff, 0xef, 0xff, 0xfb,
    0xef, 0xef, 0xff, 0xef, 0xbf, 0xff, 0xef, 0xff, 0xef, 0xef, 0xbf, 0xff, 0xbf, 0xbf, 0xef, 0xfb, 0xeb, 0xef, 0xef, 0xef, 0xfe, 0xff, 0xfb, 0xfb,
    0xeb, 0xef, 0xff, 0xae, 0xfb, 0xfb, 0xfb, 0xef, 0xfb, 0xfb, 0xfe, 0xff, 0xeb, 0xff, 0xef, 0xbb, 0xff, 0xaf, 0xff, 0xff, 0xfe, 0xfa, 0xff, 0xff,
    0xbe, 0xfe, 0xff, 0xee, 0xfb, 0xef, 0xfe, 0xfb, 0xff, 0xbf, 0xff, 0xbf, 0xbf, 0xbe, 0xff, 0xef, 0xfb, 0xef, 0xfe, 0xfb, 0xff, 0xbf, 0xff, 0xfb,
    0xfe, 0xff, 0xff, 0xfb, 0xfb, 0xfe, 0xfb, 0xee, 0xff, 0xfb, 0xff, 0xbf, 0xef, 0xbf, 0xfe, 0xff, 0xef, 0xef, 0xbf, 0xbe, 0xfe, 0xff, 0xb9, 0xbf,
    0xfe, 0xff, 0xff, 0xff, 0xff, 0xef, 0xab, 0xa9, 0x60, 0xfa, 0xfb, 0xef, 0xbe, 0xba, 0xef, 0xee, 0xaa, 0xa6, 0xa6, 0xaa, 0xaa, 0xaa, 0xae, 0xba,
    0xaa, 0xba, 0xbd, 0x00, 0x79, 0x01, 0x01, 0x2d, 0x2e, 0xe4, 0x00, 0x50, 0xb5, 0xba, 0xbe, 0xbe, 0xbb, 0xaa, 0x92, 0xbf, 0xfe, 0x46, 0x96, 0xff,
    0x5f, 0xff, 0xf4, 0x00, 0x50, 0x00, 0x12, 0xfe, 0x00, 0x00, 0xbd, 0x19, 0x1a, 0x05, 0x2f, 0xf9, 0x54, 0x2f, 0x9e, 0x78, 0xf9, 0xaa, 0x5b, 0xf4,
    0x00, 0x15, 0x40, 0x47, 0x40, 0x00, 0x00, 0x14, 0x50, 0x7b, 0xfa, 0xfb, 0xfe, 0xee, 0xfe, 0xfe, 0xff, 0xfe, 0xff, 0xff, 0xef, 0xfa, 0xfb, 0xff,
    0xef, 0xff, 0xbf, 0xbe, 0xfb, 0xef, 0xbf, 0xef, 0xef, 0xbe, 0xfe, 0xfb, 0xeb, 0xbb, 0xfb, 0xef, 0xbf, 0xef, 0xfe, 0xeb, 0xbe, 0xff, 0xbe, 0xfe,
    0xff, 0xff, 0xef, 0xff, 0xbf, 0xfb, 0xff, 0xef, 0xff, 0xee, 0xfb, 0xfb, 0xff, 0xfe, 0xfb, 0xfb, 0xfe, 0xfb, 0xef, 0xff, 0xef, 0xbf, 0xfb, 0xbf,
    0xbb, 0xfb, 0xff, 0xff, 0xff, 0xef, 0xef, 0xff, 0xef, 0xff, 0xff, 0xff, 0xff, 0xff, 0xff, 0xbf, 0xef, 0xef, 0xff, 0xff, 0xfb, 0xff, 0xfe, 0xff,
    0xbf, 0xef, 0xff, 0xff, 0xef, 0xff, 0xaf, 0xfe, 0xff, 0xff, 0xff, 0xbe, 0xbb, 0xb6, 0xff, 0xff, 0xff, 0xff, 0xff, 0xff, 0xff, 0xfb, 0xbe, 0xa0,
    0xaf, 0xbe, 0xbe, 0xbe, 0xfa, 0xeb, 0xef, 0xaa, 0xa8, 0x75, 0xae, 0xba, 0xaa, 0xef, 0xaa, 0xea, 0xba, 0xfd, 0x00, 0x1e, 0x00, 0x01, 0x2e, 0xba,
    0x40, 0x00, 0x6a, 0x91, 0xba, 0xab, 0xae, 0xeb, 0xaf, 0xa9, 0x56, 0xe4, 0x1e, 0xa5, 0xff, 0xae, 0xfe, 0xf4, 0x01, 0xa0, 0x00, 0x02, 0xf8, 0x00,
    0x01, 0xb8, 0x01, 0x2f, 0x40, 0x2f, 0xe5, 0x7a, 0x9b, 0xea, 0x95, 0xf5, 0xfe, 0x47, 0xf8, 0x00, 0x04, 0x00, 0x0e, 0x00, 0x00, 0x00, 0x50, 0x65,
    0x6f, 0xbf, 0xfb, 0xbf, 0xfe, 0xff, 0xfb, 0xfe, 0xbf, 0xfe, 0xfe, 0xfe, 0xbf, 0xfb, 0xba, 0xfb, 0xeb, 0xfb, 0xeb, 0xfe, 0xfe, 0xff, 0xfe, 0xfb,
    0xfe, 0xfb, 0xfa, 0xff, 0xfe, 0xbf, 0xfa, 0xfb, 0xee, 0xff, 0xfe, 0xaf, 0xee, 0xff, 0xbf, 0xff, 0xfb, 0xfe, 0xbf, 0xfe, 0xfb, 0xef, 0xbf, 0xff,
    0xff, 0xff, 0xff, 0xbf, 0xff, 0xff, 0xff, 0xbf, 0xff, 0xff, 0xbe, 0xfb, 0xff, 0xbf, 0xfb, 0xfb, 0xef, 0xae, 0xfa, 0xfb, 0xff, 0xff, 0xbe, 0xfb,
    0xfb, 0xbf, 0xef, 0xff, 0xef, 0xbf, 0xfb, 0xfe, 0xff, 0xbf, 0xef, 0xbb, 0xbe, 0xff, 0xef, 0xff, 0xfe, 0xfb, 0xfe, 0xfe, 0xfb, 0xff, 0xbf, 0xef,
    0xfb, 0xff, 0xbf, 0xbf, 0xdb, 0xff, 0xff, 0xff, 0xff, 0xff, 0xff, 0xfa, 0xff, 0xaf, 0xe0, 0xfb, 0xaf, 0xaf, 0xab, 0xef, 0xbe, 0xbe, 0x96, 0xa9,
    0xb5, 0xea, 0xaa, 0x45, 0x55, 0xae, 0xae, 0xaa, 0xfe, 0x00, 0x0a, 0x00, 0x01, 0x06, 0x50, 0x00, 0x00, 0x15, 0x00, 0x2f, 0xae, 0xba, 0xea, 0xba,
    0x59, 0x55, 0x01, 0x6a, 0xa9, 0xbe, 0xba, 0xff, 0xf4, 0x00, 0x00, 0x00, 0x02, 0xf4, 0x00, 0x0b, 0xe0, 0x51, 0x1b, 0xc0, 0x2f, 0xd5, 0x5b, 0xdb,
    0xe9, 0x5b, 0xfa, 0xb8, 0x01, 0xf8, 0x00, 0x05, 0x40, 0x18, 0x00, 0x00, 0x00, 0x15, 0x04, 0x7e, 0xfb, 0xbf, 0xfb, 0xff, 0xff, 0xbf, 0xff, 0xff,
    0xef, 0xff, 0xff, 0xff, 0xff, 0xbf, 0xfb, 0xfe, 0xff, 0xbe, 0xfe, 0xfe, 0xee, 0xbf, 0xfb, 0xef, 0xbf, 0xff, 0xaf, 0xff, 0xfa, 0xff, 0xff, 0xbf,
    0xff, 0xbe, 0xfe, 0xbe, 0xff, 0xfb, 0xff, 0xbf, 0xff, 0xbe, 0xff, 0xff, 0xff, 0xfb, 0xfb, 0xff, 0xbf, 0xaf, 0xff, 0xef, 0xbe, 0xff, 0xbf, 0xbe,
    0xbf, 0xbe, 0xfe, 0xff, 0xfe, 0xfb, 0xff, 0xef, 0xff, 0xff, 0xbe, 0xbe, 0xfb, 0xff, 0xff, 0xbf, 0xef, 0xfe, 0xff, 0xef, 0xfb, 0xff, 0xbf, 0xfb,
    0xfb, 0xff, 0xff, 0xff, 0xff, 0xff, 0xef, 0xfb, 0xff, 0xff, 0xff, 0xbf, 0xff, 0xff, 0xfe, 0xff, 0xbf, 0xfb, 0xeb, 0x9f, 0xff, 0xff, 0xff, 0xff,
    0xef, 0xff, 0xff, 0xbe, 0xfb, 0xe0, 0xfb, 0xef, 0xae, 0xab, 0xae, 0xab, 0xba, 0xf5, 0xa4, 0x66, 0xaa, 0xb8, 0x59, 0x69, 0x5b, 0xae, 0xeb, 0xbb,
    0x91, 0x05, 0x00, 0x01, 0x40, 0x04, 0x00, 0x00, 0x00, 0x00, 0x1f, 0xae, 0xab, 0xba, 0xba, 0x95, 0x1e, 0x5a, 0xe9, 0x74, 0xbd, 0xba, 0xff, 0xa4,
    0x00, 0x00, 0x01, 0x07, 0xe1, 0x00, 0x0a, 0x40, 0x14, 0x06, 0x80, 0x2f, 0x80, 0x02, 0xaf, 0xfe, 0xbf, 0xfe, 0xf4, 0x50, 0xf8, 0x00, 0x04, 0x40,
    0x10, 0x00, 0x00, 0x00, 0x10, 0x54, 0x7b, 0xef, 0xbe, 0xff, 0xef, 0xbf, 0xba, 0xfb, 0xff, 0xff, 0xfb, 0xfb, 0xeb, 0xaf, 0xef, 0xbe, 0xbf, 0xff,
    0xbe, 0xef, 0xfb, 0xff, 0xef, 0xbf, 0xff, 0xef, 0xaf, 0xbf, 0xff, 0xbf, 0xaf, 0xbf, 0xbb, 0xff, 0xbf, 0xff, 0xff, 0xfb, 0xff, 0xfb, 0xfe, 0xef,
    0xff, 0xff, 0xbf, 0xfb, 0xff, 0xff, 0xef, 0xfb, 0xfe, 0xff, 0xfe, 0xff, 0xef, 0xfb, 0xff, 0xfb, 0xfb, 0xef, 0xef, 0xef, 0xff, 0xaf, 0xfe, 0xff,
    0xef, 0xff, 0xef, 0xff, 0xff, 0xbf, 0xfe, 0xff, 0xbe, 0xfb, 0xff, 0xff, 0xaf, 0xfb, 0xff, 0xff, 0xbe, 0xef, 0xeb, 0xef, 0xbf, 0xfe, 0xff, 0xfe,
    0xfb, 0xfb, 0xfb, 0xfb, 0xfe, 0xff, 0xee, 0xfb, 0xfe, 0xbe, 0x7f, 0xff, 0xff, 0xff, 0xff, 0xff, 0xff, 0xff, 0xff, 0xfa, 0xf0, 0xbe, 0xee, 0xfa,
    0xfe, 0xfa, 0xaa, 0xfb, 0xe9, 0xaa, 0x4b, 0xaa, 0xa1, 0xbf, 0xfb, 0xd7, 0xaa, 0xeb, 0xfb, 0xf4, 0x00, 0x00, 0x01, 0x55, 0x50, 0x00, 0xa0, 0x00,
    0x00, 0x2f, 0xfb, 0xae, 0xbb, 0xef, 0xff, 0x8b, 0x4a, 0xe5, 0xba, 0xfd, 0x6b, 0xfb, 0xf4, 0x00, 0x00, 0x02, 0x9b, 0xd1, 0x00, 0x00, 0x00, 0x19,
    0x40, 0x01, 0xbe, 0x00, 0x00, 0xbb, 0xff, 0xff, 0xfe, 0xf8, 0x51, 0xf4, 0x01, 0x04, 0x50, 0x00, 0x04, 0x00, 0x00, 0x14, 0x44, 0x7f, 0xbf, 0xff,
    0xef, 0xef, 0xfb, 0xff, 0xfe, 0xbe, 0xff, 0xbf, 0xff, 0xef, 0xfe, 0xfb, 0xef, 0xfb, 0xbf, 0xfb, 0xff, 0xfb, 0xfb, 0xfa, 0xff, 0xff, 0xef, 0xfa,
    0xff, 0xff, 0xbf, 0xfb, 0xfb, 0xff, 0xff, 0xfe, 0xff, 0xef, 0xbf, 0xef, 0xbf, 0xff, 0xfe, 0xfb, 0xff, 0xfb, 0xfb, 0xef, 0xbf, 0xfe, 0xff, 0xfe,
    0xfa, 0xfe, 0xfb, 0xfe, 0xff, 0xef, 0xbe, 0xff, 0xfb, 0xfe, 0xff, 0xef, 0xfe, 0xbf, 0xfe, 0xfe, 0xef, 0xfb, 0xef, 0xef, 0xfb, 0xff, 0xfb, 0xff,
    0xff, 0xbf, 0xbf, 0xfe, 0xff, 0xef, 0xef, 0xff, 0xef, 0xff, 0xbf, 0xff, 0xff, 0xff, 0xef, 0xff, 0xff, 0xfe, 0xff, 0xff, 0xff, 0xbe, 0xfe, 0xbf,
    0xf9, 0xff, 0xff, 0xff, 0xff, 0xff, 0xff, 0xff, 0xff, 0xfb, 0xef, 0x90, 0xea, 0xfa, 0xeb, 0xae, 0xea, 0xaa, 0x95, 0xad, 0xbf, 0xd6, 0x55, 0x56,
    0xeb, 0x55, 0xa6, 0xab, 0xaf, 0xef, 0xfe, 0x40, 0x00, 0x05, 0x01, 0x00, 0x01, 0xf4, 0x00, 0x00, 0x2f, 0xfb, 0xaa, 0xab, 0xef, 0xbf, 0xca, 0x1b,
    0xb9, 0xff, 0xe4, 0xab, 0xbf, 0xf4, 0x00, 0x00, 0x42, 0xfe, 0x41, 0x00, 0x00, 0x00, 0x19, 0x40, 0x1b, 0xe4, 0x10, 0x00, 0xbb, 0xff, 0xff, 0xff,
    0xfc, 0x14, 0x50, 0x00, 0x01, 0x40, 0x00, 0x6d, 0x00, 0x00, 0x25, 0x44, 0x7e, 0xfb, 0xef, 0xfe, 0xfb, 0xff, 0xef, 0xef, 0xff, 0xef, 0xfe, 0xfe,
    0xfe, 0xff, 0xfb, 0xff, 0xef, 0xee, 0xfb, 0xef, 0xbe, 0xbe, 0xfb, 0xef, 0xfe, 0xfe, 0xff, 0xeb, 0xfa, 0xfb, 0xfb, 0xff, 0xef, 0xbe, 0xfe, 0xfe,
    0xff, 0xfe, 0xff, 0xff, 0xef, 0xbf, 0xff, 0xef, 0xff, 0xfe, 0xff, 0xff, 0xbf, 0xef, 0xff, 0xff, 0xef, 0xff, 0xbe, 0xfe, 0xff, 0xfe, 0xfe, 0xfb,
    0xff, 0xfb, 0xff, 0xbf, 0xfe, 0xbf, 0xff, 0xef, 0xbf, 0xff, 0xfe, 0xff, 0xbf, 0xff, 0xef, 0xff, 0xff, 0xfb, 0xff, 0xef, 0xfe, 0xff, 0xbf, 0xbe,
    0xff, 0xfe, 0xfe, 0xff, 0xff, 0xef, 0xbf, 0xef, 0xef, 0xff, 0xbf, 0xbf, 0xfb, 0xff, 0xff, 0xf6, 0xff, 0xff, 0xff, 0xff, 0xff, 0xff, 0xff, 0xff,
    0xff, 0xae, 0x40, 0xef, 0xaf, 0xbe, 0xbe, 0xaa, 0xa5, 0x59, 0x6e, 0x66, 0xe6, 0xa5, 0x5b, 0xfd, 0x69, 0x76, 0x5a, 0xaf, 0xef, 0xff, 0xd0, 0x00,
    0x41, 0x51, 0x50, 0x01, 0xe4, 0x00, 0x00, 0x1e, 0xff, 0xff, 0xff, 0xff, 0xff, 0x9d, 0x7a, 0xa9, 0x55, 0x56, 0xae, 0xbf, 0xf4, 0x06, 0x42, 0x81,
    0x54, 0x00, 0x40, 0x00, 0x00, 0x05, 0x00, 0x1e, 0x40, 0x40, 0x00, 0xbf, 0xff, 0xff, 0xff, 0xfe, 0x40, 0x00, 0x00, 0x01, 0x40, 0x00, 0x7d, 0x00,
    0x00, 0x14, 0x14, 0x6f, 0xfe, 0xfe, 0xff, 0xff, 0xef, 0xbf, 0xff, 0xff, 0xef, 0xef, 0xef, 0xff, 0xeb, 0xff, 0xba, 0xfe, 0xfe, 0xff, 0xfb, 0xef,
    0xff, 0xef, 0xbe, 0xba, 0xfe, 0xef, 0xff, 0xbe, 0xfb, 0xff, 0xbe, 0xff, 0xbf, 0xef, 0xbf, 0xfb, 0xff, 0xfb, 0xfe, 0xff, 0xfb, 0xef, 0xfe, 0xff,
    0xef, 0xfb, 0xff, 0xfb, 0xff, 0xfb, 0xef, 0xfb, 0xef, 0xff, 0xef, 0xfb, 0xef, 0xef, 0xff, 0xbe, 0xfb, 0xfb, 0xfb, 0xef, 0xff, 0xfb, 0xff, 0xfe,
    0xfb, 0xbf, 0xef, 0xff, 0xfe, 0xff, 0xef, 0xfe, 0xff, 0xbf, 0xbe, 0xff, 0xff, 0xff, 0xff, 0xfe, 0xff, 0xff, 0xff, 0xef, 0xff, 0xff, 0xfe, 0xff,
    0xff, 0xfb, 0xfb, 0xff, 0xef, 0xef, 0xdb, 0xff, 0xff, 0xff, 0xff, 0xff, 0xff, 0xff, 0xff, 0xff, 0xfa, 0xa0, 0xee, 0xae, 0xbb, 0xeb, 0xea, 0x95,
    0x7a, 0x5e, 0x51, 0xe7, 0xea, 0xfb, 0xaa, 0xae, 0xa6, 0xe2, 0xef, 0xfb, 0xff, 0xe0, 0x04, 0x14, 0x45, 0x10, 0x00, 0x50, 0x00, 0x40, 0x1f, 0xee,
    0xff, 0xfe, 0xe5, 0xbf, 0xfd, 0x6b, 0xea, 0x55, 0xaa, 0xba, 0xff, 0xb8, 0x6e, 0x42, 0x40, 0x00, 0x05, 0x40, 0x00, 0x00, 0x01, 0x50, 0x00, 0x04,
    0x50, 0x00, 0x6f, 0xfe, 0xab, 0xff, 0xff, 0xe5, 0x50, 0x01, 0x01, 0x54, 0x00, 0x09, 0x00, 0x10, 0x05, 0x14, 0x6f, 0xbf, 0xfb, 0xef, 0xbe, 0xff,
    0xbf, 0xbf, 0xfe, 0xfe, 0xff, 0xff, 0xbf, 0xff, 0xbf, 0xff, 0xff, 0xff, 0xbe, 0xfb, 0xff, 0xff, 0xff, 0xbf, 0xff, 0xef, 0xff, 0xfb, 0xef, 0xbf,
    0xbf, 0xeb, 0xfb, 0xfb, 0xfb, 0xfb, 0xef, 0xbf, 0xbf, 0xbf, 0xff, 0xff, 0xff, 0xff, 0xfb, 0xff, 0xff, 0xef, 0xff, 0xfe, 0xfb, 0xfe, 0xfe, 0xfe,
    0xff, 0xbf, 0xbf, 0xef, 0xef, 0xff, 0xfe, 0xff, 0xff, 0xff, 0xff, 0xef, 0xff, 0xbe, 0xff, 0xff, 0xbf, 0xff, 0xef, 0xbf, 0xfb, 0xfe, 0xff, 0xff,
    0xfb, 0xff, 0xff, 0xeb, 0xfe, 0xff, 0xff, 0xff, 0xbf, 0xef, 0xfe, 0xff, 0xef, 0xff, 0xfe, 0xfb, 0xff, 0xff, 0xbe, 0xfe, 0xfb, 0x9f, 0xff, 0xff,
    0xfb, 0xff, 0xff, 0xff, 0xff, 0xff, 0xfa, 0xff, 0xf0, 0xeb, 0xef, 0xab, 0xee, 0xea, 0x96, 0x6a, 0x99, 0xa6, 0xab, 0xaf, 0xbe, 0xe7, 0xaf, 0x97,
    0xf5, 0xaf, 0xb9, 0x6f, 0xe0, 0x00, 0x15, 0x45, 0x50, 0x00, 0x00, 0x00, 0x00, 0x2f, 0xff, 0xfb, 0xee, 0xa5, 0x1f, 0xf9, 0xab, 0xba, 0xfa, 0xae,
    0xab, 0xff, 0xfd, 0x68, 0x00, 0x01, 0x00, 0x06, 0x40, 0x00, 0x00, 0x01, 0x04, 0x00, 0x01, 0xb4, 0x00, 0x3f, 0xe5, 0x5b, 0xff, 0xff, 0xff, 0xf4,
    0x00, 0x01, 0x04, 0x00, 0x00, 0x00, 0x00, 0x05, 0x14, 0x6e, 0xfb, 0xfb, 0xff, 0xff, 0xff, 0xef, 0xfb, 0xef, 0xff, 0xff, 0xfb, 0xfb, 0xff, 0xeb,
    0xff, 0xbf, 0xef, 0xbf, 0xff, 0xff, 0xfb, 0xff, 0xfe, 0xff, 0xfb, 0xfe, 0xfb, 0xff, 0xaf, 0xbe, 0xff, 0xbf, 0xfe, 0xbf, 0xfe, 0xff, 0xfb, 0xff,
    0xff, 0xef, 0xff, 0xff, 0xfb, 0xff, 0xbf, 0xbe, 0xff, 0xef, 0xef, 0xff, 0xff, 0xaf, 0xfe, 0xff, 0xfb, 0xee, 0xff, 0xef, 0xae, 0xff, 0xbf, 0xef,
    0xbe, 0xbf, 0xff, 0xff, 0xff, 0xef, 0xff, 0xff, 0xfb, 0xff, 0xfb, 0xff, 0xff, 0xff, 0xbe, 0xff, 0xef, 0xbf, 0xbf, 0xff, 0xef, 0xfb, 0xff, 0xfe,
    0xff, 0xbf, 0xfe, 0xff, 0xbb, 0xff, 0xff, 0xbe, 0xfb, 0xba, 0xfb, 0xfe, 0x7f, 0xff, 0xff, 0xff, 0xff, 0xff, 0xff, 0xff, 0xff, 0xd1, 0x54, 0x70,
    0xfb, 0xab, 0xee, 0xbe, 0xeb, 0x99, 0x5a, 0xa9, 0xaa, 0xab, 0xbe, 0xee, 0xe6, 0xba, 0x5b, 0xf9, 0xae, 0xa5, 0x47, 0xe0, 0x40, 0x64, 0x55, 0x40,
    0x00, 0x00, 0x00, 0x00, 0xbf, 0xef, 0xbf, 0xeb, 0xab, 0x8b, 0xfd, 0x6a, 0xeb, 0xab, 0xaa, 0xaa, 0xff, 0xef, 0x40, 0x00, 0x2b, 0x40, 0x01, 0x50,
    0x54, 0x00, 0x01, 0x14, 0x00, 0x00, 0x50, 0x00, 0x2f, 0xd7, 0xfe, 0xbf, 0xff, 0xff, 0xf8, 0x00, 0x00, 0x54, 0x00, 0x00, 0x00, 0x00, 0x00, 0x45,
    0x2e, 0xff, 0xbf, 0xfb, 0xef, 0xbe, 0xef, 0xff, 0xff, 0xbf, 0xfe, 0xff, 0xff, 0xbe, 0xff, 0xbe, 0xfb, 0xff, 0xfb, 0xee, 0xff, 0xbf, 0xbe, 0xfe,
    0xff, 0xfb, 0xef, 0xff, 0xff, 0xef, 0xff, 0xff, 0xfe, 0xee, 0xff, 0xaf, 0xba, 0xfb, 0xfe, 0xff, 0xfe, 0xfb, 0xff, 0xff, 0xbf, 0xfb, 0xfb, 0xff,
    0xfe, 0xff, 0xff, 0xbf, 0xff, 0xbf, 0xba, 0xff, 0xef, 0xeb, 0xfb, 0xff, 0xef, 0xfb, 0xff, 0xff, 0xfb, 0xef, 0xef, 0xef, 0xff, 0xfb, 0xff, 0xaf,
    0xbe, 0xff, 0xff, 0xef, 0xff, 0xff, 0xbe, 0xff, 0xfb, 0xfe, 0xfb, 0xfe, 0xff, 0xfb, 0xff, 0xff, 0xfb, 0xff, 0xff, 0xff, 0xef, 0xef, 0xff, 0xbe,
    0xff, 0xff, 0xfd, 0xbf, 0xff, 0xff, 0xff, 0xff, 0xff, 0xff, 0xff, 0xff, 0x85, 0x5a, 0x50, 0xeb, 0xfa, 0xee, 0xba, 0xfa, 0x9a, 0x6a, 0x95, 0xaa,
    0xaa, 0xfa, 0xab, 0xe8, 0x65, 0x55, 0xae, 0x6e, 0xab, 0xe2, 0xf4, 0x00, 0x15, 0x41, 0x50, 0x00, 0x00, 0x0a, 0x02, 0xfe, 0xff, 0xff, 0xeb, 0xba,
    0xdb, 0xbf, 0x6e, 0xae, 0xab, 0xba, 0xfa, 0xfb, 0xff, 0x90, 0x00, 0x7f, 0x40, 0x00, 0x07, 0xfe, 0x40, 0x00, 0x50, 0x00, 0x00, 0x44, 0x00, 0x6f,
    0x9e, 0xaf, 0xff, 0xeb, 0xff, 0xfe, 0x00, 0x00, 0x41, 0x01, 0x04, 0x00, 0x00, 0x06, 0x45, 0x1f, 0xef, 0xfe, 0xff, 0xbf, 0xfb, 0xff, 0xbe, 0xfb,
    0xfb, 0xbf, 0xef, 0xbf, 0xfb, 0xef, 0xff, 0xff, 0xfe, 0xff, 0xff, 0xfb, 0xff, 0xfb, 0xff, 0xaf, 0xff, 0xfb, 0xeb, 0xff, 0xfe, 0xff, 0xfe, 0xff,
    0xff, 0xef, 0xff, 0xff, 0xff, 0xbf, 0xff, 0xff, 0xff, 0xff, 0xef, 0xfe, 0xff, 0xef, 0xfe, 0xff, 0xff, 0xef, 0xfa, 0xfb, 0xfb, 0xff, 0xef, 0xff,
    0xff, 0xbf, 0xff, 0xfa, 0xff, 0xfe, 0xff, 0xff, 0xbf, 0xfe, 0xfb, 0xfb, 0xff, 0xff, 0xff, 0xff, 0xef, 0xfb, 0xff, 0xef, 0xef, 0xbe, 0xfb, 0xfe,
    0xff, 0xff, 0xbf, 0xaf, 0xbf, 0xaf, 0xfb, 0xef, 0xef, 0xbf, 0xff, 0xef, 0xff, 0xbf, 0xfe, 0xff, 0xff, 0xb6, 0xff, 0xff, 0xff, 0xff, 0xff, 0xff,
    0xff, 0xff, 0xff, 0x9f, 0xff, 0x90, 0xbe, 0xaf, 0xaa, 0xae, 0xbe, 0x9b, 0x96, 0x92, 0xaa, 0xba, 0xe9, 0x55, 0xbe, 0x5b, 0xea, 0x5f, 0x5f, 0xbe,
    0xb5, 0xf8, 0x10, 0x05, 0x44, 0x50, 0x00, 0x00, 0x07, 0xeb, 0xff, 0xfb, 0xff, 0xfa, 0xba, 0xdb, 0xaf, 0x5a, 0xea, 0xea, 0xaa, 0xba, 0xff, 0xff,
    0xf9, 0x54, 0x2f, 0x41, 0x80, 0x1f, 0xff, 0x80, 0x00, 0x45, 0x00, 0xa9, 0x04, 0x00, 0x7f, 0x94, 0x0b, 0xfe, 0x51, 0x6a, 0xbf, 0x40, 0x00, 0x54,
    0x00, 0x7c, 0x10, 0x00, 0x06, 0x51, 0x1b, 0xef, 0xaf, 0xbf, 0xfb, 0xff, 0xfe, 0xff, 0xff, 0xff, 0xbf, 0xff, 0xfb, 0xef, 0xef, 0xaf, 0xbe, 0xbf,
    0xef, 0xbf, 0xfb, 0xff, 0xfb, 0xef, 0xfb, 0xaf, 0xff, 0xbf, 0xff, 0xfb, 0xff, 0xbb, 0xeb, 0xbf, 0xbe, 0xfe, 0xef, 0xbf, 0xbf, 0xfb, 0xfb, 0xfe,
    0xff, 0xff, 0xef, 0xff, 0xef, 0xff, 0xff, 0xfe, 0xfe, 0xff, 0xff, 0xef, 0xff, 0xfb, 0xfa, 0xfe, 0xfe, 0xfa, 0xff, 0xff, 0xef, 0xfb, 0xfe, 0xff,
    0xff, 0xff, 0xbf, 0xbe, 0xfa, 0xfb, 0xfb, 0xfb, 0xff, 0xfe, 0xff, 0xff, 0xef, 0xff, 0xbf, 0xfb, 0xef, 0xbf, 0xff, 0xff, 0xff, 0xff, 0xff, 0xfe,
    0xff, 0xef, 0xfe, 0xfb, 0xfa, 0xff, 0xeb, 0xef, 0xe7, 0xff, 0xff, 0xff, 0xff, 0xff, 0xff, 0xff, 0xff, 0xff, 0xef, 0xab, 0xe0, 0xbe, 0xba, 0xaa,
    0x5a, 0xaa, 0x9a, 0x99, 0xaa, 0xaa, 0xaa, 0xea, 0xa9, 0x6b, 0x5a, 0xba, 0x9b, 0x5f, 0xff, 0xfd, 0xbd, 0x00, 0x40, 0x55, 0x00, 0x10, 0x00, 0x00,
    0xaa, 0x6b, 0xbf, 0xef, 0xab, 0xea, 0x4b, 0x6f, 0x9a, 0xea, 0xfa, 0xee, 0xaf, 0xff, 0xef, 0xff, 0xfd, 0x15, 0x02, 0x41, 0x2f, 0xff, 0xd0, 0x00,
    0x54, 0x00, 0xbf, 0x91, 0x40, 0xbf, 0x40, 0x07, 0xfd, 0x00, 0x00, 0x1f, 0xe0, 0x00, 0x14, 0x40, 0xbd, 0x00, 0x00, 0x04, 0x11, 0x0b, 0xbf, 0xfb,
    0xfb, 0xff, 0xbf, 0xef, 0xef, 0xbe, 0xfe, 0xfe, 0xfe, 0xfe, 0xfe, 0xfb, 0xff, 0xff, 0xfb, 0xff, 0xfe, 0xff, 0xef, 0xbf, 0xee, 0xbf, 0xfe, 0xfe,
    0xfe, 0xff, 0xbf, 0xff, 0xbf, 0xff, 0xbe, 0xff, 0xef, 0xfe, 0xff, 0xfb, 0xff, 0xbf, 0xff, 0xff, 0xff, 0xff, 0xef, 0xff, 0xef, 0xbf, 0xbf, 0xbf,
    0xef, 0xff, 0xef, 0xfb, 0xfb, 0xff, 0xbe, 0xff, 0xff, 0xef, 0xfe, 0xff, 0xbf, 0xbf, 0xef, 0xbf, 0xbf, 0xef, 0xff, 0xbf, 0xef, 0xbf, 0xbf, 0xef,
    0xff, 0xfb, 0xfe, 0xff, 0xbe, 0xfb, 0xff, 0xfb, 0xff, 0xae, 0xef, 0xff, 0xff, 0xfb, 0xff, 0xef, 0xbe, 0xbe, 0xff, 0xaf, 0xeb, 0xff, 0xff, 0x9f,
    0xff, 0xff, 0xff, 0xff, 0xff, 0xff, 0xff, 0xff, 0xff, 0xf5, 0x7e, 0xf0, 0xeb, 0xfa, 0xaa, 0x91, 0xb5, 0x9a, 0xe5, 0xaa, 0xaf, 0xea, 0xea, 0xba,
    0x5b, 0xab, 0xab, 0x9b, 0x6e, 0xfa, 0xa9, 0x7d, 0x50, 0x01, 0x52, 0x40, 0x00, 0x50, 0x00, 0x00, 0x01, 0xff, 0xfe, 0xba, 0xe6, 0x2d, 0x7f, 0x9e,
    0xae, 0xae, 0xae, 0xaf, 0xff, 0xff, 0xfb, 0xff, 0x40, 0x00, 0x00, 0xbf, 0xfa, 0xf8, 0x00, 0x10, 0x00, 0x2f, 0xd1, 0x05, 0xfe, 0x00, 0x06, 0xf8,
    0x00, 0x05, 0x07, 0xe0, 0x00, 0x14, 0x40, 0x7e, 0x00, 0x00, 0x05, 0x50, 0x47, 0xbe, 0xff, 0xff, 0xbf, 0xfe, 0xff, 0xff, 0xbf, 0xff, 0xff, 0xef,
    0xef, 0xfa, 0xfb, 0xfa, 0xfb, 0xff, 0xbe, 0xff, 0xef, 0xff, 0xfe, 0xff, 0xfe, 0xff, 0xaf, 0xef, 0xff, 0xfe, 0xff, 0xef, 0xff, 0xff, 0xfb, 0xfb,
    0xff, 0xfe, 0xff, 0xff, 0xff, 0xef, 0xfb, 0xef, 0xbf, 0xff, 0xbe, 0xff, 0xfb, 0xff, 0xfb, 0xff, 0xbe, 0xfe, 0xbf, 0xbf, 0xff, 0xff, 0xbe, 0xff,
    0xfe, 0xff, 0xff, 0xff, 0xbf, 0xfb, 0xeb, 0xfb, 0xfe, 0xef, 0xbb, 0xef, 0xfb, 0xfb, 0xfe, 0xfb, 0xff, 0xaf, 0xfb, 0xff, 0xff, 0xef, 0xfb, 0xef,
    0xff, 0xfe, 0xbe, 0xfa, 0xff, 0xbb, 0xff, 0xbf, 0xfb, 0xef, 0xff, 0xff, 0xfb, 0xef, 0x7f, 0xff, 0xef, 0xff, 0xff, 0xff, 0xbf, 0xff, 0xff, 0xef,
    0xf8, 0x7e, 0xe0, 0xeb, 0xaa, 0xaa, 0xa9, 0xbd, 0x5a, 0xb9, 0x6b, 0xfa, 0xaa, 0xfa, 0xd1, 0x9b, 0x6e, 0xaa, 0xea, 0xae, 0xe5, 0x54, 0x74, 0xe4,
    0x14, 0x06, 0x50, 0x01, 0xb4, 0x00, 0x00, 0x00, 0xbf, 0xba, 0xfa, 0xa6, 0x54, 0x7f, 0xd6, 0xea, 0xea, 0xaa, 0xfb, 0xff, 0xff, 0xbf, 0xfb, 0xe5,
    0x00, 0x16, 0xfe, 0x94, 0x7e, 0x00, 0x11, 0x00, 0x16, 0x85, 0x0b, 0xa4, 0x00, 0x02, 0xfc, 0x00, 0x01, 0x12, 0xd0, 0x00, 0x01, 0x40, 0x14, 0x00,
    0x00, 0x01, 0x46, 0x46, 0xef, 0xef, 0xbe, 0xff, 0xef, 0xfb, 0xfb, 0xff, 0xbf, 0xef, 0xff, 0xff, 0xbf, 0xbf, 0xbf, 0xff, 0xaf, 0xff, 0xef, 0xbe,
    0xff, 0xaf, 0xfb, 0xff, 0xbf, 0xff, 0xff, 0xfb, 0xef, 0xbe, 0xff, 0xfe, 0xff, 0xfb, 0xff, 0xbf, 0xbf, 0xff, 0xfe, 0xff, 0xfe, 0xff, 0xff, 0xaf,
    0xbf, 0xbf, 0xff, 0xff, 0xef, 0xff, 0xbb, 0xfe, 0xff, 0xff, 0xfe, 0xfb, 0xef, 0xbf, 0xef, 0xbe, 0xff, 0xbf, 0xfb, 0xfb, 0xbf, 0xef, 0xbf, 0xfb,
    0xef, 0xfb, 0xfe, 0xfb, 0xfb, 0xfe, 0xff, 0xbe, 0xff, 0xbf, 0xef, 0xbe, 0xfe, 0xfe, 0xfe, 0xfb, 0xff, 0xff, 0xff, 0xef, 0xff, 0xbf, 0xff, 0xff,
    0xff, 0xfb, 0xfe, 0xfe, 0xfd, 0xbf, 0xff, 0xff, 0xff, 0xff, 0xff, 0xff, 0xff, 0xaa, 0x56, 0xfe, 0x6f, 0xa0, 0xfa, 0xfa, 0xaa, 0xa9, 0xad, 0x5b,
    0xaa, 0x5a, 0xba, 0x9a, 0xa7, 0x9a, 0x9b, 0x6e, 0xba, 0xa5, 0xeb, 0x8a, 0xaa, 0xa6, 0xfe, 0xab, 0x81, 0x50, 0x02, 0xb8, 0x00, 0x00, 0x00, 0x7f,
    0xfa, 0x9b, 0xa9, 0x55, 0xfb, 0xf4, 0x6a, 0xbb, 0xaa, 0xff, 0xfb, 0xff, 0xff, 0xbf, 0xff, 0xa9, 0xbf, 0xff, 0x9a, 0x2e, 0x00, 0x05, 0x40, 0xa0,
    0x04, 0x29, 0x00, 0x00, 0x11, 0xfd, 0x00, 0x00, 0x51, 0xe0, 0x00, 0x04, 0x50, 0x00, 0x00, 0x00, 0x01, 0x16, 0x86, 0xfb, 0xff, 0xff, 0xfe, 0xff,
    0xff, 0xff, 0xff, 0xfa, 0xff, 0xfb, 0xeb, 0xff, 0xff, 0xff, 0xff, 0xfe, 0xfb, 0xff, 0xff, 0xef, 0xff, 0xfb, 0xfb, 0xfe, 0xfb, 0xfb, 0xff, 0xeb,
    0xff, 0xaf, 0xbf, 0xef, 0xff, 0xef, 0xfb, 0xff, 0xbe, 0xff, 0xff, 0xbf, 0xef, 0xfb, 0xff, 0xfb, 0xff, 0xbf, 0xbe, 0xff, 0xef, 0xfb, 0xef, 0xeb,
    0xfb, 0xef, 0xef, 0xff, 0xfb, 0xff, 0xff, 0xfb, 0xfb, 0xff, 0xfb, 0xfe, 0xfe, 0xbe, 0xbf, 0xfe, 0xff, 0xff, 0xef, 0xbf, 0xbf, 0xff, 0xff, 0xff,
    0xfe, 0xbf, 0xff, 0xff, 0xef, 0xff, 0xff, 0xbf, 0xff, 0xbf, 0xff, 0xef, 0xff, 0xef, 0xbb, 0xff, 0xbf, 0xbf, 0xfe, 0xf5, 0xff, 0xff, 0xfb, 0xff,
    0xff, 0xff, 0xff, 0xb9, 0x56, 0xa5, 0x47, 0x9b, 0xf0, 0xbe, 0xbb, 0xef, 0xaa, 0xa9, 0x66, 0xee, 0x65, 0x5b, 0xea, 0xe6, 0x9a, 0xaa, 0x6b, 0xaa,
    0x96, 0xaf, 0x5e, 0x9b, 0x9a, 0xbf, 0xff, 0xe0, 0x00, 0x00, 0x50, 0x00, 0x01, 0x00, 0x1e, 0xe4, 0x5a, 0xba, 0xab, 0xff, 0xbe, 0x5a, 0xba, 0xaf,
    0xfe, 0xff, 0xeb, 0xa6, 0xfe, 0xbf, 0xff, 0xff, 0xff, 0xff, 0x5e, 0x00, 0x04, 0x40, 0xbc, 0x01, 0x00, 0x00, 0x06, 0x80, 0xbd, 0x00, 0x51, 0x95,
    0xe0, 0x00, 0x09, 0x50, 0x00, 0x02, 0x40, 0x01, 0x45, 0x51, 0xfb, 0xfb, 0xef, 0xff, 0xfe, 0xfe, 0xff, 0xef, 0xff, 0xff, 0xbf, 0xff, 0xee, 0xef,
    0xef, 0xbe, 0xff, 0xfe, 0xfe, 0xfb, 0xef, 0xfe, 0xfe, 0xbf, 0xef, 0xff, 0xfb, 0xfe, 0xff, 0xff, 0xbf, 0xfb, 0xef, 0xff, 0xfe, 0xff, 0xfb, 0xff,
    0xaf, 0xbf, 0xff, 0xfe, 0xfb, 0xfb, 0xff, 0xeb, 0xff, 0xff, 0xfb, 0xff, 0xff, 0xbe, 0xff, 0xbf, 0xff, 0xfe, 0xbe, 0xff, 0xbf, 0xeb, 0xff, 0xff,
    0xef, 0xbf, 0xff, 0xff, 0xff, 0xff, 0xff, 0xff, 0xbf, 0xbf, 0xef, 0xbf, 0xfb, 0xef, 0xfb, 0xef, 0xfb, 0xff, 0xbf, 0xff, 0xef, 0xbf, 0xbb, 0xff,
    0xfe, 0xfb, 0xfe, 0xff, 0xef, 0xfb, 0xfb, 0xff, 0xff, 0xff, 0xe7, 0xfb, 0xff, 0xfb, 0xff, 0xff, 0xff, 0xff, 0xe1, 0xbf, 0xff, 0xa6, 0xeb, 0xd0,
    0xeb, 0xae, 0xa9, 0xa9, 0xb9, 0xa6, 0xee, 0x90, 0x97, 0xaa, 0xe1, 0x9a, 0xa9, 0xaa, 0xa4, 0xaa, 0xae, 0x2a, 0xda, 0x29, 0x6e, 0xbe, 0xf9, 0x40,
    0x00, 0x03, 0x40, 0x64, 0x00, 0x0b, 0xe2, 0xff, 0xff, 0xff, 0xef, 0xef, 0xe6, 0xae, 0xaf, 0xbf, 0xfe, 0xeb, 0x55, 0xbd, 0xaf, 0xff, 0xff, 0xff,
    0xff, 0x9d, 0x00, 0x14, 0x50, 0x24, 0x01, 0x44, 0x00, 0x2f, 0xe0, 0xbd, 0x06, 0xb0, 0x44, 0xb4, 0x00, 0x0b, 0x10, 0x00, 0x0b, 0x80, 0x00, 0x55,
    0x11, 0xbf, 0xfb, 0xff, 0xbf, 0xef, 0xef, 0xfb, 0xfe, 0xff, 0xfb, 0xfb, 0xfe, 0xfe, 0xfe, 0xff, 0xff, 0xeb, 0xff, 0xef, 0xfa, 0xfa, 0xff, 0xef,
    0xfe, 0xff, 0xbe, 0xff, 0xef, 0xff, 0xfb, 0xff, 0xff, 0xbf, 0xfb, 0xff, 0xef, 0xbf, 0xfb, 0xff, 0xfb, 0xef, 0xbf, 0xef, 0xff, 0xbf, 0xfb, 0xff,
    0xff, 0xff, 0xbb, 0xef, 0xff, 0xff, 0xfe, 0xfa, 0xff, 0xff, 0xff, 0xff, 0xff, 0xef, 0xfe, 0xfb, 0xfe, 0xfb, 0xef, 0xff, 0xef, 0xbb, 0xfb, 0xeb,
    0xfe, 0xff, 0xfe, 0xff, 0xff, 0xbe, 0xbf, 0xef, 0xfb, 0xff, 0xbb, 0xff, 0xbb, 0xff, 0xbe, 0xff, 0xfb, 0xff, 0xef, 0xff, 0xef, 0xbf, 0xef, 0xef,
    0xbf, 0x8b, 0xbf, 0xff, 0xbf, 0xff, 0xff, 0xff, 0xfe, 0xe7, 0xfa, 0xfb, 0xfa, 0x7f, 0x90, 0xeb, 0xee, 0x55, 0x29, 0xa5, 0xa9, 0xae, 0xa9, 0xa6,
    0xea, 0xb4, 0x1a, 0xa5, 0xae, 0x45, 0x6e, 0xab, 0xaa, 0xa0, 0x7a, 0x4b, 0xfb, 0xff, 0xe9, 0x40, 0x07, 0x90, 0x3d, 0x01, 0x1f, 0x9b, 0x96, 0xab,
    0xfe, 0xfe, 0xff, 0xf5, 0xae, 0xbf, 0xfb, 0xfe, 0xfb, 0xf9, 0x7d, 0x6f, 0xff, 0xff, 0xff, 0xff, 0x6d, 0x00, 0x04, 0x40, 0x00, 0x00, 0x54, 0x00,
    0x2f, 0xe0, 0x78, 0x0b, 0xf4, 0x40, 0x74, 0x00, 0x05, 0x10, 0x00, 0x0b, 0x80, 0x00, 0x50, 0x51, 0xbf, 0xff, 0xbf, 0xfe, 0xff, 0xff, 0xff, 0xff,
    0xef, 0xbf, 0xfb, 0xef, 0xff, 0xbe, 0xfb, 0xef, 0xff, 0xbb, 0xff, 0xef, 0xfe, 0xfb, 0xff, 0xff, 0xff, 0xff, 0xef, 0xef, 0xaf, 0xbf, 0xff, 0xff,
    0xfe, 0xff, 0xef, 0xff, 0xff, 0xbf, 0xfb, 0xff, 0xff, 0xff, 0xfe, 0xfb, 0xfe, 0xbf, 0xbe, 0xee, 0xfe, 0xfb, 0xfe, 0xfb, 0xef, 0xbf, 0xbf, 0xef,
    0xef, 0xbe, 0xfe, 0xff, 0xbf, 0xbf, 0xff, 0xef, 0xff, 0xbf, 0xbe, 0xff, 0xff, 0xbf, 0xff, 0xef, 0xff, 0xef, 0xef, 0xef, 0xbf, 0xeb, 0xef, 0xff,
    0xef, 0xbf, 0xbf, 0xfb, 0xef, 0xef, 0xbf, 0xbf, 0xeb, 0xfe, 0xfb, 0xef, 0xbe, 0xfa, 0xfb, 0xfe, 0x6f, 0xff, 0xff, 0xff, 0xff, 0xff, 0xff, 0xff,
    0xe7, 0xff, 0xfb, 0xeb, 0xaf, 0xe0, 0xee, 0xea, 0xaa, 0x95, 0xe2, 0xe9, 0xba, 0xe5, 0xaa, 0x9a, 0xbd, 0x52, 0xae, 0xaf, 0xaf, 0xa4, 0x47, 0xae,
    0xba, 0xea, 0xa2, 0xff, 0xbf, 0xff, 0x40, 0x0b, 0xe0, 0x3e, 0x40, 0x2f, 0x9e, 0x54, 0x06, 0xfe, 0xe4, 0x5b, 0xf6, 0xba, 0xbf, 0xff, 0xba, 0xfa,
    0xad, 0x7d, 0x7f, 0xff, 0xff, 0xe5, 0x6f, 0xb8, 0x00, 0x01, 0x40, 0x00, 0x64, 0x00, 0x00, 0x1b, 0xd0, 0xb8, 0x0b, 0xf8, 0x14, 0xb0, 0x00, 0x01,
    0x54, 0x00, 0x01, 0x00, 0x00, 0x05, 0x04, 0xbf, 0xbf, 0xff, 0xef, 0xfe, 0xfa, 0xff, 0xfb, 0xff, 0xfe, 0xff, 0xff, 0xbf, 0xbb, 0xef, 0xfe, 0xfe,
    0xff, 0xbe, 0xff, 0xef, 0xbe, 0xbb, 0xfb, 0xfa, 0xff, 0xbe, 0xff, 0xfb, 0xfe, 0xfb, 0xef, 0xef, 0xfe, 0xfa, 0xfe, 0xff, 0xef, 0xff, 0xef, 0xbe,
    0xff, 0xbf, 0xef, 0xef, 0xff, 0xaf, 0xfe, 0xeb, 0xff, 0xbf, 0xef, 0xbf, 0xbf, 0xbf, 0xfe, 0xfb, 0xef, 0xef, 0xef, 0xfb, 0xff, 0xbf, 0xff, 0xbf,
    0xfb, 0xff, 0xff, 0xef, 0xef, 0xbe, 0xbf, 0xef, 0xff, 0xff, 0xef, 0xfb, 0xff, 0xfe, 0xfe, 0xff, 0xff, 0xfa, 0xfe, 0xfe, 0xff, 0xef, 0xff, 0xff,
    0xfe, 0xff, 0xbf, 0xff, 0xff, 0xff, 0xfd, 0x7f, 0xff, 0xff, 0xff, 0xff, 0xff, 0xff, 0xff, 0xeb, 0xbe, 0xbe, 0xfe, 0xff, 0xe0, 0xee, 0xea, 0xea,
    0x6a, 0x96, 0xae, 0x7b, 0xa9, 0x6a, 0x6a, 0xfb, 0xe5, 0xea, 0xea, 0xff, 0xe6, 0xd6, 0xae, 0xaf, 0x45, 0x65, 0xef, 0xfa, 0xaf, 0x90, 0x06, 0xa4,
    0x15, 0x00, 0xbe, 0x7e, 0x6a, 0xa4, 0xbb, 0x81, 0x42, 0xe6, 0xaa, 0xfb, 0xff, 0xfb, 0xaf, 0xed, 0xb9, 0xbf, 0xff, 0xff, 0x95, 0x56, 0x90, 0x00,
    0x01, 0x54, 0x02, 0xf8, 0x15, 0x00, 0x01, 0x41, 0xf0, 0x00, 0x50, 0x4b, 0xe0, 0x00, 0x01, 0x44, 0x00, 0x00, 0x00, 0x00, 0x64, 0x54, 0x7a, 0xff,
    0xbe, 0xff, 0xff, 0xff, 0xfb, 0xff, 0xfb, 0xff, 0xef, 0xbb, 0xfb, 0xff, 0xfe, 0xfb, 0xef, 0xef, 0xff, 0xfa, 0xfb, 0xef, 0xff, 0xbf, 0xff, 0xef,
    0xbf, 0xfb, 0xff, 0xef, 0xff, 0xfa, 0xfb, 0xef, 0xff, 0xff, 0xfe, 0xfe, 0xfe, 0xff, 0xfb, 0xff, 0xfb, 0xef, 0xef, 0xbf, 0xff, 0xff, 0xff, 0xbf,
    0xbe, 0xff, 0xfb, 0xef, 0xfb, 0xff, 0xfb, 0xfb, 0xef, 0xfe, 0xff, 0xff, 0xfb, 0xfb, 0xfe, 0xff, 0xef, 0xbe, 0xfe, 0xff, 0xef, 0xfe, 0xff, 0xff,
    0xfb, 0xff, 0xff, 0xbe, 0xff, 0xef, 0xff, 0xeb, 0xff, 0xef, 0xfe, 0xff, 0xfe, 0xff, 0xbf, 0xef, 0xff, 0xbf, 0xef, 0xbf, 0xff, 0xf9, 0xff, 0xff,
    0xff, 0xff, 0xff, 0xff, 0xff, 0xff, 0xff, 0xbf, 0xef, 0xeb, 0xea, 0xd0, 0xeb, 0xaf, 0xaa, 0x55, 0x1a, 0xaa, 0x6b, 0xad, 0x65, 0xab, 0x91, 0xbe,
    0xaa, 0xeb, 0xef, 0xff, 0xf6, 0xeb, 0xfd, 0x6a, 0xa5, 0xfa, 0xd0, 0x07, 0xe4, 0x00, 0x00, 0x00, 0x02, 0xf9, 0x7f, 0xab, 0xe9, 0x7f, 0x1b, 0xa4,
    0xa6, 0xaf, 0xff, 0xfb, 0xef, 0xbe, 0xb9, 0xf7, 0xff, 0xff, 0xff, 0x5f, 0xf9, 0x54, 0x00, 0x00, 0x05, 0x00, 0xb4, 0x01, 0x00, 0x00, 0x02, 0xd0,
    0x00, 0x00, 0x57, 0x80, 0x00, 0x01, 0xa4, 0x00, 0x00, 0x00, 0x00, 0x78, 0x68, 0x7e, 0xeb, 0xfb, 0xff, 0xbf, 0xaf, 0xbf, 0xef, 0xff, 0xff, 0xff,
    0xff, 0xff, 0xef, 0xbe, 0xff, 0xfb, 0xfe, 0xff, 0xff, 0xff, 0xff, 0xaf, 0xff, 0xbf, 0xff, 0xfb, 0xbf, 0xbf, 0xff, 0xbe, 0xff, 0xfb, 0xff, 0xef,
    0xff, 0xbf, 0xff, 0xef, 0xff, 0xff, 0xef, 0xff, 0xff, 0xfb, 0xfb, 0xff, 0xbe, 0xff, 0xbb, 0xef, 0xeb, 0xfb, 0xfa, 0xfb, 0xbf, 0xbe, 0xff, 0xff,
    0xbf, 0xfe, 0xfe, 0xff, 0xbf, 0xff, 0xef, 0xff, 0xff, 0xff, 0xff, 0xfe, 0xff, 0xff, 0xbf, 0xff, 0xff, 0xff, 0xfb, 0xef, 0xff, 0xef, 0xbf, 0xaf,
    0xef, 0xef, 0xef, 0xbf, 0xff, 0xfe, 0xff, 0xbb, 0xfa, 0xfe, 0xff, 0xfb, 0xe6, 0xff, 0xff, 0xff, 0xff, 0xff, 0xff, 0xff, 0xff, 0xff, 0xeb, 0xfe,
    0x41, 0x54, 0x60, 0xfb, 0xbe, 0x94, 0x05, 0xb9, 0x6a, 0x9a, 0xaa, 0x66, 0xae, 0x00, 0x1b, 0xae, 0xaf, 0xff, 0xab, 0xbe, 0xae, 0xb5, 0xaa, 0xf9,
    0xba, 0x40, 0x01, 0xb8, 0x00, 0x00, 0x01, 0x9b, 0xe5, 0xbe, 0xae, 0xae, 0x3e, 0x6a, 0xbd, 0x75, 0xff, 0xfe, 0xff, 0xae, 0xba, 0xfa, 0x9b, 0xff,
    0xff, 0xfe, 0x2b, 0xff, 0xfc, 0x00, 0x00, 0x50, 0x00, 0x50, 0x05, 0x40, 0x10, 0x1b, 0x80, 0x00, 0x50, 0x06, 0x04, 0x00, 0x11, 0xe0, 0x00, 0x00,
    0x00, 0x00, 0x15, 0x19, 0x6f, 0xfb, 0xff, 0xbe, 0xfb, 0xfe, 0xfe, 0xff, 0xbe, 0xfe, 0xbe, 0xee, 0xbe, 0xff, 0xbf, 0xef, 0xbf, 0xff, 0xef, 0xff,
    0xfb, 0xfb, 0xfb, 0xff, 0xfb, 0xfb, 0xff, 0xbf, 0xff, 0xbf, 0xff, 0xef, 0xef, 0xbe, 0xfe, 0xfb, 0xff, 0xbf, 0xff, 0xff, 0xfe, 0xff, 0xef, 0xfe,
    0xbf, 0xfb, 0xfb, 0xff, 0xaf, 0xff, 0xfb, 0xfe, 0xfb, 0xff, 0xbf, 0xbf, 0xbf, 0xef, 0xbb, 0xef, 0xbf, 0xef, 0xfe, 0xff, 0xfb, 0xfe, 0xfe, 0xfb,
    0xfb, 0xfb, 0xef, 0xfb, 0xef, 0xfe, 0xef, 0xaf, 0xbe, 0xef, 0xfe, 0xfb, 0xfe, 0xff, 0xfa, 0xfe, 0xff, 0xff, 0xff, 0xaf, 0xef, 0xff, 0xfb, 0xff,
    0xfe, 0xff, 0xbe, 0xdb, 0xff, 0xff, 0xff, 0xff, 0xff, 0xff, 0xff, 0xff, 0xfe, 0xff, 0xfd, 0x1a, 0x9a, 0x60, 0xbe, 0xa9, 0x1a, 0x55, 0xaa, 0x6a,
    0x9e, 0xab, 0x96, 0xa8, 0x00, 0x06, 0x9a, 0xbf, 0xfb, 0xaa, 0xb9, 0x1a, 0xf5, 0xab, 0xe5, 0xb9, 0x55, 0x50, 0x6d, 0x01, 0x00, 0x02, 0xea, 0x82,
    0xee, 0xae, 0xaa, 0x6e, 0x6e, 0xe9, 0x75, 0xff, 0xbf, 0xef, 0xeb, 0xeb, 0x9a, 0xaf, 0xff, 0xa9, 0xbe, 0x6b, 0x57, 0xfd, 0x00, 0x00, 0x11, 0x40,
    0x00, 0x00, 0x50, 0x00, 0x2d, 0x00, 0x05, 0x40, 0x00, 0x50, 0x01, 0xb0, 0x55, 0x00, 0x00, 0x00, 0x00, 0x05, 0x04, 0x2f, 0xff, 0xff, 0xff, 0xff,
    0xff, 0xff, 0xfb, 0xff, 0xef, 0xff, 0xff, 0xaf, 0xbf, 0xfb, 0xff, 0xfe, 0xfb, 0xff, 0xff, 0xbf, 0xbb, 0xff, 0xbe, 0xff, 0xbf, 0xef, 0xff, 0xef,
    0xfb, 0xef, 0xee, 0xff, 0xff, 0xff, 0xbe, 0xfb, 0xff, 0xbf, 0xbf, 0xef, 0xff, 0xff, 0xef, 0xfe, 0xff, 0xff, 0xfb, 0xfe, 0xfe, 0xfe, 0xfe, 0xfe,
    0xff, 0xff, 0xfb, 0xfb, 0xff, 0xff, 0xef, 0xfb, 0xff, 0xff, 0xef, 0xff, 0xbe, 0xfe, 0xff, 0xef, 0xbf, 0xff, 0xbf, 0xef, 0xbf, 0xfb, 0xfe, 0xfb,
    0xef, 0xbf, 0xbf, 0xef, 0xfe, 0xff, 0xfb, 0xfe, 0xfb, 0xfb, 0xff, 0xff, 0xbf, 0xbf, 0xbf, 0xff, 0xfb, 0xff, 0x9f, 0xff, 0xff, 0xff, 0xff, 0xff,
    0xff, 0xff, 0xff, 0xff, 0xfb, 0xfe, 0x7e, 0xfb, 0xa0, 0xeb, 0x91, 0xaa, 0xa9, 0x2e, 0x6a, 0x9a, 0xaa, 0xd9, 0xa4, 0x00, 0x01, 0xe2, 0xfa, 0xea,
    0xfa, 0xaa, 0x97, 0xfa, 0xbe, 0x04, 0x78, 0x54, 0x54, 0x1e, 0x00, 0x00, 0x00, 0x40, 0x1b, 0xef, 0xba, 0xea, 0x6d, 0x2e, 0xad, 0x76, 0xfb, 0xab,
    0xe5, 0xba, 0xef, 0x96, 0xff, 0xfb, 0x95, 0x2e, 0x69, 0x15, 0xfd, 0x00, 0x00, 0x11, 0x40, 0x00, 0x01, 0x10, 0x00, 0x40, 0x01, 0x6f, 0xa4, 0x04,
    0x10, 0x00, 0xa0, 0x45, 0x00, 0x00, 0x00, 0x00, 0x04, 0x55, 0x2f, 0xfb, 0xaf, 0xef, 0xaf, 0xbe, 0xfb, 0xff, 0xeb, 0xff, 0xfb, 0xfb, 0xfb, 0xfb,
    0xff, 0xff, 0xef, 0xef, 0xfb, 0xef, 0xff, 0xfb, 0xaf, 0xbf, 0xef, 0xff, 0xff, 0xff, 0xfe, 0xff, 0xef, 0xff, 0xff, 0xbf, 0xeb, 0xfe, 0xff, 0xbf,
    0xeb, 0xfe, 0xff, 0xff, 0xbf, 0xff, 0xff, 0xff, 0xfe, 0xfe, 0xff, 0xef, 0xef, 0xaf, 0xef, 0xef, 0xef, 0xbf, 0xef, 0xbe, 0xfe, 0xfe, 0xfe, 0xfb,
    0xfb, 0xfe, 0xff, 0xff, 0xfb, 0xff, 0xff, 0xfe, 0xff, 0xff, 0xfb, 0xff, 0xbf, 0xfe, 0xfb, 0xff, 0xbb, 0xee, 0xff, 0xff, 0xeb, 0xbf, 0xfe, 0xff,
    0xbf, 0xeb, 0xff, 0xfb, 0xef, 0xfb, 0xef, 0xbe, 0xfa, 0x7f, 0xff, 0xff, 0xff, 0xff, 0xff, 0xff, 0xff, 0xff, 0xff, 0xff, 0xff, 0xaf, 0xba, 0xe0,
    0xfa, 0x5a, 0xaa, 0xa9, 0x79, 0x6a, 0xa7, 0xaa, 0xa9, 0xb4, 0x00, 0x04, 0xa6, 0xef, 0xae, 0x6a, 0xaf, 0xd7, 0xfe, 0xb9, 0x14, 0x78, 0x14, 0x04,
    0x0b, 0x00, 0x00, 0x00, 0x00, 0x1f, 0xbf, 0x96, 0xda, 0xf4, 0x6b, 0xbe, 0xa2, 0xfe, 0xae, 0xb8, 0x2e, 0xba, 0xaf, 0xff, 0xbe, 0xbe, 0x5f, 0x59,
    0xbd, 0xbd, 0x00, 0x00, 0x05, 0x14, 0x00, 0x00, 0x14, 0x00, 0x05, 0x02, 0xff, 0xfc, 0x01, 0x14, 0x00, 0x00, 0x18, 0x00, 0x01, 0x00, 0x40, 0x06,
    0xe1, 0x1f, 0xaf, 0xbe, 0xfb, 0xff, 0xbe, 0xfb, 0xef, 0xff, 0xbf, 0xbf, 0xef, 0xbe, 0xff, 0xbf, 0xbe, 0xff, 0xef, 0xbe, 0xff, 0xeb, 0xff, 0xff,
    0xff, 0xfe, 0xfb, 0xef, 0xbf, 0xfb, 0xee, 0xfe, 0xfb, 0xef, 0xff, 0xff, 0xef, 0xef, 0xfa, 0xff, 0xef, 0xfb, 0xef, 0xff, 0xbe, 0xff, 0xbb, 0xef,
    0xef, 0xef, 0xbf, 0xeb, 0xff, 0xfb, 0xfe, 0xfe, 0xfe, 0xff, 0xef, 0xef, 0xff, 0xff, 0xff, 0xff, 0xbf, 0xef, 0xfb, 0xff, 0xef, 0xbe, 0xff, 0xef,
    0xef, 0xbf, 0xbf, 0xfe, 0xef, 0xbe, 0xfb, 0xff, 0xfe, 0xff, 0xaf, 0xff, 0xbe, 0xfb, 0xef, 0xfe, 0xfb, 0xfb, 0xff, 0xff, 0xfb, 0xff, 0xef, 0xfd,
    0xbf, 0xff, 0xff, 0xff, 0xff, 0xff, 0xef, 0xff, 0xff, 0xff, 0xff, 0xff, 0xfb, 0xbe, 0xf0, 0xbe, 0x5a, 0xaa, 0xb4, 0xb5, 0xaf, 0xb6, 0xef, 0xb9,
    0x64, 0x01, 0x04, 0xa6, 0xef, 0xb8, 0x00, 0x6a, 0xd7, 0xee, 0xf4, 0x50, 0x74, 0x51, 0x55, 0x0a, 0x00, 0x05, 0x00, 0x00, 0x0b, 0xfe, 0x55, 0x9b,
    0x96, 0xfb, 0xa6, 0x8b, 0xaa, 0xaa, 0xbf, 0x5b, 0xab, 0xff, 0xff, 0xfa, 0xeb, 0x8f, 0x5f, 0xea, 0x6d, 0x55, 0x6a, 0x91, 0x41, 0x00, 0x00, 0x01,
    0x00, 0x2e, 0x41, 0xff, 0xf8, 0x01, 0x55, 0x40, 0x00, 0x1d, 0x00, 0x00, 0x29, 0x00, 0x07, 0xf9, 0x1e, 0xfe, 0xfb, 0xfb, 0xfb, 0xff, 0xbf, 0xee,
    0xff, 0xbf, 0xef, 0xbe, 0xff, 0xef, 0xfb, 0xff, 0xfa, 0xff, 0xfe, 0xfb, 0xff, 0xae, 0xbe, 0xfa, 0xff, 0xbf, 0xef, 0xeb, 0xaf, 0xbe, 0xfb, 0xff,
    0xfb, 0xef, 0xbe, 0xfb, 0xfe, 0xff, 0xfe, 0xff, 0xbe, 0xff, 0xff, 0xbf, 0xef, 0xfb, 0xff, 0xef, 0xff, 0xba, 0xfe, 0xfa, 0xff, 0xbf, 0xef, 0xef,
    0xfb, 0xff, 0xff, 0xbb, 0xfb, 0xfe, 0xff, 0xfb, 0xff, 0xff, 0xfe, 0xff, 0xef, 0xef, 0xfe, 0xff, 0xfe, 0xfe, 0xfe, 0xfb, 0xee, 0xbf, 0xaf, 0xbf,
    0xef, 0xfa, 0xfb, 0xfb, 0xfb, 0xfe, 0xff, 0xfb, 0xfb, 0xff, 0xbf, 0xbf, 0xfb, 0xff, 0xb5, 0xff, 0xff, 0xff, 0xff, 0xff, 0xef, 0xff, 0xff, 0xff,
    0xff, 0xbf, 0xfe, 0xaf, 0xef, 0xa0, 0xeb, 0x9a, 0xaa, 0xaa, 0x96, 0xaa, 0xf9, 0xea, 0xae, 0x50, 0x01, 0x40, 0xa1, 0xaf, 0xe0, 0x40, 0x07, 0xdb,
    0xbe, 0xf4, 0x41, 0x91, 0x41, 0x91, 0x1d, 0x04, 0x1a, 0x00, 0x00, 0x2f, 0xff, 0xb9, 0xa6, 0x6a, 0xba, 0xe5, 0x2f, 0x86, 0xaa, 0xfb, 0x6a, 0xff,
    0xff, 0xff, 0xfb, 0xeb, 0x5f, 0x6e, 0xeb, 0x6d, 0xbf, 0xff, 0xe4, 0x15, 0x00, 0x00, 0x11, 0x04, 0xbf, 0x80, 0xff, 0xf4, 0x00, 0x41, 0x00, 0x0a,
    0x0a, 0x01, 0x01, 0xbf, 0xa4, 0x06, 0xf9, 0x5a, 0xfa, 0xfb, 0xbe, 0xfe, 0xeb, 0xfb, 0xfe, 0xeb, 0xef, 0xfb, 0xfb, 0xfb, 0xef, 0xff, 0xef, 0xbf,
    0xfb, 0xef, 0xee, 0xbf, 0xbe, 0xfe, 0xff, 0xeb, 0xef, 0xfe, 0xff, 0xff, 0xbf, 0xfb, 0xef, 0xbf, 0xff, 0xef, 0xbe, 0xbf, 0xef, 0xef, 0xfb, 0xff,
    0xff, 0xfb, 0xfb, 0xfe, 0xfe, 0xfe, 0xff, 0xfb, 0xfe, 0xfe, 0xff, 0xef, 0xbf, 0xbf, 0xff, 0xbf, 0xfb, 0xfb, 0xfb, 0xff, 0xbf, 0xef, 0xff, 0xbf,
    0xaf, 0xef, 0xfb, 0xff, 0xbf, 0xfb, 0xfa, 0xfe, 0xfe, 0xff, 0xbf, 0xfb, 0xfb, 0xfe, 0xbb, 0xfe, 0xff, 0xeb, 0xef, 0xbe, 0xff, 0xaf, 0xff, 0xbf,
    0xbf, 0xff, 0xfe, 0xff, 0xbf, 0xe7, 0xff, 0xff, 0xef, 0xff, 0xff, 0xff, 0xff, 0xff, 0xff, 0xff, 0xff, 0xff, 0x86, 0xe9, 0xb0, 0xfa, 0xaa, 0xaa,
    0x95, 0x5a, 0x51, 0xad, 0xba, 0xea, 0xa0, 0x14, 0x01, 0xe0, 0x1a, 0xd1, 0x45, 0x52, 0x9b, 0xff, 0xb8, 0x52, 0x81, 0x25, 0x51, 0x2d, 0x00, 0x1f,
    0x40, 0x01, 0xae, 0xbf, 0xfd, 0xa5, 0xab, 0xae, 0xe5, 0x7e, 0xe2, 0xaa, 0xfe, 0x6f, 0xff, 0xff, 0xff, 0xeb, 0xae, 0x3f, 0x6e, 0x56, 0x7d, 0xff,
    0xff, 0xfe, 0x40, 0x50, 0x00, 0x15, 0x40, 0xae, 0x40, 0x6a, 0xbc, 0x00, 0x14, 0x00, 0x6e, 0x05, 0x40, 0x02, 0xff, 0xfc, 0x16, 0xf8, 0x4b, 0xff,
    0xff, 0xef, 0xef, 0xef, 0xfb, 0xfb, 0xfe, 0xfe, 0xff, 0xef, 0xbe, 0xbe, 0xbe, 0xfb, 0xff, 0xfb, 0xff, 0xaf, 0xeb, 0xff, 0xef, 0xbe, 0xfe, 0xff,
    0xef, 0xee, 0xfb, 0xeb, 0xbe, 0xff, 0xaf, 0xba, 0xff, 0xbf, 0xee, 0xfe, 0xff, 0xbf, 0xef, 0xbf, 0xff, 0xff, 0xbf, 0xff, 0xef, 0xfb, 0xff, 0xef,
    0xef, 0xef, 0xff, 0xfb, 0xfb, 0xbe, 0xfb, 0xfe, 0xff, 0xff, 0xef, 0xff, 0xff, 0xff, 0xfb, 0xfe, 0xff, 0xff, 0xbf, 0xff, 0xff, 0xff, 0xaf, 0xbe,
    0xfb, 0xfe, 0xbb, 0xfb, 0xff, 0xfb, 0xbe, 0xef, 0xef, 0xef, 0xfe, 0xfb, 0xfb, 0xef, 0xff, 0xfb, 0xeb, 0xff, 0xef, 0xbe, 0xdb, 0xff, 0xff, 0xef,
    0xff, 0xff, 0xff, 0xff, 0xff, 0xff, 0xff, 0xff, 0xff, 0xa1, 0xe0, 0x10, 0xbe, 0xaa, 0xeb, 0xa9, 0xa9, 0x65, 0x5e, 0xab, 0xae, 0x94, 0x14, 0x01,
    0x40, 0x07, 0x91, 0x54, 0x52, 0xc6, 0xff, 0xfd, 0x00, 0x00, 0x64, 0x55, 0x28, 0x00, 0x1a, 0x00, 0x16, 0xa4, 0x1b, 0xbd, 0xaa, 0xba, 0xee, 0xae,
    0x7e, 0xe2, 0xa9, 0xbd, 0xbf, 0xbe, 0xbf, 0xff, 0xea, 0x5e, 0xbd, 0x7e, 0x69, 0xe6, 0xff, 0x94, 0x6f, 0xe4, 0x40, 0x00, 0x04, 0x10, 0x04, 0x00,
    0x00, 0x14, 0x00, 0x01, 0x40, 0x1e, 0x04, 0x40, 0x01, 0xff, 0xf8, 0x05, 0xe4, 0x4b, 0xbf, 0xee, 0xfb, 0xaf, 0xfe, 0xbe, 0xfb, 0xfe, 0xff, 0xef,
    0xbe, 0xff, 0xff, 0xbe, 0xff, 0xfb, 0xef, 0xfb, 0xfb, 0xff, 0xeb, 0xef, 0xff, 0xbf, 0xfb, 0xfe, 0xfe, 0xff, 0xff, 0xff, 0xef, 0xff, 0xbf, 0xfa,
    0xff, 0xff, 0xbf, 0xfb, 0xfe, 0xfe, 0xff, 0xbe, 0xff, 0xff, 0xfb, 0xff, 0xbf, 0xbe, 0xff, 0xfb, 0xfa, 0xfb, 0xef, 0xef, 0xbe, 0xfb, 0xff, 0xef,
    0xef, 0xff, 0xef, 0xfe, 0xfb, 0xfb, 0xff, 0xfa, 0xff, 0xbe, 0xff, 0xff, 0xef, 0xff, 0xbf, 0xef, 0xef, 0xff, 0xbe, 0xbe, 0xff, 0xff, 0xfb, 0xbe,
    0xff, 0xef, 0xff, 0xfb, 0xef, 0xea, 0xff, 0xff, 0xbf, 0xf9, 0x7f, 0x6f, 0xff, 0xff, 0xfe, 0xff, 0xff, 0xff, 0xff, 0xff, 0xff, 0xfb, 0xe6, 0xa6,
    0xb8, 0x91, 0x40, 0xef, 0xbe, 0xbe, 0xff, 0xb8, 0xaa, 0x96, 0xae, 0xbe, 0xe9, 0x14, 0x00, 0x00, 0x06, 0xe0, 0x41, 0x41, 0xc7, 0xaa, 0xfe, 0x00,
    0x00, 0x15, 0x5d, 0x10, 0x01, 0x00, 0x00, 0x1f, 0xaa, 0x92, 0xfe, 0xae, 0xba, 0xa9, 0x29, 0x2f, 0x96, 0xa6, 0xf4, 0xbb, 0xea, 0x5a, 0xff, 0xfd,
    0x6e, 0x95, 0xaa, 0xf9, 0x5b, 0xea, 0x00, 0x01, 0xb8, 0x14, 0xa0, 0x01, 0x50, 0x64, 0x06, 0xe0, 0x00, 0x00, 0x05, 0x40, 0x04, 0x05, 0x40, 0x00,
    0xbf, 0xe4, 0x00, 0x45, 0x07, 0xbf, 0xef, 0xbf, 0xfa, 0xff, 0xef, 0xbe, 0xbf, 0xef, 0xbb, 0xba, 0xfb, 0xeb, 0xff, 0xef, 0xbe, 0xff, 0xaf, 0xff,
    0xbe, 0xff, 0xbe, 0xfb, 0xfb, 0xbe, 0xbf, 0xff, 0xef, 0xfe, 0xfb, 0xbe, 0xeb, 0xff, 0xbe, 0xfb, 0xfb, 0xfb, 0xfb, 0xfe, 0xff, 0xef, 0xbe, 0xfb,
    0xef, 0xbf, 0xbf, 0xff, 0xff, 0xef, 0xbf, 0xbf, 0xef, 0xbf, 0xef, 0xff, 0xbf, 0xef, 0xbf, 0xfb, 0xfb, 0xff, 0xff, 0xff, 0xbe, 0xfe, 0xbf, 0xeb,
    0xff, 0xfb, 0xfb, 0xfe, 0xfa, 0xfb, 0xef, 0xef, 0xef, 0xbf, 0xeb, 0xeb, 0xeb, 0xbf, 0xff, 0xbe, 0xfb, 0xef, 0xbf, 0xbf, 0xff, 0xef, 0xff, 0xfe,
    0xf5, 0xae, 0x7f, 0xff, 0xff, 0xff, 0xff, 0xff, 0xff, 0xff, 0xff, 0xff, 0xff, 0x95, 0x55, 0x6e, 0x51, 0x50, 0xeb, 0xae, 0xbe, 0xba, 0xfa, 0xaa,
    0xa5, 0xae, 0xea, 0xe6, 0x54, 0x00, 0x01, 0x51, 0xe4, 0x55, 0x51, 0x85, 0x02, 0xef, 0x40, 0x00, 0x05, 0x0a, 0x00, 0x05, 0x00, 0x04, 0x6f, 0xee,
    0xa6, 0xea, 0xeb, 0xeb, 0x96, 0x50, 0x7e, 0x0a, 0x9b, 0xd6, 0xfe, 0xaa, 0x91, 0xff, 0xfe, 0x55, 0x6b, 0xff, 0xaa, 0x5b, 0xf4, 0x00, 0x00, 0x6d,
    0x14, 0x50, 0x01, 0xa4, 0x00, 0x2f, 0xf8, 0x06, 0x90, 0x45, 0x10, 0x00, 0x06, 0x00, 0x00, 0x1f, 0x40, 0x00, 0x51, 0x43, 0xff, 0xbb, 0xee, 0xff,
    0xeb, 0xff, 0xbf, 0xeb, 0xff, 0xbf, 0xfb, 0xef, 0xbf, 0xef, 0xff, 0xfe, 0xfb, 0xfe, 0xfb, 0xee, 0xfb, 0xbf, 0xbe, 0xfb, 0xff, 0xeb, 0xef, 0xfe,
    0xff, 0xff, 0xbe, 0xfe, 0xeb, 0xff, 0xff, 0xbf, 0xfe, 0xff, 0xbf, 0xeb, 0xff, 0xbf, 0xff, 0xff, 0xfe, 0xfb, 0xef, 0xef, 0xbf, 0xfe, 0xff, 0xef,
    0xbf, 0xff, 0xef, 0xef, 0xff, 0xbf, 0xff, 0xbf, 0xbe, 0xfb, 0xef, 0xef, 0xef, 0xff, 0xbf, 0xef, 0xbe, 0xbf, 0xff, 0xbf, 0xff, 0xbe, 0xfa, 0xfa,
    0xfb, 0xef, 0xbe, 0xff, 0xfe, 0xfb, 0xbf, 0xbf, 0xff, 0xff, 0xbe, 0xff, 0xfe, 0xfb, 0xef, 0xda, 0x69, 0xff, 0xff, 0xff, 0xff, 0xff, 0xff, 0xff,
    0xff, 0xff, 0xff, 0xff, 0xae, 0xbe, 0x57, 0x81, 0x10, 0xfa, 0xfa, 0xeb, 0xfb, 0xe5, 0xaa, 0x45, 0x5b, 0xeb, 0xaa, 0x44, 0x00, 0x11, 0x04, 0xb4,
    0x44, 0x0a, 0x40, 0x00, 0xbf, 0x80, 0x00, 0x05, 0x51, 0x50, 0x09, 0x00, 0x01, 0x7a, 0xeb, 0xe6, 0xf9, 0xba, 0xae, 0xe2, 0x86, 0xa5, 0x6a, 0xef,
    0x46, 0xff, 0xfe, 0xa5, 0xbf, 0xff, 0xaa, 0xfa, 0xfe, 0x6b, 0x96, 0xf8, 0x00, 0x00, 0x2d, 0x10, 0x00, 0x00, 0xb4, 0x00, 0x2f, 0xf8, 0x2f, 0xd0,
    0x00, 0x10, 0x00, 0x01, 0x50, 0x00, 0x00, 0x00, 0x00, 0x10, 0x52, 0xef, 0xbb, 0xef, 0xbe, 0xff, 0xbb, 0xfb, 0xfe, 0xfb, 0xfe, 0xfe, 0xbe, 0xfa,
    0xfe, 0xbe, 0xff, 0xfb, 0xfb, 0xff, 0xff, 0xeb, 0xfb, 0xff, 0xff, 0xfb, 0xff, 0xfe, 0xff, 0xbb, 0xaf, 0xfb, 0xfe, 0xff, 0xeb, 0xaf, 0xfb, 0xef,
    0xbe, 0xfb, 0xff, 0xfb, 0xff, 0xaf, 0xef, 0xaf, 0xff, 0xfa, 0xfe, 0xfb, 0xef, 0xeb, 0xff, 0xfb, 0xef, 0xbe, 0xfe, 0xfb, 0xfb, 0xef, 0xbf, 0xef,
    0xfe, 0xfe, 0xff, 0xff, 0xbe, 0xff, 0xef, 0xfb, 0xff, 0xbf, 0xaf, 0xbe, 0xff, 0xbe, 0xfe, 0xfb, 0xbe, 0xfe, 0xfa, 0xfb, 0xef, 0xfb, 0xef, 0xba,
    0xff, 0xff, 0xbe, 0xff, 0xff, 0xff, 0x9e, 0xa6, 0xff, 0xff, 0xff, 0xff, 0xff, 0xff, 0xff, 0xff, 0xff, 0xbf, 0xff, 0x9b, 0xfb, 0xa6, 0xe1, 0x50,
    0xbe, 0xef, 0x95, 0xab, 0xe9, 0x69, 0x11, 0x5b, 0xab, 0xbe, 0x90, 0x01, 0x50, 0x00, 0x74, 0x55, 0x45, 0x00, 0x00, 0x7b, 0x80, 0x00, 0x05, 0x15,
    0x54, 0x07, 0x40, 0x01, 0xbe, 0x95, 0xb6, 0xf5, 0xae, 0xba, 0xe2, 0xea, 0x6a, 0xa9, 0xa9, 0x00, 0x7f, 0xff, 0xb8, 0xbb, 0xff, 0xff, 0xef, 0xfd,
    0xbb, 0x95, 0xbc, 0x00, 0x00, 0x1d, 0x11, 0x00, 0x00, 0x51, 0x50, 0x7f, 0xf4, 0x2f, 0xd0, 0x01, 0x40, 0x00, 0x00, 0x10, 0x00, 0x00, 0x00, 0x00,
    0x15, 0x91, 0xee, 0xfe, 0xbf, 0xbe, 0xeb, 0xbb, 0xff, 0xbe, 0xff, 0xae, 0xaf, 0xfa, 0xef, 0xbf, 0xff, 0xef, 0xbf, 0xbf, 0xbe, 0xfb, 0xff, 0xfb,
    0xef, 0xbe, 0xff, 0xbe, 0xfe, 0xfb, 0xff, 0xbf, 0xff, 0xbf, 0xff, 0xef, 0xfe, 0xfe, 0xff, 0xef, 0xff, 0xbe, 0xbf, 0xef, 0xfe, 0xff, 0xff, 0xfe,
    0xff, 0xee, 0xfb, 0xfb, 0xff, 0xbe, 0xff, 0xef, 0xff, 0xff, 0xff, 0xfb, 0xef, 0xfb, 0xff, 0xbf, 0xfe, 0xff, 0xbf, 0xfb, 0xff, 0xfe, 0xfb, 0xef,
    0xbf, 0xef, 0xfb, 0xfb, 0xef, 0xaf, 0xab, 0xef, 0xeb, 0xff, 0xbf, 0xaf, 0xbe, 0xff, 0xbf, 0xef, 0xb9, 0x6a, 0xfb, 0xef, 0xbe, 0x6b, 0x9b, 0xff,
    0xff, 0xff, 0xff, 0xff, 0xff, 0xff, 0xff, 0xbf, 0xfa, 0xff, 0xd6, 0xfb, 0xfe, 0xb4, 0x50, 0xee, 0xad, 0x55, 0x56, 0xee, 0x2d, 0x51, 0x16, 0xbe,
    0xbe, 0xa4, 0x01, 0x40, 0x00, 0xb4, 0x41, 0x50, 0x00, 0x00, 0x2f, 0x40, 0x00, 0x15, 0x15, 0x44, 0x02, 0xa5, 0x5a, 0xfa, 0x59, 0x76, 0xe2, 0xea,
    0xab, 0xa4, 0x11, 0xaa, 0x90, 0x50, 0x00, 0x1f, 0xfa, 0x68, 0xbf, 0xbf, 0xff, 0xff, 0xfa, 0xae, 0x04, 0xb8, 0x00, 0x00, 0x0a, 0x55, 0x00, 0x01,
    0x14, 0x78, 0x15, 0xa0, 0x02, 0x40, 0x02, 0x84, 0x00, 0x00, 0x50, 0x00, 0x00, 0x00, 0x00, 0x07, 0x85, 0xbe, 0xef, 0xbb, 0xeb, 0xef, 0xef, 0xbf,
    0xfb, 0xef, 0xff, 0xfe, 0xff, 0xef, 0xbe, 0xeb, 0xeb, 0xfe, 0xfb, 0xef, 0xbe, 0xbe, 0xbe, 0xfb, 0xff, 0xef, 0xef, 0xef, 0xfe, 0xfe, 0xfb, 0xef,
    0xeb, 0xeb, 0xfe, 0xff, 0xef, 0xfa, 0xff, 0xbf, 0xfb, 0xff, 0xfe, 0xff, 0xbb, 0xfa, 0xfb, 0xef, 0xef, 0xff, 0xbe, 0xbf, 0xbf, 0xef, 0xfe, 0xef,
    0xbf, 0xbf, 0xbf, 0xff, 0xef, 0xfb, 0xef, 0xbf, 0xfb, 0xfb, 0xff, 0xfb, 0xbf, 0xff, 0xaf, 0xfa, 0xfa, 0xff, 0xbe, 0xfb, 0xfa, 0xfe, 0xfe, 0xff,
    0xaf, 0xfb, 0xfe, 0xef, 0xbf, 0xef, 0xfb, 0xf5, 0x9f, 0xff, 0xff, 0xed, 0x97, 0x9f, 0xff, 0xff, 0xff, 0xff, 0xff, 0xff, 0xff, 0xf9, 0x56, 0x55,
    0xbe, 0xe1, 0xae, 0xef, 0xa8, 0x00, 0xef, 0xb9, 0xae, 0xa5, 0x6e, 0x6d, 0x05, 0x1a, 0xea, 0xea, 0xe9, 0x04, 0x00, 0x00, 0xa0, 0x54, 0x50, 0x00,
    0x00, 0x2f, 0x40, 0x00, 0x05, 0x59, 0x54, 0x00, 0x6f, 0xff, 0xaa, 0xaa, 0x97, 0x92, 0xab, 0xaa, 0xb9, 0x6a, 0xae, 0x00, 0x00, 0x00, 0x0f, 0x96,
    0xa4, 0x7f, 0xa6, 0xff, 0xff, 0xff, 0xad, 0x14, 0x7d, 0x00, 0x00, 0x0b, 0x04, 0x00, 0x07, 0x45, 0x14, 0x00, 0x00, 0x00, 0x07, 0x41, 0x44, 0x01,
    0x90, 0x54, 0x00, 0x00, 0x00, 0x00, 0x05, 0x54, 0xbe, 0xfb, 0xfa, 0xff, 0xbe, 0xef, 0xfb, 0xef, 0xee, 0xbf, 0xeb, 0xef, 0xfb, 0xeb, 0xff, 0xbe,
    0xfe, 0xfb, 0xff, 0xff, 0xff, 0xfe, 0xfb, 0xeb, 0xfe, 0xfb, 0xff, 0xaf, 0xee, 0xfb, 0xfe, 0xff, 0xff, 0xbf, 0xbf, 0xff, 0xbf, 0xeb, 0xfe, 0xff,
    0xaf, 0xff, 0xfb, 0xff, 0xbf, 0xaf, 0xbe, 0xfe, 0xfe, 0xff, 0xef, 0xfb, 0xfe, 0xfe, 0xff, 0xbf, 0xef, 0xbf, 0xbe, 0xfe, 0xff, 0xfe, 0xfb, 0xbe,
    0xef, 0xaf, 0xbf, 0xfb, 0xef, 0xfe, 0xbf, 0xbf, 0xaf, 0xef, 0xbe, 0xbe, 0xfe, 0xbe, 0xfb, 0xfe, 0xfb, 0xfa, 0xef, 0xba, 0xfe, 0xbf, 0xe5, 0x7f,
    0xef, 0xbe, 0xfa, 0xa6, 0x6f, 0xff, 0xff, 0xff, 0xff, 0xff, 0xff, 0xff, 0xb9, 0x69, 0x69, 0x1f, 0xf4, 0xba, 0xeb, 0xe9, 0x50, 0xeb, 0xba, 0xaa,
    0xaa, 0x6e, 0x6e, 0x44, 0x1d, 0xbe, 0xeb, 0xa6, 0x04, 0x00, 0x01, 0xd0, 0x15, 0x40, 0x00, 0x00, 0x1b, 0x80, 0x14, 0x04, 0x45, 0x15, 0x00, 0x06,
    0xfe, 0x9a, 0x96, 0x5e, 0x56, 0xae, 0xba, 0xeb, 0xae, 0xa9, 0x10, 0x01, 0x40, 0x0b, 0x9b, 0xe9, 0x7f, 0x40, 0x6f, 0xff, 0xff, 0xfd, 0x11, 0x78,
    0x40, 0x00, 0x0a, 0x14, 0x40, 0x05, 0x04, 0x00, 0x00, 0x00, 0x00, 0x06, 0x00, 0x50, 0x01, 0x40, 0x7d, 0x01, 0x40, 0x00, 0x02, 0x45, 0x50, 0x6f,
    0xbe, 0xfe, 0xfe, 0xbe, 0xbe, 0xfe, 0xef, 0xbf, 0xef, 0xbe, 0xfb, 0xeb, 0xfe, 0xbf, 0xbe, 0xef, 0xbf, 0xbe, 0xeb, 0xeb, 0xef, 0xee, 0xff, 0xbe,
    0xff, 0xbf, 0xff, 0xbf, 0xfe, 0xbf, 0xff, 0xfb, 0xfb, 0xfa, 0xbf, 0xbf, 0xff, 0xff, 0xef, 0xfe, 0xfb, 0xff, 0xef, 0xff, 0xef, 0xfa, 0xbe, 0xbe,
    0xfb, 0xfe, 0xfe, 0xbf, 0xef, 0xfb, 0xef, 0xef, 0xfb, 0xef, 0xfe, 0xff, 0xff, 0xef, 0xbe, 0xff, 0xfb, 0xff, 0xff, 0xee, 0xfb, 0xeb, 0xef, 0xfa,
    0xff, 0xbf, 0xef, 0xaf, 0xab, 0xbb, 0xfa, 0xff, 0xaf, 0xbe, 0xfb, 0xaf, 0xfe, 0x95, 0xbb, 0xff, 0xff, 0xe6, 0xa6, 0xbf, 0xff, 0xff, 0xff, 0xff,
    0xff, 0xbf, 0xff, 0xf9, 0xaf, 0xeb, 0x96, 0xfc, 0xbb, 0xff, 0xe4, 0x50, 0xae, 0xba, 0xaa, 0xbe, 0x6e, 0x7a, 0x45, 0x59, 0x6e, 0xbe, 0xba, 0x84,
    0x00, 0x01, 0x40, 0x65, 0x40, 0x00, 0x01, 0x4b, 0x80, 0x28, 0x05, 0x15, 0x41, 0x00, 0x40, 0x55, 0x6b, 0x9a, 0x6d, 0x6a, 0xff, 0xff, 0xfe, 0xab,
    0xd0, 0x50, 0x0b, 0x80, 0x0b, 0x9b, 0xae, 0x7d, 0x6a, 0x5b, 0xff, 0xff, 0xfe, 0x14, 0x38, 0x40, 0x00, 0x0a, 0x10, 0x10, 0x00, 0x01, 0x40, 0x00,
    0x05, 0x00, 0x00, 0x00, 0x51, 0x00, 0x00, 0x19, 0x03, 0xc0, 0x00, 0x0b, 0x40, 0x41, 0x2f, 0xaf, 0xaf, 0xaf, 0xef, 0xfb, 0xef, 0xfb, 0xfb, 0xef,
    0xbe, 0xbb, 0xef, 0xbe, 0xfb, 0xef, 0xbb, 0xef, 0xaf, 0xfe, 0xff, 0xef, 0xaf, 0xef, 0xbb, 0xfe, 0xfb, 0xfb, 0xfb, 0xef, 0xff, 0xbf, 0xbf, 0xff,
    0xff, 0xbf, 0xfa, 0xfb, 0xef, 0xbf, 0xbe, 0xff, 0xaf, 0xfb, 0xeb, 0xff, 0xef, 0xeb, 0xfb, 0xbe, 0xbf, 0xaf, 0xff, 0xbe, 0xff, 0xfe, 0xfe, 0xfb,
    0xff, 0xaf, 0xef, 0xef, 0xeb, 0xff, 0xfb, 0xff, 0xbf, 0xbe, 0xfe, 0xbf, 0xff, 0xee, 0xfe, 0xfb, 0xeb, 0xaf, 0xbf, 0xfe, 0xba, 0xef, 0xef, 0xef,
    0xaf, 0xef, 0xfb, 0xef, 0x56, 0xfe, 0xbb, 0xeb, 0xd9, 0x95, 0xff, 0xff, 0xff, 0xff, 0xff, 0xff, 0xff, 0xff, 0xfa, 0xeb, 0xeb, 0xf9, 0x6e, 0x6f,
    0x6a, 0xb8, 0x10, 0x6b, 0xea, 0xaa, 0xfb, 0x6e, 0xbe, 0x41, 0x19, 0x2b, 0xae, 0xea, 0x51, 0x24, 0x00, 0x00, 0x41, 0x50, 0x06, 0x41, 0x07, 0x90,
    0x14, 0x05, 0x55, 0x55, 0x40, 0x00, 0x00, 0x1a, 0xa5, 0xa5, 0xaa, 0xfe, 0x56, 0xff, 0xff, 0xe4, 0x10, 0x06, 0x40, 0x1f, 0x9b, 0xae, 0x7d, 0x7f,
    0xe5, 0xff, 0xff, 0xff, 0x45, 0x64, 0x10, 0x00, 0x09, 0x11, 0x40, 0x00, 0x01, 0x40, 0x00, 0x0b, 0x40, 0x00, 0x00, 0x68, 0x00, 0x00, 0x01, 0x01,
    0x00, 0x00, 0x0a, 0x40, 0x51, 0x1b, 0xef, 0xaf, 0xbb, 0xfe, 0xfb, 0xfa, 0xfb, 0xfb, 0xaf, 0xef, 0xfe, 0xfe, 0xfb, 0xfe, 0xfb, 0xba, 0xfb, 0xfe,
    0xff, 0xeb, 0xfb, 0xfb, 0xef, 0xbf, 0xbe, 0xff, 0xbf, 0xbf, 0xff, 0xef, 0xfb, 0xfe, 0xfe, 0xfb, 0xeb, 0xff, 0xff, 0xef, 0xbf, 0xbf, 0xef, 0xfe,
    0xbf, 0xff, 0xab, 0xff, 0xff, 0xfb, 0xef, 0xfb, 0xff, 0xeb, 0xfe, 0xfa, 0xeb, 0xef, 0xff, 0xbe, 0xff, 0xfa, 0xfe, 0xfb, 0xef, 0xff, 0xaf, 0xfb,
    0xfb, 0xef, 0xee, 0xbb, 0xfe, 0xbf, 0xbe, 0xef, 0xba, 0xfa, 0xfb, 0xff, 0xaf, 0xaf, 0xee, 0xfa, 0xfa, 0xff, 0xed, 0x6a, 0xbf, 0xfb, 0xfb, 0x96,
    0x67, 0xff, 0xff, 0xff, 0xff, 0xff, 0xff, 0xff, 0xff, 0xff, 0xfe, 0xfe, 0xbb, 0x9f, 0x5d, 0x00, 0x6d, 0x10, 0x9a, 0xe6, 0xab, 0xea, 0x69, 0xaf,
    0x91, 0x28, 0x1a, 0xea, 0xef, 0xa4, 0x3d, 0x00, 0x00, 0x14, 0x10, 0x0b, 0x40, 0x07, 0xd0, 0x00, 0x01, 0x91, 0x19, 0x40, 0x05, 0x00, 0x06, 0xe9,
    0x06, 0xb8, 0x58, 0x00, 0x5a, 0xbe, 0xfe, 0x10, 0x00, 0x00, 0x1f, 0x5f, 0xd9, 0xbd, 0xab, 0xfd, 0x7f, 0xff, 0xff, 0xd1, 0x91, 0x00, 0x00, 0x04,
    0x02, 0x84, 0x00, 0x01, 0x40, 0x00, 0x06, 0x40, 0x10, 0x00, 0x14, 0x40, 0x04, 0x15, 0x00, 0x00, 0x00, 0x00, 0x00, 0x11, 0x4b, 0xbe, 0xfa, 0xfb,
    0xae, 0xbf, 0xbf, 0xfe, 0xbf, 0xfa, 0xef, 0xaf, 0xef, 0xfb, 0xaf, 0xfb, 0xef, 0xfb, 0xef, 0xef, 0xfb, 0xbf, 0xfb, 0xbb, 0xeb, 0xff, 0xfb, 0xef,
    0xfe, 0xfe, 0xfb, 0xff, 0xef, 0xbe, 0xfb, 0xef, 0xbf, 0xbe, 0xff, 0xfb, 0xfb, 0xfe, 0xff, 0xfe, 0xff, 0xff, 0xbe, 0xbe, 0xbe, 0xfb, 0xfb, 0xee,
    0xff, 0xef, 0xbf, 0xef, 0xfb, 0xef, 0xff, 0xfa, 0xff, 0xff, 0xbe, 0xfb, 0xef, 0xfe, 0xfb, 0xfb, 0xee, 0xff, 0xfb, 0xbb, 0xfb, 0xee, 0xfe, 0xfe,
    0xee, 0xbf, 0xae, 0xba, 0xfa, 0xfe, 0xbb, 0xbb, 0xef, 0xb9, 0x96, 0xbb, 0xfe, 0xe5, 0x9a, 0x9b, 0xff, 0xff, 0xff, 0xff, 0xff, 0xff, 0xff, 0xff,
    0xfa, 0xaf, 0xbe, 0xbf, 0xeb, 0xd4, 0x14, 0x0b, 0x40, 0x97, 0xa6, 0xae, 0x45, 0xa4, 0x6e, 0xe1, 0x60, 0x0b, 0xae, 0xbe, 0x99, 0x29, 0x02, 0x80,
    0x05, 0x50, 0x01, 0x01, 0x07, 0xd0, 0x00, 0x01, 0x55, 0x55, 0x41, 0x0a, 0x40, 0x01, 0xaa, 0x9a, 0xfa, 0x90, 0x00, 0x00, 0x1f, 0xfe, 0x04, 0x06,
    0x40, 0x2d, 0x2f, 0x95, 0xf5, 0xee, 0xae, 0x7f, 0x95, 0xbf, 0xf8, 0x15, 0x14, 0x00, 0x00, 0x00, 0x50, 0x00, 0x00, 0x54, 0x00, 0x00, 0x00, 0xb4,
    0x00, 0x05, 0x00, 0x1e, 0x05, 0x80, 0x00, 0x50, 0x00, 0x00, 0x54, 0x06, 0xfb, 0xff, 0xef, 0xfb, 0xeb, 0xfa, 0xff, 0xfe, 0xff, 0xba, 0xfb, 0xfb,
    0xff, 0xef, 0xbe, 0xfe, 0xbf, 0xbe, 0xfe, 0xbf, 0xbf, 0xff, 0xbb, 0xfa, 0xfb, 0xfe, 0xee, 0xef, 0xaf, 0xff, 0xbe, 0xff, 0xbe, 0xeb, 0xfb, 0xfb,
    0xff, 0xfb, 0xfa, 0xfb, 0xff, 0xef, 0xaf, 0xef, 0xef, 0xbf, 0xfb, 0xef, 0xbf, 0xbe, 0xfb, 0xfe, 0xbf, 0xbe, 0xff, 0xfb, 0xef, 0xeb, 0xfe, 0xfb,
    0xef, 0xbe, 0xff, 0xbf, 0xef, 0xbe, 0xbe, 0xfb, 0xba, 0xee, 0xff, 0xbe, 0xfb, 0xae, 0xeb, 0xef, 0xbe, 0xff, 0xfe, 0xfe, 0xab, 0xbf, 0xbe, 0xff,
    0xe6, 0xaa, 0x6f, 0xff, 0xd6, 0x66, 0x6f, 0xff, 0xff, 0xff, 0xff, 0xff, 0xfb, 0xff, 0xef, 0xf4, 0x2f, 0xab, 0xaf, 0xba, 0xd5, 0x51, 0x51, 0x90,
    0xa7, 0xa6, 0xb8, 0x69, 0x91, 0x5a, 0xe0, 0x00, 0x07, 0xaf, 0xaa, 0xe6, 0x41, 0x07, 0xd0, 0x07, 0x40, 0x00, 0x01, 0x07, 0xd0, 0x00, 0x00, 0x14,
    0x51, 0x50, 0x1f, 0x46, 0x91, 0xae, 0xff, 0xab, 0xe0, 0x01, 0x80, 0x07, 0xed, 0x14, 0x1b, 0xd1, 0xa4, 0x0b, 0xaa, 0xe7, 0xe5, 0x5a, 0x7e, 0x00,
    0x2b, 0xfe, 0x1a, 0x50, 0x00, 0x00, 0x00, 0x41, 0x00, 0x00, 0x04, 0x01, 0x50, 0x02, 0xfc, 0x00, 0x01, 0x40, 0x7f, 0x83, 0xd0, 0x10, 0xb8, 0x00,
    0x00, 0x15, 0x51, 0xfe, 0xbf, 0xbf, 0xbf, 0xfe, 0xff, 0xeb, 0xef, 0xeb, 0xfe, 0xff, 0xbe, 0xba, 0xfb, 0xfe, 0xaf, 0xef, 0xbe, 0xeb, 0xef, 0xfe,
    0xfb, 0xfe, 0xff, 0xfb, 0xef, 0xfe, 0xbf, 0xfb, 0xef, 0xbf, 0xef, 0xef, 0xeb, 0xfa, 0xff, 0xef, 0xbe, 0xbf, 0xfe, 0xff, 0xbe, 0xff, 0xbf, 0xbf,
    0xeb, 0xfb, 0xef, 0xbe, 0xfe, 0xfb, 0xbf, 0xbe, 0xfe, 0xfa, 0xef, 0xbe, 0xff, 0xaf, 0xfb, 0xff, 0xbf, 0xbf, 0xfb, 0xeb, 0xbf, 0xef, 0xbb, 0xbe,
    0xfa, 0xfe, 0xbe, 0xbb, 0xea, 0xfb, 0xbe, 0xab, 0xea, 0xef, 0xbf, 0xba, 0xef, 0xee, 0xfb, 0xd6, 0xba, 0x9b, 0xfb, 0x6a, 0x59, 0x7f, 0xff, 0xff,
    0xff, 0xff, 0xff, 0xff, 0xff, 0xff, 0xfe, 0x1f, 0xfe, 0xfe, 0xfe, 0xaa, 0x11, 0x44, 0x50, 0xa6, 0xda, 0xb5, 0xb9, 0x05, 0x42, 0xe0, 0x00, 0x02,
    0xeb, 0xeb, 0xb9, 0x90, 0x06, 0x90, 0x16, 0x90, 0x00, 0x01, 0x0b, 0x80, 0x00, 0x00, 0x55, 0x55, 0x14, 0x05, 0x0f, 0xd2, 0xeb, 0xfa, 0xaa, 0xe4,
    0x0b, 0xe0, 0x06, 0xe5, 0x41, 0x1a, 0xe1, 0x40, 0x07, 0xef, 0x9b, 0x96, 0xa5, 0x7d, 0x00, 0x02, 0xff, 0x4a, 0x04, 0x00, 0x00, 0x00, 0x19, 0x00,
    0x05, 0x05, 0x02, 0xd0, 0x01, 0x54, 0x00, 0x02, 0x40, 0x7f, 0xc1, 0xe0, 0x01, 0xf8, 0x05, 0x00, 0x01, 0x91, 0xae, 0xeb, 0xfb, 0xfe, 0xbe, 0xbe,
    0xff, 0xbf, 0xbe, 0xef, 0xae, 0xef, 0xfb, 0xeb, 0xaf, 0xee, 0xba, 0xff, 0xff, 0xfa, 0xef, 0xbe, 0xfe, 0xee, 0xff, 0xaf, 0xff, 0xfa, 0xff, 0xbf,
    0xfb, 0xeb, 0xeb, 0xbe, 0xfe, 0xbe, 0xff, 0xef, 0xff, 0xaf, 0xef, 0xbe, 0xfb, 0xff, 0xab, 0xff, 0xaf, 0xee, 0xfb, 0xef, 0xef, 0xbb, 0xff, 0xff,
    0xef, 0xee, 0xff, 0xbf, 0xbf, 0xef, 0xbf, 0xef, 0xfa, 0xfb, 0xff, 0xbf, 0xfb, 0xff, 0xef, 0xbf, 0xef, 0xbe, 0xfe, 0xef, 0xbf, 0xea, 0xfb, 0xbe,
    0xfb, 0xeb, 0xbe, 0xfa, 0xff, 0xeb, 0x5a, 0xfe, 0xab, 0xfe, 0xa6, 0x65, 0xff, 0xff, 0xff, 0xff, 0xff, 0xff, 0xff, 0xfe, 0x6a, 0xbf, 0x8b, 0xfe,
    0xe5, 0xab, 0xaa, 0x05, 0x05, 0x40, 0x97, 0x9a, 0xe6, 0xaa, 0x04, 0x16, 0xa4, 0x00, 0x01, 0xbe, 0xab, 0xae, 0x60, 0x00, 0x01, 0x06, 0xd4, 0x00,
    0x01, 0x1a, 0x40, 0x00, 0x00, 0x05, 0x05, 0x54, 0x00, 0x05, 0x42, 0xaf, 0xbe, 0xaa, 0xb0, 0x06, 0xf4, 0x07, 0xe1, 0x45, 0x01, 0x90, 0x00, 0x07,
    0xd5, 0x6e, 0xaa, 0xb9, 0x6d, 0x00, 0x00, 0x6f, 0x81, 0x54, 0x00, 0x00, 0x00, 0x2e, 0x00, 0x2f, 0x41, 0x41, 0x40, 0x60, 0x00, 0x0b, 0x40, 0x54,
    0x7f, 0xd0, 0x50, 0x14, 0x10, 0x07, 0xd0, 0x05, 0x04, 0xba, 0xfe, 0xbf, 0xaf, 0xeb, 0xee, 0xfe, 0xbb, 0xbe, 0xfb, 0xff, 0xeb, 0xef, 0xbe, 0xfb,
    0xfe, 0xbf, 0xeb, 0xfb, 0xbf, 0xef, 0xef, 0xaf, 0xfa, 0xef, 0xff, 0xfe, 0xef, 0xef, 0xfa, 0xfa, 0xff, 0xbf, 0xbf, 0xaf, 0xaf, 0xeb, 0xef, 0xbb,
    0xff, 0xef, 0xfb, 0xef, 0xba, 0xff, 0xbe, 0xfe, 0xfe, 0xef, 0xae, 0xff, 0xfb, 0xef, 0xbf, 0xbf, 0xaf, 0xeb, 0xeb, 0xfa, 0xfb, 0xeb, 0xee, 0xff,
    0xbe, 0xbe, 0xfb, 0xbe, 0xee, 0xfb, 0xef, 0xaf, 0xbe, 0xbe, 0xef, 0xae, 0xef, 0xaf, 0xbe, 0xba, 0xfb, 0xee, 0xbf, 0xfb, 0xee, 0x6a, 0xfe, 0xa6,
    0xf9, 0x86, 0x93, 0xff, 0xff, 0xff, 0xff, 0xfe, 0xff, 0xff, 0xf4, 0x55, 0x52, 0xe6, 0xaf, 0x80, 0x05, 0x67, 0x44, 0x50, 0x00, 0xaa, 0x6a, 0xea,
    0xa9, 0x10, 0x52, 0xe0, 0x00, 0x00, 0xa5, 0x15, 0xaa, 0xa8, 0x00, 0x14, 0x05, 0x44, 0x00, 0x00, 0x1d, 0x00, 0x00, 0x00, 0x05, 0x55, 0x54, 0x00,
    0x00, 0x06, 0xbf, 0xed, 0x5a, 0xb4, 0x40, 0x40, 0x06, 0xe0, 0x14, 0x00, 0x00, 0x00, 0x0b, 0x96, 0xae, 0xeb, 0xaa, 0x7c, 0x00, 0x00, 0x0f, 0x84,
    0x7d, 0x01, 0x40, 0x00, 0x1d, 0x00, 0x7f, 0x80, 0x40, 0x01, 0xf4, 0x00, 0x1f, 0x40, 0x54, 0x1f, 0x59, 0x14, 0x24, 0x00, 0x06, 0x90, 0x15, 0x44,
    0x6f, 0xae, 0xef, 0xaf, 0xbf, 0xeb, 0xaf, 0xfb, 0xff, 0xbe, 0xfb, 0xff, 0xef, 0xbe, 0xfb, 0xbb, 0xfa, 0xbe, 0xbb, 0xff, 0xfe, 0xff, 0xfb, 0xff,
    0xfe, 0xbf, 0xfe, 0xef, 0xbf, 0xef, 0xbf, 0xfe, 0xfe, 0xfb, 0xff, 0xef, 0xef, 0xbf, 0xbe, 0xfa, 0xfe, 0xfb, 0xff, 0xbf, 0xfb, 0xeb, 0xfa, 0xfb,
    0xae, 0xfa, 0xfa, 0xef, 0xbe, 0xfb, 0xfb, 0xef, 0xbf, 0xef, 0xaf, 0xbe, 0xfe, 0xfe, 0xbf, 0xbe, 0xfb, 0xef, 0xbe, 0xef, 0xbe, 0xbf, 0xbe, 0xeb,
    0xaa, 0xab, 0xae, 0xbe, 0xbe, 0xfb, 0xef, 0xbe, 0xaf, 0xaf, 0xbe, 0xf9, 0xab, 0xaf, 0x99, 0xb6, 0x86, 0x8b, 0xff, 0xff, 0xff, 0xff, 0xff, 0xff,
    0xfb, 0xf6, 0xea, 0xa9, 0xaa, 0xfa, 0x45, 0x40, 0x1f, 0xd0, 0x50, 0x00, 0x69, 0xaa, 0xaa, 0xa9, 0x40, 0x42, 0x90, 0x00, 0x00, 0x55, 0x54, 0x51,
    0x49, 0x00, 0x7d, 0x05, 0x14, 0x00, 0x06, 0xad, 0x00, 0x00, 0x00, 0x14, 0x51, 0x50, 0x00, 0x00, 0x06, 0xfe, 0xf8, 0x41, 0xb8, 0x00, 0x00, 0x02,
    0xe5, 0x24, 0x50, 0x00, 0x00, 0x0b, 0xfb, 0xba, 0xee, 0xfd, 0x78, 0x00, 0x14, 0x0b, 0x84, 0x69, 0x02, 0xd0, 0x00, 0x04, 0x40, 0x1a, 0x40, 0x10,
    0x01, 0xd0, 0x00, 0x01, 0x00, 0x15, 0x05, 0x7f, 0x94, 0x10, 0x00, 0x00, 0x00, 0x2f, 0x91, 0x2e, 0xfe, 0xeb, 0xfb, 0xfa, 0xff, 0xbe, 0xfe, 0xfb,
    0xee, 0xbb, 0xff, 0xbe, 0xfb, 0xaf, 0xbb, 0xfb, 0xaf, 0xff, 0xef, 0xbf, 0xba, 0xfb, 0xef, 0xbf, 0xff, 0xfe, 0xba, 0xba, 0xaf, 0xbe, 0xbe, 0xef,
    0xef, 0xfb, 0xfb, 0xfe, 0xfb, 0xef, 0xef, 0xfe, 0xff, 0xbb, 0xef, 0xaf, 0xef, 0xaf, 0xaf, 0xfe, 0xff, 0xaf, 0xbe, 0xbf, 0xeb, 0xeb, 0xef, 0xfa,
    0xfe, 0xfe, 0xfe, 0xbe, 0xfb, 0xeb, 0xfb, 0xef, 0xbe, 0xfe, 0xeb, 0xaf, 0xfb, 0xfa, 0xeb, 0xeb, 0xfa, 0xbf, 0xab, 0xee, 0xae, 0xbf, 0xaa, 0xfb,
    0xff, 0xaf, 0xaa, 0x6f, 0xff, 0xe6, 0xab, 0x9a, 0x6f, 0xff, 0xff, 0xff, 0xff, 0xff, 0xfb, 0xff, 0xfa, 0xff, 0xfe, 0x97, 0xbf, 0x85, 0x55, 0x46,
    0xe0, 0x40, 0x00, 0x56, 0xab, 0xaa, 0xa9, 0x00, 0x4b, 0x40, 0x00, 0x04, 0x6f, 0xfe, 0xaa, 0x52, 0x41, 0xbe, 0x41, 0x14, 0x07, 0x41, 0xa4, 0x01,
    0x00, 0x00, 0x11, 0x45, 0x11, 0x40, 0x01, 0x07, 0xfe, 0xf4, 0x54, 0x74, 0x19, 0x00, 0x02, 0xd1, 0x55, 0x40, 0x00, 0x00, 0x1e, 0xbf, 0xfa, 0xfe,
    0xa9, 0xf4, 0x01, 0xbc, 0x07, 0xd1, 0x01, 0x42, 0x80, 0x00, 0x05, 0x64, 0x00, 0x00, 0x00, 0x00, 0x15, 0x55, 0x00, 0x00, 0x01, 0x00, 0xbf, 0xe1,
    0x40, 0x00, 0x00, 0x00, 0xbf, 0xe5, 0x1b, 0xef, 0xfa, 0xfb, 0xaf, 0xef, 0xfb, 0xae, 0xfa, 0xff, 0xba, 0xeb, 0xfb, 0xef, 0xfe, 0xfe, 0xbf, 0xfe,
    0xeb, 0xef, 0xbf, 0xbf, 0xff, 0xef, 0xfa, 0xfb, 0xeb, 0xbf, 0xfb, 0xfb, 0xef, 0xef, 0xeb, 0xfe, 0xfa, 0xfa, 0xfb, 0xfa, 0xff, 0xef, 0xef, 0xaf,
    0xbf, 0xfb, 0xee, 0xfe, 0xff, 0xbe, 0xbf, 0xaf, 0xbf, 0xbf, 0xfb, 0xeb, 0xfe, 0xbe, 0xbf, 0xbe, 0xfa, 0xeb, 0xeb, 0xfb, 0xfe, 0xfb, 0xef, 0xff,
    0xef, 0xbe, 0xfa, 0xae, 0xba, 0xfe, 0xbb, 0xaf, 0xaa, 0xfb, 0xab, 0xbe, 0xaa, 0xba, 0xba, 0xaf, 0xea, 0xaa, 0xbb, 0xeb, 0xf9, 0x6e, 0xbd, 0x7f,
    0xff, 0xff, 0xff, 0xff, 0xff, 0xff, 0xff, 0xff, 0xff, 0xbe, 0xf6, 0xef, 0xd5, 0x14, 0x50, 0xb8, 0x00, 0x00, 0xaa, 0xab, 0xaa, 0xad, 0x00, 0x14,
    0x10, 0x00, 0x41, 0xba, 0xfb, 0xff, 0xe5, 0x91, 0x6a, 0x01, 0x54, 0x07, 0x85, 0x00, 0x07, 0x80, 0x04, 0x05, 0x45, 0x52, 0x40, 0x1a, 0xaf, 0xbf,
    0xf4, 0x44, 0x70, 0x2f, 0x40, 0x07, 0x81, 0x41, 0x44, 0x74, 0x00, 0x78, 0x06, 0xff, 0xaf, 0xab, 0xd9, 0x02, 0xfd, 0x02, 0xd1, 0x14, 0x50, 0x00,
    0x00, 0x01, 0xb4, 0x00, 0x00, 0x00, 0x01, 0xbf, 0xff, 0x40, 0x00, 0x00, 0x00, 0x7f, 0xf4, 0x40, 0x00, 0x00, 0x02, 0xff, 0xf4, 0x46, 0xfa, 0xbf,
    0xae, 0xba, 0xaa, 0xef, 0xbe, 0xbe, 0xba, 0xfb, 0xef, 0xeb, 0xee, 0xfe, 0xef, 0xea, 0xfa, 0xfe, 0xfb, 0xfb, 0xfe, 0xbb, 0xff, 0xfa, 0xbb, 0xef,
    0xfa, 0xff, 0xbe, 0xef, 0xbf, 0xbe, 0xbf, 0xbf, 0xbe, 0xfb, 0xbf, 0xef, 0xbf, 0xbf, 0xff, 0xff, 0xbf, 0xff, 0xef, 0xfb, 0xeb, 0xeb, 0xeb, 0xfb,
    0xeb, 0xeb, 0xbe, 0xbb, 0xeb, 0xbb, 0xef, 0xbf, 0xff, 0xff, 0xbe, 0xae, 0xbe, 0xba, 0xba, 0xfb, 0xbe, 0xbb, 0xef, 0xbf, 0xae, 0xab, 0xab, 0xee,
    0xaa, 0xba, 0xfa, 0xea, 0xff, 0xaf, 0xfa, 0xaa, 0xa9, 0x7e, 0xbf, 0xf8, 0xba, 0xf5, 0xff, 0xff, 0xff, 0xff, 0xff, 0xff, 0xff, 0xff, 0xfb, 0xfe,
    0xfe, 0xfe, 0xfb, 0xe5, 0x14, 0x54, 0x2d, 0x00, 0x00, 0xaa, 0xab, 0xba, 0xaa, 0x10, 0x11, 0x94, 0x04, 0x07, 0xff, 0xbb, 0xe9, 0xb9, 0x64, 0x15,
    0x01, 0x85, 0x00, 0x01, 0x40, 0x0b, 0xd0, 0x10, 0x00, 0x50, 0x56, 0x91, 0xbf, 0xfb, 0xeb, 0xb8, 0x41, 0x90, 0x19, 0x00, 0x1e, 0x14, 0x14, 0x54,
    0x24, 0x02, 0xe0, 0x01, 0xff, 0xff, 0xe6, 0x6c, 0x01, 0xbd, 0x01, 0xd1, 0x6e, 0x14, 0x00, 0x00, 0x00, 0x64, 0x00, 0x00, 0x00, 0x06, 0xff, 0xff,
    0xe4, 0x00, 0x01, 0x90, 0x7f, 0xf4, 0x50, 0x00, 0x00, 0x02, 0xff, 0xe9, 0x52, 0xfb, 0xab, 0xbf, 0xfb, 0xfa, 0xee, 0xfb, 0xef, 0xfe, 0xaf, 0xbe,
    0xbe, 0xfe, 0xee, 0xfa, 0xef, 0xaf, 0xfe, 0xff, 0xfb, 0xef, 0xfb, 0xbf, 0xff, 0xef, 0xfe, 0xff, 0xef, 0xfe, 0xfb, 0xbb, 0xff, 0xeb, 0xfb, 0xef,
    0xbe, 0xbf, 0xee, 0xfb, 0xba, 0xfa, 0xbe, 0xfa, 0xfb, 0xfb, 0xbe, 0xbf, 0xfe, 0xfb, 0xaf, 0xbe, 0xfe, 0xba, 0xfa, 0xef, 0xae, 0xef, 0xba, 0xfa,
    0xfa, 0xfe, 0xfb, 0xef, 0xbb, 0xbf, 0xab, 0xaf, 0xaf, 0xbb, 0xae, 0xaa, 0xea, 0xfa, 0xab, 0xae, 0xae, 0xab, 0xae, 0xaf, 0xaa, 0xaa, 0xaf, 0xa5,
    0xae, 0xaf, 0xa6, 0xeb, 0xe6, 0xff, 0xff, 0xff, 0xff, 0xff, 0xff, 0xff, 0xff, 0xfb, 0xbe, 0xff, 0xaf, 0xfb, 0xf9, 0x51, 0x45, 0x0b, 0x00, 0x00,
    0xaa, 0xba, 0xfa, 0xaa, 0x50, 0x01, 0xa4, 0x00, 0x2a, 0xef, 0xbe, 0xf5, 0x5b, 0x58, 0x00, 0x01, 0x45, 0x00, 0x00, 0x40, 0x06, 0x40, 0x00, 0x01,
    0x14, 0x50, 0x6b, 0xfa, 0xae, 0xaa, 0xbe, 0x11, 0x40, 0x00, 0x00, 0x2c, 0x16, 0x84, 0x15, 0x00, 0x1a, 0x40, 0x00, 0xbf, 0xfe, 0xe5, 0xbd, 0x00,
    0x14, 0x00, 0xd1, 0xbe, 0x44, 0x00, 0x00, 0x00, 0x15, 0x07, 0x80, 0x01, 0x6f, 0xff, 0xff, 0xfd, 0x00, 0x01, 0xf4, 0x1b, 0xe0, 0x24, 0x00, 0x19,
    0x01, 0xff, 0xd5, 0x11, 0xae, 0xfb, 0xeb, 0xae, 0xbf, 0xaf, 0xea, 0xeb, 0xaf, 0xba, 0xfa, 0xee, 0xeb, 0xfe, 0xbb, 0xef, 0xfe, 0xef, 0xef, 0xbf,
    0xaf, 0xbe, 0xbf, 0xfe, 0xef, 0xfa, 0xfa, 0xfb, 0xef, 0xbf, 0xfe, 0xef, 0xbf, 0xaf, 0xef, 0xaf, 0xee, 0xfe, 0xeb, 0xff, 0xbf, 0xbe, 0xff, 0xbe,
    0xbb, 0xef, 0xbe, 0xbe, 0xbe, 0xba, 0xfe, 0xae, 0xfb, 0xfe, 0xbe, 0xfe, 0xfb, 0xef, 0xbf, 0xaf, 0xeb, 0xef, 0xae, 0xbb, 0xef, 0xbb, 0xea, 0xea,
    0xba, 0xea, 0xfe, 0xee, 0xaa, 0xaa, 0xae, 0xaa, 0xab, 0xba, 0xea, 0xaa, 0xaa, 0xba, 0xa6, 0x9b, 0xa9, 0x5b, 0xaf, 0x8b, 0xff, 0xff, 0xff, 0xff,
    0xff, 0xff, 0xff, 0xff, 0xfb, 0xeb, 0xfb, 0x82, 0xbf, 0xbe, 0x55, 0x15, 0x47, 0x40, 0x10, 0xaa, 0xaf, 0xaa, 0xaa, 0xe0, 0x00, 0x15, 0x50, 0xbb,
    0xeb, 0xee, 0xba, 0x97, 0x95, 0x54, 0x00, 0x10, 0x00, 0x00, 0x50, 0x00, 0x00, 0x00, 0x01, 0x45, 0x55, 0x06, 0x54, 0x05, 0xae, 0xab, 0x50, 0x10,
    0x00, 0x00, 0x14, 0x52, 0x85, 0x45, 0x00, 0x10, 0x00, 0x00, 0x7f, 0xea, 0xbf, 0xfd, 0x00, 0x00, 0x01, 0x90, 0x19, 0x50, 0x00, 0x01, 0x00, 0x01,
    0x07, 0xd0, 0x01, 0xbf, 0xff, 0xff, 0xff, 0x81, 0x00, 0x75, 0x41, 0x40, 0x14, 0x00, 0x2d, 0x00, 0xbf, 0x91, 0x14, 0xbe, 0xab, 0xbe, 0xee, 0xeb,
    0xab, 0xae, 0xbe, 0xbb, 0xfb, 0xeb, 0xbe, 0xbe, 0xbe, 0xbe, 0xba, 0xfb, 0xef, 0xbe, 0xeb, 0xfa, 0xef, 0xef, 0xfa, 0xff, 0xff, 0xaf, 0xfb, 0xef,
    0xbe, 0xee, 0xfe, 0xff, 0xfe, 0xfb, 0xfb, 0xef, 0xbf, 0xef, 0xef, 0xbb, 0xff, 0xaf, 0xbf, 0xeb, 0xeb, 0xef, 0xab, 0xee, 0xfe, 0xeb, 0xee, 0xfe,
    0xaf, 0xba, 0xfb, 0xef, 0xaf, 0xbb, 0xee, 0xfb, 0xee, 0xfa, 0xfa, 0xee, 0xba, 0xea, 0xfa, 0xea, 0xeb, 0xaa, 0xaa, 0xaa, 0xea, 0xaa, 0xba, 0xfa,
    0xba, 0xaa, 0xaa, 0xfa, 0xf9, 0x5a, 0x66, 0x56, 0x5e, 0xfa, 0x6f, 0xff, 0xff, 0xff, 0xbf, 0xff, 0xff, 0xff, 0xff, 0xef, 0xff, 0xff, 0x92, 0xfb,
    0xeb, 0x94, 0x51, 0x51, 0x80, 0x10, 0xba, 0xee, 0xbe, 0xbf, 0xbd, 0x40, 0x00, 0x16, 0xeb, 0xab, 0xef, 0xbe, 0xa6, 0x9b, 0xfe, 0x40, 0x51, 0x00,
    0x00, 0x40, 0x10, 0x00, 0x00, 0x01, 0x4b, 0x91, 0x40, 0x00, 0x00, 0x06, 0xab, 0xd1, 0x10, 0x00, 0x00, 0x01, 0x51, 0x05, 0x41, 0x40, 0x00, 0x00,
    0x00, 0x2e, 0xa5, 0x5b, 0xfe, 0x00, 0x05, 0x02, 0x80, 0x14, 0x15, 0x00, 0x1f, 0x40, 0x01, 0x50, 0x00, 0x16, 0xff, 0xff, 0xff, 0xff, 0xe4, 0x05,
    0x15, 0x40, 0x00, 0x05, 0x00, 0x14, 0x00, 0x55, 0x01, 0x14, 0x6f, 0xae, 0xba, 0xfb, 0xeb, 0xef, 0xaf, 0xae, 0xfa, 0xeb, 0xaf, 0xbb, 0xeb, 0xfe,
    0xfb, 0xfb, 0xaf, 0xbf, 0xfb, 0xee, 0xbe, 0xee, 0xfa, 0xef, 0xbf, 0xfa, 0xfe, 0xbe, 0xfb, 0xef, 0xef, 0xbe, 0xfa, 0xfe, 0xba, 0xfa, 0xfb, 0xeb,
    0xee, 0xeb, 0xeb, 0xef, 0xaf, 0xeb, 0xfe, 0xbe, 0xfb, 0xff, 0xef, 0xef, 0xaf, 0xbf, 0xae, 0xeb, 0xef, 0xaf, 0xae, 0xba, 0xfa, 0xbe, 0xbe, 0xae,
    0xfb, 0xee, 0xbe, 0xfa, 0xfa, 0xae, 0xaa, 0xba, 0xab, 0xaa, 0xba, 0xaa, 0xbb, 0xaf, 0xae, 0xaa, 0xaa, 0xaa, 0xaa, 0xea, 0xaa, 0x69, 0x69, 0x7a,
    0xbd, 0xbf, 0xff, 0xff, 0xff, 0xff, 0xff, 0xff, 0xfb, 0xff, 0xee, 0x59, 0x5f, 0xf5, 0xee, 0xfb, 0xe5, 0x54, 0x10, 0x50, 0x10, 0xaf, 0xee, 0xfb,
    0xab, 0xaf, 0xaa, 0x56, 0xaf, 0xbe, 0xab, 0xbf, 0xaa, 0xe7, 0x6e, 0xab, 0x90, 0x15, 0x00, 0x00, 0x50, 0x00, 0x00, 0x00, 0x00, 0x1f, 0x91, 0x15,
    0x00, 0x00, 0x01, 0xaa, 0xe1, 0x50, 0x00, 0x00, 0x00, 0x65, 0x54, 0x69, 0x40, 0x00, 0x00, 0x00, 0x1f, 0xaa, 0xa5, 0xff, 0x40, 0x1f, 0x47, 0x80,
    0x01, 0xa4, 0x40, 0x05, 0x00, 0x50, 0x40, 0x00, 0x1b, 0xff, 0xff, 0xff, 0xff, 0xf9, 0x41, 0x04, 0x50, 0x00, 0x00, 0x40, 0x00, 0x00, 0x00, 0x00,
    0x51, 0x1e, 0xbe, 0xeb, 0xab, 0xba, 0xfb, 0xeb, 0xeb, 0xee, 0xae, 0xbe, 0xeb, 0xeb, 0xaf, 0xba, 0xff, 0xae, 0xfa, 0xef, 0xbe, 0xff, 0xbe, 0xbe,
    0xff, 0xfa, 0xfb, 0xef, 0xef, 0xbb, 0xef, 0xbe, 0xfb, 0xef, 0xbf, 0xef, 0xae, 0xbf, 0xfa, 0xfb, 0xfa, 0xfa, 0xfb, 0xeb, 0xeb, 0xae, 0xef, 0xba,
    0xee, 0xba, 0xeb, 0xfe, 0xbb, 0xfe, 0xfb, 0xef, 0xae, 0xfa, 0xfb, 0xaf, 0xeb, 0xee, 0xbe, 0xaf, 0xef, 0xaa, 0xeb, 0xaf, 0xae, 0xbe, 0xba, 0xea,
    0xaa, 0xaa, 0xbe, 0xaa, 0xaa, 0xaa, 0xaa, 0xaa, 0xba, 0xfa, 0xaa, 0x55, 0x5a, 0xb9, 0xbb, 0xb6, 0xff, 0xff, 0xff, 0xff, 0xff, 0xff, 0xff, 0xff,
    0xbf, 0xfd, 0x56, 0x96, 0xf8, 0x7e, 0xaf, 0xf9, 0x05, 0x40, 0x00, 0x10, 0xfa, 0xae, 0xbf, 0xaa, 0xeb, 0xbf, 0xff, 0xef, 0xba, 0xaf, 0xb9, 0x55,
    0xa5, 0x2a, 0xba, 0xf4, 0x14, 0x50, 0x00, 0x10, 0x64, 0x00, 0x00, 0x00, 0x07, 0x94, 0x55, 0x40, 0x00, 0x00, 0xab, 0xd1, 0x40, 0x00, 0x18, 0x00,
    0x54, 0x74, 0x68, 0x40, 0x00, 0x03, 0x80, 0x0b, 0xba, 0x54, 0xff, 0x80, 0x3f, 0xc2, 0x40, 0x02, 0xf4, 0x40, 0x00, 0x06, 0xf8, 0x00, 0x01, 0x6f,
    0xff, 0xff, 0xff, 0xff, 0xff, 0xe0, 0x01, 0xe0, 0x00, 0x05, 0x00, 0x00, 0x00, 0x00, 0x00, 0x41, 0x4a, 0xba, 0xeb, 0xae, 0xba, 0xbe, 0xba, 0xfa,
    0xaf, 0xbe, 0xea, 0xfe, 0xbf, 0xbe, 0xbb, 0xeb, 0xfe, 0xfb, 0xae, 0xfb, 0xeb, 0xaf, 0xef, 0xfa, 0xff, 0xaf, 0xba, 0xfb, 0xfe, 0xbe, 0xfb, 0xeb,
    0xef, 0xeb, 0xef, 0xbf, 0xbe, 0xbf, 0xbb, 0xbe, 0xff, 0xbf, 0xfb, 0xbb, 0xea, 0xeb, 0xbf, 0xaf, 0xbe, 0xfe, 0xbb, 0xfa, 0xeb, 0xae, 0xba, 0xfb,
    0xeb, 0xeb, 0xaf, 0xbe, 0xbb, 0xeb, 0xee, 0xfa, 0xfe, 0xbf, 0xaa, 0xeb, 0xaa, 0xea, 0xba, 0xea, 0xaa, 0xea, 0xaa, 0xaa, 0xaa, 0xaa, 0xea, 0xaa,
    0xaa, 0xa9, 0x01, 0xaa, 0xa7, 0xeb, 0xd7, 0xff, 0xff, 0xff, 0xff, 0xff, 0xff, 0xff, 0xff, 0xff, 0xf9, 0xbf, 0xf9, 0x6e, 0x6e, 0x45, 0xbd, 0x14,
    0x00, 0x00, 0x10, 0xfb, 0xfb, 0xeb, 0xef, 0xbb, 0xee, 0xfa, 0xfb, 0xeb, 0xaf, 0xe1, 0xaa, 0x5a, 0x9b, 0xaa, 0xad, 0x15, 0x40, 0x00, 0x10, 0xbd,
    0x00, 0x00, 0x04, 0x11, 0x45, 0x91, 0x40, 0x00, 0x00, 0x6b, 0x81, 0x44, 0x00, 0x6d, 0x00, 0x15, 0xb8, 0x54, 0x50, 0x10, 0x01, 0x40, 0x0b, 0xd0,
    0x00, 0x7f, 0xe0, 0x2e, 0x40, 0x04, 0x00, 0x55, 0x14, 0x00, 0x0f, 0xfd, 0x19, 0x40, 0xbf, 0xff, 0xff, 0xff, 0xff, 0xff, 0xfe, 0x41, 0xa5, 0x00,
    0x2f, 0x00, 0x00, 0x00, 0x00, 0x00, 0x14, 0x46, 0xab, 0xfa, 0xea, 0xbf, 0xae, 0xbe, 0xbe, 0xba, 0xeb, 0xef, 0xae, 0xba, 0xff, 0xef, 0xbe, 0xff,
    0xaf, 0xbe, 0xef, 0xbf, 0xee, 0xfb, 0xaf, 0xeb, 0xfb, 0xfb, 0xfa, 0xfe, 0xfa, 0xef, 0xbf, 0xba, 0xfb, 0xbe, 0xbb, 0xeb, 0xeb, 0xfb, 0xaf, 0xaf,
    0xae, 0xbf, 0xba, 0xeb, 0xbe, 0xbb, 0xba, 0xef, 0xae, 0xbb, 0xee, 0xba, 0xbe, 0xfb, 0xba, 0xbe, 0xbe, 0xfb, 0xae, 0xba, 0xaa, 0xba, 0xba, 0xef,
    0xba, 0xfa, 0xaa, 0xaa, 0xaf, 0xaa, 0xaa, 0xba, 0xae, 0xaa, 0xaa, 0xaa, 0xaa, 0xaa, 0xaa, 0xaa, 0x94, 0x15, 0xa1, 0x5a, 0xfa, 0x9f, 0xff, 0xff,
    0xff, 0xff, 0xff, 0xff, 0xff, 0xfe, 0xff, 0xbf, 0xfe, 0xff, 0x9b, 0x59, 0x50, 0x5a, 0x55, 0x00, 0x00, 0x10, 0xba, 0xbe, 0xfa, 0xeb, 0xbe, 0xbe,
    0xfb, 0xbe, 0xea, 0xea, 0x97, 0xaf, 0x9b, 0xd7, 0x95, 0x6e, 0x41, 0x44, 0x00, 0x14, 0x14, 0x00, 0x04, 0x50, 0x04, 0x10, 0x51, 0x14, 0x00, 0x00,
    0x6f, 0x44, 0x14, 0x00, 0xbf, 0x40, 0x01, 0x69, 0x05, 0x50, 0x64, 0x00, 0x00, 0x1f, 0x80, 0x00, 0x1b, 0xfd, 0x05, 0x00, 0x2d, 0x00, 0x05, 0x10,
    0x00, 0x0b, 0xfd, 0x0b, 0x45, 0xff, 0xff, 0xff, 0xff, 0xff, 0xff, 0xff, 0xf8, 0x05, 0x04, 0x1f, 0x00, 0x00, 0x78, 0x00, 0x00, 0x14, 0x51, 0xae,
    0xbe, 0xba, 0xbb, 0xab, 0xee, 0xbe, 0xba, 0xee, 0xbe, 0xab, 0xeb, 0xaf, 0xae, 0xbe, 0xaf, 0xba, 0xfa, 0xeb, 0xfa, 0xef, 0xbe, 0xff, 0xfe, 0xfb,
    0xaf, 0xae, 0xae, 0xeb, 0xeb, 0xab, 0xbe, 0xbe, 0xba, 0xfb, 0xef, 0xfb, 0xeb, 0xfb, 0xfb, 0xff, 0xeb, 0xfa, 0xfb, 0xaf, 0xeb, 0xee, 0xeb, 0xaf,
    0xee, 0xaf, 0xbe, 0xfb, 0xaf, 0xaf, 0xae, 0xba, 0xfb, 0xeb, 0xeb, 0xaf, 0xab, 0xef, 0xae, 0xba, 0xaa, 0xbe, 0xaa, 0xaa, 0xaa, 0xaa, 0xaa, 0xaa,
    0xaa, 0xaa, 0xaa, 0xaa, 0xaa, 0xaa, 0xa9, 0x01, 0x05, 0x41, 0xba, 0xbe, 0x7f, 0xff, 0xff, 0xff, 0xff, 0xff, 0xff, 0xff, 0xff, 0xff, 0xff, 0x9b,
    0xba, 0xff, 0x9d, 0x15, 0x45, 0x41, 0x40, 0x04, 0x10, 0xff, 0xae, 0xbf, 0xbf, 0xaf, 0xbe, 0xbf, 0xbe, 0xfe, 0xbf, 0x5e, 0xba, 0xe6, 0xd6, 0x56,
    0x5a, 0x54, 0x54, 0x00, 0x04, 0x00, 0x00, 0x01, 0xf4, 0x05, 0x05, 0x55, 0x15, 0x00, 0x00, 0x7e, 0x10, 0x51, 0x00, 0x2a, 0x80, 0x05, 0x05, 0x65,
    0x04, 0x00, 0x00, 0x00, 0x6e, 0x00, 0x00, 0x01, 0xfe, 0x00, 0x40, 0x2f, 0x90, 0x01, 0x90, 0x00, 0x07, 0xf8, 0x06, 0x87, 0xff, 0xff, 0xff, 0xff,
    0xff, 0xff, 0xff, 0xff, 0x90, 0x40, 0x05, 0x00, 0x00, 0x7c, 0x00, 0x00, 0x05, 0x10, 0xaa, 0xfa, 0xbe, 0xba, 0xba, 0xaa, 0xba, 0xfe, 0xeb, 0xbe,
    0xfa, 0xef, 0xaf, 0xab, 0xeb, 0xee, 0xbb, 0xfa, 0xfa, 0xfb, 0xeb, 0xae, 0xfa, 0xef, 0xbf, 0xee, 0xbe, 0xfb, 0xef, 0xbe, 0xba, 0xaf, 0xaf, 0xaf,
    0xeb, 0xfa, 0xfe, 0xbf, 0xfa, 0xfb, 0xaf, 0xeb, 0xaf, 0xbe, 0xea, 0xea, 0xee, 0xbe, 0xea, 0xef, 0xbb, 0xee, 0xeb, 0xea, 0xea, 0xeb, 0xaf, 0xaa,
    0xba, 0xbb, 0xea, 0xbe, 0xaa, 0xaa, 0xaa, 0xaa, 0xaa, 0xaa, 0xaa, 0xba, 0xea, 0xaa, 0xaa, 0xaa, 0xaa, 0xaa, 0xaa, 0xaa, 0xaa, 0xa5, 0x50, 0x40,
    0x16, 0xae, 0xb9, 0xbf, 0xff, 0xff, 0xff, 0xff, 0xff, 0xff, 0xff, 0xef, 0x5f, 0xff, 0x87, 0xff, 0xee, 0xbe, 0x15, 0x54, 0x54, 0x00, 0x00, 0x50,
    0xab, 0xef, 0xaf, 0xba, 0xfb, 0xef, 0xbe, 0xef, 0xba, 0xab, 0x5a, 0xfa, 0xe7, 0x9a, 0x79, 0x97, 0x6d, 0x14, 0x00, 0x04, 0x00, 0x10, 0x07, 0xf8,
    0x01, 0x64, 0x44, 0x51, 0x40, 0x01, 0xbe, 0x05, 0x11, 0x40, 0x00, 0x01, 0x41, 0x52, 0xf9, 0x54, 0x00, 0x00, 0x00, 0xbd, 0x00, 0x10, 0x00, 0x7e,
    0x01, 0xd0, 0x7f, 0x90, 0x01, 0x45, 0x00, 0x0b, 0xa8, 0x00, 0x4b, 0xff, 0xff, 0xff, 0xff, 0xff, 0xff, 0xff, 0xff, 0xfa, 0x50, 0x00, 0x00, 0x50,
    0x00, 0x00, 0x00, 0x05, 0x54, 0x6a, 0xaa, 0xaa, 0xfa, 0xba, 0xbb, 0xab, 0xea, 0xbb, 0xaa, 0xae, 0xbe, 0xfa, 0xfe, 0xbe, 0xaa, 0xeb, 0xab, 0xae,
    0xba, 0xba, 0xeb, 0xaf, 0xef, 0xbe, 0xfb, 0xfe, 0xff, 0xae, 0xfa, 0xff, 0xab, 0xeb, 0xee, 0xfe, 0xbf, 0xaf, 0xbe, 0xbf, 0xaf, 0xee, 0xfa, 0xfb,
    0xae, 0xfb, 0xbe, 0xbb, 0xae, 0xeb, 0xea, 0xfa, 0xba, 0xea, 0xea, 0xfb, 0xeb, 0xaa, 0xbe, 0xbe, 0xaa, 0xba, 0xaa, 0xaa, 0xaa, 0xaa, 0xaa, 0xaa,
    0xaa, 0xaa, 0xaa, 0xaa, 0xaa, 0xaa, 0xaa, 0xaa, 0xaa, 0xaa, 0xaa, 0x55, 0x90, 0x54, 0x01, 0x0a, 0xbe, 0xe6, 0xff, 0xff, 0xff, 0xff, 0xff, 0xff,
    0xff, 0xff, 0xfd, 0x05, 0xaf, 0xe6, 0xef, 0xef, 0xba, 0x50, 0x51, 0x55, 0x00, 0x00, 0x00, 0x6a, 0xeb, 0xea, 0xfb, 0xeb, 0xaf, 0xae, 0xef, 0xbe,
    0xaa, 0x6b, 0xae, 0xaa, 0x69, 0xae, 0x57, 0x5a, 0x81, 0x40, 0x05, 0x01, 0xa9, 0x02, 0xb8, 0x01, 0xbd, 0x55, 0x00, 0x50, 0x06, 0xee, 0x05, 0x54,
    0x40, 0x00, 0x07, 0xd2, 0x52, 0xfe, 0x55, 0x00, 0x00, 0x01, 0xf8, 0x50, 0xb4, 0x29, 0x2d, 0x02, 0xe0, 0x6a, 0x00, 0x00, 0x41, 0x40, 0x00, 0x00,
    0x00, 0x1f, 0xff, 0xff, 0xff, 0xff, 0xff, 0xff, 0xff, 0xff, 0xff, 0xfa, 0xa5, 0x40, 0x00, 0x00, 0x00, 0x04, 0x00, 0x54, 0x1a, 0xea, 0xab, 0xea,
    0xab, 0xaa, 0xba, 0xab, 0xaa, 0xeb, 0xaf, 0xaa, 0xfa, 0xef, 0xaf, 0xfb, 0xee, 0xbb, 0xaf, 0xaf, 0xbe, 0xfb, 0xea, 0xfb, 0xeb, 0xaf, 0xab, 0xee,
    0xba, 0xeb, 0xae, 0xfa, 0xea, 0xfa, 0xfb, 0xeb, 0xaf, 0xba, 0xeb, 0xfe, 0xfe, 0xbe, 0xfb, 0xee, 0xbb, 0xbb, 0xba, 0xea, 0xbe, 0xbe, 0xae, 0xbb,
    0xee, 0xbe, 0xba, 0xaa, 0xbb, 0xeb, 0xaa, 0xee, 0xab, 0xaa, 0xaa, 0xaa, 0xaa, 0xaa, 0xaa, 0xaa, 0xae, 0xaa, 0xaa, 0xaa, 0xaa, 0xaa, 0xaa, 0xaa,
    0xaa, 0xa9, 0x69, 0x04, 0x00, 0x15, 0x28, 0x7b, 0xdb, 0xff, 0xff, 0xff, 0xff, 0xff, 0xff, 0xff, 0xff, 0xf9, 0xa5, 0x52, 0xf9, 0xfe, 0xbf, 0xfe,
    0x55, 0x45, 0x10, 0x00, 0x00, 0x10, 0x6e, 0xba, 0xae, 0xae, 0xbe, 0xba, 0xfb, 0xee, 0xae, 0x9a, 0x6a, 0xbe, 0x99, 0x75, 0xea, 0x96, 0x55, 0xa4,
    0x00, 0x01, 0x40, 0xfd, 0x00, 0x00, 0x01, 0x6d, 0x55, 0x44, 0x10, 0x0b, 0xf8, 0x04, 0x59, 0x50, 0x00, 0x1b, 0xb1, 0x46, 0xef, 0x45, 0x40, 0x40,
    0x01, 0xf4, 0x40, 0xb4, 0x2d, 0x1d, 0x01, 0x40, 0x00, 0x06, 0x90, 0x54, 0x50, 0x01, 0x54, 0x00, 0x1f, 0xff, 0xff, 0xff, 0xff, 0xff, 0xff, 0xff,
    0xff, 0xff, 0xff, 0xff, 0xea, 0x50, 0x00, 0x00, 0x00, 0x00, 0x45, 0x5a, 0xfa, 0xaa, 0xaa, 0xaf, 0xae, 0xaa, 0xaa, 0xae, 0xaa, 0xfa, 0xeb, 0xae,
    0xab, 0xaa, 0xeb, 0xae, 0xfa, 0xea, 0xfa, 0xab, 0xbe, 0xba, 0xef, 0xaf, 0xae, 0xbb, 0xaa, 0xfb, 0xbb, 0xae, 0xfe, 0xbe, 0xab, 0xaf, 0xbb, 0xeb,
    0xeb, 0xfa, 0xeb, 0xab, 0xaf, 0xbe, 0xbb, 0xbe, 0xfb, 0xae, 0xab, 0xae, 0xba, 0xeb, 0xea, 0xab, 0xba, 0xef, 0xaa, 0xaa, 0xab, 0xea, 0xaa, 0xeb,
    0xaf, 0xaa, 0xba, 0xaa, 0xaa, 0xaa, 0xaa, 0xaa, 0xaa, 0xaa, 0xaa, 0xaa, 0xaa, 0xaa, 0xa9, 0x66, 0xa6, 0xbe, 0x15, 0x00, 0x41, 0x64, 0xab, 0x6f,
    0xff, 0xff, 0xff, 0xff, 0xff, 0xff, 0xff, 0xff, 0xba, 0xbe, 0xb9, 0xbe, 0x6f, 0xfe, 0xfe, 0x55, 0x54, 0x15, 0x40, 0x00, 0x10, 0x5e, 0xa1, 0x5a,
    0xef, 0xbe, 0xef, 0xfb, 0xa9, 0x56, 0xe5, 0x2e, 0xaa, 0xa6, 0xa5, 0x6a, 0xe5, 0xa5, 0x6a, 0x41, 0x00, 0x50, 0x64, 0x00, 0x00, 0x00, 0x18, 0x44,
    0x28, 0x00, 0x2f, 0x90, 0x05, 0x1a, 0x14, 0x00, 0x0a, 0xf4, 0x16, 0xef, 0x40, 0x50, 0x50, 0x06, 0xd0, 0x14, 0x10, 0x00, 0x1e, 0x00, 0x00, 0x00,
    0x07, 0xf0, 0x14, 0x04, 0x02, 0xf8, 0x04, 0x6f, 0xff, 0xff, 0xff, 0xff, 0xff, 0xff, 0xff, 0xff, 0xff, 0xff, 0xff, 0xff, 0xf4, 0x00, 0x00, 0x14,
    0x10, 0x1f, 0x46, 0xaa, 0xaa, 0xaa, 0xea, 0xaa, 0xea, 0xae, 0xaa, 0xaa, 0xaa, 0xaa, 0xba, 0xfb, 0xae, 0xee, 0xba, 0xee, 0xbe, 0xeb, 0xeb, 0xab,
    0xfa, 0xee, 0xfe, 0xbf, 0xba, 0xfb, 0xaf, 0xba, 0xef, 0xaf, 0xaf, 0xbe, 0xbe, 0xbb, 0xfa, 0xfe, 0xbe, 0xfb, 0xef, 0xeb, 0xae, 0xbb, 0xaa, 0xaa,
    0xfa, 0xfb, 0xea, 0xea, 0xab, 0xae, 0xfa, 0xbb, 0xea, 0xae, 0xaa, 0xea, 0xaa, 0xab, 0xaa, 0xaa, 0xaa, 0xaa, 0xaa, 0xaa, 0xaa, 0xaa, 0xaa, 0xaa,
    0xaa, 0x65, 0xaa, 0xaa, 0xaa, 0x9a, 0xaa, 0x9b, 0xe5, 0x14, 0x00, 0x46, 0x9a, 0xad, 0x7f, 0xff, 0xff, 0xff, 0xff, 0xff, 0xff, 0xff, 0xff, 0xfb,
    0xab, 0xee, 0x6f, 0x5f, 0xff, 0xea, 0x50, 0x51, 0x54, 0x50, 0x00, 0x10, 0x5a, 0x56, 0xa6, 0xeb, 0xaa, 0xeb, 0xaf, 0xe6, 0xa5, 0x96, 0x2e, 0xef,
    0xaa, 0x9a, 0x6a, 0xa5, 0x96, 0x56, 0xa4, 0x00, 0x50, 0x00, 0x00, 0x00, 0x00, 0x45, 0x41, 0x29, 0x10, 0xba, 0x00, 0x00, 0x14, 0x04, 0x00, 0x00,
    0xa0, 0x01, 0x55, 0x55, 0x50, 0x00, 0x1b, 0x40, 0x10, 0x00, 0x00, 0x1e, 0x00, 0x00, 0x00, 0x01, 0xd0, 0x01, 0xa5, 0x01, 0xf9, 0x00, 0x7f, 0xff,
    0xff, 0xff, 0xff, 0xff, 0xff, 0xff, 0xff, 0xff, 0xff, 0xff, 0xff, 0xfd, 0x00, 0x01, 0x1d, 0x00, 0x05, 0x11, 0xab, 0xba, 0xaa, 0xba, 0xaa, 0xaa,
    0xaa, 0xaa, 0xaa, 0xaa, 0xee, 0xaa, 0xba, 0xbe, 0xee, 0xfb, 0xaa, 0xba, 0xeb, 0xbe, 0xfb, 0xfe, 0xba, 0xeb, 0xeb, 0xae, 0xbe, 0xbe, 0xbe, 0xba,
    0xab, 0xeb, 0xaa, 0xea, 0xee, 0xae, 0xae, 0xee, 0xba, 0xfa, 0xfa, 0xfa, 0xea, 0xeb, 0xea, 0xba, 0xaa, 0xae, 0xae, 0xae, 0xba, 0xeb, 0xaa, 0xba,
    0xae, 0xaa, 0xea, 0xaa, 0xba, 0xaa, 0xaa, 0xaa, 0xaa, 0xaa, 0xaa, 0xaa, 0xaa, 0xaa, 0xaa, 0xaa, 0xaa, 0xaa, 0x6a, 0xaa, 0xaa, 0x9a, 0x9b, 0x40,
    0x00, 0x41, 0x5a, 0xe7, 0xb5, 0xff, 0xff, 0xff, 0xff, 0xff, 0xff, 0xff, 0xff, 0xff, 0xfa, 0xfb, 0xef, 0xbb, 0x9f, 0xff, 0xfe, 0x14, 0x51, 0x44,
    0x54, 0x00, 0x50, 0x6e, 0x6a, 0xba, 0xba, 0xff, 0xba, 0xb9, 0xab, 0xad, 0x9a, 0x5a, 0xee, 0xba, 0xd5, 0x9b, 0xae, 0x65, 0x45, 0x69, 0x00, 0x14,
    0x00, 0x00, 0x00, 0x00, 0x01, 0x15, 0x0a, 0xba, 0xa8, 0x00, 0x00, 0x19, 0x54, 0x00, 0x00, 0x00, 0x05, 0x10, 0x51, 0x04, 0x01, 0x59, 0x00, 0x11,
    0x00, 0x00, 0x0f, 0x42, 0x40, 0x00, 0x50, 0x00, 0x01, 0xfa, 0x10, 0x74, 0x01, 0xbf, 0xff, 0xff, 0xff, 0xff, 0xff, 0xff, 0xff, 0xff, 0xff, 0xff,
    0xff, 0xff, 0xff, 0x40, 0x00, 0x09, 0x00, 0x04, 0x51, 0xab, 0xbe, 0xaa, 0xba, 0xaa, 0xab, 0xaa, 0xbf, 0xaa, 0xaa, 0xaa, 0xea, 0xaa, 0xfa, 0xae,
    0xab, 0xab, 0xab, 0xaf, 0xaa, 0xfb, 0xfa, 0xbb, 0xea, 0xaa, 0xea, 0xae, 0xea, 0xaa, 0xba, 0xfa, 0xba, 0xae, 0xee, 0xae, 0xba, 0xaa, 0xeb, 0xeb,
    0xaf, 0xbe, 0xab, 0xae, 0xee, 0xbe, 0xaf, 0xae, 0xae, 0xba, 0xae, 0xba, 0xaf, 0xaa, 0xeb, 0xaa, 0xbe, 0xaa, 0xba, 0xaa, 0xaa, 0xaa, 0xaa, 0xaa,
    0xaa, 0xaa, 0xaa, 0xaa, 0xaa, 0xaa, 0xaa, 0xaa, 0x96, 0xa9, 0x96, 0xa5, 0x55, 0x55, 0x05, 0x01, 0x14, 0x6a, 0xa6, 0xa7, 0xff, 0xff, 0xff, 0xff,
    0xff, 0xff, 0xff, 0xff, 0xff, 0xfe, 0xfe, 0xff, 0xb9, 0xae, 0xff, 0xfe, 0x05, 0x14, 0x15, 0x05, 0x54, 0x40, 0x69, 0x6a, 0x6f, 0xaf, 0xaa, 0xae,
    0xfa, 0x5e, 0xae, 0x6a, 0x9b, 0xae, 0xba, 0xd5, 0xa5, 0xbf, 0xa8, 0x55, 0x1a, 0x90, 0x05, 0x02, 0x80, 0x04, 0x00, 0x00, 0x50, 0x41, 0x55, 0x10,
    0x00, 0x00, 0x19, 0x2d, 0x00, 0x00, 0x00, 0x00, 0x55, 0x05, 0x15, 0x00, 0x00, 0x00, 0x01, 0x00, 0x10, 0x0b, 0x47, 0xd0, 0x00, 0x50, 0x00, 0x00,
    0x6f, 0x50, 0x10, 0x02, 0xff, 0xff, 0xff, 0xff, 0xff, 0xff, 0xff, 0xff, 0xff, 0xff, 0xff, 0xff, 0xff, 0xff, 0x81, 0x00, 0x00, 0x00, 0x05, 0x54,
    0x7a, 0xba, 0xaa, 0xbe, 0xaa, 0xaa, 0xaa, 0xbf, 0xaa, 0xba, 0xaa, 0xae, 0xea, 0xfe, 0xab, 0xba, 0xef, 0xeb, 0xaa, 0xeb, 0xae, 0xfa, 0xbe, 0xbe,
    0xbe, 0xbe, 0xeb, 0xab, 0xeb, 0xee, 0xae, 0xba, 0xea, 0xeb, 0xae, 0xbb, 0xab, 0xba, 0xae, 0xbe, 0xab, 0xae, 0xba, 0xea, 0xab, 0xaa, 0xfa, 0xeb,
    0xab, 0xaa, 0xaa, 0xaa, 0xae, 0xaa, 0xaa, 0xaa, 0xaa, 0xaa, 0xaa, 0xaa, 0xaa, 0xaa, 0xaa, 0xa9, 0xaa, 0xa9, 0xaa, 0x9a, 0xaa, 0xaa, 0x9a, 0xa9,
    0xa9, 0xaa, 0xa4, 0xb9, 0x00, 0x55, 0x41, 0x11, 0xaa, 0xaa, 0x9f, 0xff, 0xff, 0xff, 0xff, 0xff, 0xff, 0xff, 0xff, 0xff, 0xbf, 0xbe, 0xfb, 0xfe,
    0xae, 0xee, 0xaf, 0x81, 0x45, 0x51, 0x51, 0x45, 0x10, 0xb9, 0xa9, 0x47, 0xef, 0x90, 0x1e, 0xaf, 0x9a, 0xea, 0xab, 0xaa, 0xab, 0xab, 0xa5, 0x6a,
    0x6a, 0x95, 0x55, 0x05, 0xa9, 0x01, 0x43, 0xe0, 0x6e, 0x40, 0x01, 0x41, 0x50, 0x01, 0x00, 0x00, 0x00, 0x05, 0x15, 0x40, 0x00, 0x00, 0x00, 0x54,
    0x60, 0x54, 0x40, 0x00, 0x00, 0x01, 0x50, 0x79, 0x0b, 0x41, 0x90, 0x00, 0x00, 0x14, 0x00, 0x06, 0x45, 0x00, 0x17, 0xff, 0xff, 0xff, 0xff, 0xff,
    0xff, 0xff, 0xff, 0xff, 0xff, 0xff, 0xff, 0xff, 0xff, 0xd0, 0x06, 0x40, 0x40, 0x00, 0x69, 0x2a, 0xaa, 0xaa, 0xaa, 0xaa, 0xaa, 0xaa, 0xae, 0xaa,
    0xaa, 0xaa, 0xaa, 0xae, 0xba, 0xba, 0xaa, 0xaf, 0xfe, 0xba, 0xee, 0xae, 0xbb, 0xea, 0xae, 0xba, 0xbe, 0xaf, 0xaa, 0xba, 0xae, 0xae, 0xeb, 0xae,
    0xbb, 0xaa, 0xea, 0xfa, 0xba, 0xae, 0xfa, 0xea, 0xbe, 0xab, 0xae, 0xaa, 0xbe, 0xaa, 0xea, 0xab, 0xaa, 0xaa, 0xba, 0xba, 0xae, 0xaa, 0xaa, 0xaa,
    0xea, 0xaa, 0xaa, 0xaa, 0xaa, 0xaa, 0xaa, 0xaa, 0x6a, 0xaa, 0xaa, 0xaa, 0x5a, 0x99, 0x69, 0x6a, 0xa9, 0x96, 0xbd, 0x14, 0x50, 0x41, 0x56, 0xae,
    0xa9, 0x7f, 0xff, 0xff, 0xff, 0xff, 0xff, 0xff, 0xff, 0xff, 0xff, 0xff, 0xff, 0xfa, 0xfb, 0xef, 0xe9, 0x07, 0xe0, 0x54, 0x55, 0x51, 0x41, 0x10,
    0xa5, 0xaa, 0x96, 0xeb, 0x9a, 0x96, 0xff, 0x9a, 0xba, 0xeb, 0xaa, 0xfb, 0xba, 0xb8, 0x6a, 0x6e, 0x69, 0x92, 0xa9, 0x55, 0x00, 0x51, 0x51, 0xbf,
    0xd0, 0x00, 0x05, 0x45, 0x55, 0x54, 0x01, 0x40, 0x01, 0x50, 0x50, 0x07, 0x40, 0x00, 0x14, 0x65, 0x45, 0x40, 0x00, 0x00, 0x10, 0x40, 0x6d, 0x0a,
    0x00, 0x00, 0x00, 0x00, 0x15, 0x40, 0x00, 0x41, 0x40, 0x0b, 0xff, 0xff, 0xff, 0xff, 0xff, 0xff, 0xff, 0xff, 0xff, 0xff, 0xff, 0xff, 0xff, 0xff,
    0xe0, 0x1f, 0xe4, 0x01, 0x00, 0x6e, 0x0a, 0x9a, 0xaa, 0xaa, 0xaa, 0xab, 0xaa, 0xaa, 0xaa, 0xaa, 0xaa, 0xba, 0xaa, 0xab, 0xaa, 0xae, 0xbf, 0xfa,
    0xab, 0xae, 0xab, 0xaa, 0xba, 0xea, 0xaa, 0xba, 0xea, 0xab, 0xba, 0xeb, 0xaa, 0xea, 0xba, 0xaa, 0xba, 0xaa, 0xae, 0xaa, 0xea, 0xaa, 0xae, 0xab,
    0xea, 0xaa, 0xeb, 0xaa, 0xae, 0xaa, 0xfa, 0xaa, 0xeb, 0xaa, 0xaa, 0xaa, 0xea, 0xaa, 0xaa, 0xaa, 0xaa, 0xaa, 0xaa, 0xaa, 0xaa, 0xaa, 0xaa, 0xaa,
    0xa9, 0xaa, 0x66, 0xa9, 0x69, 0x96, 0xa6, 0x69, 0x9b, 0xe8, 0x11, 0x40, 0x14, 0x5a, 0x9a, 0xf9, 0xbf, 0xff, 0xff, 0xff, 0xff, 0xff, 0xff, 0xff,
    0xff, 0xff, 0xff, 0xff, 0xff, 0xef, 0xfb, 0xf8, 0x00, 0x69, 0x10, 0x14, 0x15, 0x15, 0x40, 0x5a, 0xaa, 0xa2, 0xea, 0xaa, 0xe9, 0x6b, 0x9e, 0xaa,
    0xea, 0xbb, 0xae, 0xba, 0xee, 0x55, 0x55, 0x59, 0x5b, 0xff, 0xa5, 0x40, 0x10, 0x00, 0x7a, 0xd0, 0x00, 0x02, 0x84, 0x14, 0x04, 0x00, 0x14, 0x04,
    0x69, 0x10, 0x1b, 0xa0, 0x00, 0x01, 0x05, 0x51, 0x15, 0x00, 0x00, 0x74, 0x14, 0x00, 0x1d, 0x00, 0x00, 0x0b, 0x40, 0x06, 0x90, 0x00, 0x14, 0x50,
    0x5f, 0xff, 0xff, 0xff, 0xff, 0xff, 0xff, 0xff, 0xff, 0xff, 0xff, 0xff, 0xff, 0xff, 0xff, 0xf4, 0x0b, 0xe0, 0x10, 0x10, 0x15, 0x46, 0xaa, 0xaa,
    0xaa, 0xaa, 0xab, 0xaa, 0xaa, 0xaa, 0xaa, 0xaa, 0xaa, 0xaa, 0xea, 0xaa, 0xaa, 0xaf, 0xfa, 0xaa, 0xaa, 0xeb, 0xaa, 0xbe, 0xaa, 0xeb, 0xaa, 0xaa,
    0xba, 0xab, 0xaa, 0xba, 0xaa, 0xeb, 0xae, 0xae, 0xaa, 0xae, 0xab, 0xeb, 0xaa, 0xea, 0xea, 0xaf, 0xaa, 0xab, 0xaa, 0xba, 0xaa, 0xaa, 0xaa, 0xaa,
    0xaa, 0xae, 0xaa, 0xaa, 0xaa, 0xaa, 0xaa, 0xaa, 0xaa, 0xa6, 0xaa, 0xaa, 0xaa, 0xa9, 0x96, 0x59, 0x96, 0xa5, 0x96, 0xa5, 0x96, 0x96, 0xaa, 0x9e,
    0x41, 0x51, 0x55, 0x04, 0x1a, 0x96, 0x96, 0xff, 0xff, 0xff, 0xff, 0xff, 0xff, 0xff, 0xff, 0xff, 0xff, 0xff, 0xbf, 0xff, 0xee, 0xbb, 0xbd, 0x00,
    0x16, 0x85, 0x44, 0x11, 0x00, 0x40, 0xaa, 0xaa, 0xa6, 0xf9, 0xaa, 0xaa, 0x6e, 0x9a, 0xae, 0xae, 0xbb, 0xae, 0xab, 0xaf, 0xea, 0xa5, 0x51, 0x5f,
    0xfa, 0xaa, 0xe4, 0x14, 0x00, 0x2f, 0x90, 0x00, 0x01, 0x44, 0x41, 0x45, 0x00, 0x78, 0x00, 0xbd, 0x14, 0x1b, 0xe0, 0x00, 0x00, 0x50, 0x14, 0x10,
    0x50, 0x00, 0x40, 0x04, 0x00, 0x78, 0x00, 0x00, 0x1f, 0x80, 0x5f, 0xf4, 0x00, 0x04, 0x14, 0x6f, 0xff, 0xff, 0xff, 0xff, 0xff, 0xff, 0xff, 0xff,
    0xff, 0xff, 0xff, 0xff, 0xff, 0xff, 0xfc, 0x01, 0x40, 0x59, 0x00, 0x05, 0x51, 0xf9, 0xaa, 0xaa, 0xaa, 0xaa, 0xaa, 0xaa, 0xaa, 0xbe, 0xaa, 0xaa,
    0xaa, 0xaa, 0xae, 0xab, 0xab, 0xea, 0xaa, 0xaa, 0xaa, 0xae, 0xab, 0xfa, 0xaa, 0xae, 0xaa, 0xba, 0xeb, 0xaa, 0xea, 0xae, 0xae, 0xaa, 0xea, 0xaa,
    0xaf, 0xaf, 0xfa, 0xba, 0xaa, 0xea, 0xbf, 0xaa, 0xaa, 0xba, 0xab, 0xab, 0xaa, 0xaa, 0xaa, 0xaa, 0xaa, 0xab, 0xaa, 0xaa, 0xaa, 0xaa, 0xaa, 0xaa,
    0xaa, 0xaa, 0xa9, 0x69, 0x69, 0xaa, 0x9a, 0xa5, 0xaa, 0xaa, 0x5a, 0x69, 0xa9, 0x55, 0x94, 0x11, 0x45, 0x11, 0x55, 0x46, 0x95, 0x5b, 0xff, 0xff,
    0xff, 0xff, 0xff, 0xff, 0xff, 0xff, 0xff, 0xff, 0xef, 0xff, 0xff, 0xff, 0xfe, 0xbe, 0x04, 0x01, 0x85, 0x45, 0x55, 0x54, 0x50, 0xaa, 0xae, 0xa6,
    0xf9, 0xaa, 0xba, 0x9f, 0xd7, 0xaa, 0xea, 0xaa, 0xeb, 0xae, 0xbe, 0xff, 0xff, 0xaa, 0xae, 0xfe, 0xae, 0xa9, 0x54, 0x00, 0x01, 0x00, 0x00, 0x00,
    0x44, 0x51, 0x41, 0x40, 0xa4, 0x00, 0x69, 0x41, 0x02, 0x80, 0x00, 0x00, 0x11, 0x45, 0x45, 0x50, 0x00, 0x00, 0x05, 0x00, 0xb0, 0x00, 0x00, 0x6f,
    0xd0, 0x7f, 0xf4, 0x00, 0x00, 0x50, 0xbf, 0xff, 0xff, 0xff, 0xff, 0xff, 0xff, 0xff, 0xff, 0xff, 0xff, 0xff, 0xff, 0xff, 0xff, 0xfe, 0x10, 0x00,
    0xbe, 0x00, 0x05, 0x01, 0xa9, 0xaa, 0xaa, 0xaa, 0xaa, 0xaa, 0xaa, 0xaa, 0xbe, 0xaa, 0xaa, 0xaa, 0xaa, 0xaa, 0xaa, 0xaa, 0xaa, 0xaa, 0xae, 0xaa,
    0xae, 0xaf, 0xfa, 0xab, 0xaa, 0xaa, 0xab, 0xaa, 0xae, 0xab, 0xea, 0xaa, 0xaa, 0xaa, 0xea, 0xaa, 0xab, 0xfa, 0xaa, 0xea, 0xaa, 0xae, 0xaa, 0xea,
    0xba, 0xea, 0xaa, 0xaa, 0xaa, 0xaa, 0xaa, 0xea, 0xaa, 0xaa, 0xaa, 0xaa, 0xaa, 0xaa, 0xa6, 0xaa, 0x96, 0xaa, 0xaa, 0xaa, 0xa5, 0xaa, 0x69, 0xa5,
    0xa5, 0xaa, 0x69, 0x64, 0x65, 0x41, 0x50, 0x50, 0x51, 0x51, 0x59, 0x55, 0x6f, 0xff, 0xff, 0xff, 0xff, 0xff, 0xff, 0xff, 0xff, 0xff, 0xff, 0xff,
    0xff, 0xea, 0xff, 0xff, 0xeb, 0x90, 0x00, 0x11, 0x51, 0x44, 0x05, 0x00, 0xaa, 0xaa, 0xa7, 0xa4, 0xaa, 0xaa, 0xab, 0x8b, 0xa5, 0xab, 0xae, 0xeb,
    0xae, 0xfb, 0xef, 0xbf, 0xff, 0xeb, 0xbe, 0xaa, 0xaf, 0x59, 0x00, 0x00, 0x00, 0x00, 0x40, 0x14, 0x14, 0x14, 0x00, 0x40, 0x00, 0x10, 0x45, 0x00,
    0x00, 0x00, 0x00, 0x51, 0x45, 0x15, 0x45, 0x00, 0x00, 0x01, 0x40, 0x50, 0x19, 0x00, 0x1f, 0x80, 0x1b, 0xd0, 0x00, 0x00, 0x42, 0xff, 0xff, 0xff,
    0xff, 0xef, 0xff, 0xff, 0xff, 0xff, 0xff, 0xff, 0xff, 0xff, 0xff, 0xff, 0xff, 0x40, 0x00, 0x7f, 0x40, 0x00, 0x64, 0x6a, 0xaa, 0xa6, 0x9a, 0xaa,
    0xa9, 0xaa, 0xaa, 0xbe, 0xaa, 0xaa, 0xae, 0xaa, 0xaa, 0xaa, 0xaa, 0xaa, 0xaa, 0xeb, 0xab, 0xaa, 0xbf, 0xfa, 0xaa, 0xaa, 0xaa, 0xaa, 0xaa, 0xaa,
    0xaa, 0xaa, 0xaa, 0xab, 0xaa, 0xaa, 0xbe, 0xaa, 0xaa, 0xaa, 0xab, 0xea, 0xaa, 0xaa, 0xaa, 0xea, 0xaa, 0xea, 0xaa, 0xaa, 0xaa, 0xaa, 0xaa, 0xaa,
    0xaa, 0xaa, 0xaa, 0xaa, 0xaa, 0xa6, 0x9a, 0xaa, 0x5a, 0x5a, 0x96, 0x6a, 0x66, 0xa5, 0x96, 0x59, 0x65, 0x96, 0x96, 0xfd, 0x15, 0x04, 0x56, 0x45,
    0x15, 0x19, 0x65, 0xff, 0xff, 0xff, 0xff, 0xff, 0xff, 0xff, 0xff, 0xff, 0xff, 0xff, 0xbf, 0xff, 0xd0, 0xbf, 0xff, 0xfe, 0xf4, 0x10, 0x40, 0x00,
    0x00, 0x51, 0x50, 0xaa, 0xba, 0xe7, 0xe1, 0xaa, 0xaf, 0x9b, 0x5a, 0x95, 0x2a, 0xba, 0xfa, 0xea, 0xfb, 0xff, 0xfe, 0xff, 0xa6, 0xbb, 0xd1, 0x06,
    0xd7, 0x40, 0x00, 0x00, 0x00, 0x18, 0x01, 0x44, 0x04, 0x50, 0x00, 0x00, 0x04, 0x64, 0x40, 0x01, 0x00, 0x00, 0x00, 0x11, 0x41, 0x45, 0x40, 0x00,
    0x00, 0x50, 0x00, 0x08, 0x00, 0x00, 0x00, 0x00, 0x4a, 0x49, 0x00, 0x07, 0xff, 0xff, 0xff, 0xff, 0xff, 0xff, 0xff, 0xff, 0xff, 0xff, 0xff, 0xff,
    0xff, 0xff, 0xff, 0xff, 0xd0, 0x00, 0x15, 0x01, 0x01, 0x54, 0x2a, 0xaa, 0xaa, 0x69, 0xaa, 0xaa, 0xaa, 0xaa, 0xbe, 0xaa, 0xaa, 0xba, 0xaa, 0xaa,
    0xaa, 0xaa, 0xaa, 0xaa, 0xaa, 0xaf, 0xfa, 0xab, 0xfe, 0xaa, 0xaa, 0xaa, 0xaa, 0xaa, 0xaa, 0xaa, 0xaa, 0xaa, 0xaa, 0xaa, 0xaa, 0xaa, 0xaa, 0xaa,
    0xaa, 0xbb, 0xfa, 0xaa, 0xaa, 0xaa, 0xaa, 0xaa, 0xaa, 0xaa, 0xaa, 0xaa, 0xaa, 0xaa, 0xaa, 0xaa, 0xaa, 0xaa, 0xaa, 0x69, 0xaa, 0x9a, 0xa5, 0xa6,
    0xa9, 0x69, 0x96, 0xa5, 0xa5, 0xa6, 0x5a, 0x65, 0x96, 0x9f, 0xf9, 0x15, 0x42, 0xff, 0x85, 0x45, 0x1a, 0x57, 0xff, 0xff, 0xff, 0xff, 0xff, 0xff,
    0xff, 0xff, 0xff, 0xff, 0xbf, 0xff, 0xff, 0x81, 0x6f, 0xff, 0xee, 0xf8, 0x10, 0x00, 0x00, 0x00, 0x01, 0x40, 0xaa, 0xa9, 0x5b, 0x96, 0xab, 0xea,
    0x5e, 0x7a, 0x6e, 0x5a, 0xab, 0xae, 0xba, 0xff, 0xbe, 0xff, 0xed, 0x19, 0xbf, 0x9a, 0x65, 0xe6, 0x55, 0x00, 0x00, 0x04, 0x7c, 0x05, 0x05, 0x44,
    0x50, 0x01, 0x90, 0x04, 0xb4, 0x50, 0x03, 0x85, 0x00, 0x00, 0x51, 0x54, 0x14, 0x50, 0x00, 0x00, 0x10, 0x00, 0x00, 0x40, 0x00, 0x00, 0x00, 0x0b,
    0x6e, 0x04, 0x2f, 0xff, 0xff, 0xff, 0xff, 0xff, 0xff, 0xff, 0xff, 0xff, 0xff, 0xff, 0xff, 0xff, 0xff, 0xff, 0xff, 0xe0, 0x40, 0x00, 0x00, 0x01,
    0x04, 0x1a, 0xaa, 0xaa, 0xaa, 0x5a, 0x9a, 0xa9, 0x6a, 0xaa, 0xaa, 0xaa, 0xaa, 0xaa, 0xaa, 0xaa, 0xaa, 0xaa, 0xaa, 0xaa, 0xab, 0xfa, 0xaa, 0xfa,
    0xaa, 0xaa, 0xaa, 0xaa, 0xaa, 0xaa, 0xaa, 0xaa, 0xea, 0xaa, 0xaa, 0xea, 0xaa, 0xae, 0xba, 0xaa, 0xab, 0xfa, 0xaa, 0xaa, 0xaa, 0xaa, 0xaa, 0xaa,
    0xaa, 0xaa, 0xaa, 0xaa, 0xaa, 0xaa, 0xa6, 0xaa, 0xaa, 0x6a, 0xaa, 0x96, 0x69, 0xa6, 0xa9, 0xa6, 0xa9, 0xa9, 0x9a, 0x6a, 0x66, 0xa6, 0x5a, 0xaa,
    0x5f, 0x94, 0x51, 0x47, 0xff, 0x85, 0x45, 0xa5, 0x5b, 0xff, 0xff, 0xff, 0xff, 0xff, 0xff, 0xff, 0xff, 0xff, 0xff, 0xf5, 0xff, 0xff, 0x85, 0xbf,
    0xef, 0xff, 0xbe, 0x40, 0x00, 0x00, 0x00, 0x00, 0x00, 0xea, 0xaa, 0x5a, 0x6a, 0xaa, 0xae, 0xa9, 0xaa, 0xbe, 0x96, 0xeb, 0xae, 0xab, 0xaf, 0xff,
    0xbe, 0xfd, 0xae, 0x5b, 0xd5, 0x69, 0x76, 0x6a, 0x40, 0x00, 0x01, 0xe9, 0x01, 0x10, 0x50, 0x44, 0x0b, 0xf9, 0x01, 0x54, 0x14, 0x01, 0x92, 0x49,
    0x00, 0x15, 0x05, 0x54, 0x90, 0x00, 0x00, 0x04, 0x00, 0x01, 0xe0, 0x05, 0x59, 0x00, 0x01, 0x15, 0x01, 0xbf, 0xff, 0xff, 0xff, 0xff, 0xff, 0xff,
    0xff, 0xff, 0xff, 0xff, 0xff, 0xff, 0xff, 0xff, 0xff, 0xff, 0xfd, 0x04, 0x10, 0x00, 0x64, 0x45, 0x1a, 0x6a, 0xaa, 0xaa, 0xaa, 0xaa, 0xa9, 0xa6,
    0x9a, 0xa9, 0xaa, 0xaa, 0xaa, 0xaa, 0xaa, 0xaa, 0xaa, 0xaa, 0xaa, 0xaa, 0xba, 0xaa, 0xba, 0xaa, 0xae, 0xaa, 0xaa, 0xaa, 0xaa, 0xaa, 0xaa, 0xaa,
    0xaa, 0xaa, 0xaa, 0xaa, 0xea, 0xaa, 0xaa, 0xaa, 0xaa, 0xaa, 0xaa, 0xaa, 0xaa, 0xaa, 0xaa, 0xaa, 0xaa, 0xaa, 0xaa, 0xaa, 0xaa, 0xa6, 0xaa, 0xaa,
    0x99, 0xa6, 0x5a, 0xa6, 0x9a, 0x5a, 0x56, 0x69, 0x65, 0xaa, 0x5a, 0x55, 0x65, 0x99, 0x6a, 0x9b, 0x40, 0x55, 0x4b, 0xfb, 0x91, 0x14, 0x55, 0x7f,
    0xff, 0xff, 0xff, 0xff, 0xff, 0xff, 0xff, 0xff, 0xff, 0xfe, 0xe0, 0x6a, 0xbf, 0x95, 0x69, 0x55, 0xab, 0xfb, 0x90, 0x41, 0x00, 0x00, 0x00, 0x00,
    0xeb, 0xaa, 0xaa, 0xaa, 0xaa, 0xee, 0x96, 0xab, 0xeb, 0xe5, 0xab, 0xaa, 0xeb, 0xfe, 0xfe, 0xaf, 0xfe, 0xa9, 0x56, 0xe6, 0x96, 0xb0, 0x5b, 0xe5,
    0x00, 0x00, 0x10, 0x00, 0x41, 0x11, 0x05, 0x0f, 0xfe, 0x0b, 0x01, 0x51, 0x00, 0x00, 0x19, 0x00, 0x01, 0x97, 0x95, 0x55, 0x00, 0x00, 0x05, 0x00,
    0x02, 0xf4, 0x1b, 0xfe, 0x00, 0x55, 0x00, 0x16, 0xff, 0xff, 0xff, 0xff, 0xff, 0xff, 0xff, 0xff, 0xff, 0xff, 0xff, 0xff, 0xff, 0xff, 0xff, 0xff,
    0xff, 0xff, 0x00, 0x00, 0x00, 0xbd, 0x55, 0x06, 0xaa, 0x6a, 0xaa, 0xa6, 0xbe, 0x6a, 0xa9, 0xa9, 0xaa, 0x9a, 0xa6, 0xaa, 0xab, 0xea, 0xaa, 0xaa,
    0xaa, 0xaa, 0xaa, 0xaa, 0xae, 0xaa, 0xaa, 0xaa, 0xaa, 0xaa, 0xaa, 0xaa, 0xaa, 0xaa, 0xaa, 0xaa, 0xaa, 0xaa, 0xaa, 0xaa, 0xaa, 0xaa, 0xaa, 0xaa,
    0xaa, 0xaa, 0xaa, 0xaa, 0xaa, 0xaa, 0xaa, 0xaa, 0xaa, 0xaa, 0xaa, 0xaa, 0xaa, 0xa6, 0x5a, 0x99, 0xa6, 0xa6, 0x96, 0x59, 0x65, 0x6a, 0x56, 0x96,
    0x55, 0x95, 0x9a, 0x5a, 0x99, 0x55, 0x41, 0x45, 0x05, 0x07, 0xfb, 0xe9, 0x55, 0x65, 0xbf, 0xff, 0xff, 0xff, 0xff, 0xff, 0xff, 0xff, 0xff, 0xff,
    0xfb, 0x95, 0x05, 0x57, 0xe1, 0x68, 0x00, 0x00, 0x6f, 0xb8, 0x00, 0x00, 0x00, 0x00, 0x00, 0xfe, 0xe5, 0x96, 0xab, 0xae, 0xfa, 0x5a, 0xff, 0xff,
    0xbe, 0x5a, 0xba, 0xae, 0xbe, 0xfa, 0x95, 0xaf, 0xa6, 0xe1, 0xe5, 0x6a, 0xa4, 0x56, 0xba, 0x40, 0x00, 0x00, 0x00, 0x41, 0x01, 0x51, 0x06, 0xad,
    0x05, 0x01, 0x51, 0x40, 0x00, 0x1e, 0x00, 0x01, 0x55, 0x55, 0x54, 0x00, 0x00, 0x01, 0x00, 0x01, 0x64, 0x2f, 0xff, 0x82, 0xef, 0x40, 0x1f, 0xff,
    0xff, 0xff, 0xff, 0xff, 0xff, 0xff, 0xff, 0xff, 0xff, 0xff, 0xff, 0xff, 0xff, 0xff, 0xff, 0xff, 0xff, 0x81, 0x14, 0x00, 0x69, 0x24, 0x46, 0xa5,
    0xa6, 0xa6, 0x6b, 0xea, 0x6a, 0xaa, 0x69, 0x9a, 0x69, 0xa6, 0x6a, 0xaa, 0xaa, 0xaa, 0xaa, 0xaa, 0xaa, 0xaa, 0xaa, 0xae, 0xaa, 0xaa, 0xaa, 0xaa,
    0xaa, 0xaa, 0xaa, 0xaa, 0xaa, 0xab, 0xaa, 0xaa, 0xaa, 0xaa, 0xaa, 0xaa, 0xba, 0xaa, 0xaa, 0xaa, 0xaa, 0xaa, 0xaa, 0xaa, 0xaa, 0xaa, 0xaa, 0xaa,
    0xa6, 0x9a, 0x9a, 0xa9, 0x6a, 0xa6, 0xa6, 0x9a, 0x56, 0xaa, 0xa5, 0xa5, 0x96, 0x9a, 0x5a, 0x69, 0xa6, 0x96, 0x95, 0x65, 0x95, 0x10, 0x05, 0x55,
    0x12, 0xf9, 0x99, 0x59, 0x96, 0xff, 0xff, 0xff, 0xff, 0xff, 0xff, 0xff, 0xff, 0xff, 0xff, 0xbf, 0x9a, 0xaa, 0xa5, 0xb8, 0x14, 0x55, 0x10, 0x1a,
    0xfd, 0x01, 0x00, 0x00, 0x00, 0x00, 0xae, 0xe9, 0x5a, 0xbb, 0xbe, 0xbb, 0xff, 0xaa, 0xa9, 0x5b, 0x96, 0xea, 0xae, 0xff, 0xe5, 0xa5, 0x5f, 0xa5,
    0x56, 0xda, 0x9a, 0x4a, 0x50, 0x6a, 0xd1, 0x00, 0x40, 0x00, 0x10, 0x54, 0x11, 0x40, 0x04, 0x00, 0x01, 0x04, 0x50, 0x00, 0x05, 0x00, 0x01, 0x45,
    0x51, 0x50, 0x40, 0x00, 0x00, 0x40, 0x40, 0x00, 0x2f, 0xff, 0xd2, 0xff, 0x81, 0xbf, 0xff, 0xff, 0xff, 0xff, 0xff, 0xff, 0xff, 0xff, 0xff, 0xff,
    0xff, 0xff, 0xff, 0xff, 0xff, 0xff, 0xff, 0xff, 0xe0, 0xbd, 0x00, 0x00, 0x11, 0x41, 0xa9, 0xaa, 0xaa, 0x6a, 0xe6, 0x9a, 0x9a, 0x6a, 0x99, 0x65,
    0x6a, 0xa9, 0xa5, 0xaa, 0xaa, 0xaa, 0xaa, 0xa9, 0xaa, 0xaa, 0xa6, 0xaa, 0xaa, 0xaa, 0xaa, 0xaa, 0xaa, 0xaa, 0x6a, 0xaa, 0xaa, 0xa6, 0xaa, 0xaa,
    0xaa, 0xaa, 0xaa, 0xaa, 0xaa, 0xaa, 0x9a, 0xaa, 0xaa, 0xaa, 0xaa, 0xaa, 0x9a, 0xaa, 0xa6, 0x66, 0xa5, 0xa9, 0x5a, 0x69, 0xa5, 0x69, 0xa9, 0xa6,
    0x5a, 0x5a, 0x5a, 0x59, 0x96, 0x99, 0x66, 0x96, 0x65, 0x5a, 0x97, 0x96, 0x10, 0x14, 0x14, 0x50, 0x54, 0x25, 0xa6, 0x5b, 0xff, 0xff, 0xff, 0xff,
    0xff, 0xff, 0xff, 0xff, 0xff, 0xff, 0xef, 0xbf, 0xfe, 0xf8, 0x6e, 0x10, 0x55, 0x40, 0x00, 0x6f, 0x44, 0x00, 0x00, 0x00, 0x00, 0x6f, 0xbf, 0xbf,
    0xbe, 0xfb, 0xaa, 0xaf, 0xbf, 0x95, 0x56, 0xe2, 0xae, 0xeb, 0xef, 0xd6, 0xb9, 0x57, 0xf4, 0xaa, 0x1f, 0xe9, 0x6a, 0x65, 0x04, 0xba, 0x40, 0x00,
    0x01, 0x00, 0x05, 0x04, 0x50, 0x00, 0x00, 0x00, 0x50, 0x55, 0x00, 0x00, 0x00, 0x00, 0x54, 0x54, 0x65, 0x50, 0x00, 0x00, 0x50, 0xb4, 0x00, 0x7f,
    0xff, 0x82, 0xff, 0x46, 0xff, 0xff, 0xff, 0xff, 0xff, 0xff, 0xff, 0xff, 0xff, 0xff, 0xff, 0xff, 0xff, 0xff, 0xff, 0xff, 0xff, 0xff, 0xff, 0xf4,
    0x7e, 0x10, 0x00, 0x16, 0x81, 0x96, 0x5a, 0xaa, 0x6a, 0xe9, 0xa9, 0x6a, 0xa6, 0xaa, 0xaa, 0x9a, 0xaa, 0x6a, 0xa5, 0xa9, 0x6a, 0xaa, 0xa9, 0xaa,
    0xaa, 0xaa, 0xaa, 0xaa, 0xaa, 0xaa, 0xaa, 0xaa, 0xaa, 0xaa, 0xaa, 0xaa, 0x6a, 0x69, 0xaa, 0xa6, 0xaa, 0xaa, 0xaa, 0xaa, 0x6a, 0xea, 0xaa, 0x5a,
    0x6a, 0x69, 0x69, 0xaa, 0x6a, 0x6a, 0x69, 0x6a, 0x5a, 0x9a, 0x59, 0x6a, 0x69, 0xa5, 0xaa, 0x55, 0x59, 0x65, 0x65, 0x65, 0x99, 0xa5, 0x59, 0x69,
    0x9a, 0x9e, 0x45, 0x05, 0x10, 0x05, 0x41, 0x05, 0x26, 0x56, 0x7f, 0xff, 0xff, 0xff, 0xff, 0xff, 0xff, 0xff, 0xff, 0xff, 0xef, 0xff, 0xbb, 0xef,
    0xfd, 0x46, 0x55, 0x45, 0x41, 0x00, 0x2e, 0xd0, 0x00, 0x00, 0x00, 0x00, 0x6a, 0xfb, 0xab, 0xee, 0xaa, 0x95, 0xbe, 0xfb, 0xfe, 0x65, 0xe6, 0xae,
    0xba, 0xfb, 0x9a, 0xa5, 0xa6, 0xb9, 0xe0, 0xaa, 0xfe, 0x55, 0x96, 0x50, 0xab, 0xe5, 0x40, 0x55, 0x00, 0x01, 0x44, 0x04, 0x01, 0x40, 0x68, 0x05,
    0x05, 0x40, 0x00, 0x40, 0x00, 0x04, 0xb8, 0x79, 0x14, 0x06, 0x40, 0x10, 0x78, 0x00, 0x7f, 0xff, 0x46, 0xfe, 0x5f, 0xff, 0xff, 0xff, 0xff, 0xff,
    0xff, 0xff, 0xff, 0xff, 0xff, 0xff, 0xff, 0xff, 0xff, 0xff, 0xff, 0xff, 0xff, 0xff, 0xf8, 0x19, 0x00, 0x40, 0x07, 0x91, 0x6a, 0x6a, 0x66, 0xab,
    0xe5, 0xa5, 0xbf, 0xa9, 0xaa, 0xaa, 0x9b, 0xea, 0x6a, 0x9a, 0xaa, 0xaa, 0xa6, 0x6e, 0x69, 0xa6, 0xaa, 0x9a, 0x6a, 0xae, 0xaa, 0xaa, 0x6a, 0x6a,
    0x9a, 0x69, 0xaa, 0xaa, 0x9a, 0xa6, 0xa6, 0xaa, 0x9a, 0x6a, 0xaa, 0xa6, 0xa6, 0x96, 0x56, 0x9a, 0x95, 0xa6, 0x9a, 0xa6, 0x9a, 0x9a, 0x9a, 0x95,
    0xa9, 0xa6, 0x96, 0x96, 0x9a, 0x96, 0x56, 0x96, 0x96, 0x66, 0x69, 0x69, 0x59, 0x69, 0x95, 0xa6, 0x98, 0x00, 0x44, 0x1a, 0xa5, 0x51, 0x51, 0x55,
    0x59, 0xbf, 0xff, 0xff, 0xff, 0xff, 0xff, 0xff, 0xff, 0xff, 0xff, 0xff, 0xfb, 0xea, 0xfb, 0xbe, 0x51, 0x55, 0x55, 0x10, 0x01, 0x07, 0xd1, 0x00,
    0x00, 0x00, 0x00, 0x9b, 0xea, 0x56, 0xaf, 0xad, 0xaa, 0xfa, 0xfe, 0x56, 0xa9, 0xaa, 0xaa, 0xab, 0xfb, 0x9a, 0xe6, 0x69, 0xb9, 0xba, 0x9b, 0xaf,
    0xf9, 0x55, 0xa5, 0x45, 0xaa, 0xe4, 0x50, 0x00, 0x04, 0x41, 0x45, 0x03, 0xd1, 0xff, 0x01, 0x40, 0x14, 0x01, 0xe0, 0xa0, 0x00, 0xb5, 0x55, 0x05,
    0x0b, 0x86, 0x45, 0x00, 0x74, 0x1b, 0xfe, 0x00, 0xa9, 0xbf, 0xff, 0xff, 0xff, 0xff, 0xff, 0xff, 0xff, 0xff, 0xff, 0xff, 0xff, 0xff, 0xff, 0xff,
    0xff, 0xff, 0xff, 0xff, 0xff, 0xfe, 0x00, 0x04, 0x10, 0x02, 0xd0, 0x69, 0xa5, 0xa9, 0xaa, 0xe5, 0x5a, 0xae, 0x95, 0xa6, 0x96, 0xaa, 0xaa, 0xa9,
    0x9a, 0x5a, 0x59, 0x6a, 0x6a, 0x6a, 0xaa, 0x6a, 0xa9, 0xa5, 0xaa, 0x9a, 0x5a, 0x6a, 0xa9, 0xaa, 0x69, 0xaa, 0xaa, 0xa9, 0x69, 0x6a, 0xa6, 0xaa,
    0xaa, 0xa6, 0x9a, 0x59, 0x79, 0xa6, 0xa9, 0xae, 0x6a, 0x69, 0xaa, 0x59, 0xa9, 0xa9, 0x6a, 0x65, 0xa5, 0x95, 0x9a, 0x65, 0x56, 0x95, 0x55, 0x59,
    0x56, 0x59, 0x56, 0x59, 0x65, 0xa6, 0xa5, 0x95, 0x05, 0x04, 0x7f, 0xe0, 0x14, 0x16, 0x59, 0x66, 0xff, 0xff, 0xff, 0xff, 0xff, 0xff, 0xff, 0xff,
    0xff, 0xfe, 0x6f, 0xff, 0xee, 0xbb, 0xeb, 0x95, 0x14, 0x51, 0x54, 0x10, 0x01, 0xa0, 0x00, 0x00, 0x00, 0x10, 0x9a, 0xb5, 0xa5, 0x6b, 0xa9, 0xa9,
    0xaf, 0xb8, 0x69, 0xaa, 0xdb, 0xae, 0xbf, 0xbf, 0xda, 0xa6, 0x59, 0xb9, 0xb9, 0xbf, 0xb9, 0xbb, 0x95, 0x59, 0x90, 0x55, 0x9a, 0x40, 0x00, 0x00,
    0x45, 0x01, 0x40, 0x51, 0xbe, 0x00, 0x15, 0x11, 0x40, 0x60, 0x50, 0x00, 0x10, 0x41, 0x91, 0x06, 0x4b, 0xd0, 0x40, 0x64, 0x01, 0x50, 0x00, 0x06,
    0xff, 0xff, 0xff, 0xff, 0xff, 0xff, 0xff, 0xff, 0xff, 0xff, 0xff, 0xff, 0xff, 0xff, 0xff, 0xff, 0xff, 0xff, 0xff, 0xff, 0xff, 0x81, 0x01, 0xf4,
    0x01, 0x54, 0x69, 0x9a, 0x99, 0xa5, 0xa5, 0x56, 0x69, 0x56, 0x66, 0x9a, 0x5a, 0x9a, 0x5a, 0xa5, 0x6a, 0x9a, 0x9a, 0xa5, 0xa6, 0x96, 0xa5, 0x96,
    0xf9, 0x5a, 0x6a, 0xa9, 0xa6, 0x69, 0xa6, 0x9a, 0x96, 0xaa, 0x65, 0xaa, 0xaa, 0x6a, 0x5a, 0xa6, 0xa6, 0xaa, 0xaa, 0xb9, 0xa5, 0x65, 0xaa, 0x5a,
    0x69, 0x99, 0xa5, 0x96, 0x65, 0xa6, 0x59, 0x59, 0xaa, 0x59, 0x66, 0xa9, 0x5a, 0x59, 0x96, 0x95, 0x55, 0xa5, 0x96, 0x9a, 0x5a, 0x5a, 0x64, 0x14,
    0x11, 0xfe, 0xa8, 0x15, 0x59, 0x55, 0x5b, 0xff, 0xff, 0xff, 0xff, 0xff, 0xff, 0xff, 0xff, 0xff, 0xf8, 0x05, 0x5a, 0xf9, 0x15, 0xaf, 0xe0, 0x54,
    0x55, 0x05, 0x45, 0x00, 0x38, 0x00, 0x00, 0x05, 0x00, 0xdb, 0xe7, 0xaa, 0x9b, 0xf9, 0xa9, 0x1e, 0xa5, 0xea, 0xea, 0x5a, 0xaa, 0xfb, 0xfe, 0xe6,
    0xb9, 0x69, 0xb5, 0x96, 0xfb, 0xa6, 0xfa, 0xf9, 0x56, 0xa5, 0x55, 0x5a, 0x94, 0x00, 0x28, 0x04, 0x14, 0x14, 0x00, 0x1d, 0x00, 0x01, 0x54, 0x54,
    0x00, 0x00, 0x00, 0x14, 0x68, 0x51, 0x40, 0x0b, 0x90, 0x50, 0x01, 0x40, 0x05, 0xa4, 0x5b, 0xff, 0xff, 0xff, 0xff, 0xff, 0xff, 0xff, 0xff, 0xff,
    0xff, 0xff, 0xff, 0xff, 0xff, 0xff, 0xff, 0xff, 0xff, 0xff, 0xff, 0xff, 0xd0, 0x01, 0xfd, 0x01, 0x14, 0x19, 0xa9, 0x6a, 0x5a, 0x56, 0xaa, 0x55,
    0xa6, 0x95, 0x65, 0xa5, 0xa5, 0xaa, 0x6a, 0xa5, 0xaa, 0x95, 0x9a, 0x96, 0x59, 0x5a, 0x9a, 0xa6, 0x99, 0x65, 0x6a, 0xaa, 0x65, 0x69, 0xa6, 0xa9,
    0x66, 0xaa, 0x6a, 0x96, 0x99, 0xa9, 0x6a, 0x6a, 0x65, 0xa6, 0x5a, 0x6a, 0x5a, 0x56, 0x9a, 0x9a, 0x59, 0xa6, 0x66, 0x59, 0xa6, 0x9a, 0x95, 0x56,
    0x96, 0x56, 0x55, 0x55, 0x59, 0x55, 0x55, 0x96, 0x69, 0x65, 0x96, 0x59, 0x66, 0x64, 0x50, 0x41, 0xef, 0xa9, 0x00, 0x45, 0x56, 0x6f, 0xff, 0xff,
    0xff, 0xff, 0xff, 0xff, 0xff, 0xff, 0xff, 0xf5, 0xaa, 0x65, 0xbd, 0x05, 0x1a, 0xe8, 0x55, 0x05, 0x51, 0x55, 0x51, 0x19, 0x10, 0x01, 0x44, 0x10,
    0x9b, 0x9a, 0xaa, 0xea, 0xb9, 0xaa, 0x4b, 0xe5, 0xaa, 0xa5, 0x6b, 0xae, 0xbe, 0xef, 0xb9, 0xba, 0x59, 0xe6, 0x6f, 0xba, 0x6f, 0xef, 0xeb, 0xa5,
    0x25, 0x55, 0x05, 0x6e, 0x40, 0x2d, 0x00, 0x50, 0x40, 0x00, 0x00, 0x00, 0x01, 0x44, 0x14, 0x40, 0xa0, 0x00, 0x05, 0xbd, 0x14, 0x14, 0x01, 0x04,
    0x04, 0x02, 0xe0, 0x1f, 0xe0, 0x6f, 0xff, 0xff, 0xff, 0xff, 0xff, 0xff, 0xff, 0xff, 0xff, 0xff, 0xff, 0xff, 0xff, 0xff, 0xff, 0xff, 0xff, 0xff,
    0xff, 0xff, 0xff, 0xf4, 0x00, 0x2d, 0x00, 0x51, 0x19, 0x66, 0xa6, 0x69, 0x6a, 0xbf, 0xf9, 0x69, 0xaa, 0x65, 0xa9, 0x69, 0xa6, 0x9a, 0xa6, 0xa6,
    0xaa, 0xa6, 0xa6, 0xaa, 0x95, 0xa9, 0xa5, 0x9a, 0x9a, 0x65, 0x95, 0x96, 0x99, 0x65, 0x6a, 0x95, 0x96, 0x65, 0x59, 0x9a, 0x96, 0x99, 0x6a, 0x6a,
    0x59, 0x66, 0x95, 0x9a, 0x69, 0x65, 0xa5, 0x69, 0x65, 0xa5, 0x99, 0x59, 0x55, 0x66, 0x96, 0x56, 0x96, 0x56, 0x95, 0x56, 0x55, 0x99, 0x5a, 0x5a,
    0x65, 0x65, 0x65, 0xa5, 0x54, 0x55, 0x04, 0xbe, 0xb9, 0x55, 0x59, 0x55, 0xbf, 0xff, 0xff, 0xff, 0xff, 0xff, 0xff, 0xff, 0xff, 0xff, 0xf7, 0xfe,
    0xb9, 0x7e, 0x44, 0x01, 0xbd, 0x15, 0x50, 0x55, 0x14, 0x55, 0x46, 0x15, 0x14, 0x45, 0x00, 0xab, 0xae, 0xbe, 0xa9, 0xa9, 0xab, 0xd2, 0xe6, 0xae,
    0xb5, 0xab, 0xae, 0xbe, 0xff, 0xbf, 0xff, 0xe7, 0x85, 0x6a, 0x95, 0xbe, 0xfe, 0x9b, 0xbe, 0x50, 0x64, 0x55, 0x5b, 0x90, 0x00, 0x00, 0x05, 0x14,
    0x50, 0x00, 0x00, 0x00, 0x11, 0x41, 0x50, 0x64, 0x06, 0x90, 0x68, 0x55, 0x44, 0x00, 0x1e, 0x05, 0x07, 0xf8, 0x3f, 0xe1, 0xbf, 0xff, 0xff, 0xff,
    0xff, 0xff, 0xff, 0xff, 0xff, 0xff, 0xff, 0xff, 0xff, 0xff, 0xff, 0xff, 0xff, 0xff, 0xff, 0xff, 0xff, 0xff, 0xf9, 0x10, 0x14, 0x04, 0x15, 0x06,
    0x55, 0x5b, 0x95, 0xa6, 0xff, 0xf9, 0x95, 0x55, 0x9a, 0x5a, 0x6a, 0xa6, 0xa5, 0x9a, 0x55, 0xa9, 0x69, 0x66, 0x9a, 0x9a, 0x5a, 0x69, 0xa5, 0x9a,
    0x9a, 0x69, 0x9a, 0x96, 0x9a, 0x55, 0x9a, 0x69, 0x96, 0x59, 0x66, 0x59, 0x5a, 0x59, 0x96, 0x59, 0xa6, 0x96, 0x96, 0xa5, 0x66, 0x96, 0x56, 0x59,
    0x55, 0xa5, 0x96, 0x65, 0xa5, 0xa5, 0x69, 0x69, 0xa5, 0x65, 0x96, 0x59, 0x55, 0xa5, 0x55, 0x96, 0x59, 0x6a, 0x59, 0x54, 0x44, 0x14, 0x29, 0xa4,
    0x05, 0x65, 0x66, 0xff, 0xff, 0xff, 0xff, 0xff, 0xff, 0xff, 0xff, 0xff, 0xff, 0xfa, 0xf9, 0x6a, 0x5b, 0x84, 0x00, 0x1e, 0x45, 0x15, 0x45, 0x45,
    0x14, 0x55, 0x05, 0x45, 0x11, 0x40, 0x9b, 0xaa, 0xaa, 0xb9, 0xe5, 0xa5, 0xa5, 0xe6, 0xaa, 0xaa, 0xba, 0xab, 0xef, 0xfb, 0xff, 0xef, 0xe5, 0x55,
    0x45, 0x5b, 0xee, 0xf9, 0x7f, 0xef, 0x96, 0x55, 0xa5, 0x41, 0x49, 0x50, 0x00, 0x40, 0x15, 0x90, 0x00, 0x01, 0x80, 0x01, 0x04, 0x05, 0x00, 0x0b,
    0xe0, 0x15, 0x42, 0x85, 0x50, 0x2f, 0x40, 0x11, 0xbd, 0x2f, 0xd2, 0xff, 0xff, 0xff, 0xff, 0xff, 0xff, 0xff, 0xff, 0xff, 0xff, 0xff, 0xff, 0xff,
    0xff, 0xff, 0xff, 0xff, 0xff, 0xff, 0xff, 0xff, 0xff, 0xee, 0x10, 0x00, 0x00, 0x05, 0x46, 0x9a, 0x5b, 0x96, 0x56, 0xff, 0xf9, 0x96, 0xa5, 0x95,
    0x99, 0x96, 0x5a, 0x5a, 0x56, 0x5a, 0x56, 0x96, 0xa6, 0x5a, 0x6a, 0x96, 0x96, 0x66, 0x99, 0xa9, 0x5a, 0x69, 0x66, 0x99, 0x65, 0x96, 0x59, 0xa5,
    0xa6, 0xa5, 0x6a, 0xaa, 0x55, 0x99, 0x66, 0x99, 0x69, 0x65, 0x96, 0xa9, 0x65, 0xa6, 0x5a, 0x5a, 0x56, 0x96, 0x59, 0x59, 0x56, 0x96, 0x59, 0x65,
    0x59, 0x55, 0x65, 0x65, 0x59, 0xa5, 0x99, 0x56, 0x95, 0x65, 0x01, 0x55, 0x55, 0x01, 0x44, 0x16, 0x96, 0x5b, 0xff, 0xff, 0xff, 0xff, 0xff, 0xff,
    0xff, 0xff, 0xff, 0xff, 0xfe, 0xd5, 0x45, 0x57, 0xe5, 0x00, 0x06, 0xd1, 0x45, 0x14, 0x45, 0x11, 0x04, 0x54, 0x41, 0x51, 0x50, 0x5e, 0x6b, 0xea,
    0xa6, 0x96, 0x9a, 0x66, 0xe6, 0xe6, 0xee, 0xaa, 0xba, 0xef, 0xff, 0xee, 0xfe, 0xa9, 0xab, 0xd1, 0xbb, 0xef, 0x96, 0xfa, 0xf9, 0x64, 0x55, 0x56,
    0x54, 0x06, 0xe9, 0x00, 0x50, 0x01, 0x55, 0x00, 0x01, 0x80, 0x01, 0x15, 0x5a, 0x10, 0x0b, 0xd0, 0x04, 0x54, 0x51, 0x44, 0x06, 0x40, 0x00, 0x68,
    0x0a, 0x4b, 0xff, 0xff, 0xff, 0xff, 0xff, 0xff, 0xff, 0xff, 0xff, 0xff, 0xff, 0xff, 0xff, 0xff, 0xff, 0xff, 0xff, 0xff, 0xff, 0xff, 0xff, 0xfe,
    0xaf, 0x80, 0x00, 0x00, 0x01, 0x41, 0x9b, 0x95, 0x6a, 0x6a, 0xff, 0xa9, 0x56, 0xa9, 0x59, 0x59, 0xaa, 0x59, 0x69, 0x65, 0xaa, 0x59, 0x66, 0x96,
    0x9a, 0x65, 0x9a, 0x5a, 0x66, 0x5a, 0x55, 0xaa, 0x56, 0xa5, 0x65, 0x6a, 0x5a, 0xa9, 0x5a, 0x5a, 0x59, 0x95, 0x56, 0x9b, 0x99, 0xa6, 0x59, 0x65,
    0x69, 0x5a, 0x59, 0x65, 0x95, 0xa5, 0xa5, 0x65, 0x56, 0x99, 0x59, 0x65, 0x55, 0x95, 0x56, 0x95, 0x65, 0x65, 0x96, 0x59, 0x56, 0x55, 0x95, 0x55,
    0x40, 0x50, 0x15, 0x51, 0x44, 0x15, 0x6a, 0x99, 0x6f, 0xff, 0xff, 0xff, 0xff, 0xff, 0xfb, 0xff, 0xff, 0xff, 0xff, 0xfb, 0x95, 0x45, 0x51, 0xe4,
    0x00, 0x11, 0xf4, 0x45, 0x14, 0x51, 0x51, 0x54, 0x51, 0x51, 0x45, 0x00, 0x65, 0xae, 0xbe, 0x96, 0x6f, 0xaa, 0xa6, 0xe6, 0x51, 0xaa, 0xee, 0xae,
    0xbe, 0xfe, 0xff, 0xef, 0xab, 0xae, 0xb4, 0x2f, 0xe9, 0x6f, 0xaf, 0x96, 0x55, 0xbe, 0x56, 0x99, 0x51, 0x5b, 0x94, 0x00, 0x00, 0x14, 0x04, 0x00,
    0x00, 0x00, 0x05, 0x1e, 0x54, 0x06, 0x80, 0x05, 0x45, 0x15, 0x45, 0x40, 0x01, 0x01, 0x00, 0x00, 0x2f, 0xff, 0xff, 0xff, 0xff, 0xff, 0xff, 0xff,
    0xff, 0xff, 0xff, 0xff, 0xff, 0xff, 0xff, 0xff, 0xff, 0xff, 0xff, 0xff, 0xff, 0xff, 0xfe, 0x5b, 0xe0, 0x40, 0x40, 0x00, 0x50, 0x6b, 0x96, 0x95,
    0x95, 0xbf, 0x55, 0x69, 0x65, 0x9a, 0x96, 0x59, 0xa6, 0x96, 0x5a, 0x55, 0xa5, 0xa5, 0x59, 0x65, 0x95, 0x59, 0xa9, 0x56, 0x95, 0x6a, 0x55, 0xa6,
    0x5a, 0x5a, 0x59, 0x69, 0x66, 0x99, 0x69, 0x69, 0xa6, 0xaa, 0x9b, 0xe5, 0x59, 0x65, 0x56, 0x96, 0x99, 0x66, 0x9a, 0x59, 0x59, 0x65, 0x96, 0x59,
    0x55, 0x95, 0x96, 0x69, 0x9a, 0x95, 0x65, 0x96, 0x55, 0x96, 0x55, 0x55, 0x55, 0x59, 0x50, 0x14, 0x41, 0x50, 0x50, 0x51, 0xa6, 0xa5, 0x55, 0xff,
    0xff, 0xff, 0xff, 0xff, 0xff, 0xef, 0xff, 0xff, 0xff, 0xff, 0xfb, 0x84, 0x15, 0x54, 0xb8, 0x00, 0x00, 0x64, 0x51, 0x45, 0x05, 0x54, 0x51, 0x51,
    0x15, 0x40, 0x00, 0x5b, 0xee, 0xbe, 0xe9, 0x7a, 0xa6, 0xab, 0x9a, 0xa9, 0x6a, 0xae, 0xaf, 0xff, 0xef, 0xef, 0xbe, 0xaa, 0x5a, 0xae, 0x05, 0x91,
    0xeb, 0xfa, 0x59, 0x5b, 0xeb, 0xe9, 0x59, 0x79, 0x01, 0xae, 0x90, 0x41, 0x04, 0x64, 0x40, 0x00, 0x01, 0x00, 0x45, 0x55, 0x00, 0x00, 0x00, 0x14,
    0x05, 0x05, 0x10, 0x0b, 0x40, 0x00, 0x01, 0x7f, 0xff, 0xff, 0xff, 0xff, 0xff, 0xff, 0xff, 0xff, 0xff, 0xff, 0xff, 0xff, 0xff, 0xff, 0xff, 0xff,
    0xff, 0xff, 0xff, 0xff, 0xff, 0xfe, 0x7b, 0xf8, 0x04, 0x00, 0x00, 0x54, 0x15, 0x6b, 0xd5, 0x95, 0xba, 0x56, 0x59, 0x66, 0x55, 0xa6, 0xa5, 0x56,
    0x56, 0x96, 0x59, 0x66, 0x55, 0x6a, 0x55, 0x5a, 0x55, 0x95, 0xa5, 0x96, 0x5a, 0x55, 0xa6, 0x55, 0x96, 0x59, 0xa6, 0x56, 0x59, 0xa5, 0x96, 0x69,
    0x69, 0x56, 0x96, 0x59, 0x66, 0xa5, 0x5a, 0x59, 0x96, 0x55, 0x69, 0x59, 0x65, 0x65, 0x69, 0x55, 0x65, 0x9a, 0x59, 0x65, 0x59, 0x55, 0x59, 0x69,
    0x65, 0x96, 0x59, 0x59, 0x5a, 0x45, 0x51, 0x0b, 0x41, 0x51, 0x5a, 0x59, 0x57, 0x96, 0xff, 0xff, 0xff, 0xff, 0xff, 0xff, 0xff, 0xff, 0xff, 0xff,
    0xff, 0xff, 0x94, 0x14, 0x55, 0x28, 0x01, 0x00, 0x18, 0x15, 0x15, 0x14, 0x54, 0x51, 0x40, 0x00, 0x00, 0x40, 0xbe, 0xbe, 0x56, 0x95, 0xbe, 0x96,
    0xba, 0x6f, 0xef, 0x5a, 0xab, 0xfb, 0xaf, 0xff, 0xff, 0xbf, 0xb9, 0x51, 0x5b, 0x94, 0x6b, 0xef, 0xa5, 0x55, 0xbe, 0xfb, 0xae, 0x95, 0x65, 0x90,
    0x5b, 0xe5, 0x00, 0x00, 0x64, 0x40, 0x14, 0x02, 0x40, 0x45, 0x6a, 0x40, 0x00, 0x00, 0x01, 0x44, 0x64, 0x55, 0x46, 0x80, 0x00, 0x01, 0xff, 0xff,
    0xff, 0xff, 0xff, 0xff, 0xff, 0xff, 0xff, 0xff, 0xff, 0xff, 0xff, 0xff, 0xff, 0xff, 0xff, 0xff, 0xff, 0xff, 0xff, 0xff, 0xfe, 0x7f, 0xee, 0x40,
    0x10, 0x00, 0x11, 0x46, 0x5a, 0xa9, 0xa6, 0x55, 0x9b, 0xd5, 0x65, 0x69, 0x65, 0x66, 0x69, 0x69, 0x65, 0x65, 0x56, 0x5a, 0x56, 0x96, 0x65, 0xa6,
    0x56, 0x65, 0x56, 0x95, 0xa9, 0x55, 0xa5, 0x95, 0x96, 0x56, 0x59, 0x65, 0x65, 0x96, 0x95, 0x55, 0x65, 0x59, 0x66, 0x97, 0xe5, 0x95, 0x95, 0x99,
    0x65, 0x95, 0xa5, 0x59, 0x65, 0x96, 0x56, 0x56, 0x95, 0x55, 0x65, 0x59, 0x96, 0x55, 0x55, 0x65, 0x55, 0x95, 0x56, 0x95, 0x45, 0x05, 0x2f, 0xa9,
    0x05, 0x64, 0x69, 0x66, 0x1f, 0xff, 0xff, 0xff, 0xff, 0xff, 0xff, 0xff, 0xff, 0xff, 0xff, 0xff, 0xfe, 0x95, 0x01, 0x54, 0x09, 0x00, 0x00, 0x09,
    0x00, 0x00, 0x14, 0x05, 0x00, 0x00, 0x00, 0x00, 0x00, 0xaf, 0xa5, 0xa5, 0xaa, 0xee, 0x6a, 0x65, 0xba, 0xaf, 0x9a, 0xba, 0xff, 0xbe, 0xfa, 0xbe,
    0xff, 0xa5, 0xb9, 0x46, 0x9e, 0x6f, 0xba, 0x55, 0x15, 0xba, 0xf9, 0x6a, 0xf9, 0x5b, 0x96, 0x45, 0x67, 0x69, 0x00, 0x01, 0x44, 0x14, 0x00, 0x00,
    0x01, 0x2f, 0x90, 0x00, 0x00, 0x01, 0x14, 0x78, 0x51, 0x40, 0x00, 0x00, 0x07, 0xff, 0xff, 0xff, 0xff, 0xff, 0xff, 0xff, 0xff, 0xff, 0xff, 0xff,
    0xff, 0xff, 0xff, 0xff, 0xff, 0xff, 0xff, 0xff, 0xff, 0xff, 0xff, 0xff, 0xba, 0xff, 0xd1, 0x00, 0x00, 0x05, 0x01, 0x95, 0x59, 0x59, 0x5a, 0x5a,
    0xe5, 0x96, 0x65, 0x56, 0x56, 0x55, 0xa5, 0xa6, 0x56, 0x95, 0x55, 0x95, 0x59, 0x65, 0x96, 0x69, 0x56, 0x95, 0x55, 0x95, 0x95, 0x95, 0x6a, 0x95,
    0x65, 0x95, 0x96, 0x5a, 0x59, 0x55, 0x9a, 0x56, 0x95, 0xa5, 0x5a, 0x59, 0x69, 0x65, 0x65, 0x9a, 0x56, 0x56, 0x59, 0x55, 0x55, 0x55, 0x55, 0x55,
    0x5a, 0x95, 0x95, 0x55, 0x56, 0x56, 0x55, 0x55, 0x56, 0x65, 0xa5, 0x14, 0x50, 0x6f, 0xf9, 0x59, 0x56, 0x96, 0x95, 0x7f, 0xff, 0xff, 0xff, 0xff,
    0xff, 0xff, 0xff, 0xff, 0xff, 0xff, 0xff, 0xff, 0xd1, 0x01, 0x54, 0x45, 0x04, 0x04, 0x01, 0x00, 0x00, 0x00, 0x00, 0x00, 0x00, 0x00, 0x00, 0x50,
    0x6e, 0xe6, 0xb9, 0x7e, 0xbd, 0xaa, 0x96, 0xe6, 0x5a, 0x9b, 0xbf, 0xaf, 0xbe, 0xe4, 0x1a, 0xff, 0xe1, 0x6e, 0x65, 0x9b, 0x9a, 0xa5, 0x50, 0x5b,
    0xbf, 0x96, 0xfe, 0xf9, 0x69, 0x69, 0x55, 0x16, 0x6e, 0x50, 0x00, 0x14, 0x00, 0x00, 0x50, 0x00, 0x1a, 0x54, 0x00, 0x00, 0x00, 0x11, 0x54, 0x07,
    0x95, 0x40, 0x00, 0x1b, 0xff, 0xff, 0xff, 0xff, 0xff, 0xff, 0xff, 0xff, 0xff, 0xff, 0xff, 0xff, 0xff, 0xff, 0xff, 0xff, 0xff, 0xff, 0xff, 0xff,
    0xff, 0xff, 0xff, 0x9b, 0xbf, 0xf4, 0x01, 0x00, 0x00, 0x50, 0x69, 0x55, 0x99, 0x59, 0x65, 0x95, 0x69, 0xba, 0x59, 0x55, 0x55, 0x55, 0x96, 0xa9,
    0x55, 0xa5, 0x59, 0x55, 0xa5, 0x95, 0xa5, 0x95, 0x69, 0x69, 0x56, 0x59, 0x56, 0x55, 0x59, 0x59, 0x99, 0x55, 0x55, 0x55, 0x54, 0x55, 0x99, 0x55,
    0x59, 0x65, 0x55, 0x65, 0x56, 0x56, 0x55, 0x69, 0x65, 0x95, 0x59, 0x65, 0x55, 0x95, 0x66, 0x96, 0x59, 0x56, 0x69, 0x59, 0x55, 0x55, 0x65, 0x55,
    0x69, 0x64, 0x50, 0x54, 0x7f, 0xee, 0x65, 0xa5, 0x95, 0x56, 0xff, 0xff, 0xff, 0xff, 0xff, 0xff, 0xff, 0xef, 0xff, 0xff, 0xfa, 0xbf, 0xfe, 0xe4,
    0x00, 0x54, 0x00, 0x00, 0x40, 0x40, 0x01, 0x00, 0x00, 0x10, 0x00, 0x00, 0x10, 0x05, 0xb0, 0x6f, 0x9a, 0xaa, 0x6b, 0xb9, 0xaa, 0xae, 0xaa, 0xa5,
    0xaa, 0xbb, 0xfa, 0xfb, 0x96, 0x91, 0xbe, 0xe1, 0x6a, 0x65, 0xdb, 0xe5, 0x95, 0x55, 0xaf, 0xb9, 0x6f, 0xef, 0x82, 0xe6, 0xf4, 0x65, 0x41, 0x5a,
    0xe5, 0x50, 0x01, 0x50, 0x00, 0xa4, 0x00, 0x01, 0x5a, 0x00, 0x00, 0x00, 0x01, 0x41, 0x56, 0xd1, 0x40, 0x00, 0x6f, 0xff, 0xef, 0xff, 0xff, 0xff,
    0xff, 0xff, 0xff, 0xff, 0xff, 0xff, 0xff, 0xff, 0xff, 0xff, 0xff, 0xff, 0xff, 0xff, 0xff, 0xff, 0xff, 0xff, 0x8b, 0xff, 0xfe, 0x00, 0x00, 0x00,
    0x55, 0x15, 0xa9, 0x96, 0x96, 0x55, 0x59, 0x55, 0xa5, 0x65, 0x95, 0x69, 0x65, 0x55, 0x55, 0x69, 0x55, 0x56, 0x5a, 0x55, 0x55, 0x55, 0x59, 0x55,
    0x95, 0x6a, 0x59, 0x66, 0x59, 0x56, 0x59, 0x5a, 0x5a, 0xaa, 0xa5, 0x5e, 0x15, 0x95, 0x65, 0x95, 0xa5, 0x9a, 0x56, 0x96, 0x5a, 0x59, 0x95, 0xa5,
    0x96, 0x59, 0x56, 0x95, 0x65, 0x96, 0x69, 0x59, 0x65, 0x65, 0x55, 0x99, 0x56, 0x56, 0x69, 0x96, 0x50, 0x55, 0x04, 0x2f, 0xaf, 0x55, 0x56, 0x55,
    0x5b, 0xff, 0xff, 0xff, 0xff, 0xff, 0xff, 0xff, 0xef, 0xbf, 0xff, 0xff, 0xbe, 0xaf, 0xf8, 0x00, 0x54, 0x10, 0x41, 0x00, 0x00, 0x00, 0x00, 0x00,
    0x00, 0x00, 0x00, 0x00, 0x5b, 0xe0, 0x7b, 0x96, 0xae, 0x96, 0xe9, 0x55, 0x56, 0xaa, 0xa9, 0x9a, 0xfa, 0xff, 0xee, 0x6a, 0xa9, 0x1b, 0xe9, 0x56,
    0x65, 0xe9, 0xb5, 0x51, 0x56, 0xfb, 0x95, 0xbe, 0xb9, 0x6a, 0x5f, 0x96, 0x55, 0x55, 0x41, 0x6d, 0xb9, 0x40, 0x05, 0x00, 0x00, 0x06, 0x40, 0x1a,
    0x40, 0x00, 0x00, 0x00, 0x12, 0xd1, 0x95, 0x14, 0x40, 0xbf, 0xff, 0xaf, 0xff, 0xff, 0xff, 0xff, 0xff, 0xff, 0xff, 0xff, 0xfe, 0x57, 0xff, 0xff,
    0xff, 0xff, 0xff, 0xff, 0xff, 0xff, 0xff, 0xff, 0xff, 0xd6, 0xeb, 0xff, 0x90, 0x40, 0x00, 0x45, 0x05, 0xa9, 0x55, 0x56, 0x59, 0x65, 0x95, 0x55,
    0x55, 0x5a, 0x55, 0xa5, 0x69, 0x56, 0x55, 0x55, 0x66, 0x95, 0x59, 0x65, 0x55, 0x65, 0x95, 0x56, 0x55, 0x55, 0x55, 0x55, 0x65, 0x96, 0x55, 0x95,
    0x66, 0xf9, 0xe7, 0x59, 0x59, 0x65, 0x69, 0x59, 0x95, 0x56, 0x55, 0x95, 0x96, 0x55, 0x55, 0x65, 0x55, 0x95, 0x59, 0x56, 0x55, 0x55, 0x55, 0x55,
    0x56, 0x55, 0x55, 0x95, 0x55, 0x55, 0x55, 0x51, 0x55, 0x55, 0x19, 0x69, 0x55, 0x55, 0x55, 0x6f, 0xff, 0xff, 0xff, 0xff, 0xff, 0xf9, 0x7f, 0xff,
    0xbe, 0xff, 0xff, 0xf4, 0x1b, 0xfd, 0x10, 0x15, 0x10, 0x00, 0x04, 0x00, 0x10, 0x00, 0x00, 0x00, 0x00, 0x10, 0x05, 0xbe, 0xa0, 0x6f, 0x9a, 0xaa,
    0xa5, 0xe8, 0x6a, 0xa5, 0xea, 0xaa, 0x9f, 0xae, 0xbe, 0xfe, 0xfa, 0xa4, 0x06, 0xfe, 0x56, 0xb9, 0x99, 0xbf, 0x15, 0x6e, 0xb9, 0x5b, 0xef, 0xd6,
    0xe5, 0xb9, 0x57, 0x85, 0xa5, 0x94, 0x05, 0xab, 0xa4, 0x50, 0x54, 0x00, 0x1f, 0xe0, 0x64, 0x50, 0x00, 0x00, 0x0a, 0x41, 0x95, 0x55, 0x54, 0x52,
    0xff, 0xff, 0xff, 0xff, 0xff, 0xff, 0xff, 0xff, 0xff, 0xff, 0xff, 0xf4, 0x55, 0xff, 0xff, 0xff, 0xff, 0xff, 0xff, 0xff, 0xff, 0xff, 0xff, 0xff,
    0xe7, 0x95, 0xbf, 0xf4, 0x00, 0x05, 0x01, 0x50, 0x55, 0x65, 0xa5, 0x65, 0x96, 0x56, 0x55, 0x95, 0x55, 0x55, 0x59, 0x55, 0x69, 0x55, 0x55, 0x65,
    0x59, 0x65, 0x56, 0x65, 0x56, 0x95, 0x66, 0x55, 0x69, 0x65, 0x96, 0x55, 0x95, 0x69, 0x55, 0x97, 0x9a, 0xf5, 0xd5, 0x59, 0x96, 0x96, 0x56, 0x56,
    0x65, 0x69, 0x59, 0x66, 0x59, 0x56, 0x56, 0x55, 0x69, 0x59, 0x65, 0x55, 0x95, 0x65, 0x56, 0x55, 0x66, 0x59, 0x55, 0x59, 0x56, 0x5a, 0x55, 0x01,
    0x41, 0x40, 0x51, 0x56, 0x99, 0x95, 0xbf, 0xff, 0xff, 0xff, 0xff, 0xff, 0xe5, 0x5b, 0xfa, 0xbf, 0xff, 0xff, 0xe4, 0x45, 0x7e, 0x04, 0x05, 0x41,
    0x04, 0x00, 0x05, 0x01, 0x00, 0x00, 0x00, 0x00, 0x00, 0x1b, 0xea, 0xe0, 0x6e, 0x6a, 0xea, 0xa9, 0xb9, 0x6a, 0xa9, 0x7a, 0xaa, 0x9e, 0xbf, 0xfb,
    0xef, 0xeb, 0xa5, 0x09, 0xbb, 0x95, 0xae, 0x5a, 0xaf, 0x41, 0xef, 0xd5, 0xbb, 0xae, 0x5e, 0x5b, 0xe1, 0xd7, 0x5a, 0xfd, 0x46, 0x50, 0x16, 0x69,
    0xa9, 0x01, 0x41, 0x05, 0x41, 0xb8, 0x15, 0x00, 0x00, 0x0b, 0x40, 0x04, 0x7f, 0x19, 0x1b, 0xff, 0xff, 0xff, 0xff, 0xff, 0xff, 0xff, 0xff, 0xff,
    0xff, 0xff, 0xfa, 0xfd, 0x7f, 0xff, 0xff, 0xff, 0xff, 0xff, 0xff, 0xff, 0xff, 0xff, 0xff, 0xfa, 0x99, 0x6f, 0xfd, 0x01, 0x4a, 0x00, 0x50, 0x15,
    0x66, 0xa5, 0x55, 0x56, 0xa5, 0x96, 0xe5, 0x65, 0x59, 0x6e, 0x56, 0x55, 0x95, 0x96, 0x55, 0x55, 0x56, 0x95, 0x65, 0x95, 0x56, 0x65, 0x65, 0x56,
    0x56, 0x55, 0x99, 0x55, 0x96, 0x9a, 0x5f, 0xff, 0xfd, 0x65, 0xa5, 0x59, 0x55, 0xa5, 0x65, 0x55, 0x55, 0x65, 0x55, 0x55, 0xa5, 0x59, 0x56, 0x55,
    0x55, 0x55, 0x95, 0x59, 0x55, 0x96, 0x65, 0x55, 0x55, 0x65, 0x59, 0x55, 0xa5, 0x50, 0x54, 0x55, 0x05, 0x15, 0x65, 0x56, 0x97, 0xff, 0xff, 0xff,
    0xff, 0xff, 0xff, 0xe6, 0xea, 0xb8, 0x7e, 0x5b, 0xff, 0xe5, 0x54, 0x1f, 0x80, 0x41, 0x50, 0x10, 0x10, 0x40, 0x00, 0x00, 0x40, 0x00, 0x04, 0x01,
    0xbf, 0xab, 0x90, 0x6d, 0x6a, 0xaa, 0xea, 0x7e, 0x6b, 0xed, 0x7a, 0xaa, 0x9f, 0xa5, 0xaf, 0xaf, 0x9b, 0xfe, 0x15, 0x7e, 0x85, 0x5b, 0x95, 0x96,
    0xe9, 0xbe, 0x5b, 0xfb, 0xe6, 0xb9, 0xbe, 0x5b, 0xea, 0x2f, 0xaf, 0x95, 0xa1, 0x54, 0x56, 0x9a, 0x54, 0x00, 0x00, 0x01, 0xf8, 0x05, 0x40, 0x00,
    0x00, 0x00, 0x04, 0x1a, 0x14, 0x2f, 0xff, 0xff, 0xff, 0xff, 0xff, 0xff, 0xff, 0xff, 0xff, 0xff, 0xff, 0xff, 0xea, 0xbf, 0xff, 0xff, 0xff, 0xff,
    0xff, 0xff, 0xff, 0xff, 0xff, 0xff, 0xfd, 0x5f, 0xaf, 0xff, 0x40, 0x05, 0x00, 0x15, 0x45, 0x56, 0x55, 0x97, 0x96, 0xd5, 0x5b, 0xa5, 0x56, 0x55,
    0xad, 0x65, 0x55, 0x59, 0x55, 0x59, 0x65, 0x95, 0x55, 0x55, 0x55, 0x55, 0x55, 0x56, 0x55, 0x59, 0x55, 0x95, 0x56, 0x56, 0x59, 0x7f, 0xff, 0xff,
    0x79, 0x56, 0x66, 0x99, 0x55, 0x95, 0x59, 0x56, 0x56, 0x95, 0x65, 0x55, 0x95, 0x95, 0x55, 0x55, 0x59, 0x59, 0x55, 0x95, 0x59, 0x56, 0x55, 0x65,
    0x95, 0x95, 0x99, 0x65, 0x46, 0xf9, 0x15, 0x29, 0x41, 0x56, 0x5b, 0x5f, 0xff, 0xff, 0xff, 0xff, 0xff, 0xff, 0xeb, 0xfe, 0x6e, 0x28, 0x45, 0xbf,
    0xfd, 0x55, 0x42, 0xd0, 0x10, 0x15, 0x00, 0x00, 0x00, 0x10, 0x41, 0x05, 0x05, 0x44, 0x1b, 0xfa, 0xf9, 0x50, 0x79, 0xaa, 0xae, 0xaa, 0x6e, 0x2f,
    0xaa, 0x6a, 0xaa, 0x6b, 0x55, 0x56, 0xfa, 0x6e, 0x5a, 0x11, 0xbe, 0x69, 0x5a, 0xa5, 0x56, 0xfd, 0xa5, 0x7e, 0xfe, 0x5b, 0x9a, 0xe4, 0x7e, 0xaa,
    0x5b, 0xeb, 0xf9, 0x51, 0x95, 0x41, 0x56, 0x9e, 0x55, 0x00, 0x00, 0x50, 0x40, 0x55, 0x01, 0x00, 0x00, 0x00, 0x00, 0x51, 0xbf, 0xff, 0xff, 0xff,
    0xff, 0xff, 0xff, 0xff, 0xff, 0xff, 0xff, 0xff, 0xff, 0xaf, 0xbf, 0xff, 0xff, 0xff, 0xff, 0xff, 0xff, 0xff, 0xff, 0xff, 0xff, 0xfe, 0x6f, 0xff,
    0xff, 0xd0, 0x00, 0x00, 0x06, 0xd0, 0x55, 0x59, 0x67, 0x95, 0x55, 0x65, 0x55, 0x55, 0x55, 0x55, 0x55, 0x99, 0x55, 0x59, 0x56, 0x55, 0x95, 0x55,
    0x59, 0x55, 0x59, 0x55, 0x95, 0x69, 0x55, 0x95, 0x55, 0xa5, 0x65, 0x65, 0xff, 0xff, 0xff, 0xdd, 0x56, 0x55, 0x59, 0x59, 0x5a, 0x59, 0x65, 0x59,
    0x59, 0x65, 0x59, 0x55, 0x59, 0x5a, 0x55, 0x59, 0x55, 0x65, 0x5a, 0x55, 0x95, 0x56, 0x55, 0x55, 0x55, 0x59, 0x5a, 0x5f, 0xff, 0x41, 0x14, 0x55,
    0x59, 0x59, 0xbf, 0xff, 0xff, 0xef, 0xff, 0xff, 0xff, 0xff, 0xfb, 0x9f, 0x68, 0x55, 0x5b, 0xfd, 0x05, 0x00, 0x51, 0x00, 0x01, 0x55, 0x04, 0x01,
    0x15, 0x55, 0x54, 0x54, 0x05, 0xbf, 0xaf, 0x95, 0xb0, 0xb6, 0xaa, 0xba, 0xaa, 0x6d, 0x69, 0x00, 0x1e, 0xa4, 0x7e, 0x2e, 0xa9, 0x7e, 0x74, 0x0a,
    0x04, 0x7a, 0xa6, 0x96, 0xb9, 0x59, 0x6a, 0x86, 0xfe, 0xe9, 0x69, 0xae, 0x99, 0x75, 0x56, 0x9a, 0xfa, 0xef, 0xa9, 0x56, 0x54, 0x01, 0x59, 0xee,
    0x95, 0x00, 0x00, 0x01, 0xa1, 0x50, 0x00, 0x00, 0x00, 0x00, 0x16, 0xff, 0xff, 0xff, 0xff, 0xff, 0xff, 0xff, 0xff, 0xff, 0xff, 0xff, 0xff, 0xff,
    0xef, 0xa9, 0xff, 0xff, 0xff, 0xff, 0xff, 0xff, 0xff, 0xff, 0xff, 0xff, 0xff, 0x9e, 0xff, 0xff, 0xf8, 0x10, 0x00, 0x01, 0xa4, 0x15, 0x59, 0x65,
    0x55, 0x56, 0x55, 0x55, 0x55, 0x95, 0x56, 0x55, 0x55, 0x56, 0x95, 0x55, 0x95, 0x5a, 0x5e, 0x55, 0x96, 0x95, 0x65, 0x95, 0x55, 0x95, 0x59, 0x55,
    0x5a, 0x59, 0x57, 0xff, 0xff, 0xff, 0xeb, 0x55, 0x95, 0xa5, 0x95, 0x95, 0x95, 0x96, 0x95, 0x96, 0x55, 0x95, 0x69, 0x55, 0x95, 0x55, 0x55, 0x55,
    0x55, 0x55, 0xa5, 0x55, 0x59, 0x56, 0x56, 0x65, 0x65, 0x56, 0x5e, 0xf9, 0x9a, 0x55, 0x59, 0x9a, 0x66, 0xff, 0xff, 0xff, 0xff, 0xff, 0xeb, 0xff,
    0xe6, 0xfe, 0xfb, 0xe5, 0x54, 0x06, 0xfe, 0x15, 0x40, 0x01, 0x41, 0x40, 0x00, 0x55, 0x55, 0x55, 0x04, 0x10, 0x00, 0x5b, 0xfa, 0xae, 0x5b, 0xf0,
    0xd6, 0xae, 0xba, 0xaa, 0x69, 0x50, 0x00, 0x0b, 0xe6, 0xa4, 0xaa, 0xa9, 0x2e, 0x60, 0x05, 0x04, 0x79, 0x95, 0x91, 0xbe, 0x55, 0x5f, 0xe5, 0xaf,
    0x9a, 0x9a, 0xf9, 0xae, 0x65, 0xab, 0x97, 0xbe, 0xeb, 0xee, 0x95, 0x55, 0x54, 0x00, 0x5a, 0xf4, 0x50, 0x00, 0x51, 0x60, 0x54, 0x00, 0x04, 0x00,
    0x01, 0x1b, 0xff, 0xff, 0xff, 0xff, 0xff, 0xff, 0xff, 0xff, 0xff, 0xff, 0xff, 0xff, 0xff, 0xef, 0x90, 0x7f, 0xff, 0xff, 0xff, 0xff, 0xff, 0xff,
    0xff, 0xff, 0xff, 0xff, 0xd7, 0xff, 0xff, 0xfe, 0x40, 0x04, 0x00, 0x51, 0x06, 0x56, 0x55, 0x55, 0x55, 0x55, 0x95, 0x56, 0xd5, 0x65, 0x65, 0x55,
    0x95, 0x55, 0x65, 0x96, 0x55, 0x5a, 0x55, 0x55, 0x55, 0x55, 0x55, 0x95, 0x99, 0x55, 0x99, 0x56, 0x5a, 0x5f, 0xff, 0xff, 0xff, 0xfb, 0xd6, 0x5a,
    0x56, 0x59, 0x65, 0x95, 0x95, 0x55, 0x95, 0x55, 0x96, 0x55, 0x55, 0x55, 0x65, 0x55, 0x59, 0x59, 0x65, 0x55, 0x56, 0x55, 0x55, 0x65, 0x59, 0x55,
    0x65, 0x6f, 0xef, 0x96, 0x55, 0xb6, 0x6f, 0x5b, 0xff, 0xff, 0xff, 0xff, 0xef, 0x55, 0xab, 0xf5, 0xef, 0xfb, 0x85, 0x14, 0x00, 0x6f, 0x54, 0x41,
    0x00, 0x00, 0x00, 0x00, 0x00, 0x40, 0x00, 0x00, 0x00, 0x06, 0xbf, 0xaa, 0xe5, 0xbf, 0xf0, 0x5a, 0xaa, 0xab, 0xaa, 0x78, 0x00, 0x00, 0x06, 0xae,
    0x51, 0xeb, 0xfa, 0x6f, 0x50, 0x00, 0x00, 0xba, 0x96, 0x95, 0x6e, 0xd5, 0x9a, 0xbe, 0x69, 0x79, 0x6f, 0x96, 0xf9, 0x6b, 0xfb, 0xe5, 0xaf, 0xbe,
    0xef, 0xe9, 0x51, 0x55, 0x54, 0x01, 0x65, 0x41, 0x01, 0xf8, 0x00, 0x05, 0x55, 0x00, 0x00, 0x01, 0x6f, 0xff, 0xff, 0xff, 0xff, 0xff, 0xff, 0xff,
    0xff, 0xff, 0xff, 0xff, 0xff, 0xff, 0xff, 0xa5, 0x2f, 0xff, 0xff, 0xff, 0xff, 0xff, 0xff, 0xff, 0xff, 0xff, 0xff, 0xf5, 0xff, 0xff, 0xff, 0xd4,
    0x04, 0x04, 0x05, 0x45, 0x95, 0x55, 0x56, 0x59, 0x65, 0x55, 0x55, 0x55, 0x65, 0x55, 0x55, 0x55, 0x55, 0x55, 0x55, 0x65, 0x55, 0x55, 0x65, 0x55,
    0x59, 0x55, 0x59, 0x55, 0x55, 0x59, 0x65, 0x55, 0xbf, 0xff, 0xff, 0xff, 0xff, 0xf5, 0x55, 0x55, 0x65, 0x65, 0x59, 0x55, 0x59, 0x55, 0x69, 0x55,
    0x55, 0x55, 0x65, 0x55, 0x65, 0x55, 0x55, 0x56, 0x5a, 0x55, 0x65, 0xa5, 0x65, 0x95, 0x56, 0x59, 0xa6, 0xe9, 0x55, 0x5b, 0xd6, 0xb9, 0xbf, 0xff,
    0xff, 0xff, 0xff, 0xfe, 0x2a, 0x51, 0xf9, 0xfb, 0xff, 0x95, 0x50, 0x40, 0x1f, 0x85, 0x40, 0x04, 0x04, 0x10, 0x40, 0x00, 0x00, 0x00, 0x00, 0x01,
    0x5f, 0xfe, 0xaf, 0x9b, 0xff, 0xf0, 0xaa, 0xaa, 0xaa, 0xaa, 0xa4, 0x00, 0x00, 0x01, 0x55, 0x41, 0x55, 0x5a, 0x6f, 0x80, 0x00, 0x06, 0xd6, 0xaa,
    0x5a, 0x5a, 0x65, 0x9a, 0xba, 0x96, 0xe6, 0xf9, 0x4b, 0xa6, 0x46, 0xbe, 0xb9, 0x56, 0xff, 0xba, 0xbf, 0xa5, 0x51, 0xa5, 0x50, 0x05, 0x55, 0x50,
    0x59, 0x00, 0x00, 0x55, 0x40, 0x04, 0x16, 0xbf, 0xff, 0xff, 0xff, 0xff, 0xff, 0xff, 0xff, 0xff, 0xff, 0xff, 0xff, 0xff, 0xff, 0xfa, 0xf9, 0x2f,
    0xff, 0xff, 0xff, 0xff, 0xff, 0xff, 0xff, 0xff, 0xff, 0xff, 0xfe, 0x6e, 0x6f, 0xff, 0xfd, 0x40, 0x1e, 0x01, 0x91, 0x55, 0x65, 0x55, 0x55, 0x56,
    0x55, 0x56, 0x55, 0x56, 0x55, 0x95, 0x55, 0x59, 0x55, 0x65, 0x55, 0x55, 0x55, 0x55, 0x56, 0x59, 0x56, 0x56, 0x55, 0x96, 0x55, 0x65, 0xa5, 0xff,
    0xff, 0xff, 0xff, 0xff, 0xf9, 0x66, 0xa5, 0x96, 0x56, 0x5a, 0x56, 0x55, 0x59, 0x55, 0x59, 0x55, 0x69, 0x55, 0x95, 0x55, 0x65, 0x55, 0x55, 0x65,
    0x55, 0x96, 0x55, 0x95, 0x56, 0x5a, 0x59, 0x91, 0x40, 0x05, 0xbe, 0x99, 0xe6, 0xff, 0xff, 0xff, 0xff, 0xff, 0xfe, 0x7f, 0xe5, 0xbd, 0x7f, 0xbe,
    0x95, 0x10, 0x00, 0x16, 0xe1, 0x54, 0x00, 0x41, 0x00, 0x40, 0x41, 0x01, 0x41, 0x00, 0x41, 0xbf, 0xaf, 0xb9, 0x6f, 0xff, 0xe0, 0xaa, 0xaa, 0xaa,
    0xae, 0x90, 0x00, 0x00, 0x00, 0x56, 0x40, 0x00, 0x05, 0xae, 0x40, 0x00, 0x1e, 0x41, 0xa5, 0x9a, 0x96, 0xba, 0x96, 0xa6, 0xe6, 0x6f, 0xa6, 0xdb,
    0x9b, 0xe6, 0xeb, 0xef, 0xa9, 0x56, 0xfb, 0xba, 0xfe, 0x5b, 0x96, 0x95, 0x5a, 0xa5, 0x55, 0x40, 0x00, 0x00, 0x00, 0x55, 0x40, 0x5f, 0xff, 0xff,
    0xff, 0xff, 0xff, 0xff, 0xff, 0xff, 0xff, 0xff, 0xff, 0xff, 0xff, 0xff, 0xef, 0xfd, 0x7f, 0xfe, 0xff, 0xff, 0xff, 0xff, 0xff, 0xff, 0xff, 0xff,
    0xff, 0xff, 0x99, 0x47, 0xff, 0xff, 0xe0, 0x5f, 0x40, 0x51, 0x55, 0x56, 0x55, 0x55, 0x55, 0x5a, 0x55, 0x65, 0x95, 0x65, 0x59, 0x55, 0x55, 0x55,
    0x55, 0x55, 0x55, 0x56, 0x55, 0x55, 0x55, 0x65, 0x95, 0x55, 0xa5, 0x65, 0x96, 0x57, 0xff, 0xff, 0xff, 0xff, 0xff, 0xfe, 0x16, 0x59, 0x96, 0x66,
    0x95, 0x55, 0x65, 0x55, 0x55, 0x55, 0x55, 0x55, 0x59, 0x59, 0x55, 0x55, 0x59, 0x65, 0x95, 0x59, 0x55, 0x55, 0x96, 0x55, 0x95, 0x55, 0x68, 0x55,
    0x1b, 0xea, 0x96, 0x5f, 0xff, 0xff, 0xff, 0xff, 0xef, 0xff, 0xfe, 0xfe, 0x6f, 0xbe, 0xfb, 0xf4, 0x50, 0x10, 0x01, 0xf4, 0x54, 0x50, 0x40, 0x04,
    0x04, 0x04, 0x00, 0x04, 0x14, 0x6b, 0xfb, 0xab, 0xe6, 0xff, 0xfe, 0xf0, 0xae, 0xab, 0xaa, 0xa9, 0x00, 0x00, 0x00, 0x00, 0xbe, 0x10, 0x00, 0x00,
    0x69, 0x50, 0x00, 0x04, 0x11, 0x66, 0xea, 0xa5, 0x7a, 0x95, 0x69, 0xa9, 0x5a, 0x6b, 0x9f, 0x6a, 0xf8, 0xbf, 0xaf, 0xfe, 0x55, 0x6f, 0xbe, 0xf9,
    0x79, 0x6e, 0x45, 0x2f, 0xfa, 0x95, 0x55, 0x50, 0x40, 0x00, 0x15, 0x51, 0xbf, 0xff, 0xff, 0xff, 0xff, 0xff, 0xff, 0xff, 0xff, 0xff, 0xff, 0xff,
    0xff, 0xff, 0xaf, 0xeb, 0xfe, 0xbf, 0xf5, 0x6f, 0xff, 0xff, 0xff, 0xff, 0xff, 0xbf, 0xff, 0xff, 0xff, 0xe5, 0xe5, 0xff, 0xff, 0xf9, 0x05, 0x00,
    0x10, 0x56, 0x56, 0x55, 0x55, 0x55, 0x6e, 0x55, 0x55, 0x55, 0x56, 0x55, 0x55, 0x95, 0x65, 0x55, 0x95, 0x65, 0x55, 0x55, 0x65, 0x56, 0x55, 0x55,
    0x59, 0x55, 0x55, 0x96, 0x5f, 0xff, 0xff, 0xff, 0xff, 0xff, 0xff, 0x95, 0x55, 0x59, 0x55, 0x55, 0x95, 0x55, 0x56, 0x56, 0x56, 0x59, 0x65, 0x55,
    0x55, 0x95, 0x56, 0x56, 0x55, 0x59, 0x56, 0x55, 0x69, 0x56, 0x65, 0x55, 0x96, 0x95, 0x54, 0x6e, 0xbf, 0xa9, 0xbf, 0xff, 0xff, 0xff, 0xff, 0x85,
    0xbe, 0xff, 0xff, 0x9f, 0xfe, 0xff, 0xfe, 0x40, 0x41, 0x44, 0xb8, 0x41, 0x54, 0x04, 0x00, 0x10, 0x00, 0x14, 0x10, 0x45, 0xbf, 0xeb, 0xea, 0x9b,
    0xff, 0xef, 0xf0, 0xaa, 0xea, 0xaa, 0xaa, 0x00, 0x00, 0x00, 0x01, 0xed, 0x00, 0x00, 0x00, 0x29, 0xa0, 0x00, 0x01, 0x54, 0x79, 0xb5, 0xb9, 0x1d,
    0xa5, 0x6a, 0x5f, 0x94, 0xba, 0x99, 0x6a, 0xee, 0x56, 0xbe, 0xfb, 0xfe, 0x56, 0xab, 0x96, 0xd6, 0xf9, 0x51, 0x2f, 0xaf, 0xfa, 0xa5, 0x55, 0x40,
    0x00, 0x00, 0x1b, 0xff, 0xff, 0xff, 0xff, 0xff, 0xff, 0xff, 0xff, 0xff, 0xff, 0xff, 0xff, 0xff, 0xf9, 0x56, 0xa5, 0xbb, 0xf9, 0xa9, 0xbf, 0xff,
    0xff, 0xff, 0xff, 0xff, 0xff, 0xff, 0xff, 0xff, 0xf8, 0xbd, 0xbf, 0xff, 0xff, 0x90, 0x01, 0x05, 0x1b, 0x95, 0x55, 0xd5, 0x55, 0x69, 0x55, 0x55,
    0x65, 0x55, 0x55, 0xa5, 0x59, 0x55, 0x55, 0x59, 0x65, 0x55, 0x55, 0x65, 0x55, 0x55, 0x55, 0x95, 0x55, 0x55, 0x55, 0x6f, 0xff, 0xff, 0xff, 0xff,
    0xff, 0xff, 0xd5, 0x65, 0x55, 0x56, 0x55, 0x55, 0x55, 0x55, 0x55, 0x55, 0x55, 0x55, 0x56, 0x55, 0x55, 0x55, 0x65, 0x59, 0x55, 0x55, 0x56, 0x96,
    0x96, 0x56, 0x59, 0x69, 0x5a, 0x06, 0xaa, 0xbb, 0xa6, 0xff, 0xff, 0xff, 0xff, 0xfe, 0x19, 0x5b, 0xef, 0xbf, 0xeb, 0xaf, 0xfe, 0xef, 0x90, 0x00,
    0x00, 0x28, 0x55, 0x15, 0x40, 0x51, 0x01, 0x10, 0x00, 0x10, 0x5b, 0xfe, 0xae, 0xb9, 0x6f, 0xff, 0xef, 0xb0, 0xaa, 0xaa, 0xaa, 0xbd, 0x00, 0x00,
    0x00, 0x06, 0xa9, 0x00, 0x00, 0x00, 0x76, 0xe0, 0x00, 0x00, 0x44, 0x6e, 0xb5, 0xaa, 0x55, 0x9e, 0x57, 0xab, 0xf8, 0xbe, 0x51, 0x6f, 0xaf, 0x95,
    0x6a, 0xfb, 0xbf, 0xe5, 0x51, 0x6e, 0x5f, 0x95, 0xaa, 0xbb, 0xee, 0xbf, 0xfa, 0xa5, 0x64, 0x40, 0x45, 0xaf, 0xff, 0xff, 0xff, 0xff, 0xff, 0xff,
    0xff, 0xff, 0xff, 0xff, 0xff, 0xff, 0xff, 0xe4, 0xa5, 0xe4, 0x6f, 0xe4, 0x5f, 0xff, 0xff, 0xff, 0xff, 0xff, 0xff, 0xff, 0xff, 0xff, 0xff, 0xf8,
    0xbe, 0x6f, 0xff, 0xff, 0xf9, 0x04, 0x01, 0x05, 0x55, 0x95, 0x95, 0x55, 0x55, 0x55, 0x65, 0x55, 0x55, 0x55, 0x95, 0x55, 0x55, 0x95, 0x55, 0x55,
    0x56, 0x55, 0x55, 0x55, 0x55, 0x55, 0x55, 0x55, 0x95, 0x55, 0xff, 0xff, 0xff, 0xff, 0xff, 0xff, 0xff, 0xe5, 0x5a, 0x56, 0x56, 0x59, 0x59, 0x65,
    0x55, 0x55, 0x55, 0x65, 0x56, 0x65, 0x55, 0x55, 0x55, 0x55, 0x55, 0x55, 0x55, 0x55, 0x55, 0x56, 0x55, 0x59, 0x55, 0x6e, 0x6b, 0xaf, 0xae, 0x6f,
    0xff, 0xff, 0xff, 0xff, 0xfe, 0x7e, 0xa7, 0xef, 0xfb, 0xba, 0x9f, 0xeb, 0xfe, 0xe5, 0x00, 0x10, 0x09, 0x10, 0x00, 0x10, 0x00, 0x00, 0x01, 0x41,
    0x46, 0xff, 0xef, 0xaa, 0xe5, 0xff, 0xff, 0xff, 0xf0, 0xae, 0xaa, 0xaa, 0xb8, 0x00, 0x00, 0x00, 0x07, 0xb4, 0x00, 0x00, 0x05, 0xa6, 0xf8, 0x00,
    0x00, 0x14, 0x1f, 0x6e, 0xaa, 0xa5, 0xa6, 0x95, 0x76, 0xed, 0x69, 0xab, 0x5a, 0xfa, 0xfe, 0xa5, 0x6f, 0xab, 0xff, 0x96, 0xe5, 0xb9, 0x69, 0xbf,
    0xfa, 0xef, 0xaa, 0xef, 0xf9, 0x15, 0x55, 0x6f, 0xff, 0xff, 0xff, 0xff, 0xff, 0xff, 0xff, 0xff, 0xff, 0xff, 0xff, 0xff, 0xff, 0xff, 0xd2, 0xee,
    0xe9, 0x7f, 0xf9, 0x2f, 0xff, 0xff, 0xff, 0xff, 0xff, 0xff, 0xff, 0xff, 0xff, 0xff, 0xfd, 0x7f, 0xeb, 0xff, 0xff, 0xff, 0x90, 0x10, 0x11, 0x55,
    0x95, 0x55, 0x95, 0x55, 0x55, 0x55, 0x55, 0x55, 0x55, 0x55, 0x55, 0x55, 0x55, 0x55, 0x55, 0x55, 0x55, 0x55, 0x96, 0x55, 0x9a, 0x55, 0x65, 0x55,
    0x5b, 0xff, 0xff, 0xff, 0xff, 0xff, 0xff, 0xff, 0xfd, 0x55, 0x95, 0x95, 0x55, 0x95, 0x55, 0x55, 0x55, 0x56, 0x55, 0x65, 0x55, 0x96, 0x55, 0x95,
    0x55, 0x55, 0x55, 0x65, 0x69, 0x55, 0x65, 0x65, 0x95, 0x56, 0xea, 0xae, 0xbe, 0xf9, 0xbf, 0xff, 0xff, 0xff, 0xff, 0xfa, 0xbb, 0xfb, 0xaf, 0xbf,
    0xfe, 0xaf, 0xff, 0xbf, 0xf9, 0x04, 0x10, 0x04, 0x00, 0x00, 0x01, 0x00, 0x40, 0x40, 0x14, 0x5f, 0xff, 0xea, 0xeb, 0x9b, 0xff, 0xff, 0xff, 0xe0,
    0xaa, 0xaa, 0xab, 0xe4, 0x00, 0x00, 0x00, 0x0a, 0xe0, 0x00, 0x00, 0x0b, 0xd6, 0xf8, 0x00, 0x00, 0x01, 0x47, 0x9b, 0xd6, 0xaa, 0x59, 0xa5, 0x5a,
    0x9b, 0x91, 0x5a, 0xe5, 0xaf, 0xef, 0xfe, 0x86, 0xfe, 0xb9, 0x6e, 0x5b, 0x96, 0xb9, 0xbe, 0xef, 0xbe, 0xf5, 0xae, 0xa5, 0x6f, 0xfb, 0xff, 0xff,
    0xff, 0xff, 0xff, 0xff, 0xff, 0xff, 0xff, 0xff, 0xff, 0xff, 0xff, 0xff, 0xff, 0xd6, 0xff, 0xae, 0x6a, 0xfe, 0xbf, 0xff, 0xff, 0xff, 0xff, 0xff,
    0xff, 0xff, 0xff, 0xff, 0xff, 0xfd, 0x7f, 0xff, 0xff, 0xff, 0xff, 0xf9, 0x00, 0x10, 0x55, 0x65, 0x55, 0x55, 0x55, 0x55, 0x55, 0xb5, 0x55, 0x55,
    0x55, 0x55, 0x55, 0x55, 0x55, 0x55, 0x55, 0x59, 0x55, 0x55, 0x59, 0x55, 0x55, 0x55, 0x65, 0x6f, 0xff, 0xff, 0xff, 0xff, 0xff, 0xff, 0xff, 0xff,
    0x55, 0x55, 0x65, 0x55, 0x55, 0x55, 0x55, 0x55, 0x55, 0x55, 0x55, 0x55, 0x55, 0x55, 0x59, 0x55, 0x95, 0x96, 0x96, 0x56, 0x99, 0x56, 0x5a, 0x55,
    0xae, 0xba, 0xea, 0xfa, 0xd6, 0xff, 0xff, 0xff, 0xff, 0xff, 0xff, 0xfb, 0xae, 0xff, 0xfa, 0xaf, 0xbe, 0xff, 0xfb, 0xbb, 0x80, 0x00, 0x00, 0x40,
    0x50, 0x41, 0x00, 0x40, 0x05, 0x06, 0xbf, 0xfa, 0xfa, 0xea, 0x2f, 0xfe, 0xfb, 0xfe, 0xf0, 0xaa, 0xaa, 0xbe, 0xe4, 0x00, 0x00, 0x00, 0x0a, 0x80,
    0x00, 0x14, 0x1a, 0x02, 0xe8, 0x00, 0x00, 0x05, 0x11, 0xe7, 0xd6, 0x95, 0x45, 0xba, 0x56, 0x67, 0xb9, 0x0b, 0xea, 0x95, 0x6e, 0xaf, 0xe5, 0x6a,
    0xe5, 0xf5, 0x79, 0x6f, 0xe9, 0xfa, 0xfe, 0xbb, 0x95, 0x16, 0x96, 0xbf, 0xff, 0xff, 0xff, 0xff, 0xff, 0xff, 0xff, 0xff, 0xff, 0xff, 0xff, 0xff,
    0xff, 0xff, 0xff, 0xff, 0xd7, 0xbb, 0xbe, 0x76, 0xff, 0xff, 0xff, 0xff, 0xff, 0xff, 0xff, 0xff, 0xff, 0xff, 0xff, 0xff, 0xfd, 0x7f, 0xff, 0xff,
    0xff, 0xff, 0xff, 0xa5, 0x40, 0x05, 0x55, 0x55, 0x55, 0x55, 0x55, 0x55, 0xa5, 0x55, 0x55, 0x55, 0x55, 0x55, 0x55, 0x55, 0x55, 0x55, 0x55, 0x55,
    0x55, 0x55, 0x65, 0x56, 0x59, 0x69, 0xbf, 0xff, 0xff, 0xff, 0xff, 0xff, 0xff, 0xff, 0xff, 0x96, 0x56, 0x55, 0x55, 0x55, 0x55, 0x55, 0x55, 0x55,
    0x55, 0x55, 0x59, 0x55, 0x59, 0x65, 0x59, 0x55, 0x55, 0x55, 0x55, 0x55, 0x95, 0x59, 0x56, 0xeb, 0xab, 0xbb, 0xee, 0x5f, 0xff, 0xff, 0xff, 0xff,
    0xff, 0xff, 0xbf, 0xff, 0xff, 0xf5, 0x1f, 0xbf, 0xea, 0xaf, 0xfb, 0xe4, 0x04, 0x00, 0x40, 0x00, 0x00, 0x41, 0x01, 0x10, 0x6f, 0xfa, 0xbb, 0xea,
    0xe5, 0xbf, 0xff, 0xff, 0xfe, 0xf0, 0xaa, 0xaa, 0xae, 0xf4, 0x00, 0x00, 0x00, 0x1a, 0x40, 0x01, 0xa9, 0x10, 0x02, 0xe8, 0x00, 0x00, 0x00, 0x54,
    0xb9, 0xf9, 0x96, 0x95, 0xbb, 0x55, 0x6a, 0xba, 0xa5, 0xab, 0xe9, 0x5a, 0xfa, 0xff, 0xa5, 0x5b, 0x97, 0xd4, 0x7e, 0xf4, 0xab, 0xaf, 0xeb, 0x5a,
    0xe1, 0x6f, 0xff, 0xff, 0xff, 0xff, 0xff, 0xff, 0xff, 0xff, 0xff, 0xff, 0xff, 0xff, 0xff, 0xff, 0xff, 0xff, 0xff, 0xfa, 0xeb, 0xb9, 0x97, 0xff,
    0xff, 0xff, 0xff, 0xff, 0xff, 0xff, 0xff, 0xff, 0xff, 0xff, 0xff, 0xfe, 0x2f, 0xbf, 0xff, 0xff, 0xff, 0xff, 0xff, 0xee, 0xa9, 0x45, 0x55, 0x95,
    0x55, 0x55, 0x55, 0x55, 0x55, 0x55, 0x55, 0x55, 0x55, 0x55, 0x55, 0x55, 0x55, 0x55, 0x55, 0x55, 0x55, 0x55, 0x55, 0x59, 0x57, 0xff, 0xff, 0xff,
    0xff, 0xff, 0xff, 0xff, 0xff, 0xff, 0xf4, 0x55, 0x55, 0x55, 0x55, 0x55, 0x55, 0x65, 0x55, 0x55, 0x55, 0x55, 0x55, 0x55, 0x55, 0x55, 0x56, 0x59,
    0x55, 0x59, 0x56, 0x59, 0x95, 0x6e, 0xbb, 0xae, 0xba, 0xf9, 0xbf, 0xff, 0xff, 0xff, 0xff, 0xff, 0xff, 0xbe, 0xff, 0xff, 0xf9, 0x17, 0xfb, 0xf5,
    0x5a, 0xfe, 0xbe, 0x40, 0x00, 0x01, 0x01, 0x04, 0x01, 0x05, 0x16, 0xff, 0xef, 0xbf, 0xbe, 0x96, 0xff, 0xff, 0xff, 0xef, 0xe0, 0xba, 0xaa, 0xfa,
    0xb4, 0x00, 0x00, 0x00, 0x2e, 0x10, 0x06, 0xfa, 0x00, 0x01, 0xf8, 0x00, 0x00, 0x00, 0x40, 0x6d, 0xba, 0xe9, 0xb5, 0x5f, 0x95, 0x5b, 0xea, 0xf9,
    0x5b, 0xaf, 0xe5, 0x6f, 0xee, 0xf5, 0xba, 0x6e, 0x5a, 0x7e, 0x95, 0x56, 0xea, 0xfd, 0xbf, 0xd6, 0xff, 0xff, 0xff, 0xff, 0xff, 0xff, 0xff, 0xff,
    0xff, 0xff, 0xff, 0xff, 0xff, 0xff, 0xff, 0xff, 0xff, 0xff, 0xfd, 0xbe, 0xf8, 0x0b, 0xff, 0xff, 0xff, 0xff, 0xff, 0xff, 0xff, 0xff, 0xff, 0xff,
    0xff, 0xff, 0xff, 0x6d, 0x1b, 0xff, 0xff, 0xff, 0xff, 0xff, 0xff, 0xff, 0xe8, 0x15, 0x55, 0x55, 0x95, 0x55, 0x55, 0x55, 0x55, 0x55, 0x55, 0x55,
    0x55, 0x55, 0x55, 0x55, 0x55, 0x55, 0x55, 0x55, 0x55, 0x95, 0x55, 0x6f, 0xff, 0xff, 0xff, 0xff, 0xff, 0xff, 0xff, 0xff, 0xff, 0xfd, 0x55, 0x65,
    0x95, 0x55, 0x55, 0x55, 0x55, 0x55, 0x55, 0x95, 0x65, 0x55, 0x55, 0x55, 0x55, 0x56, 0x65, 0x45, 0x55, 0x96, 0x55, 0x56, 0xeb, 0xba, 0xea, 0xeb,
    0x97, 0xff, 0xff, 0xff, 0xff, 0xff, 0xff, 0xff, 0xff, 0xf9, 0x2f, 0xfe, 0x15, 0xff, 0xb5, 0x51, 0x6a, 0xbf, 0xe6, 0x54, 0x00, 0x01, 0x04, 0x10,
    0x50, 0x6f, 0xfe, 0xbb, 0xeb, 0xfa, 0x5f, 0xff, 0xff, 0xbf, 0xff, 0xe0, 0xab, 0xaf, 0xfb, 0xa4, 0x00, 0x00, 0x01, 0x68, 0x00, 0x1b, 0xfa, 0x40,
    0x00, 0xb4, 0x00, 0x00, 0x00, 0x05, 0x1a, 0x6f, 0xb9, 0xae, 0x56, 0x5a, 0x56, 0xa6, 0xdb, 0x95, 0x6e, 0xbe, 0x56, 0xae, 0x9b, 0x96, 0xf5, 0xae,
    0x79, 0x6f, 0xe0, 0x6f, 0xa8, 0xbf, 0x5b, 0xff, 0xff, 0xff, 0xff, 0xff, 0xff, 0xff, 0xff, 0xff, 0xff, 0xff, 0xff, 0xff, 0xff, 0xff, 0xff, 0xff,
    0xff, 0xfe, 0x1b, 0xae, 0x6f, 0xff, 0xff, 0xff, 0xff, 0xff, 0xff, 0xff, 0xff, 0xff, 0xff, 0xff, 0xff, 0xff, 0x98, 0x56, 0xff, 0xff, 0xff, 0xff,
    0xff, 0xff, 0xff, 0xfe, 0x19, 0x55, 0x55, 0x56, 0x56, 0x55, 0x55, 0x55, 0x55, 0x55, 0x55, 0x55, 0x55, 0x55, 0x55, 0x55, 0x55, 0x55, 0x55, 0x55,
    0x55, 0x56, 0xff, 0xff, 0xff, 0xff, 0xff, 0xff, 0xff, 0xff, 0xff, 0xff, 0xff, 0x55, 0x55, 0x55, 0x55, 0x55, 0x55, 0x55, 0x55, 0x55, 0x55, 0x55,
    0x59, 0x55, 0x59, 0x65, 0x55, 0x55, 0x64, 0x55, 0x55, 0x55, 0xaa, 0xab, 0xaf, 0xae, 0xbe, 0x6f, 0xff, 0xff, 0xff, 0xff, 0xff, 0xff, 0xff, 0xff,
    0xf4, 0x06, 0xff, 0x44, 0xbf, 0xb8, 0x15, 0x51, 0x55, 0x9a, 0xaa, 0x54, 0x10, 0x40, 0x40, 0x1a, 0xff, 0xfa, 0xfa, 0xfa, 0xf9, 0x7f, 0xff, 0xef,
    0xff, 0xbe, 0xf0, 0xaa, 0xfb, 0xaf, 0xb8, 0x00, 0x00, 0x06, 0x90, 0x40, 0x2e, 0xbf, 0x40, 0x01, 0xb8, 0x00, 0x00, 0x05, 0x05, 0x47, 0x9e, 0xfe,
    0x6a, 0x95, 0x5b, 0xd5, 0x6a, 0x9e, 0xea, 0x5f, 0xfb, 0xf9, 0x55, 0x6e, 0x5f, 0x97, 0xee, 0x64, 0xbf, 0xf4, 0x05, 0x80, 0x68, 0x7f, 0xff, 0xff,
    0xff, 0xff, 0xff, 0xff, 0xff, 0xff, 0xff, 0xff, 0xff, 0xff, 0xff, 0xff, 0xff, 0xff, 0xff, 0xff, 0xff, 0x46, 0xff, 0xff, 0xff, 0xff, 0xff, 0xff,
    0xff, 0xff, 0xff, 0xff, 0xff, 0xff, 0xff, 0xff, 0xff, 0xda, 0xf9, 0xff, 0xff, 0xff, 0xff, 0xff, 0xff, 0xff, 0xff, 0x45, 0x55, 0x65, 0x55, 0x55,
    0x65, 0x55, 0x55, 0x55, 0x55, 0x55, 0x55, 0x55, 0x55, 0x55, 0x55, 0x55, 0x55, 0x55, 0x55, 0x56, 0x5b, 0xff, 0xff, 0xff, 0xff, 0xff, 0xff, 0xff,
    0xff, 0xff, 0xff, 0xff, 0x95, 0x55, 0x55, 0x55, 0x55, 0x55, 0x55, 0x55, 0x55, 0x55, 0x55, 0x95, 0x55, 0x95, 0x55, 0x65, 0x95, 0xbe, 0x04, 0x55,
    0x5a, 0xef, 0xbe, 0xeb, 0xaf, 0xa5, 0xff, 0xff, 0xff, 0xff, 0xff, 0xff, 0xff, 0xff, 0xff, 0xe1, 0x50, 0x6f, 0x95, 0x2a, 0xf8, 0x14, 0x51, 0x50,
    0x41, 0x55, 0x55, 0x15, 0x45, 0x05, 0xaf, 0xff, 0xef, 0xea, 0xfb, 0xa5, 0xff, 0xff, 0xff, 0xff, 0xfe, 0xf0, 0xfe, 0xfb, 0xeb, 0xa8, 0x00, 0x00,
    0x00, 0x04, 0x10, 0x1b, 0xfe, 0x40, 0x00, 0xf5, 0x90, 0x00, 0x1b, 0x40, 0x41, 0xdb, 0xaf, 0x9a, 0xe5, 0x56, 0xb9, 0x45, 0x9a, 0xff, 0xd5, 0xab,
    0xaf, 0x96, 0xe5, 0xb9, 0x5a, 0xa9, 0xa0, 0xbf, 0xf9, 0x40, 0x04, 0x92, 0xff, 0xff, 0xff, 0xff, 0xff, 0xff, 0xff, 0xff, 0xff, 0xff, 0xff, 0xff,
    0xff, 0xff, 0xff, 0xff, 0xff, 0xfe, 0x9a, 0xff, 0xe1, 0xff, 0xff, 0xff, 0xff, 0xff, 0xff, 0xff, 0xff, 0xff, 0xff, 0xff, 0xff, 0xff, 0xff, 0xff,
    0xe6, 0xfd, 0x7f, 0xff, 0xff, 0xff, 0xff, 0xff, 0xff, 0xff, 0xd1, 0x55, 0x55, 0x55, 0x55, 0x55, 0x55, 0x55, 0x55, 0x55, 0x55, 0x55, 0x55, 0x55,
    0x55, 0x55, 0x55, 0x55, 0x55, 0x55, 0x55, 0x6f, 0xff, 0xff, 0xff, 0xff, 0xff, 0xff, 0xff, 0xff, 0xaf, 0xff, 0xff, 0xe5, 0x55, 0x55, 0x55, 0x59,
    0x55, 0x55, 0x55, 0x55, 0x55, 0x55, 0x55, 0x55, 0x55, 0x55, 0x55, 0x55, 0xfe, 0x40, 0x15, 0xae, 0xaa, 0xaa, 0xfa, 0xeb, 0x5b, 0xff, 0xff, 0xff,
    0xff, 0xff, 0xff, 0xff, 0xff, 0xff, 0xf5, 0x45, 0x06, 0xe1, 0x50, 0xbd, 0x15, 0x00, 0x00, 0x00, 0x04, 0x55, 0x55, 0x55, 0x1b, 0xff, 0xfa, 0xee,
    0xbf, 0xaf, 0x97, 0xff, 0xfe, 0xff, 0xef, 0xff, 0xe0, 0xef, 0xbe, 0xbe, 0xf9, 0x00, 0x00, 0x00, 0x04, 0x50, 0x06, 0x69, 0x00, 0x01, 0xf5, 0x90,
    0x00, 0x2f, 0x91, 0x14, 0x76, 0x5b, 0x9a, 0xaa, 0x56, 0x6a, 0x95, 0x5a, 0xba, 0xf9, 0x5b, 0xe9, 0x6e, 0x5b, 0x96, 0x94, 0x14, 0x01, 0xbb, 0xfd,
    0x10, 0x14, 0x5b, 0xff, 0xff, 0xff, 0xff, 0xff, 0xff, 0xff, 0xff, 0xff, 0xff, 0xff, 0xff, 0xff, 0xff, 0xff, 0xff, 0xff, 0xf8, 0x41, 0x6f, 0xe1,
    0xff, 0xff, 0xff, 0xff, 0xff, 0xff, 0xff, 0xff, 0xff, 0xff, 0xff, 0xff, 0xff, 0xff, 0xff, 0xf6, 0x6f, 0x5f, 0xff, 0xff, 0xff, 0xff, 0xff, 0xff,
    0xff, 0xe5, 0x65, 0x55, 0x55, 0x55, 0x55, 0x55, 0x55, 0x55, 0x55, 0x55, 0x55, 0x54, 0x15, 0x55, 0x55, 0x55, 0x56, 0x55, 0x55, 0x55, 0xff, 0xff,
    0xff, 0xfd, 0xff, 0xff, 0xff, 0xff, 0xff, 0x5f, 0xff, 0xff, 0xfd, 0x56, 0x55, 0x55, 0x55, 0x55, 0x55, 0x55, 0x55, 0x55, 0x56, 0x55, 0x65, 0x55,
    0x55, 0x95, 0x65, 0xaf, 0x95, 0x6a, 0xeb, 0xba, 0xeb, 0xae, 0xe9, 0x7f, 0xff, 0xff, 0xff, 0xff, 0xff, 0xff, 0xff, 0xff, 0xff, 0xed, 0x05, 0x51,
    0xf5, 0x50, 0x2f, 0x40, 0x00, 0x00, 0x00, 0x00, 0x00, 0x51, 0x55, 0xbf, 0xff, 0xff, 0xfb, 0xfb, 0xa9, 0x6f, 0xff, 0xff, 0xff, 0xff, 0xbf, 0xa0,
    0xeb, 0xaf, 0xae, 0xfd, 0x00, 0x00, 0x00, 0x00, 0x90, 0x00, 0x00, 0x00, 0x02, 0xd1, 0x40, 0x00, 0x1f, 0xd0, 0x10, 0x29, 0x42, 0xe6, 0xaa, 0x95,
    0x6a, 0xa9, 0x56, 0xbe, 0xaf, 0xa5, 0xa5, 0xe6, 0xbe, 0x6e, 0x40, 0x00, 0x14, 0xba, 0xa5, 0x14, 0x15, 0x1f, 0xff, 0xff, 0xff, 0xff, 0xff, 0xff,
    0xff, 0xff, 0xff, 0xff, 0xff, 0xff, 0xff, 0xef, 0xbf, 0xfe, 0xff, 0xf4, 0x6a, 0x5b, 0xe6, 0xff, 0xff, 0xff, 0xff, 0xff, 0xff, 0xff, 0xff, 0xff,
    0xff, 0xff, 0xff, 0xff, 0xff, 0xff, 0xfa, 0x5f, 0xef, 0xff, 0xff, 0xff, 0xff, 0xfe, 0xff, 0xff, 0xf8, 0x55, 0x55, 0x55, 0x55, 0x55, 0x55, 0x55,
    0x55, 0x55, 0x55, 0x55, 0x55, 0x50, 0x55, 0x55, 0x55, 0x55, 0x55, 0x55, 0x52, 0xff, 0xff, 0xff, 0xfe, 0xff, 0xff, 0xff, 0xff, 0xf6, 0xef, 0xff,
    0xff, 0xfe, 0x55, 0x59, 0x55, 0x55, 0x55, 0x55, 0x55, 0x55, 0x55, 0x95, 0x56, 0x55, 0x55, 0x55, 0x55, 0x50, 0x56, 0x56, 0xba, 0xfa, 0xba, 0xfb,
    0xae, 0x96, 0xff, 0xff, 0xff, 0xff, 0xff, 0xff, 0xff, 0xff, 0xff, 0xff, 0xfe, 0x54, 0x54, 0x64, 0x51, 0x06, 0x90, 0x41, 0x04, 0x40, 0x41, 0x00,
    0x01, 0x5b, 0xff, 0xfe, 0xbe, 0xbe, 0x95, 0x54, 0xbf, 0xff, 0xff, 0xff, 0xff, 0xfa, 0xf0, 0xfe, 0xfa, 0xfa, 0xee, 0x40, 0x40, 0x00, 0x00, 0x50,
    0x00, 0x09, 0x00, 0x67, 0x80, 0x14, 0x00, 0x06, 0x80, 0x45, 0x46, 0x56, 0xe5, 0x69, 0xa9, 0x56, 0x9b, 0x94, 0x6b, 0xd7, 0xfd, 0x57, 0x97, 0xe5,
    0xb9, 0x04, 0x04, 0x10, 0x57, 0x99, 0x11, 0x00, 0xbf, 0xfe, 0xff, 0xef, 0xff, 0xff, 0xff, 0xff, 0xff, 0xff, 0xff, 0xff, 0xff, 0xff, 0xff, 0xfe,
    0xa5, 0xaf, 0xf9, 0x7f, 0x97, 0xe7, 0xfe, 0xff, 0xff, 0xff, 0xff, 0xff, 0xff, 0xff, 0xff, 0xff, 0xff, 0xff, 0xff, 0xff, 0xff, 0xff, 0xdb, 0xfe,
    0xff, 0xff, 0xff, 0xff, 0xff, 0xef, 0xbf, 0xfd, 0x15, 0x55, 0x55, 0x55, 0x55, 0x55, 0x55, 0x55, 0x55, 0x55, 0x55, 0x55, 0x65, 0x45, 0x55, 0x55,
    0x55, 0x55, 0x65, 0x5b, 0xff, 0xff, 0xff, 0xff, 0xff, 0xff, 0xff, 0xff, 0xf9, 0xfb, 0xff, 0xff, 0xff, 0xe5, 0x55, 0x55, 0x55, 0x55, 0x55, 0x95,
    0x55, 0x55, 0x55, 0x65, 0x55, 0x55, 0x18, 0x15, 0x04, 0x01, 0xab, 0xaf, 0xae, 0xbe, 0xaa, 0x69, 0x2f, 0xff, 0xff, 0xff, 0xff, 0xff, 0xff, 0xff,
    0xff, 0xff, 0xff, 0xff, 0xe5, 0x45, 0x05, 0x10, 0x01, 0xe4, 0x00, 0x00, 0x00, 0x00, 0x45, 0x05, 0xbf, 0xff, 0xff, 0xbf, 0xa9, 0x54, 0x52, 0xff,
    0xff, 0xfe, 0xff, 0xbf, 0xef, 0xe0, 0xef, 0xee, 0xfb, 0xee, 0x90, 0x00, 0x00, 0xa0, 0x04, 0x00, 0x6f, 0x40, 0x7d, 0x00, 0x1d, 0x00, 0x00, 0x00,
    0x14, 0x02, 0x96, 0xa9, 0x69, 0x6a, 0x96, 0x6b, 0xb9, 0x56, 0xb9, 0xaf, 0xe8, 0x6a, 0x5e, 0x64, 0x40, 0x00, 0x15, 0x07, 0xfc, 0x01, 0x41, 0xfe,
    0xfb, 0xff, 0xff, 0xff, 0xff, 0xff, 0xff, 0xff, 0xff, 0xff, 0xff, 0xff, 0xff, 0xff, 0xfb, 0xd1, 0x5b, 0xff, 0xbe, 0xe6, 0xe7, 0xe5, 0x6f, 0xff,
    0xff, 0xff, 0xff, 0xff, 0xff, 0xff, 0xff, 0xff, 0xff, 0xff, 0xff, 0xff, 0xff, 0xe7, 0xff, 0x6f, 0xff, 0xff, 0xff, 0xfb, 0xef, 0xbf, 0xff, 0x95,
    0x55, 0x55, 0x55, 0x56, 0x55, 0x59, 0x55, 0x55, 0x55, 0x55, 0x55, 0x6e, 0x54, 0x55, 0x55, 0x55, 0x55, 0x64, 0x2f, 0xff, 0xff, 0xff, 0xaf, 0xff,
    0xff, 0xff, 0xff, 0xff, 0xfb, 0xff, 0xff, 0xff, 0xf8, 0x15, 0x95, 0x55, 0x55, 0x55, 0x55, 0x65, 0x95, 0x55, 0x55, 0x55, 0x40, 0x54, 0x00, 0x54,
    0x5a, 0xba, 0xaa, 0xaf, 0xab, 0xad, 0x12, 0xff, 0xff, 0xff, 0xff, 0xff, 0xff, 0xff, 0xff, 0xff, 0xff, 0xff, 0xfe, 0xfd, 0x11, 0x55, 0x14, 0x00,
    0xb0, 0x00, 0x01, 0x00, 0x04, 0x40, 0x6f, 0xff, 0xff, 0xaf, 0xfa, 0x51, 0x55, 0x5b, 0xff, 0xff, 0xff, 0xff, 0xbe, 0xbe, 0xa0, 0xfa, 0xef, 0xbe,
    0xfa, 0xd0, 0x00, 0x01, 0xf4, 0x04, 0x02, 0xea, 0x90, 0x14, 0x00, 0x19, 0x00, 0x00, 0x00, 0x01, 0x14, 0xa5, 0xbe, 0xb9, 0x66, 0xe9, 0x56, 0x9f,
    0x95, 0x69, 0x9a, 0xfe, 0x55, 0xbe, 0x60, 0x05, 0x01, 0x00, 0x06, 0xe4, 0x50, 0x47, 0xff, 0xff, 0xff, 0xff, 0xff, 0xff, 0xff, 0xff, 0xff, 0xff,
    0xff, 0xff, 0xff, 0xff, 0xff, 0xfb, 0xea, 0xa6, 0xff, 0xbe, 0xf6, 0xe7, 0x86, 0x47, 0xff, 0xff, 0xff, 0xff, 0xff, 0xff, 0xff, 0xff, 0xff, 0xff,
    0xff, 0xff, 0xff, 0xff, 0xf6, 0xeb, 0x9f, 0xff, 0xff, 0x9b, 0xff, 0xbf, 0xeb, 0xff, 0xd1, 0x95, 0x55, 0x55, 0x55, 0x55, 0x55, 0x55, 0x55, 0x55,
    0x55, 0x55, 0x5a, 0xb9, 0x05, 0x55, 0x55, 0x55, 0x51, 0xbf, 0xff, 0xff, 0xfd, 0x3f, 0xff, 0xff, 0xff, 0xff, 0xff, 0xef, 0xff, 0xff, 0xff, 0xfe,
    0x55, 0x55, 0x55, 0x55, 0x55, 0x55, 0x55, 0x55, 0x55, 0x55, 0x41, 0x04, 0x40, 0x14, 0x55, 0xae, 0xaa, 0xfa, 0xfa, 0xeb, 0xe9, 0x1b, 0xff, 0xff,
    0xff, 0xff, 0xef, 0xff, 0xff, 0xff, 0xff, 0xff, 0xee, 0x6f, 0xfe, 0x65, 0x41, 0x40, 0x00, 0x60, 0x00, 0x10, 0x10, 0x14, 0x16, 0xff, 0xff, 0xeb,
    0xfa, 0x95, 0x55, 0x14, 0x2f, 0xff, 0xff, 0xff, 0xeb, 0xae, 0xbb, 0xe0, 0xfa, 0xfb, 0xbe, 0xff, 0xa4, 0x00, 0x01, 0xb9, 0x14, 0x02, 0xaf, 0xd0,
    0x00, 0x00, 0x00, 0x00, 0x00, 0x00, 0x01, 0x28, 0x28, 0x6b, 0xfa, 0x55, 0xaa, 0x9a, 0x9b, 0xd5, 0x55, 0xaa, 0xaa, 0xa9, 0xea, 0x91, 0x04, 0x01,
    0x45, 0x40, 0x00, 0x14, 0x2f, 0xff, 0xff, 0xff, 0xff, 0xff, 0xff, 0xff, 0xff, 0xff, 0xff, 0xff, 0xff, 0xff, 0xff, 0xff, 0xfa, 0xef, 0xf5, 0xfa,
    0xfb, 0xf6, 0x9b, 0x6e, 0xd3, 0xff, 0xff, 0xff, 0xff, 0xff, 0xff, 0xff, 0xff, 0xff, 0xff, 0xff, 0xff, 0xff, 0xff, 0xfd, 0xbe, 0xe7, 0xff, 0xff,
    0x81, 0xbf, 0xaa, 0xfb, 0xff, 0xf8, 0x55, 0x55, 0x55, 0x55, 0x59, 0x55, 0x55, 0x55, 0x55, 0x55, 0x55, 0x56, 0xeb, 0x95, 0x55, 0x55, 0x55, 0x6f,
    0xff, 0xff, 0xff, 0xf8, 0xa5, 0xff, 0xff, 0xff, 0xff, 0xff, 0xcb, 0xff, 0xff, 0xff, 0xff, 0xe9, 0x19, 0x55, 0x55, 0x55, 0x55, 0x55, 0x55, 0x55,
    0x55, 0x95, 0x14, 0x05, 0x11, 0x6a, 0xea, 0xee, 0xbe, 0xba, 0xfe, 0x51, 0xbf, 0xff, 0xff, 0xff, 0xff, 0xff, 0xff, 0xff, 0xff, 0xaf, 0xff, 0xed,
    0x5b, 0xfb, 0xfe, 0xaa, 0x94, 0x10, 0x01, 0x00, 0x00, 0x01, 0x01, 0xaf, 0xff, 0xfa, 0xef, 0xa9, 0x50, 0x55, 0x11, 0xff, 0xff, 0xff, 0xef, 0xfe,
    0xef, 0xeb, 0xe0, 0xef, 0xba, 0xfb, 0xeb, 0xb4, 0x00, 0x00, 0x29, 0x10, 0x01, 0xfe, 0x80, 0x00, 0x00, 0x06, 0x50, 0x00, 0x40, 0x00, 0x55, 0x0a,
    0x56, 0xeb, 0x59, 0x66, 0xea, 0x46, 0xe6, 0x55, 0x16, 0x99, 0x55, 0x6e, 0x95, 0x00, 0x50, 0x01, 0x00, 0x04, 0x00, 0xbf, 0xff, 0xbf, 0xff, 0xff,
    0xff, 0xff, 0xff, 0xff, 0xff, 0xff, 0xff, 0xff, 0xff, 0xff, 0xff, 0xfe, 0xfa, 0xf9, 0xba, 0xff, 0xfe, 0x7b, 0xee, 0xe6, 0xff, 0xff, 0xff, 0xff,
    0xff, 0xff, 0xff, 0xff, 0xff, 0xff, 0xff, 0xff, 0xff, 0xff, 0xfe, 0x7f, 0xe5, 0xff, 0xfb, 0x99, 0x17, 0xd7, 0xbf, 0xbe, 0xfd, 0x15, 0x55, 0x55,
    0x55, 0x55, 0x55, 0x55, 0x55, 0x55, 0x55, 0x55, 0x55, 0xae, 0xb9, 0x55, 0x55, 0x55, 0xbf, 0xff, 0xff, 0xfe, 0xff, 0x91, 0xff, 0xeb, 0xff, 0xff,
    0xff, 0xef, 0xff, 0xff, 0xfe, 0xff, 0xff, 0x95, 0x55, 0x55, 0x55, 0x55, 0x55, 0x55, 0x56, 0x47, 0xea, 0x44, 0x01, 0x56, 0xea, 0xba, 0xab, 0xaf,
    0xbe, 0xa9, 0x1b, 0xff, 0xff, 0xff, 0xff, 0xff, 0x96, 0xff, 0xff, 0xf9, 0x1b, 0xff, 0xfd, 0xab, 0xfb, 0xff, 0xff, 0xf8, 0x00, 0x00, 0x00, 0x41,
    0x40, 0x5b, 0xff, 0xfe, 0xfb, 0xef, 0x95, 0x55, 0x51, 0x47, 0xff, 0xff, 0xff, 0xfe, 0xbe, 0xef, 0xbe, 0xf0, 0xef, 0xbe, 0xeb, 0xeb, 0xb9, 0x00,
    0x00, 0x04, 0x01, 0x40, 0x55, 0x40, 0x00, 0x00, 0x06, 0xe0, 0x01, 0xe0, 0x00, 0x05, 0x42, 0x69, 0x7e, 0x99, 0x56, 0xaa, 0x55, 0x6b, 0x69, 0x51,
    0x6d, 0xe9, 0x66, 0x84, 0x10, 0x54, 0x15, 0x00, 0x41, 0x47, 0xff, 0xfb, 0xff, 0xff, 0xff, 0xff, 0xbf, 0xff, 0xff, 0xff, 0xff, 0xff, 0xff, 0xff,
    0xff, 0xff, 0xff, 0xbf, 0xb9, 0x66, 0xff, 0xa9, 0xff, 0xfe, 0xb5, 0xff, 0xff, 0xff, 0xff, 0xff, 0xff, 0xff, 0xff, 0xff, 0xff, 0xff, 0xff, 0xff,
    0xff, 0xff, 0x9f, 0xb8, 0xbf, 0xfe, 0xbe, 0xe1, 0xf7, 0xbe, 0xae, 0xff, 0x91, 0x55, 0x55, 0x55, 0x55, 0x55, 0x55, 0x55, 0x55, 0x55, 0x55, 0x55,
    0x5a, 0xab, 0xa5, 0x55, 0x1b, 0xff, 0xfb, 0xfe, 0xbf, 0xf9, 0x01, 0xbf, 0xd2, 0xff, 0xff, 0xf6, 0xff, 0xff, 0xff, 0xff, 0xff, 0xff, 0xf4, 0x55,
    0x55, 0x65, 0x56, 0x59, 0x55, 0xa5, 0x5e, 0xf9, 0x85, 0x16, 0xae, 0xae, 0xab, 0xba, 0xea, 0xaa, 0x90, 0xbf, 0xff, 0xff, 0xff, 0xff, 0xbf, 0x44,
    0xbf, 0xff, 0xf9, 0x51, 0xaf, 0xbb, 0xfa, 0xff, 0xbe, 0xbb, 0xae, 0x40, 0x00, 0x40, 0x00, 0x05, 0xbf, 0xff, 0xee, 0xfb, 0xf9, 0x54, 0x45, 0x54,
    0x1f, 0xff, 0xff, 0xfe, 0xfb, 0xaf, 0xba, 0xfe, 0xa0, 0xea, 0xfe, 0xbf, 0xfe, 0xf9, 0x00, 0x00, 0x00, 0x06, 0x80, 0x00, 0x00, 0x00, 0x00, 0x01,
    0x95, 0x00, 0x50, 0x00, 0x00, 0x51, 0x5e, 0x5b, 0xe9, 0x6a, 0xaa, 0xa1, 0x56, 0xa9, 0x95, 0x15, 0xbe, 0xa5, 0x41, 0x40, 0x15, 0x00, 0x55, 0x04,
    0x2f, 0xff, 0xbf, 0xfe, 0xff, 0xff, 0xff, 0xff, 0xff, 0xff, 0xff, 0xff, 0xff, 0xff, 0xff, 0xff, 0xff, 0xff, 0xbf, 0xfe, 0x9b, 0xff, 0x97, 0xff,
    0xf9, 0x15, 0xff, 0xff, 0xff, 0xff, 0xff, 0xff, 0xff, 0xff, 0xff, 0xff, 0xff, 0xff, 0xff, 0xff, 0xff, 0xe7, 0xbd, 0x7f, 0xff, 0xeb, 0xed, 0x76,
    0xfb, 0xeb, 0xff, 0xf4, 0x55, 0x55, 0x59, 0x55, 0x55, 0x55, 0x55, 0x55, 0x55, 0x55, 0x55, 0x56, 0xab, 0xae, 0x55, 0x5b, 0xff, 0xe7, 0xfd, 0x7f,
    0xd0, 0x01, 0xff, 0x81, 0xff, 0xff, 0xf5, 0xff, 0xff, 0xff, 0xff, 0xff, 0xff, 0xfd, 0x15, 0x65, 0x55, 0x65, 0x55, 0x55, 0x55, 0x6e, 0xfa, 0x91,
    0xaa, 0xaf, 0xae, 0xab, 0xae, 0xbe, 0xe5, 0x07, 0xff, 0xff, 0xff, 0xff, 0xff, 0xfb, 0xae, 0x1b, 0xff, 0xff, 0xf9, 0x56, 0xff, 0xbf, 0xef, 0xef,
    0xbf, 0xfb, 0xea, 0xa5, 0x00, 0x10, 0x5b, 0xff, 0xff, 0xef, 0xbe, 0xa5, 0x45, 0x41, 0x44, 0x7f, 0xff, 0xfb, 0xff, 0xaf, 0xfb, 0xbf, 0xef, 0xa0,
    0xfa, 0xeb, 0xba, 0xfa, 0xee, 0x00, 0x00, 0x00, 0x01, 0x40, 0x00, 0x90, 0x00, 0x00, 0x00, 0x51, 0x00, 0x00, 0x00, 0x01, 0x04, 0x0b, 0xe5, 0xb9,
    0x2a, 0x55, 0x65, 0x94, 0x59, 0xba, 0x41, 0x6b, 0xea, 0x55, 0x01, 0x05, 0x00, 0x40, 0x05, 0xbf, 0xef, 0xff, 0xff, 0xfe, 0xff, 0xff, 0xff, 0xff,
    0xff, 0xff, 0xff, 0xff, 0xff, 0xff, 0xff, 0xff, 0xff, 0xff, 0xf9, 0x5f, 0xff, 0xff, 0xff, 0x91, 0x92, 0xff, 0xff, 0xff, 0xff, 0xff, 0xff, 0xff,
    0xff, 0xff, 0xff, 0xff, 0xff, 0xff, 0xff, 0xff, 0xf5, 0xfe, 0x7f, 0xff, 0xbf, 0xae, 0x6e, 0xbb, 0xef, 0xbf, 0xfd, 0x15, 0x55, 0x55, 0x55, 0x55,
    0x55, 0x55, 0x55, 0x55, 0x55, 0x55, 0x55, 0x6e, 0xfa, 0xea, 0x55, 0xaf, 0xff, 0xad, 0xb5, 0x40, 0x11, 0xfe, 0x02, 0xff, 0xff, 0xf8, 0x6e, 0xff,
    0xff, 0xff, 0xff, 0xff, 0xff, 0x91, 0x55, 0x55, 0x55, 0x55, 0x55, 0x59, 0x1f, 0xa5, 0x6a, 0xeb, 0xeb, 0xea, 0xbe, 0xab, 0xaa, 0x51, 0x7f, 0xff,
    0xff, 0xff, 0xff, 0xff, 0xfa, 0xeb, 0xa5, 0x7f, 0xfb, 0xff, 0xf4, 0xbf, 0xff, 0xbe, 0xff, 0x9a, 0xfe, 0xf5, 0xaf, 0x44, 0x06, 0xff, 0xff, 0xfa,
    0xfb, 0xf9, 0x41, 0x55, 0x51, 0x51, 0xff, 0xff, 0xff, 0xeb, 0xee, 0xfb, 0xeb, 0xbb, 0xe0, 0xfb, 0xeb, 0xbf, 0xaf, 0xaf, 0x40, 0x00, 0x00, 0x10,
    0x40, 0x07, 0xe0, 0x1a, 0x00, 0x00, 0x15, 0x00, 0x00, 0x00, 0x00, 0x14, 0x02, 0xe9, 0x6a, 0xa6, 0x9a, 0x5a, 0xa9, 0x05, 0x7f, 0xa5, 0x6f, 0xbe,
    0xa5, 0x50, 0x40, 0x14, 0x10, 0x6f, 0xff, 0xff, 0xff, 0xfb, 0xff, 0xff, 0xff, 0xff, 0xfe, 0xff, 0xff, 0xff, 0xff, 0xff, 0xff, 0xff, 0xff, 0xff,
    0xff, 0xfa, 0xbf, 0xff, 0xff, 0xff, 0x9b, 0xe6, 0xff, 0xff, 0xff, 0xff, 0xff, 0xff, 0xff, 0xff, 0xff, 0xff, 0xff, 0xff, 0xff, 0xff, 0xff, 0xfd,
    0xbb, 0x6f, 0xff, 0xbe, 0xff, 0x9a, 0xee, 0xba, 0xbf, 0xff, 0x45, 0x55, 0x55, 0x55, 0x55, 0x55, 0x55, 0x55, 0x55, 0x55, 0x55, 0x55, 0x56, 0xeb,
    0xea, 0xa5, 0x16, 0xbe, 0x47, 0xd0, 0x00, 0x00, 0x6e, 0x01, 0xff, 0xff, 0xfe, 0x49, 0x7f, 0xff, 0xff, 0xff, 0xff, 0xff, 0xf4, 0x55, 0x55, 0x55,
    0x55, 0x55, 0x59, 0x15, 0x5a, 0xaa, 0xba, 0xfa, 0xab, 0xae, 0xbb, 0xa5, 0x06, 0xff, 0xff, 0xff, 0xff, 0xff, 0xff, 0xff, 0xfb, 0xfa, 0x5f, 0xfa,
    0xff, 0xbe, 0x1f, 0xef, 0xbf, 0xee, 0x15, 0x6f, 0xe5, 0x55, 0xe5, 0x6f, 0xff, 0xfe, 0xbf, 0xfb, 0xa4, 0x55, 0x14, 0x55, 0x07, 0xff, 0xfe, 0xff,
    0xfe, 0xfe, 0xbe, 0xfb, 0xfa, 0xe0, 0xaf, 0xbf, 0xaf, 0xfb, 0xfa, 0x80, 0x00, 0x00, 0x64, 0x50, 0x1a, 0xa5, 0xbe, 0x00, 0x64, 0x06, 0x90, 0x00,
    0x00, 0x00, 0x14, 0x50, 0xaf, 0x96, 0xea, 0x9e, 0x59, 0xbb, 0x95, 0x56, 0xe9, 0x7e, 0xfb, 0xfe, 0x55, 0x40, 0x10, 0x06, 0xbf, 0xff, 0xbf, 0xfe,
    0xff, 0xff, 0xff, 0xff, 0xff, 0xff, 0xff, 0xff, 0xef, 0xff, 0xff, 0xff, 0xff, 0xff, 0xff, 0xff, 0xff, 0xff, 0xff, 0xff, 0xfa, 0xbe, 0xe2, 0xff,
    0xff, 0xff, 0xff, 0xff, 0xff, 0xff, 0xff, 0xff, 0xff, 0xff, 0xff, 0xff, 0xff, 0xff, 0xfe, 0x2f, 0x9b, 0xff, 0xff, 0xaf, 0x96, 0xef, 0xbe, 0xeb,
    0xff, 0x95, 0x55, 0x55, 0x55, 0x55, 0x55, 0x65, 0x55, 0x55, 0x55, 0x55, 0x55, 0x55, 0xae, 0xbe, 0xaa, 0x95, 0x59, 0x02, 0xd0, 0x00, 0x00, 0x79,
    0x01, 0xff, 0xfe, 0xff, 0x45, 0x2f, 0xfa, 0xff, 0xff, 0xff, 0xff, 0xfe, 0x45, 0x55, 0x55, 0x55, 0x59, 0x54, 0x56, 0xaa, 0xeb, 0xee, 0xab, 0xeb,
    0xeb, 0xaa, 0x50, 0x6f, 0xff, 0xff, 0xff, 0xff, 0xff, 0xff, 0xff, 0xbf, 0xef, 0x9f, 0xf5, 0xbf, 0xff, 0x9b, 0xfb, 0xff, 0xfe, 0x15, 0x06, 0xf5,
    0x55, 0x5b, 0xff, 0xff, 0xef, 0xfe, 0xbd, 0x05, 0x55, 0x45, 0x05, 0x1f, 0xff, 0xbf, 0xee, 0xbf, 0xfb, 0xee, 0xbe, 0xfe, 0xb0, 0xee, 0xba, 0xfa,
    0xfa, 0xfb, 0xd0, 0x02, 0x40, 0x64, 0x19, 0x0a, 0x92, 0xfb, 0x41, 0xf4, 0x06, 0xd0, 0x00, 0x00, 0x00, 0x01, 0x44, 0x1b, 0xf9, 0x6f, 0xef, 0x95,
    0xaa, 0xaa, 0x40, 0x9a, 0x7e, 0xeb, 0xaf, 0xe9, 0x55, 0x04, 0x6f, 0xff, 0xff, 0xff, 0xef, 0xff, 0xff, 0xff, 0xff, 0xff, 0xff, 0xff, 0xff, 0xff,
    0xff, 0xff, 0xeb, 0xff, 0xff, 0xff, 0xab, 0xff, 0xff, 0xff, 0xff, 0xfe, 0xbe, 0x97, 0xe9, 0x7f, 0xff, 0xff, 0x9f, 0xff, 0xff, 0xff, 0xff, 0xff,
    0xff, 0xff, 0xff, 0xff, 0xff, 0xff, 0x9b, 0xe7, 0xff, 0xff, 0xfa, 0xb9, 0xfb, 0xfb, 0xef, 0xff, 0xf4, 0x55, 0x59, 0x55, 0x56, 0x95, 0x56, 0x55,
    0x55, 0x55, 0x55, 0x56, 0x54, 0x1b, 0xab, 0xea, 0xea, 0x55, 0x46, 0xe0, 0x00, 0x01, 0x64, 0x02, 0xff, 0xff, 0xfd, 0x05, 0x1f, 0xfa, 0xff, 0xff,
    0xff, 0xff, 0xff, 0xe5, 0x55, 0x55, 0x55, 0x55, 0x55, 0xaf, 0xae, 0xbe, 0xae, 0xfa, 0xfa, 0xfb, 0xa5, 0x16, 0xff, 0xff, 0xff, 0xff, 0xff, 0xff,
    0xff, 0xff, 0xef, 0xfe, 0xa7, 0xf9, 0x6e, 0xea, 0xfa, 0xef, 0xaf, 0xbe, 0x51, 0x55, 0xb9, 0x55, 0xbf, 0xff, 0xff, 0xef, 0xef, 0xfd, 0x55, 0x51,
    0x45, 0x50, 0xbf, 0xff, 0xff, 0xef, 0xeb, 0xbb, 0xef, 0xef, 0xeb, 0xe0, 0xfb, 0xfe, 0xfb, 0xaf, 0xae, 0xa0, 0x06, 0x80, 0x00, 0x2d, 0x05, 0x00,
    0xaa, 0x41, 0x52, 0x41, 0x54, 0x00, 0x00, 0x00, 0x10, 0x15, 0x06, 0xee, 0x56, 0xfb, 0xe9, 0x5a, 0xaa, 0x94, 0x55, 0x7b, 0xff, 0xba, 0xfe, 0x96,
    0x45, 0xff, 0xff, 0xfb, 0xff, 0xff, 0xff, 0xff, 0xef, 0xfe, 0xff, 0xff, 0xff, 0xff, 0xff, 0xff, 0xff, 0xab, 0xaf, 0xff, 0xf9, 0x15, 0xbf, 0xff,
    0xff, 0xff, 0xff, 0xaa, 0x4b, 0xa6, 0x2f, 0xff, 0xfd, 0x0b, 0xff, 0xff, 0xff, 0xff, 0xff, 0xff, 0xff, 0xff, 0xff, 0xff, 0xff, 0xe2, 0xe5, 0xff,
    0xf9, 0x7f, 0xfe, 0xbf, 0xbb, 0xfb, 0xff, 0xfe, 0x19, 0x55, 0x65, 0x55, 0x55, 0x55, 0x55, 0x55, 0x55, 0x55, 0x65, 0x56, 0xa5, 0xba, 0xfb, 0xae,
    0xa9, 0x55, 0x50, 0x10, 0x12, 0xc0, 0x01, 0xff, 0xfd, 0xb4, 0x40, 0x07, 0xee, 0xaf, 0xdb, 0xff, 0xff, 0xff, 0xfe, 0x45, 0x55, 0x55, 0x15, 0xab,
    0xaa, 0xfb, 0xaa, 0xea, 0xee, 0xae, 0xba, 0x55, 0x6f, 0xff, 0xff, 0xff, 0xeb, 0xff, 0xff, 0xff, 0xfe, 0x45, 0xf9, 0xb6, 0xf9, 0x46, 0xd5, 0xba,
    0xed, 0x06, 0xfa, 0x55, 0x54, 0x79, 0x5b, 0xff, 0xff, 0xfb, 0xfe, 0xfa, 0xfe, 0x41, 0x15, 0x54, 0x51, 0xff, 0xff, 0xfe, 0xfb, 0xeb, 0xfe, 0xbe,
    0xfb, 0xef, 0xa0, 0xfb, 0xef, 0xbf, 0xef, 0xbe, 0xb8, 0x02, 0x80, 0x00, 0x19, 0x00, 0x00, 0x04, 0x00, 0x02, 0xd0, 0x05, 0x00, 0x00, 0x01, 0x78,
    0x10, 0x50, 0xbb, 0xe5, 0x6e, 0xbe, 0x96, 0x9a, 0xa9, 0x45, 0x6b, 0xbe, 0xfb, 0xfb, 0xa4, 0x5b, 0xff, 0xff, 0xbf, 0xff, 0xff, 0xff, 0xfe, 0xff,
    0xff, 0xff, 0xff, 0xff, 0xff, 0xff, 0xff, 0xfe, 0xbe, 0xff, 0xff, 0xe1, 0xa9, 0x2f, 0xff, 0xe5, 0x6f, 0xfb, 0x59, 0x6f, 0x6f, 0x9b, 0xff, 0xf4,
    0x97, 0xff, 0xff, 0xff, 0xff, 0xff, 0xff, 0xff, 0xff, 0xff, 0xff, 0xff, 0xf8, 0xb8, 0xbf, 0xb8, 0x07, 0xfb, 0xaf, 0xfe, 0xfb, 0xbf, 0xff, 0x95,
    0x55, 0x55, 0x55, 0x55, 0x55, 0x55, 0x55, 0x55, 0x55, 0x55, 0xaf, 0xe4, 0x6e, 0xab, 0xae, 0xba, 0xa5, 0x54, 0x00, 0x02, 0x80, 0x00, 0xbf, 0xbd,
    0x38, 0x04, 0x01, 0xad, 0x1b, 0xd2, 0xff, 0xff, 0xff, 0x45, 0x44, 0x05, 0x54, 0x6a, 0xaa, 0xfa, 0xea, 0xeb, 0xeb, 0xae, 0xef, 0xa4, 0x46, 0xff,
    0xff, 0xff, 0xff, 0x86, 0xff, 0xe4, 0x2f, 0xfe, 0x69, 0x7e, 0xbf, 0xf9, 0x55, 0x55, 0x2e, 0xfd, 0x55, 0xa5, 0x85, 0x15, 0x56, 0xff, 0xff, 0xee,
    0xbb, 0xef, 0xbe, 0xfb, 0xa5, 0x44, 0x51, 0x4b, 0xff, 0xff, 0xbf, 0xfa, 0xff, 0xef, 0xfb, 0xfb, 0xfe, 0xf0, 0xfe, 0xae, 0xbe, 0xfa, 0xfb, 0xed,
    0x00, 0x00, 0x01, 0x01, 0x10, 0x00, 0x00, 0x00, 0x02, 0xe0, 0x01, 0x40, 0x00, 0x0b, 0xfd, 0x05, 0x04, 0x6e, 0xbe, 0x4a, 0xfb, 0xe7, 0x9a, 0x5a,
    0x95, 0x5f, 0xba, 0xef, 0xe5, 0x56, 0xbf, 0xfb, 0xef, 0xff, 0xef, 0xef, 0xbf, 0xff, 0xff, 0xbf, 0xff, 0xff, 0xff, 0xff, 0xff, 0xea, 0xbd, 0x6e,
    0xbf, 0xff, 0x9b, 0xfe, 0x5b, 0xfe, 0x95, 0x0b, 0xfb, 0x5a, 0xb9, 0x6e, 0xa6, 0xff, 0xe2, 0xe5, 0xbf, 0xff, 0xff, 0xea, 0xaf, 0xff, 0xff, 0xff,
    0xff, 0xff, 0xff, 0xfe, 0x1e, 0x7f, 0xf9, 0x91, 0xff, 0xef, 0xaf, 0xeb, 0xff, 0xff, 0xe4, 0x55, 0x55, 0x55, 0x55, 0x55, 0x55, 0x55, 0x55, 0x55,
    0x57, 0xf4, 0x40, 0x96, 0xea, 0xeb, 0xbb, 0xaa, 0x95, 0x50, 0x01, 0x40, 0x00, 0x7f, 0x9d, 0x19, 0x00, 0x00, 0x68, 0x02, 0xe2, 0xff, 0xff, 0xa9,
    0x14, 0x55, 0x51, 0x55, 0xae, 0xbe, 0xaf, 0xae, 0xba, 0xba, 0xea, 0xea, 0x40, 0x6f, 0xff, 0xff, 0xff, 0xba, 0x69, 0x5f, 0xe5, 0x4b, 0xfe, 0xbf,
    0x5e, 0xbe, 0xfd, 0x14, 0x15, 0x5b, 0xfd, 0x50, 0x15, 0x95, 0x51, 0xaf, 0xff, 0xff, 0xaf, 0xef, 0xbf, 0xef, 0xbf, 0xa4, 0x54, 0x55, 0x2f, 0xff,
    0xff, 0xab, 0xaf, 0xbb, 0xfa, 0xfb, 0xaf, 0xaf, 0xe0, 0xef, 0xfb, 0xef, 0xbe, 0xeb, 0xab, 0x80, 0x00, 0x00, 0x00, 0x69, 0x00, 0x00, 0x00, 0x01,
    0x90, 0x01, 0x50, 0x00, 0x07, 0xe4, 0x01, 0x14, 0x0b, 0xeb, 0xe5, 0x6a, 0xaa, 0xa6, 0x59, 0xa9, 0x5e, 0xbf, 0xfe, 0x5a, 0xff, 0xff, 0xff, 0xff,
    0xff, 0xff, 0xff, 0xfb, 0xff, 0xff, 0xff, 0xff, 0xff, 0xff, 0xff, 0xff, 0x80, 0x6e, 0x6b, 0xeb, 0xfe, 0xae, 0xbb, 0x97, 0xfb, 0xaf, 0x42, 0xff,
    0x95, 0x50, 0xbb, 0xf9, 0xbf, 0xf6, 0xf9, 0x5f, 0xff, 0xff, 0xea, 0x46, 0xff, 0xff, 0xff, 0xff, 0xff, 0xff, 0xff, 0x8b, 0x6f, 0xf9, 0xb9, 0x7f,
    0xfb, 0xef, 0xbf, 0xaf, 0xff, 0xfd, 0x15, 0x55, 0x55, 0x55, 0x65, 0x55, 0x55, 0x55, 0x46, 0xbf, 0x90, 0x01, 0xf9, 0x6e, 0xba, 0xeb, 0xae, 0xe9,
    0x59, 0x50, 0x00, 0x00, 0x7f, 0xd9, 0x03, 0x80, 0x00, 0x2d, 0x0b, 0xe1, 0xaa, 0x95, 0x51, 0x55, 0x55, 0x15, 0x41, 0x5a, 0xeb, 0xea, 0xba, 0xbe,
    0xbe, 0xeb, 0xa4, 0x46, 0xff, 0xff, 0xff, 0xff, 0xbe, 0xbe, 0x9b, 0xab, 0xe6, 0xfe, 0xff, 0xe7, 0xef, 0xfd, 0x14, 0x14, 0x56, 0xbd, 0x15, 0x55,
    0xa4, 0x5a, 0xff, 0xff, 0xfa, 0xff, 0xef, 0xfb, 0xee, 0xaa, 0x45, 0x41, 0x51, 0xbf, 0xff, 0xfb, 0xff, 0xef, 0xfb, 0xbf, 0xbe, 0xfe, 0xbe, 0xa0,
    0xfa, 0xfb, 0xeb, 0xaf, 0xaf, 0xba, 0xe0, 0x01, 0x40, 0x00, 0x69, 0x00, 0x00, 0x00, 0x00, 0x00, 0x00, 0xa5, 0x00, 0x01, 0x40, 0x00, 0x11, 0x51,
    0xea, 0x54, 0x15, 0x54, 0x55, 0x59, 0x55, 0x9b, 0xef, 0x95, 0xaf, 0xff, 0xfe, 0xff, 0xff, 0xff, 0xff, 0xff, 0xff, 0xff, 0xff, 0xff, 0xff, 0xff,
    0xff, 0xff, 0xbe, 0x55, 0x5e, 0x7e, 0xbf, 0xfe, 0xfb, 0xfb, 0xe6, 0xf6, 0xeb, 0x92, 0xff, 0xef, 0xaa, 0xfb, 0xed, 0x3f, 0xf6, 0xbf, 0xd7, 0xff,
    0xff, 0xaf, 0xa5, 0x6f, 0xff, 0xff, 0xff, 0xff, 0xff, 0xff, 0xe2, 0xaf, 0xfa, 0xaa, 0x5b, 0xfa, 0xfa, 0xfe, 0xbf, 0xff, 0xff, 0x85, 0x55, 0x55,
    0x55, 0x55, 0x55, 0x55, 0x40, 0x6e, 0xff, 0x40, 0x2a, 0xb9, 0x06, 0xfa, 0xee, 0xea, 0x95, 0x15, 0x64, 0x04, 0x04, 0x1b, 0xae, 0x41, 0x40, 0x00,
    0x14, 0x05, 0x50, 0x55, 0x45, 0x55, 0x55, 0x55, 0x55, 0x40, 0x1a, 0xea, 0xeb, 0xab, 0xab, 0xe9, 0xb9, 0x51, 0x6f, 0xff, 0xff, 0xeb, 0xaf, 0xef,
    0xfb, 0xe6, 0x9b, 0xf9, 0x7e, 0xea, 0xba, 0xfb, 0xae, 0x51, 0x41, 0x50, 0x6a, 0x55, 0x55, 0x56, 0xbf, 0xff, 0xff, 0xaf, 0xeb, 0xfe, 0xbe, 0xfe,
    0x94, 0x54, 0x55, 0x47, 0xff, 0xff, 0xba, 0xfa, 0xfe, 0xbe, 0xff, 0xbe, 0xfb, 0xfb, 0xf0, 0xfb, 0xea, 0xfe, 0xfb, 0xae, 0xfa, 0xf9, 0x01, 0xa4,
    0x00, 0x14, 0x50, 0x00, 0x00, 0x05, 0x00, 0x00, 0x64, 0x54, 0x00, 0x00, 0x00, 0x05, 0x10, 0x01, 0x55, 0xaa, 0xaa, 0x55, 0x55, 0x5a, 0x9b, 0xa5,
    0x5b, 0xff, 0xff, 0xbf, 0xfb, 0xff, 0xef, 0xfe, 0xff, 0xff, 0xff, 0xff, 0xff, 0xff, 0xff, 0xef, 0xff, 0xfe, 0xab, 0x8a, 0xbe, 0xff, 0xff, 0xeb,
    0xbe, 0xb5, 0xf5, 0xea, 0xe2, 0xff, 0x9b, 0xff, 0xaf, 0xae, 0x7f, 0xe7, 0xaf, 0xfb, 0xff, 0xff, 0xff, 0xbe, 0x4b, 0xff, 0xff, 0xff, 0xff, 0xff,
    0xff, 0xf5, 0xaf, 0xeb, 0xfb, 0x97, 0xff, 0xbf, 0xaf, 0xff, 0xff, 0xff, 0xe5, 0x55, 0x55, 0x65, 0x55, 0x55, 0x00, 0x05, 0xf8, 0x69, 0x40, 0xf4,
    0x10, 0x00, 0xaf, 0xae, 0xef, 0x45, 0x55, 0x15, 0x55, 0x54, 0x51, 0x55, 0x04, 0x55, 0x15, 0x45, 0x55, 0x55, 0x55, 0x55, 0x55, 0x14, 0x54, 0x50,
    0x05, 0x5e, 0xae, 0xba, 0xbb, 0xea, 0xb9, 0x15, 0x46, 0xff, 0xff, 0xff, 0xfe, 0xfe, 0xfa, 0xfb, 0xea, 0xd7, 0xaf, 0xbe, 0xd0, 0x6f, 0xee, 0x5b,
    0x55, 0x55, 0x15, 0x46, 0x91, 0x51, 0x6f, 0xff, 0xff, 0xef, 0xfe, 0xff, 0xfb, 0xef, 0xe5, 0x54, 0x55, 0x54, 0x1f, 0xff, 0xfe, 0xfe, 0xbf, 0xaf,
    0xbe, 0xeb, 0xfb, 0xfb, 0xef, 0xa0, 0xeb, 0xbf, 0xaf, 0xeb, 0xbe, 0xea, 0xee, 0x40, 0x50, 0x00, 0x60, 0xa0, 0x00, 0x00, 0x2d, 0x00, 0x00, 0x05,
    0xfd, 0x10, 0x00, 0x00, 0x00, 0x05, 0x6b, 0xff, 0xff, 0xff, 0xff, 0xea, 0x55, 0x55, 0x56, 0xff, 0xfe, 0xef, 0xff, 0xff, 0xef, 0xff, 0xff, 0xff,
    0xff, 0xff, 0xff, 0xff, 0xff, 0xff, 0xff, 0xff, 0xfe, 0xfa, 0xda, 0x7b, 0xef, 0xff, 0xfe, 0xbf, 0xb9, 0xf5, 0xff, 0xb5, 0xff, 0x5e, 0xbf, 0xfe,
    0xfe, 0x6f, 0xff, 0xff, 0xff, 0xff, 0xff, 0xff, 0xff, 0xd7, 0xff, 0xff, 0xff, 0xff, 0xff, 0xff, 0xf8, 0xbf, 0xfe, 0xbf, 0xa1, 0xff, 0xeb, 0xfa,
    0xff, 0xff, 0xff, 0xfd, 0x55, 0x55, 0x55, 0x55, 0x10, 0x01, 0x97, 0xf4, 0x14, 0x01, 0xe4, 0x00, 0x00, 0x1a, 0xba, 0xea, 0x95, 0x55, 0x55, 0x55,
    0x55, 0x55, 0x55, 0x55, 0x55, 0x55, 0x55, 0x55, 0x55, 0x55, 0x15, 0x54, 0x15, 0x50, 0x05, 0x55, 0x56, 0xaf, 0xaa, 0xfa, 0xee, 0xa5, 0x54, 0x6f,
    0xff, 0xff, 0xff, 0xfe, 0xff, 0xff, 0xfe, 0xbf, 0xeb, 0xff, 0xfe, 0x95, 0x5b, 0xed, 0x56, 0x94, 0x14, 0x14, 0x55, 0xa1, 0x5b, 0xff, 0xff, 0xfe,
    0xfb, 0xfe, 0xfa, 0xff, 0xa9, 0x55, 0x05, 0x51, 0x51, 0xbf, 0xff, 0xfa, 0xef, 0xeb, 0xeb, 0xeb, 0xff, 0xbe, 0xbe, 0xbe, 0xf0, 0xfb, 0xbb, 0xfe,
    0xff, 0xbb, 0xef, 0xaf, 0xe4, 0x04, 0x11, 0xf4, 0x54, 0x00, 0x1a, 0x19, 0x00, 0x00, 0x01, 0xa9, 0x50, 0x00, 0x00, 0x05, 0x6f, 0xff, 0xef, 0xff,
    0xfb, 0xff, 0xff, 0xfa, 0xaa, 0xbf, 0xff, 0xef, 0xfe, 0xff, 0xfe, 0xff, 0xff, 0xbf, 0xff, 0xfe, 0xff, 0xff, 0xff, 0xff, 0xff, 0xff, 0xff, 0xf8,
    0xbe, 0xe5, 0x7f, 0xef, 0xff, 0xff, 0xeb, 0xf9, 0xf6, 0xff, 0xbd, 0xbe, 0x2f, 0xef, 0xbf, 0xef, 0x6f, 0xee, 0xf9, 0x6f, 0xff, 0xff, 0xff, 0xff,
    0xf5, 0xff, 0xff, 0xff, 0xff, 0xff, 0xff, 0xfd, 0x7f, 0xff, 0xef, 0xf9, 0xff, 0xff, 0xff, 0xbf, 0xff, 0xff, 0xff, 0x95, 0x00, 0x00, 0x00, 0x00,
    0x5a, 0x91, 0x50, 0x10, 0x01, 0x40, 0x00, 0x00, 0x01, 0xba, 0xba, 0xe4, 0x55, 0x55, 0x45, 0x51, 0x55, 0x55, 0x55, 0x55, 0x45, 0x55, 0x51, 0x55,
    0x55, 0x56, 0x94, 0x10, 0x55, 0x15, 0x51, 0x15, 0xab, 0xee, 0xae, 0xe9, 0x55, 0x46, 0xff, 0xff, 0xff, 0xff, 0xeb, 0x9a, 0xbe, 0xff, 0xff, 0x9b,
    0xe6, 0xf9, 0x95, 0x11, 0xb9, 0x45, 0xa5, 0x55, 0x54, 0x50, 0x56, 0xff, 0xff, 0xff, 0xbf, 0xfb, 0xef, 0xbf, 0xea, 0x51, 0x45, 0x15, 0x14, 0x46,
    0xff, 0xff, 0xaf, 0xaf, 0xfa, 0xfe, 0xfb, 0xef, 0xef, 0xef, 0xba, 0xe0, 0xbe, 0xfa, 0xee, 0xbe, 0xeb, 0xee, 0xfe, 0xa9, 0x41, 0x07, 0xa9, 0x05,
    0x40, 0x7f, 0x00, 0x00, 0x11, 0x40, 0x15, 0x05, 0x40, 0x00, 0x6b, 0xff, 0xff, 0xff, 0xeb, 0xff, 0xfe, 0xff, 0xff, 0xff, 0xfe, 0xfb, 0xff, 0xff,
    0xff, 0xbf, 0xff, 0xbf, 0xff, 0xef, 0xbf, 0xff, 0xff, 0xff, 0xff, 0xff, 0xff, 0xff, 0xf5, 0xef, 0x91, 0xee, 0xff, 0xff, 0xff, 0xee, 0xb9, 0xdb,
    0xfb, 0xee, 0x7e, 0x2f, 0xef, 0xfb, 0xeb, 0x9f, 0xef, 0xf5, 0x4b, 0xff, 0xff, 0xfe, 0xbf, 0xfe, 0x6f, 0xff, 0xbf, 0xff, 0xff, 0xff, 0xfd, 0x7f,
    0xff, 0xfe, 0xfd, 0x7f, 0xff, 0xff, 0xff, 0xff, 0xff, 0xff, 0xf4, 0x04, 0x00, 0x40, 0x00, 0x69, 0x00, 0x00, 0x00, 0x05, 0x00, 0x00, 0x00, 0x50,
    0x0b, 0xaf, 0xae, 0x45, 0x15, 0x55, 0x55, 0x55, 0x55, 0x55, 0x55, 0x51, 0x05, 0x41, 0x55, 0x55, 0x41, 0x45, 0x51, 0x44, 0x00, 0x55, 0x15, 0x5a,
    0xab, 0xae, 0x55, 0x50, 0x6f, 0xff, 0xff, 0xff, 0xee, 0xbf, 0x97, 0xeb, 0xfa, 0xfb, 0xef, 0x55, 0x65, 0xd5, 0x14, 0x19, 0x55, 0x64, 0x51, 0x45,
    0x45, 0xaf, 0xff, 0xff, 0xfb, 0xfb, 0xff, 0xef, 0xbe, 0x55, 0x15, 0x05, 0x51, 0x55, 0x1f, 0xff, 0xfb, 0xeb, 0xbe, 0xbf, 0xaf, 0xbe, 0xfe, 0xbe,
    0xfb, 0xfb, 0xe0, 0xee, 0xef, 0xef, 0xaf, 0xef, 0xbe, 0xfb, 0xef, 0x95, 0x05, 0xbd, 0x01, 0x64, 0x6b, 0x40, 0x00, 0x07, 0x80, 0x05, 0x45, 0x54,
    0x16, 0xff, 0xff, 0xfe, 0xbe, 0xff, 0xbf, 0xef, 0xff, 0xee, 0xfe, 0xff, 0xff, 0xbe, 0xef, 0xfb, 0xff, 0xfb, 0xff, 0xfb, 0xff, 0xff, 0xfb, 0xff,
    0xff, 0xff, 0xff, 0xff, 0xff, 0xf8, 0xbb, 0xea, 0xef, 0xbf, 0xff, 0xff, 0xff, 0xef, 0x5f, 0x96, 0xae, 0x2e, 0x2e, 0xfa, 0xfe, 0xff, 0xdb, 0xef,
    0xeb, 0xd2, 0xff, 0xff, 0xe4, 0x6a, 0xef, 0x9b, 0xfe, 0x1f, 0xff, 0xff, 0xff, 0xfe, 0x2f, 0xff, 0xff, 0xef, 0x5f, 0xff, 0xbf, 0xfe, 0xff, 0xff,
    0xff, 0xf9, 0x04, 0x00, 0x00, 0x04, 0x00, 0x00, 0x00, 0x00, 0x1a, 0x00, 0x00, 0x10, 0x00, 0x01, 0xae, 0xab, 0x91, 0x05, 0x15, 0x51, 0x54, 0x10,
    0x51, 0x55, 0x04, 0x19, 0x04, 0x10, 0x55, 0x55, 0x51, 0x41, 0x00, 0x04, 0x45, 0x44, 0x01, 0xba, 0xa5, 0x15, 0x16, 0xff, 0xff, 0xff, 0xff, 0xed,
    0x1b, 0xf2, 0xef, 0x95, 0x6f, 0xfe, 0x55, 0x15, 0xa4, 0x55, 0x4a, 0x51, 0x55, 0x55, 0x51, 0x5b, 0xff, 0xff, 0xfe, 0xbe, 0xfb, 0xef, 0xff, 0xe5,
    0x15, 0x44, 0x50, 0x54, 0x50, 0x7f, 0xff, 0xbe, 0xbf, 0xef, 0xef, 0xff, 0xaf, 0xae, 0xbe, 0xfb, 0xef, 0xb0, 0xef, 0xbe, 0xfb, 0xeb, 0xaf, 0xbb,
    0xbf, 0xeb, 0xfa, 0x50, 0x50, 0x00, 0x14, 0x01, 0x40, 0x00, 0x07, 0xe0, 0x00, 0x10, 0x01, 0x6f, 0xff, 0xff, 0xbf, 0xfe, 0xff, 0xfb, 0xff, 0xbe,
    0xfe, 0xff, 0xef, 0xef, 0xff, 0xfe, 0xff, 0xef, 0xff, 0xff, 0xff, 0xff, 0xfb, 0xff, 0xff, 0xff, 0xff, 0xff, 0xff, 0xff, 0xfd, 0x5a, 0xff, 0xbf,
    0xbf, 0xff, 0xaf, 0xff, 0xd5, 0x2e, 0x6a, 0xfe, 0x6e, 0x6e, 0xff, 0xbe, 0xfe, 0xeb, 0xdb, 0xd6, 0xf8, 0x6f, 0xff, 0x96, 0x95, 0x5b, 0xe2, 0xfd,
    0x47, 0xff, 0xff, 0xff, 0xff, 0x6f, 0xff, 0xff, 0xfe, 0x97, 0xef, 0xff, 0xbf, 0xff, 0xff, 0xff, 0xff, 0x90, 0x00, 0x00, 0x00, 0x00, 0x00, 0x00,
    0x00, 0x14, 0x00, 0x10, 0x00, 0x00, 0x00, 0x1a, 0xea, 0xb5, 0x15, 0x55, 0x65, 0x95, 0x01, 0x54, 0x11, 0x05, 0x55, 0x15, 0x14, 0x55, 0x50, 0x50,
    0x55, 0x11, 0x55, 0x54, 0x41, 0x15, 0xa9, 0x55, 0x51, 0xbf, 0xff, 0xff, 0xff, 0xfe, 0xbe, 0x95, 0x78, 0xaf, 0x94, 0x1a, 0x6e, 0x54, 0x55, 0x55,
    0x41, 0x56, 0x45, 0x55, 0x54, 0x16, 0xff, 0xff, 0xfe, 0xaf, 0xbf, 0xff, 0xfe, 0xfb, 0xe1, 0x44, 0x41, 0x55, 0x05, 0x46, 0xff, 0xff, 0xfa, 0xfb,
    0xeb, 0xea, 0xea, 0xfb, 0xef, 0xef, 0xaf, 0xeb, 0xa0, 0xfb, 0xbf, 0xbe, 0xfb, 0xfa, 0xfb, 0xba, 0xfe, 0xbf, 0xa5, 0x00, 0x00, 0x05, 0x40, 0x00,
    0x00, 0x46, 0x50, 0x00, 0x05, 0x5b, 0xfe, 0xfb, 0xfb, 0xff, 0xfb, 0xfe, 0xff, 0xbf, 0xff, 0xff, 0xef, 0xfe, 0xff, 0xff, 0xfb, 0xff, 0xfe, 0xff,
    0xfe, 0xff, 0xff, 0xff, 0xff, 0xfe, 0xff, 0xff, 0xff, 0xff, 0xff, 0xff, 0x45, 0xbb, 0xfb, 0xff, 0xfe, 0x17, 0xff, 0xe1, 0xb8, 0xbf, 0xef, 0x6e,
    0x6f, 0xef, 0xff, 0xfb, 0xff, 0x8b, 0xc7, 0xbe, 0x4b, 0xff, 0x9f, 0xef, 0xe6, 0xf5, 0xfe, 0xa5, 0xbf, 0xff, 0xff, 0xff, 0x9f, 0xfe, 0xbf, 0xf4,
    0x65, 0xff, 0xef, 0xff, 0xff, 0xff, 0xff, 0xff, 0xe9, 0x40, 0x01, 0x00, 0x40, 0x00, 0x00, 0x00, 0x00, 0x00, 0x00, 0x00, 0x00, 0x00, 0x01, 0xae,
    0xa9, 0x15, 0x50, 0x65, 0x55, 0x15, 0x40, 0x51, 0x55, 0x55, 0x41, 0x45, 0x00, 0x05, 0x55, 0x05, 0x55, 0x55, 0x41, 0x41, 0x45, 0x55, 0x54, 0x6f,
    0xff, 0xff, 0xff, 0xff, 0xff, 0xfb, 0xfa, 0xae, 0xb9, 0x91, 0x41, 0x1b, 0x55, 0x55, 0x51, 0x45, 0x51, 0x54, 0x15, 0x05, 0xbf, 0xff, 0xff, 0xef,
    0xfb, 0xeb, 0xfb, 0xef, 0xff, 0xb4, 0x45, 0x54, 0x15, 0x55, 0x1b, 0xff, 0xfe, 0xeb, 0xef, 0xbe, 0xfe, 0xfb, 0xef, 0xbe, 0xfb, 0xea, 0xfb, 0xe0,
    0xfb, 0xeb, 0xee, 0xbe, 0xbf, 0xbe, 0xfb, 0xfa, 0xeb, 0xfe, 0xa5, 0x00, 0x05, 0x14, 0x00, 0x00, 0x00, 0x00, 0x55, 0xab, 0xff, 0xef, 0xff, 0xbf,
    0xfe, 0xff, 0xef, 0xff, 0xfb, 0xef, 0xef, 0xff, 0xbf, 0xff, 0xbe, 0xaf, 0xaf, 0xbf, 0xfb, 0xef, 0xff, 0xbf, 0xfe, 0xff, 0xff, 0xff, 0xfe, 0xff,
    0xff, 0xff, 0xff, 0xa5, 0xba, 0xfb, 0xff, 0xfe, 0xa1, 0xfb, 0xfb, 0xf5, 0xeb, 0xef, 0x6d, 0xbf, 0xfe, 0xeb, 0xff, 0xef, 0x6f, 0xdb, 0xef, 0xe2,
    0xff, 0xaf, 0xfe, 0xfe, 0xf9, 0xff, 0xfe, 0x6f, 0xff, 0xff, 0xff, 0xdf, 0xf8, 0x2f, 0xe1, 0x59, 0xbb, 0xff, 0xff, 0xff, 0xff, 0xff, 0xff, 0xff,
    0xa5, 0x00, 0x00, 0x40, 0x00, 0x01, 0x00, 0x00, 0x00, 0x40, 0x00, 0x00, 0x00, 0x00, 0x1a, 0xea, 0x45, 0x15, 0x55, 0x55, 0x55, 0x55, 0x55, 0x50,
    0x01, 0x55, 0x55, 0x11, 0x45, 0x55, 0x15, 0x04, 0x41, 0x51, 0x05, 0x54, 0x55, 0x1b, 0xff, 0xff, 0xff, 0xff, 0xff, 0xff, 0xbf, 0xff, 0x96, 0xb4,
    0x51, 0x55, 0x57, 0x94, 0x41, 0x51, 0x54, 0x55, 0x15, 0x41, 0xaf, 0xff, 0xff, 0xfe, 0xef, 0xfb, 0xff, 0xbe, 0xff, 0xbf, 0xfa, 0x54, 0x45, 0x04,
    0x10, 0x7f, 0xff, 0xef, 0xae, 0xbe, 0xfa, 0xef, 0xaf, 0xbe, 0xbe, 0xbe, 0xfa, 0xfa, 0xe0, 0xee, 0xfa, 0xef, 0xaf, 0xae, 0xfe, 0xef, 0xbf, 0xef,
    0xaf, 0xfb, 0xa5, 0x40, 0x00, 0x00, 0x14, 0x15, 0x5a, 0xaf, 0xff, 0xfe, 0xff, 0xff, 0xff, 0xbf, 0xef, 0xff, 0xbb, 0xfb, 0xfe, 0xfe, 0xfb, 0xff,
    0xbb, 0xeb, 0xaa, 0xaf, 0xbf, 0xbf, 0xff, 0xfb, 0xff, 0xbf, 0xef, 0xff, 0xff, 0xff, 0xff, 0xff, 0xff, 0xef, 0xf5, 0xaf, 0xbe, 0xff, 0xff, 0xf8,
    0xb9, 0x5f, 0xe6, 0xfe, 0xbd, 0x75, 0xfa, 0xfb, 0xff, 0xff, 0xdb, 0x7f, 0xfe, 0xae, 0xf6, 0xff, 0xfa, 0xfb, 0xaf, 0xbf, 0xbe, 0xfb, 0xaf, 0xff,
    0xff, 0xff, 0xe7, 0xf5, 0x4b, 0xeb, 0xaa, 0x6f, 0xff, 0xbf, 0xff, 0xff, 0xff, 0xff, 0xff, 0xff, 0xa5, 0x40, 0x00, 0x40, 0x00, 0x00, 0x00, 0x00,
    0x00, 0x00, 0x00, 0x00, 0x00, 0x01, 0xaa, 0xa4, 0x55, 0x15, 0x55, 0x55, 0x55, 0x50, 0x00, 0x15, 0x54, 0x15, 0x54, 0x55, 0x44, 0x15, 0x00, 0x51,
    0x15, 0x14, 0x55, 0x16, 0xff, 0xff, 0xff, 0xff, 0xff, 0xff, 0xff, 0xfe, 0xfb, 0xf6, 0xe9, 0x55, 0x14, 0x55, 0x94, 0x55, 0x15, 0x15, 0x05, 0x51,
    0x6b, 0xff, 0xff, 0xff, 0xee, 0xfa, 0xff, 0xbf, 0xfe, 0xfb, 0xfb, 0xaf, 0xfa, 0x55, 0x55, 0x92, 0xff, 0xfe, 0xfa, 0xfa, 0xfb, 0xeb, 0xaf, 0xba,
    0xfa, 0xef, 0xee, 0xbf, 0xbe, 0x90, 0xee, 0xff, 0xbb, 0xbe, 0xfe, 0xef, 0xbe, 0xba, 0xfe, 0xfb, 0xaf, 0xfe, 0xaa, 0xaa, 0x96, 0xab, 0xef, 0xff,
    0xff, 0xfe, 0xff, 0xbf, 0xbf, 0xff, 0xff, 0xff, 0xfb, 0xfe, 0xff, 0xfb, 0xff, 0xff, 0xfb, 0xff, 0xaa, 0xba, 0xaa, 0xeb, 0xff, 0xfe, 0xff, 0xfb,
    0xff, 0xff, 0xef, 0xff, 0xff, 0xff, 0xff, 0xfe, 0xaa, 0xf9, 0xeb, 0xbf, 0xff, 0xff, 0xfd, 0x6a, 0x86, 0xe6, 0xef, 0xea, 0xa6, 0xff, 0xbf, 0xff,
    0xff, 0x9d, 0xbf, 0xae, 0xfb, 0xf9, 0xbf, 0xef, 0xaf, 0xff, 0xff, 0x7e, 0xbb, 0xeb, 0xff, 0xff, 0xff, 0xf6, 0xe6, 0xd2, 0xe6, 0xbe, 0x5f, 0xbf,
    0xff, 0xff, 0xff, 0xff, 0xff, 0xff, 0xff, 0xff, 0xe9, 0x40, 0x00, 0x00, 0x00, 0x00, 0x00, 0x00, 0x00, 0x00, 0x00, 0x00, 0x00, 0x1b, 0xb9, 0x46,
    0x54, 0x01, 0x00, 0x00, 0x54, 0x14, 0x54, 0x50, 0x55, 0x45, 0x05, 0x45, 0x05, 0x55, 0x15, 0x50, 0x55, 0x51, 0xbf, 0xff, 0xff, 0xff, 0xff, 0xff,
    0xff, 0xff, 0xff, 0xff, 0xfe, 0xfd, 0x15, 0x11, 0x45, 0x55, 0x14, 0x54, 0x41, 0x54, 0x56, 0xff, 0xff, 0xff, 0xfb, 0xef, 0xbf, 0xbe, 0xeb, 0xef,
    0xef, 0xef, 0xee, 0xbf, 0xbb, 0xff, 0x9b, 0xff, 0xff, 0xee, 0xfb, 0xef, 0xaf, 0xfa, 0xfb, 0xef, 0xee, 0xfb, 0xaf, 0xfe, 0x50, 0xfe, 0xaf, 0xbf,
    0xba, 0xfe, 0xfb, 0xbf, 0xef, 0xbe, 0xfb, 0xee, 0xef, 0xff, 0xff, 0xff, 0xff, 0xfe, 0xff, 0xfb, 0xff, 0xfb, 0xff, 0xff, 0xff, 0xfb, 0xfe, 0xff,
    0xef, 0xeb, 0xfb, 0xef, 0xbf, 0xff, 0xef, 0xae, 0xaa, 0xfa, 0xea, 0xfb, 0xef, 0xff, 0xff, 0xfe, 0xff, 0xff, 0xfe, 0xff, 0xff, 0xff, 0xfd, 0x64,
    0x79, 0xbb, 0xbf, 0xff, 0xff, 0xf9, 0x6f, 0xe5, 0xf1, 0xeb, 0xd6, 0x87, 0xef, 0xbe, 0xff, 0xff, 0xa5, 0xff, 0xfe, 0xff, 0xbe, 0x2f, 0xef, 0xee,
    0x6f, 0xff, 0xfe, 0xba, 0xfa, 0xff, 0xff, 0xff, 0xfd, 0xba, 0xf4, 0xf1, 0xaf, 0x9b, 0xfb, 0xfe, 0xff, 0xff, 0xff, 0xff, 0xff, 0xff, 0xff, 0xff,
    0xea, 0x65, 0x40, 0x00, 0x00, 0x00, 0x00, 0x00, 0x00, 0x00, 0x00, 0x00, 0x01, 0xaa, 0x95, 0x41, 0x05, 0x05, 0x55, 0x55, 0x45, 0x55, 0x55, 0x40,
    0x51, 0x54, 0x51, 0x5a, 0x9a, 0x05, 0x55, 0x45, 0x6f, 0xff, 0xff, 0xff, 0xff, 0xf9, 0x06, 0xff, 0xff, 0xff, 0xff, 0xff, 0xee, 0x51, 0x51, 0x45,
    0x15, 0x15, 0x45, 0x54, 0x56, 0xbf, 0xff, 0xff, 0xfe, 0xff, 0xff, 0xef, 0xbe, 0xfe, 0xfe, 0xfe, 0xef, 0xef, 0xae, 0xff, 0xb9, 0x7f, 0xff, 0xfb,
    0xee, 0xba, 0xee, 0xfa, 0xba, 0xaf, 0xae, 0xee, 0xbb, 0xfa, 0x95, 0x50, 0xef, 0xeb, 0xee, 0xbf, 0xbe, 0xbe, 0xfa, 0xfe, 0xbe, 0xff, 0xee, 0xfb,
    0xff, 0xfe, 0xfb, 0xff, 0xbf, 0xfb, 0xff, 0xfb, 0xff, 0xfe, 0xfb, 0xef, 0xbf, 0xff, 0xef, 0xfb, 0xfe, 0xff, 0xff, 0xfb, 0xef, 0xfe, 0xaa, 0xea,
    0xaa, 0xaa, 0xae, 0xff, 0xff, 0xbf, 0xff, 0xff, 0xbf, 0xff, 0xfb, 0xff, 0xff, 0xf9, 0x7e, 0x79, 0xba, 0xff, 0xff, 0xff, 0xf9, 0x7e, 0xb9, 0x78,
    0xbb, 0xd1, 0x6b, 0xef, 0xff, 0xff, 0xff, 0xeb, 0xff, 0xeb, 0xee, 0xbf, 0x8b, 0xfe, 0xf9, 0x07, 0xff, 0xee, 0xbf, 0xff, 0xff, 0xff, 0xff, 0xfe,
    0x7e, 0xad, 0x79, 0xbb, 0xe6, 0xff, 0xff, 0xff, 0xbe, 0xaf, 0xff, 0xff, 0xff, 0xff, 0xff, 0xff, 0xff, 0x94, 0x10, 0x00, 0x00, 0x00, 0x00, 0x00,
    0x00, 0x00, 0x00, 0x00, 0x1a, 0xa4, 0x15, 0x55, 0x55, 0x51, 0x55, 0x45, 0x11, 0x05, 0x55, 0x05, 0x54, 0x15, 0xbf, 0x85, 0x55, 0x50, 0x6b, 0xff,
    0xff, 0xff, 0xff, 0xff, 0xe5, 0xaa, 0xe5, 0xbf, 0xff, 0xff, 0xff, 0xfb, 0x90, 0x44, 0x50, 0x50, 0x51, 0x45, 0x15, 0xaf, 0xff, 0xff, 0xbe, 0xfe,
    0xfe, 0xfb, 0xef, 0xef, 0xbe, 0xff, 0xbf, 0xff, 0xfb, 0xea, 0x95, 0x65, 0xff, 0xfe, 0xbe, 0xff, 0xaf, 0xae, 0xbe, 0xbf, 0xeb, 0xfe, 0xef, 0xbe,
    0xa5, 0x45, 0x40, 0xee, 0xfe, 0xef, 0xeb, 0xeb, 0xee, 0xfb, 0xeb, 0xef, 0xae, 0xff, 0xbe, 0xeb, 0xff, 0xfb, 0xef, 0xfb, 0xff, 0xbe, 0xff, 0xef,
    0xff, 0xff, 0xff, 0xff, 0xef, 0xbf, 0xff, 0xff, 0xff, 0xfb, 0xfb, 0xff, 0xfa, 0xba, 0xae, 0xaf, 0xaf, 0xae, 0xbf, 0xbf, 0xff, 0xfb, 0xfb, 0xff,
    0xff, 0xff, 0xff, 0xff, 0xf5, 0xea, 0x65, 0xfe, 0xff, 0xfa, 0xff, 0xeb, 0xfb, 0xed, 0x7d, 0x7f, 0xeb, 0xbe, 0xff, 0xff, 0xff, 0xff, 0xff, 0xff,
    0xff, 0xae, 0xfb, 0xdb, 0xfb, 0xf8, 0x40, 0x6f, 0xd9, 0xe9, 0xbe, 0xbf, 0xff, 0xff, 0xff, 0x9f, 0xee, 0x6d, 0xb5, 0x6a, 0xff, 0xff, 0xff, 0xf9,
    0x1f, 0xff, 0xff, 0xff, 0xff, 0xff, 0xff, 0xff, 0xfe, 0x40, 0x00, 0x00, 0x00, 0x00, 0x00, 0x00, 0x00, 0x00, 0x00, 0x00, 0x69, 0x54, 0x50, 0x54,
    0x14, 0x11, 0x55, 0x15, 0x51, 0x55, 0x57, 0xea, 0xaa, 0xa5, 0x55, 0x40, 0x1b, 0xff, 0xff, 0xff, 0xff, 0xff, 0xff, 0xfb, 0xff, 0x95, 0x16, 0xff,
    0xfa, 0xf8, 0x6f, 0xe5, 0x45, 0x15, 0x45, 0x55, 0x55, 0x6b, 0xff, 0xff, 0xeb, 0xef, 0xeb, 0xef, 0xbf, 0xfb, 0xfb, 0xef, 0xef, 0xea, 0x6a, 0xa9,
    0x55, 0x05, 0x5b, 0xff, 0xef, 0xbe, 0xbf, 0xba, 0xfb, 0xef, 0xeb, 0xba, 0xeb, 0xbe, 0xfe, 0x54, 0x54, 0x40, 0xfa, 0xee, 0xbb, 0xef, 0xbf, 0xaf,
    0xaf, 0xbf, 0xeb, 0xfe, 0xfb, 0xef, 0xfe, 0xfb, 0xff, 0xfe, 0xff, 0xff, 0xff, 0xfe, 0xff, 0xbf, 0xff, 0xfb, 0xfa, 0xff, 0xfb, 0xef, 0xbf, 0xef,
    0xbf, 0xbf, 0xfb, 0xea, 0xba, 0xea, 0xea, 0xeb, 0xeb, 0xab, 0xfe, 0xff, 0xff, 0xff, 0xff, 0xff, 0xff, 0xff, 0xff, 0xf5, 0xef, 0x46, 0xff, 0xaf,
    0xe5, 0x6f, 0xd7, 0xaf, 0xee, 0x7d, 0xba, 0xff, 0xef, 0xff, 0xff, 0xff, 0xff, 0xff, 0xff, 0xfa, 0xbe, 0xfb, 0xe7, 0xfb, 0xf8, 0x54, 0x1f, 0xe6,
    0xd0, 0x6f, 0xff, 0xff, 0xff, 0xff, 0xdb, 0xbb, 0x9e, 0x51, 0x5b, 0xab, 0xff, 0xfe, 0xf4, 0x46, 0xff, 0xff, 0xff, 0xff, 0xff, 0xff, 0xff, 0xff,
    0xe4, 0x41, 0x04, 0x00, 0x00, 0x00, 0x00, 0x00, 0x00, 0x00, 0x00, 0x04, 0x54, 0x15, 0x45, 0x45, 0x55, 0x15, 0x55, 0x5a, 0x95, 0x6b, 0xaa, 0x55,
    0x51, 0x40, 0x5a, 0xff, 0xff, 0xff, 0xff, 0xff, 0xff, 0xff, 0xfa, 0xfb, 0xae, 0xa5, 0xff, 0xff, 0xa4, 0x06, 0xa4, 0x51, 0x41, 0x14, 0x45, 0x5a,
    0xff, 0xff, 0xef, 0xef, 0xef, 0xbf, 0xfb, 0xfe, 0xfb, 0xbf, 0xef, 0xa9, 0x95, 0x10, 0x41, 0x41, 0x54, 0x7f, 0xfb, 0xef, 0xbb, 0xbb, 0xfa, 0xfa,
    0xea, 0xeb, 0xbe, 0xbb, 0xeb, 0xe9, 0x54, 0x50, 0x50, 0xfa, 0xef, 0xbb, 0xee, 0xfa, 0xff, 0xff, 0xbe, 0xbf, 0xbe, 0xbe, 0xfe, 0xfe, 0xff, 0xbf,
    0xff, 0xfe, 0xff, 0xef, 0xbf, 0xff, 0xff, 0xbf, 0xff, 0xbf, 0xfb, 0xff, 0xbf, 0xbb, 0xff, 0xff, 0xff, 0xff, 0xea, 0xaa, 0xeb, 0xaa, 0xea, 0xaa,
    0xea, 0xff, 0xff, 0xfe, 0xff, 0xff, 0xff, 0xff, 0xff, 0xff, 0xf5, 0xaf, 0xef, 0xff, 0x6f, 0xd1, 0x07, 0xe2, 0xfa, 0xfa, 0x79, 0xef, 0xbe, 0xef,
    0xff, 0xff, 0xff, 0xff, 0xfd, 0x1b, 0xf8, 0xbf, 0xbf, 0xf6, 0xea, 0xf5, 0x55, 0x47, 0xfb, 0xea, 0x5b, 0xff, 0xff, 0xff, 0xff, 0xe7, 0xbb, 0xeb,
    0x54, 0x51, 0xbb, 0xff, 0xfe, 0xe5, 0x50, 0x7f, 0xff, 0xff, 0xff, 0xff, 0xff, 0xff, 0xff, 0xfe, 0x45, 0x40, 0x04, 0x00, 0x00, 0x00, 0x00, 0x00,
    0x00, 0x00, 0x00, 0x15, 0x45, 0x55, 0x55, 0x45, 0x55, 0x55, 0xaf, 0xea, 0xa9, 0x55, 0x55, 0x05, 0x5a, 0xff, 0xff, 0xff, 0xff, 0xff, 0xff, 0xff,
    0xff, 0xfa, 0xff, 0xff, 0xfe, 0xbf, 0xff, 0xfa, 0x50, 0xb9, 0x51, 0x55, 0x14, 0x56, 0xbf, 0xff, 0xfe, 0xfa, 0xff, 0xfe, 0xff, 0xbf, 0xef, 0xff,
    0xee, 0xa9, 0x54, 0x14, 0x55, 0x55, 0x14, 0x42, 0xff, 0xbf, 0xea, 0xfb, 0xfa, 0xeb, 0xae, 0xfe, 0xfe, 0xaf, 0xba, 0xfe, 0x51, 0x41, 0x45, 0x10,
    0xfe, 0xba, 0xfa, 0xfb, 0xef, 0xee, 0xbb, 0xeb, 0xef, 0xaf, 0xef, 0xbe, 0xff, 0xff, 0xfb, 0xff, 0xff, 0xfe, 0xff, 0xff, 0xfe, 0xff, 0xff, 0xbf,
    0xff, 0xef, 0xbf, 0xff, 0xff, 0xbe, 0xfb, 0xef, 0xbf, 0xfe, 0x4a, 0xba, 0xfa, 0xee, 0xba, 0xee, 0xab, 0xfe, 0xff, 0xff, 0xff, 0xe6, 0xff, 0xef,
    0xff, 0xf8, 0x7f, 0xff, 0xff, 0xef, 0xd6, 0xa5, 0xf5, 0xef, 0xb9, 0x75, 0xef, 0xfa, 0xff, 0xff, 0xff, 0xff, 0xff, 0xf9, 0x51, 0xfd, 0xbb, 0xee,
    0xb9, 0x9f, 0xa5, 0x11, 0x51, 0xff, 0xff, 0x96, 0xff, 0xff, 0xff, 0xff, 0xf6, 0xef, 0xbf, 0xa4, 0x51, 0x6a, 0xff, 0xff, 0xe1, 0x55, 0x1b, 0xff,
    0xff, 0xff, 0xff, 0xfa, 0xfa, 0xff, 0xff, 0xa5, 0xa5, 0x40, 0x10, 0x00, 0x00, 0x00, 0x00, 0x00, 0x00, 0x00, 0x01, 0x54, 0x75, 0xa5, 0x05, 0x6e,
    0xaa, 0xea, 0x55, 0x55, 0x50, 0x51, 0x6a, 0xff, 0xff, 0xff, 0xff, 0xff, 0xff, 0xff, 0xff, 0xfa, 0xff, 0xef, 0xab, 0xeb, 0xaf, 0xfa, 0xff, 0xe4,
    0x2e, 0x15, 0x14, 0x55, 0xbf, 0xff, 0xfe, 0xfe, 0xff, 0xbe, 0xfb, 0xef, 0xff, 0xeb, 0xea, 0x95, 0x50, 0x55, 0x14, 0x45, 0x10, 0x10, 0x1b, 0xff,
    0xff, 0xfb, 0xee, 0xff, 0xbf, 0xae, 0xbf, 0xaf, 0xeb, 0xef, 0xa9, 0x14, 0x51, 0x05, 0x40, 0xeb, 0xbe, 0xef, 0xbb, 0xbe, 0xff, 0xba, 0xfe, 0xfb,
    0xfe, 0xfb, 0xfb, 0xeb, 0xfa, 0xff, 0xbe, 0xfb, 0xff, 0xff, 0xef, 0xbf, 0xfb, 0xff, 0xfb, 0xff, 0xff, 0xfe, 0xff, 0xff, 0xff, 0xff, 0xff, 0xfb,
    0xff, 0x96, 0xae, 0xae, 0xae, 0xbb, 0xbe, 0xaf, 0xff, 0xff, 0xff, 0xff, 0xf5, 0xff, 0xff, 0xff, 0xfe, 0x6f, 0xff, 0xff, 0xef, 0xd2, 0xf9, 0x7d,
    0xaf, 0xba, 0xe2, 0xfa, 0xef, 0xff, 0xfb, 0xff, 0xff, 0xff, 0xea, 0xf9, 0x6e, 0xbb, 0xef, 0xe9, 0x5a, 0xe5, 0x14, 0x54, 0x7f, 0xfb, 0xe9, 0x2f,
    0xff, 0xff, 0xff, 0xf9, 0xee, 0xfb, 0xe5, 0x05, 0x4b, 0xbe, 0xff, 0xa5, 0x05, 0x43, 0xef, 0xff, 0xff, 0xfa, 0xfb, 0xbe, 0xbf, 0xff, 0xf9, 0x6f,
    0xe9, 0x54, 0x00, 0x00, 0x00, 0x00, 0x00, 0x00, 0x00, 0x00, 0x05, 0xbe, 0x59, 0x5a, 0xaa, 0xa9, 0x55, 0x55, 0x50, 0x15, 0xab, 0xff, 0xff, 0xff,
    0xff, 0xff, 0xff, 0xff, 0xff, 0xfe, 0x94, 0x6b, 0xfa, 0xff, 0xff, 0xbb, 0xfe, 0xba, 0xa5, 0x47, 0x45, 0x55, 0xaf, 0xff, 0xff, 0xee, 0xff, 0xef,
    0xff, 0xaf, 0xfe, 0xfa, 0x55, 0x55, 0x14, 0x55, 0x41, 0x41, 0x40, 0x00, 0x00, 0x6f, 0xfb, 0xeb, 0xbb, 0xef, 0xab, 0xba, 0xfb, 0xeb, 0xaa, 0xfe,
    0xae, 0x54, 0x55, 0x14, 0x50, 0x40, 0xef, 0xaf, 0xeb, 0xbf, 0xbe, 0xbb, 0xef, 0xba, 0xfb, 0xfe, 0xfe, 0xfb, 0xff, 0xbf, 0xef, 0xff, 0xff, 0xfb,
    0xfa, 0xff, 0xff, 0xbf, 0xfe, 0xff, 0xfb, 0xfb, 0xff, 0xfb, 0xfb, 0xfb, 0xef, 0xbb, 0xff, 0xbf, 0xa5, 0xaa, 0xaf, 0xab, 0xaa, 0xba, 0xea, 0xff,
    0xef, 0xfe, 0xff, 0xb9, 0xfe, 0xbf, 0xff, 0xff, 0xbe, 0xbf, 0xfe, 0x56, 0xf1, 0xee, 0x6d, 0xbb, 0xe6, 0x46, 0xbf, 0xff, 0xff, 0x95, 0xbf, 0xff,
    0xff, 0xfb, 0xff, 0x9e, 0x7f, 0xbf, 0xea, 0x6f, 0xe5, 0x05, 0x05, 0x1f, 0xfb, 0xef, 0x4b, 0xff, 0xff, 0xff, 0xfd, 0xbf, 0xff, 0xf4, 0x54, 0x56,
    0xff, 0xff, 0xf4, 0x51, 0x51, 0xff, 0xff, 0xff, 0xfe, 0xff, 0xbf, 0xfb, 0xef, 0xff, 0x96, 0xff, 0xfe, 0xa9, 0x55, 0x00, 0x00, 0x04, 0x00, 0x40,
    0x00, 0x01, 0xaf, 0xe5, 0x55, 0x55, 0x45, 0x55, 0x55, 0x5a, 0xbf, 0xff, 0xff, 0xff, 0xff, 0xff, 0xff, 0xff, 0xff, 0xff, 0xff, 0x9a, 0x45, 0xab,
    0xfe, 0x6a, 0xfb, 0xff, 0xfd, 0x05, 0x51, 0x95, 0xaf, 0xff, 0xff, 0xeb, 0xef, 0xbb, 0xef, 0xeb, 0xfe, 0xff, 0xee, 0x55, 0x51, 0x54, 0x45, 0x14,
    0x00, 0x00, 0x00, 0x41, 0xff, 0xfe, 0xfa, 0xba, 0xfb, 0xaf, 0xba, 0xfa, 0xfb, 0xfa, 0xbe, 0xb9, 0x45, 0x45, 0x14, 0x51, 0x50, 0xfa, 0xfe, 0xbe,
    0xfb, 0xef, 0xfa, 0xfe, 0xbf, 0xae, 0xbe, 0xef, 0xbf, 0xbf, 0xff, 0xff, 0xfb, 0xef, 0xff, 0xbf, 0xfe, 0xff, 0xff, 0xfe, 0xfb, 0xff, 0xff, 0xff,
    0xff, 0xbf, 0xbf, 0xff, 0xff, 0xbf, 0xea, 0xea, 0x6b, 0xea, 0xea, 0xae, 0xeb, 0xaa, 0xaf, 0xff, 0xbf, 0xff, 0xf6, 0xff, 0x9b, 0xff, 0xff, 0xfe,
    0x2f, 0xf9, 0x55, 0xb4, 0xbe, 0x6d, 0xbe, 0xf9, 0x6f, 0xba, 0xbf, 0xfe, 0x18, 0xbf, 0xff, 0xff, 0xfa, 0xfb, 0xe7, 0x6e, 0xfb, 0xf9, 0xaf, 0xb5,
    0x45, 0x51, 0x4b, 0xff, 0xbe, 0xe6, 0xff, 0xff, 0xff, 0xfe, 0x7f, 0xff, 0xf9, 0x51, 0x15, 0xaf, 0xff, 0xf9, 0x51, 0x14, 0x7f, 0xfe, 0xff, 0xfe,
    0xef, 0xfb, 0xeb, 0xbf, 0xff, 0xfd, 0x6b, 0xff, 0xff, 0xea, 0x54, 0x01, 0x00, 0x00, 0x00, 0x00, 0x00, 0x16, 0xfa, 0x55, 0x55, 0x55, 0x6a, 0xbf,
    0xff, 0xff, 0xff, 0xff, 0xff, 0xff, 0xff, 0xff, 0xff, 0xff, 0xff, 0xff, 0xae, 0x54, 0x47, 0xfd, 0x00, 0x6e, 0xbf, 0xf9, 0x10, 0x55, 0xaf, 0xff,
    0xff, 0xfa, 0xef, 0xbe, 0xfb, 0xfb, 0xfe, 0xff, 0xeb, 0xef, 0x91, 0x51, 0x41, 0x40, 0x00, 0x04, 0x00, 0x04, 0x17, 0xff, 0xef, 0xef, 0xbe, 0xbe,
    0xfb, 0xef, 0xaf, 0xae, 0xaf, 0xaa, 0x94, 0x54, 0x15, 0x41, 0x05, 0x00, 0xbe, 0xbe, 0xfe, 0xfb, 0xef, 0xbf, 0xeb, 0xef, 0xef, 0xeb, 0xef, 0xaf,
    0xfb, 0xef, 0xfb, 0xfe, 0xff, 0xfb, 0xff, 0xff, 0xfb, 0xef, 0xef, 0xea, 0xbe, 0xfe, 0xfe, 0xff, 0xff, 0xff, 0xbe, 0xff, 0xfb, 0xea, 0xae, 0xa9,
    0x6a, 0xaf, 0xae, 0xeb, 0xae, 0xaf, 0xbf, 0xff, 0xff, 0x92, 0xea, 0x51, 0xff, 0xfe, 0xaf, 0x8b, 0xf5, 0xe9, 0x79, 0xfb, 0xf5, 0xae, 0xbe, 0xfb,
    0xff, 0xff, 0xf8, 0xba, 0xfe, 0x56, 0xff, 0xe6, 0xff, 0xba, 0x9f, 0xef, 0xb5, 0xef, 0xa6, 0x50, 0x50, 0x52, 0xff, 0xfb, 0xf8, 0xff, 0xff, 0xff,
    0xff, 0x5f, 0x96, 0xfd, 0x51, 0x50, 0x6f, 0xff, 0xbd, 0x14, 0x14, 0x1b, 0xfe, 0xbf, 0xff, 0xea, 0x6e, 0xbf, 0xbf, 0xbf, 0xff, 0xa5, 0xbf, 0xff,
    0xff, 0xfe, 0xa9, 0x55, 0x55, 0x05, 0x14, 0x55, 0x51, 0x55, 0x56, 0xab, 0xbf, 0xff, 0xff, 0xff, 0xff, 0xff, 0xff, 0xff, 0xff, 0xff, 0xff, 0xe5,
    0x5b, 0xab, 0xff, 0xee, 0x51, 0x41, 0xbd, 0x55, 0x0b, 0xef, 0xe9, 0x15, 0xaf, 0xff, 0xff, 0xfa, 0xbe, 0xfa, 0xfb, 0xfe, 0xbe, 0xef, 0xaf, 0xbe,
    0xbe, 0xe5, 0x05, 0x00, 0x00, 0x00, 0x00, 0x55, 0x69, 0x2f, 0xfe, 0xfe, 0xbb, 0xbb, 0xee, 0xfb, 0xeb, 0xeb, 0xaf, 0xea, 0xe9, 0x41, 0x45, 0x10,
    0x51, 0x44, 0x40, 0xfe, 0xbe, 0xeb, 0xef, 0xbe, 0xbb, 0xef, 0xae, 0xfb, 0xeb, 0xef, 0xee, 0xfb, 0xfe, 0xfb, 0xfe, 0xff, 0xeb, 0xfe, 0xff, 0xff,
    0xfe, 0xfa, 0xaf, 0xbf, 0xef, 0xff, 0xef, 0xfe, 0xff, 0xef, 0xfb, 0xff, 0xfa, 0xea, 0x91, 0x5a, 0xea, 0xfa, 0xbe, 0xaa, 0xfa, 0xff, 0xff, 0xbe,
    0x97, 0x9a, 0xb5, 0xbe, 0xa5, 0x0b, 0x9f, 0xf6, 0xfe, 0x2a, 0xfa, 0x92, 0xef, 0xef, 0xae, 0xbf, 0xff, 0xf5, 0xfb, 0xe5, 0x51, 0x6f, 0xe7, 0xbf,
    0xf9, 0xae, 0xff, 0xfa, 0xfb, 0xe7, 0x55, 0x05, 0x51, 0xfe, 0xaf, 0xa9, 0xbf, 0xff, 0xff, 0xff, 0xdb, 0x41, 0xfe, 0x52, 0x45, 0x5b, 0xff, 0xea,
    0x50, 0x51, 0x42, 0xff, 0xbf, 0xff, 0xb8, 0x1f, 0xfb, 0xef, 0xbf, 0xff, 0xfe, 0x56, 0xff, 0xff, 0xff, 0xff, 0xff, 0xfb, 0xea, 0xaf, 0xff, 0xff,
    0xff, 0xff, 0xff, 0xff, 0xff, 0xff, 0xff, 0xff, 0xff, 0xff, 0xff, 0xff, 0xff, 0xff, 0x95, 0xaa, 0x51, 0xbf, 0xf9, 0x05, 0x14, 0x6d, 0x55, 0x56,
    0xa9, 0x56, 0xbf, 0xff, 0xff, 0xff, 0xbf, 0xaf, 0xbf, 0xeb, 0xaf, 0xef, 0xef, 0xbe, 0xff, 0xfe, 0xfa, 0x54, 0x14, 0x15, 0x55, 0x69, 0x9a, 0xa5,
    0xbf, 0xff, 0xbf, 0xfb, 0xfb, 0xfb, 0xef, 0xba, 0xfa, 0xfa, 0xae, 0xe1, 0x55, 0x41, 0x45, 0x05, 0x44, 0x50, 0xeb, 0xeb, 0xfb, 0xee, 0xfb, 0xee,
    0xbe, 0xfe, 0xfb, 0xbf, 0xbe, 0xfe, 0xff, 0xbf, 0xff, 0xeb, 0xff, 0xbf, 0xbe, 0xfe, 0xff, 0xff, 0xfa, 0xfa, 0xea, 0xff, 0xef, 0xff, 0xbf, 0xfb,
    0xff, 0xfb, 0xef, 0xbf, 0xae, 0x4a, 0x96, 0xea, 0xab, 0xab, 0xeb, 0xaf, 0xfe, 0xbf, 0xfe, 0x6a, 0x5a, 0xb9, 0xbe, 0x65, 0x97, 0xaf, 0xf8, 0xbe,
    0x6f, 0xbf, 0x5b, 0xef, 0xbf, 0xbf, 0xff, 0xff, 0xf6, 0xfa, 0x86, 0xfa, 0x5b, 0xfb, 0xeb, 0xee, 0x6e, 0xff, 0xaf, 0xfa, 0xf6, 0x95, 0x5e, 0x55,
    0xbd, 0x1e, 0xfe, 0x6f, 0xff, 0xff, 0xff, 0xe6, 0x44, 0x2f, 0x46, 0x55, 0x46, 0xff, 0xef, 0x55, 0x51, 0x54, 0x7e, 0x5b, 0xff, 0xb8, 0x47, 0xae,
    0xfe, 0xfb, 0xff, 0xff, 0xf9, 0x5b, 0xff, 0xff, 0xff, 0xff, 0xff, 0xff, 0xff, 0xff, 0xff, 0xff, 0xff, 0xff, 0xff, 0xff, 0xff, 0xff, 0xff, 0xff,
    0xff, 0xfe, 0xbf, 0xff, 0xff, 0xd7, 0xfe, 0x10, 0x1a, 0xfd, 0x14, 0x55, 0x4a, 0x50, 0x55, 0x56, 0xff, 0xff, 0xff, 0xfe, 0xbb, 0xbf, 0xfb, 0xee,
    0xbf, 0xff, 0xfb, 0xbe, 0xff, 0xea, 0xaa, 0x59, 0x55, 0x51, 0x55, 0x55, 0x55, 0x40, 0x07, 0xff, 0xef, 0xaf, 0xbe, 0xbe, 0xbb, 0xae, 0xbb, 0xaf,
    0xaf, 0xae, 0xa5, 0x14, 0x54, 0x55, 0x14, 0x15, 0x10, 0xfb, 0xbe, 0xbe, 0xfa, 0xff, 0xee, 0xfa, 0xef, 0xbf, 0xbf, 0xbe, 0xeb, 0xff, 0xfb, 0xbe,
    0xfe, 0xff, 0xbe, 0xff, 0xef, 0xff, 0xef, 0xae, 0xba, 0xae, 0xfb, 0xff, 0xbf, 0xff, 0xff, 0xbb, 0xff, 0xff, 0xbf, 0xbf, 0xef, 0xf6, 0xef, 0xab,
    0xfa, 0xba, 0xab, 0xff, 0xfb, 0xfe, 0x54, 0x6a, 0xed, 0x6e, 0x6e, 0xe7, 0xaf, 0xfd, 0x69, 0xab, 0xff, 0xbe, 0xfb, 0xba, 0xfb, 0xff, 0xff, 0xf6,
    0xae, 0x1e, 0xbf, 0xd7, 0xfa, 0xfa, 0xfe, 0x6f, 0xfd, 0x2e, 0xee, 0xb6, 0xe5, 0x15, 0x44, 0x2e, 0x6e, 0xff, 0xaf, 0xff, 0xff, 0xff, 0xf8, 0x55,
    0x4b, 0x94, 0x51, 0x55, 0xbe, 0xfa, 0xd1, 0x10, 0x51, 0x1e, 0x5b, 0xff, 0xf8, 0x51, 0xfe, 0xfb, 0xeb, 0xaf, 0xff, 0xff, 0xa5, 0x6b, 0xff, 0xff,
    0xff, 0xff, 0xff, 0xff, 0xff, 0xff, 0xff, 0xff, 0xff, 0xff, 0xff, 0xff, 0xfe, 0xbf, 0xff, 0xff, 0xf9, 0x1a, 0xff, 0xff, 0xe7, 0xae, 0x11, 0x00,
    0x6f, 0x45, 0x45, 0x55, 0x56, 0xab, 0xff, 0xff, 0xff, 0xff, 0xff, 0xbf, 0xfb, 0xfb, 0xef, 0xfb, 0xee, 0xfb, 0xfb, 0xe9, 0x55, 0x51, 0x45, 0x05,
    0x41, 0x50, 0x11, 0x51, 0x44, 0x2f, 0xff, 0xfe, 0xeb, 0xef, 0xfe, 0xbe, 0xff, 0xaf, 0xae, 0xea, 0xfe, 0xf9, 0x45, 0x04, 0x50, 0x51, 0x41, 0x40,
    0xbe, 0xbe, 0xef, 0xbf, 0xbe, 0xfb, 0xef, 0xef, 0xef, 0xab, 0xef, 0xaf, 0xba, 0xff, 0xfe, 0xff, 0xef, 0xff, 0xef, 0xff, 0xfb, 0xfe, 0xba, 0xbf,
    0xbe, 0xbf, 0xbf, 0xff, 0xef, 0xef, 0xff, 0xbe, 0xfb, 0xff, 0xfe, 0xfb, 0xe5, 0xaa, 0xfa, 0xba, 0xae, 0xba, 0xbf, 0xff, 0xfa, 0xaa, 0xae, 0xae,
    0x6e, 0x6f, 0xaa, 0xaf, 0xff, 0xa5, 0x7e, 0xbe, 0xfb, 0xbe, 0xbf, 0xff, 0xff, 0xff, 0xfa, 0xee, 0x7e, 0xeb, 0xe5, 0xf6, 0xff, 0xfe, 0x2f, 0xf4,
    0x1f, 0xef, 0xf6, 0xa9, 0x45, 0x15, 0x2f, 0x6f, 0xae, 0xbf, 0xff, 0xff, 0xff, 0xfe, 0x14, 0x52, 0xe0, 0x00, 0x14, 0x7f, 0xfa, 0xe5, 0x50, 0x15,
    0x4b, 0x9a, 0xff, 0xe9, 0x04, 0x6b, 0xeb, 0xef, 0xbe, 0xbf, 0xff, 0xff, 0xa5, 0x5a, 0xff, 0xff, 0xff, 0xff, 0xff, 0xfe, 0xbf, 0xff, 0xfe, 0xba,
    0xff, 0xff, 0xff, 0xfe, 0xae, 0xbf, 0xff, 0xf9, 0xab, 0xff, 0xff, 0xfb, 0xbe, 0x55, 0x55, 0x07, 0x94, 0x15, 0x5a, 0xff, 0xff, 0xff, 0xff, 0xff,
    0xfe, 0xab, 0xea, 0xfa, 0xbe, 0xbe, 0xba, 0xfe, 0xff, 0xfb, 0xa5, 0x55, 0x14, 0x51, 0x55, 0x55, 0x51, 0x50, 0x00, 0x00, 0xbf, 0xff, 0xba, 0xfe,
    0xfa, 0xef, 0xfe, 0xfb, 0xeb, 0xea, 0xfe, 0xbb, 0xaf, 0x91, 0x50, 0x51, 0x41, 0x44, 0x00, 0xee, 0xef, 0xef, 0xbf, 0xbe, 0xfb, 0xbe, 0xfa, 0xfb,
    0xfb, 0xef, 0xbe, 0xff, 0xef, 0xff, 0xff, 0xfb, 0xff, 0xff, 0xfb, 0xff, 0xfa, 0xfb, 0xaa, 0xab, 0xaf, 0xfa, 0xff, 0xff, 0xff, 0xef, 0xbf, 0xfb,
    0xef, 0xef, 0xfb, 0xa9, 0x2a, 0xef, 0xaf, 0xae, 0xba, 0xbf, 0xef, 0xfe, 0xeb, 0xee, 0xbb, 0x5e, 0xbb, 0xe8, 0xdb, 0xbf, 0xf9, 0x6f, 0xfb, 0xef,
    0xef, 0xff, 0xff, 0xff, 0xff, 0xfe, 0xfe, 0xbb, 0xfe, 0xb9, 0xb9, 0xbe, 0xfe, 0xbf, 0xe1, 0x47, 0xef, 0xb5, 0xaa, 0x51, 0x41, 0x1f, 0x6f, 0xef,
    0xe6, 0xff, 0xfb, 0xff, 0xff, 0x45, 0x15, 0xf4, 0x00, 0x05, 0x6f, 0xfe, 0xb9, 0x41, 0x40, 0x47, 0xeb, 0xbf, 0xfd, 0x14, 0x16, 0xae, 0xfe, 0xfb,
    0xef, 0xff, 0xff, 0xff, 0x95, 0x56, 0xaf, 0xff, 0xff, 0xef, 0xff, 0xba, 0xff, 0xff, 0xbe, 0xaf, 0xff, 0xff, 0xfe, 0xfa, 0xfb, 0xff, 0xf5, 0xea,
    0xbe, 0xaf, 0xfb, 0xfa, 0x54, 0x41, 0x41, 0x56, 0xbf, 0xff, 0xff, 0xff, 0xff, 0xff, 0xfe, 0xbe, 0xfa, 0xfe, 0xef, 0xef, 0xfb, 0xef, 0xaf, 0xbe,
    0xbe, 0xfe, 0x95, 0x44, 0x55, 0x50, 0x10, 0x00, 0x00, 0x00, 0x16, 0xff, 0xef, 0xbf, 0xbe, 0xbf, 0xef, 0xaf, 0xaf, 0xae, 0xbb, 0xaf, 0xaf, 0xba,
    0xa5, 0x55, 0x05, 0x45, 0x00, 0x00, 0xeb, 0xeb, 0xbe, 0xeb, 0xef, 0xaf, 0xba, 0xfb, 0xbb, 0xee, 0xba, 0xfb, 0xff, 0xfe, 0xfb, 0xff, 0xfb, 0xff,
    0xbf, 0xff, 0xff, 0xef, 0xaf, 0xaf, 0xba, 0xeb, 0xff, 0xfb, 0xfe, 0xfe, 0xff, 0xfb, 0xff, 0xfe, 0xff, 0xbf, 0xfe, 0x1e, 0xaa, 0xea, 0xba, 0xee,
    0xab, 0xff, 0xfe, 0xea, 0xef, 0xeb, 0xbd, 0xfa, 0xf6, 0x8b, 0xbf, 0xfe, 0x6e, 0xbe, 0xef, 0xeb, 0xef, 0xff, 0xff, 0xff, 0xff, 0xbf, 0xfb, 0xaf,
    0xfe, 0x6d, 0xbf, 0xef, 0xff, 0x80, 0x41, 0xbe, 0xb9, 0xaa, 0x50, 0x55, 0x4b, 0x6e, 0xfb, 0xf5, 0xff, 0xff, 0xff, 0xff, 0xd1, 0x54, 0x78, 0x00,
    0x00, 0x1b, 0xff, 0xfb, 0x86, 0xd0, 0x51, 0xfb, 0xab, 0xfe, 0x51, 0x40, 0x6e, 0xfb, 0xeb, 0xfe, 0xff, 0xff, 0xff, 0xff, 0xa9, 0x55, 0x6a, 0xbf,
    0xfa, 0xff, 0xee, 0xbf, 0xfe, 0xbf, 0xfa, 0xfa, 0xeb, 0xff, 0xbb, 0xea, 0xff, 0xfb, 0xf5, 0x64, 0x06, 0xfa, 0xaa, 0x45, 0x56, 0xaf, 0xff, 0xff,
    0xff, 0xff, 0xff, 0xff, 0xff, 0xfb, 0xfa, 0xfe, 0xef, 0xeb, 0xee, 0xbf, 0xab, 0xef, 0xef, 0xaf, 0xef, 0xbe, 0xa9, 0x40, 0x00, 0x00, 0x00, 0x00,
    0x40, 0x1b, 0xff, 0xee, 0xef, 0xbf, 0xfa, 0xfa, 0xeb, 0xee, 0xee, 0xae, 0xbb, 0xef, 0xbb, 0xee, 0x41, 0x54, 0x14, 0x00, 0x00, 0xfb, 0xbe, 0xba,
    0xef, 0xef, 0xbe, 0xfb, 0xaf, 0xae, 0xae, 0xbb, 0xef, 0xbe, 0xfb, 0xff, 0xef, 0xff, 0xfb, 0xff, 0xbf, 0xfb, 0xfa, 0xfa, 0xeb, 0xbe, 0xbe, 0xbf,
    0xff, 0xef, 0xef, 0xfb, 0xfe, 0xfe, 0xfe, 0xff, 0xfe, 0xff, 0x96, 0xee, 0xba, 0xeb, 0xeb, 0xeb, 0xff, 0xee, 0xfe, 0xba, 0xef, 0xf9, 0xae, 0xa5,
    0x6e, 0x55, 0xbe, 0x7e, 0xef, 0xbe, 0xfa, 0xff, 0xff, 0xff, 0xff, 0xff, 0xeb, 0xbe, 0xfb, 0xef, 0x6c, 0xbb, 0xef, 0xbe, 0x44, 0x14, 0x5b, 0xfd,
    0xba, 0x95, 0x14, 0x47, 0x9e, 0xbe, 0xb9, 0xbf, 0xff, 0xff, 0xff, 0xf4, 0x55, 0x1d, 0x10, 0x00, 0x06, 0xfe, 0xaf, 0xef, 0xf8, 0x15, 0x7e, 0xfb,
    0xff, 0x41, 0x04, 0x0b, 0xbf, 0xbe, 0xbe, 0xff, 0xff, 0xff, 0xff, 0xff, 0xfa, 0x99, 0x55, 0x6a, 0xaf, 0xff, 0xeb, 0xff, 0xea, 0xfb, 0xfe, 0xfe,
    0xbf, 0xae, 0xaf, 0xbf, 0xff, 0xe2, 0x90, 0x11, 0x55, 0xa6, 0xab, 0xff, 0xff, 0xff, 0xff, 0xff, 0xff, 0xff, 0xff, 0xff, 0xfb, 0xef, 0xef, 0xaf,
    0xbe, 0xfb, 0xeb, 0x95, 0x55, 0xab, 0xfb, 0xbf, 0xbf, 0xd4, 0x00, 0x01, 0x00, 0x00, 0x00, 0x01, 0x6f, 0xfe, 0xfa, 0xfe, 0xfb, 0xeb, 0xff, 0xfe,
    0xfa, 0xea, 0x6a, 0xaa, 0xaa, 0xaf, 0xeb, 0xa5, 0x01, 0x50, 0x00, 0x00, 0xbe, 0xbe, 0xff, 0xbe, 0xfb, 0xfa, 0xef, 0xaa, 0xaa, 0xae, 0xab, 0xbe,
    0xff, 0xfb, 0xfe, 0xfe, 0xff, 0xbf, 0xff, 0xff, 0xbf, 0xab, 0xae, 0xba, 0xea, 0xba, 0xff, 0xff, 0xff, 0xff, 0xfb, 0xfe, 0xff, 0xef, 0xef, 0xef,
    0xaf, 0xfa, 0xae, 0xbb, 0xae, 0xba, 0xab, 0xef, 0xff, 0xba, 0xba, 0xab, 0xe6, 0xfe, 0xd1, 0xbb, 0xa4, 0xbe, 0x7b, 0xef, 0xbe, 0xff, 0xbf, 0xff,
    0xff, 0xff, 0xff, 0xef, 0xff, 0xfe, 0xfb, 0x69, 0xfb, 0xfb, 0xfe, 0x55, 0x01, 0x06, 0xe9, 0x6a, 0xa5, 0x10, 0x53, 0xd7, 0xef, 0xed, 0x7f, 0xfb,
    0xff, 0xff, 0xfe, 0x05, 0x4e, 0x01, 0x01, 0x01, 0xff, 0xee, 0xff, 0xfe, 0x45, 0x1f, 0xbe, 0xff, 0x84, 0x14, 0x42, 0xff, 0xbf, 0xeb, 0xaf, 0xff,
    0xff, 0xff, 0xff, 0xff, 0xff, 0xfa, 0x95, 0x55, 0xa6, 0xaa, 0xff, 0xbf, 0xff, 0xbf, 0xef, 0xff, 0xfe, 0xba, 0xaa, 0x95, 0x51, 0x5a, 0xaa, 0xbf,
    0xff, 0xff, 0xff, 0xff, 0xff, 0xff, 0xff, 0xff, 0xff, 0xff, 0xff, 0xff, 0xbe, 0xeb, 0xfb, 0xeb, 0xfb, 0xbe, 0xe4, 0x51, 0x55, 0x55, 0x96, 0xaa,
    0x90, 0x00, 0x00, 0x00, 0x00, 0x55, 0x51, 0xff, 0xfe, 0xfb, 0xef, 0xfe, 0xbe, 0xbb, 0xbe, 0xbf, 0x95, 0x51, 0x54, 0x51, 0x56, 0xaa, 0xbb, 0xa5,
    0x00, 0x00, 0x00, 0xef, 0xeb, 0xef, 0xbe, 0xfb, 0xef, 0xae, 0xba, 0xaa, 0xaa, 0xaa, 0xab, 0xef, 0xbf, 0xef, 0xff, 0xef, 0xff, 0xef, 0xfb, 0xff,
    0xeb, 0xaf, 0xba, 0xef, 0xaf, 0xaf, 0xbf, 0xbf, 0xff, 0xbf, 0xbf, 0xef, 0xbf, 0xef, 0xef, 0xa6, 0xff, 0xab, 0xeb, 0xba, 0xba, 0xfa, 0xff, 0xbf,
    0xba, 0xfe, 0xa1, 0xd6, 0xef, 0xeb, 0xfb, 0xfd, 0x7e, 0x6f, 0xbf, 0xbf, 0xef, 0xff, 0xff, 0xff, 0xff, 0xff, 0x9a, 0xab, 0xaf, 0xbe, 0xb6, 0xfe,
    0xbf, 0xfe, 0x01, 0x11, 0x12, 0xe8, 0x1a, 0xa9, 0x45, 0x11, 0xd7, 0xef, 0xee, 0x6f, 0xe5, 0xbf, 0xff, 0xff, 0x91, 0x47, 0x80, 0x50, 0x10, 0x6f,
    0xaf, 0xbf, 0x9b, 0xd1, 0x07, 0xbe, 0xff, 0x84, 0x41, 0x45, 0xab, 0xfb, 0xfb, 0xeb, 0xbf, 0xff, 0xff, 0xff, 0xff, 0xff, 0xff, 0xff, 0xfe, 0xa6,
    0x55, 0x55, 0x55, 0xaa, 0xaa, 0xaa, 0xaa, 0x96, 0x95, 0x56, 0xaa, 0xaf, 0xff, 0xff, 0xff, 0xff, 0xff, 0xff, 0xff, 0xff, 0xff, 0xff, 0xff, 0xff,
    0xff, 0xff, 0xff, 0xeb, 0xff, 0xff, 0xef, 0xbe, 0xbe, 0xf9, 0x55, 0x14, 0x54, 0x45, 0x40, 0x55, 0x55, 0x55, 0xa5, 0xaa, 0xaa, 0x9b, 0xff, 0xaf,
    0xaf, 0xbe, 0xae, 0xfb, 0xeb, 0xaf, 0xa9, 0x50, 0x45, 0x05, 0x15, 0x41, 0x15, 0x55, 0xaa, 0xa4, 0x00, 0x00, 0xeb, 0xef, 0xae, 0xfb, 0xaf, 0xba,
    0xfa, 0xaa, 0xaa, 0xaa, 0xaa, 0xab, 0xbe, 0xfe, 0xff, 0xff, 0xfe, 0xfe, 0xfe, 0xff, 0xff, 0xea, 0xfb, 0xaf, 0xab, 0xea, 0xbf, 0xfb, 0xff, 0xbf,
    0xff, 0xff, 0xfe, 0xfb, 0xfe, 0xea, 0x40, 0x6f, 0xeb, 0xae, 0xbb, 0xeb, 0xaa, 0xbf, 0xff, 0xfa, 0xef, 0xe1, 0x4b, 0xab, 0xbf, 0xef, 0xae, 0x6f,
    0x6f, 0xff, 0xfb, 0xff, 0xff, 0xff, 0xff, 0xff, 0xff, 0xe0, 0x42, 0xfb, 0xaf, 0xa6, 0xaf, 0xff, 0xfd, 0x10, 0x11, 0x41, 0xbd, 0x1a, 0xaa, 0x51,
    0x14, 0xd7, 0xba, 0xaf, 0x9f, 0xd0, 0x7f, 0xff, 0xff, 0xf8, 0x15, 0xd0, 0x00, 0x01, 0x5f, 0xfb, 0xe9, 0x11, 0xf4, 0x02, 0xee, 0xbf, 0xd1, 0x01,
    0x04, 0x2e, 0xfb, 0xbe, 0xfe, 0xbf, 0xff, 0xff, 0xff, 0xff, 0xff, 0xff, 0xff, 0xff, 0xff, 0xff, 0xaa, 0xa9, 0x55, 0x55, 0x55, 0x9a, 0xab, 0xff,
    0xff, 0xff, 0xff, 0xff, 0xff, 0xff, 0xff, 0xff, 0xff, 0xff, 0xff, 0xff, 0xff, 0xff, 0xff, 0xff, 0xff, 0xff, 0xfe, 0xa5, 0xa9, 0x56, 0x9a, 0xaa,
    0xaa, 0x45, 0x55, 0x45, 0x55, 0x15, 0x04, 0x14, 0x15, 0x55, 0x55, 0x55, 0x6f, 0xff, 0xfa, 0xbe, 0xbe, 0xff, 0xbe, 0xee, 0xfb, 0x95, 0x55, 0x45,
    0x51, 0x45, 0x55, 0x15, 0x04, 0x16, 0xaa, 0xa9, 0x50, 0xfa, 0xfa, 0xfe, 0xfb, 0xef, 0xbe, 0xaa, 0xaa, 0xaa, 0xea, 0xba, 0xaa, 0xaf, 0xef, 0xff,
    0xbe, 0xff, 0xff, 0xff, 0xff, 0xef, 0xbf, 0x96, 0xea, 0xfa, 0xba, 0xfb, 0xff, 0xff, 0xfb, 0xee, 0xfe, 0xff, 0xfe, 0xbe, 0xa5, 0x5a, 0x5a, 0xba,
    0xea, 0xea, 0xab, 0xae, 0xbf, 0xfb, 0xff, 0xeb, 0xa5, 0x6b, 0xfa, 0xff, 0xef, 0xff, 0x4f, 0x6f, 0xff, 0xff, 0xff, 0xff, 0xff, 0xff, 0xff, 0xff,
    0xfa, 0xf5, 0xff, 0xeb, 0xdb, 0xff, 0xbf, 0xf9, 0x11, 0x40, 0x04, 0xb9, 0x16, 0xaa, 0x94, 0x54, 0xa7, 0xeb, 0xfa, 0xe7, 0xd5, 0x6f, 0xff, 0xbf,
    0xfe, 0x54, 0xa0, 0x00, 0x00, 0x5b, 0xea, 0xe1, 0x55, 0x6e, 0x00, 0xfe, 0x2f, 0xe4, 0x14, 0x10, 0x4b, 0xef, 0xaf, 0xaf, 0xff, 0xef, 0xff, 0xff,
    0xff, 0xff, 0xff, 0xff, 0xff, 0xff, 0xff, 0xff, 0xff, 0xff, 0xff, 0xff, 0xff, 0xff, 0xff, 0xff, 0xff, 0xff, 0xff, 0xff, 0xff, 0xff, 0xff, 0xff,
    0xff, 0xff, 0xff, 0xff, 0xbf, 0xbe, 0xfb, 0xff, 0xff, 0xff, 0xe5, 0x41, 0x50, 0x45, 0x55, 0x55, 0x54, 0x50, 0x55, 0x15, 0x11, 0x45, 0x44, 0x10,
    0x41, 0x05, 0x15, 0xbf, 0xff, 0xef, 0xbf, 0xeb, 0xfb, 0xae, 0xee, 0xbf, 0x95, 0x05, 0x14, 0x15, 0x45, 0x15, 0x55, 0x55, 0x04, 0x15, 0x69, 0x40,
    0xfe, 0xbf, 0xaf, 0xbe, 0xfe, 0xea, 0xaa, 0xaa, 0xae, 0xae, 0xab, 0xea, 0xeb, 0xef, 0xbe, 0xff, 0xff, 0xbf, 0xbf, 0xfb, 0xff, 0xff, 0xa4, 0x7a,
    0xfb, 0xae, 0xbf, 0xfe, 0xfb, 0xff, 0xff, 0xff, 0xef, 0xaf, 0xe4, 0x5a, 0xaa, 0x97, 0xae, 0xee, 0xee, 0xba, 0xaf, 0xaf, 0xbf, 0xff, 0xba, 0xbe,
    0xfa, 0xbf, 0xbf, 0xbe, 0xbb, 0x8b, 0xbf, 0xff, 0xff, 0xff, 0xff, 0xff, 0xff, 0xff, 0xff, 0xff, 0xfe, 0xef, 0xfa, 0xfe, 0xfb, 0xff, 0xfd, 0x10,
    0x59, 0x44, 0x2e, 0x11, 0xaa, 0x95, 0x14, 0x76, 0xef, 0xff, 0xe7, 0xe5, 0x47, 0xff, 0xff, 0xff, 0xd0, 0x64, 0x00, 0x41, 0x16, 0xff, 0xd5, 0x55,
    0x1b, 0x44, 0x7b, 0x5b, 0xf8, 0x41, 0x04, 0x42, 0xbe, 0xfb, 0xfb, 0xea, 0xff, 0xff, 0xff, 0xff, 0xff, 0xff, 0xff, 0xff, 0xff, 0xff, 0xff, 0xff,
    0xff, 0xff, 0xff, 0xff, 0xff, 0xff, 0xff, 0xff, 0xff, 0xff, 0xff, 0xff, 0xff, 0xff, 0xff, 0xff, 0xff, 0xff, 0xfe, 0xeb, 0xeb, 0xfa, 0xae, 0xff,
    0xff, 0xfd, 0x14, 0x05, 0x50, 0x50, 0x00, 0x00, 0x00, 0x00, 0x40, 0x40, 0x00, 0x00, 0x00, 0x00, 0x10, 0x07, 0xff, 0xfe, 0xbe, 0xfb, 0xff, 0xbb,
    0xfa, 0xeb, 0xeb, 0xf5, 0x51, 0x55, 0x54, 0x55, 0x55, 0x40, 0x00, 0x01, 0x50, 0x40, 0x40, 0xaf, 0xef, 0xbe, 0xbe, 0xbe, 0xfa, 0xaa, 0xab, 0xaa,
    0xae, 0xaa, 0xae, 0xba, 0xaf, 0xff, 0xfb, 0xff, 0xff, 0xfb, 0xff, 0xfb, 0xff, 0xf8, 0x7a, 0xbb, 0xef, 0xaf, 0xbf, 0xff, 0xbe, 0xff, 0xbe, 0xff,
    0xff, 0xd2, 0xae, 0xae, 0xa7, 0x5e, 0xaf, 0xaf, 0xba, 0xea, 0xef, 0xff, 0xff, 0xfb, 0xee, 0xbe, 0xeb, 0xbf, 0xff, 0xeb, 0xda, 0xff, 0xff, 0xff,
    0xff, 0xff, 0xff, 0xff, 0xff, 0xff, 0xff, 0xfe, 0xfb, 0xbe, 0xae, 0xfb, 0xff, 0xfd, 0x14, 0x6a, 0x95, 0x5e, 0x50, 0xaa, 0xa5, 0x45, 0x66, 0xef,
    0x4b, 0xba, 0xe4, 0x52, 0xff, 0xff, 0xff, 0xf4, 0x18, 0x04, 0x04, 0x05, 0xbe, 0xe5, 0x45, 0x16, 0xd0, 0x2e, 0xd6, 0xf9, 0x45, 0x04, 0x50, 0x6b,
    0xfa, 0xfb, 0xef, 0xbf, 0xff, 0xff, 0xff, 0xef, 0xaf, 0xff, 0xff, 0xff, 0xff, 0xff, 0xff, 0xff, 0xff, 0xff, 0xff, 0xff, 0xff, 0xff, 0xff, 0xff,
    0xff, 0xff, 0xff, 0xff, 0xff, 0xff, 0xff, 0xff, 0xff, 0xff, 0xfe, 0xff, 0xbf, 0xfa, 0xeb, 0xff, 0xff, 0x90, 0x00, 0x00, 0x00, 0x00, 0x00, 0x00,
    0x00, 0x00, 0x00, 0x00, 0x00, 0x00, 0x00, 0x00, 0x6f, 0xff, 0xff, 0xeb, 0xee, 0xba, 0xfe, 0xbf, 0xbe, 0xbe, 0xba, 0x51, 0x41, 0x14, 0x54, 0x50,
    0x40, 0x00, 0x00, 0x05, 0x55, 0x10, 0xeb, 0xae, 0xfb, 0xeb, 0xef, 0xba, 0xaa, 0xfa, 0xaa, 0xea, 0xaa, 0xaa, 0xba, 0xaa, 0xfb, 0xff, 0xaf, 0xeb,
    0xfa, 0xff, 0xbf, 0xef, 0xfd, 0xbf, 0xaa, 0xea, 0xeb, 0xfb, 0xff, 0xff, 0xef, 0xbf, 0xff, 0xbe, 0x97, 0xaa, 0xaa, 0xe5, 0x6b, 0xeb, 0xba, 0xaa,
    0xba, 0xaf, 0xff, 0xef, 0xff, 0xef, 0xaf, 0xef, 0xff, 0xeb, 0xef, 0x6d, 0xff, 0xff, 0xff, 0xff, 0xff, 0xff, 0xff, 0xff, 0xff, 0xff, 0xff, 0x95,
    0x5b, 0xef, 0xbe, 0xff, 0xfe, 0x05, 0x6a, 0xfa, 0xaa, 0x54, 0x6a, 0xa9, 0x51, 0x29, 0xfe, 0x06, 0xf9, 0xb5, 0x11, 0xff, 0xff, 0xff, 0xf9, 0x14,
    0x00, 0x04, 0x01, 0x6e, 0xe5, 0x14, 0x10, 0xb4, 0x0b, 0xf6, 0xfe, 0x00, 0x51, 0x04, 0x06, 0xbe, 0xfe, 0xbf, 0xbb, 0xff, 0xff, 0xff, 0xef, 0xbe,
    0xbf, 0xff, 0xff, 0xff, 0xff, 0xff, 0xff, 0xff, 0xff, 0xff, 0xff, 0xff, 0xff, 0xff, 0xff, 0xff, 0xff, 0xff, 0xff, 0xff, 0xff, 0xff, 0xff, 0xff,
    0xff, 0xfb, 0xfb, 0xff, 0xbf, 0xeb, 0xef, 0xff, 0xfa, 0x40, 0x00, 0x00, 0x10, 0x10, 0x01, 0x01, 0x01, 0x00, 0x00, 0x01, 0x00, 0x10, 0x40, 0xbf,
    0xff, 0xfe, 0xaf, 0xaf, 0xef, 0xef, 0xfa, 0xbe, 0xfa, 0xfa, 0x95, 0x15, 0x15, 0x45, 0x40, 0x00, 0x00, 0x00, 0x00, 0x01, 0x10, 0xfb, 0xbe, 0xeb,
    0xfe, 0xfb, 0xea, 0xaa, 0xaa, 0xae, 0xab, 0xaa, 0xba, 0xab, 0xae, 0xaf, 0xbe, 0xfe, 0xff, 0xef, 0xff, 0xff, 0xfb, 0xfe, 0xab, 0xaf, 0xae, 0xbf,
    0xff, 0xbe, 0xff, 0xbf, 0xff, 0xef, 0xff, 0x96, 0xab, 0xeb, 0xa5, 0xab, 0xaa, 0xea, 0x56, 0xab, 0xab, 0xff, 0xff, 0xff, 0xff, 0xfb, 0xff, 0xff,
    0xeb, 0xbf, 0x66, 0xff, 0xff, 0xff, 0xff, 0xff, 0xff, 0xff, 0xff, 0xff, 0xff, 0xff, 0x9a, 0x4b, 0xbb, 0xbe, 0xff, 0xff, 0x41, 0x81, 0xbb, 0xff,
    0x86, 0x5a, 0xaa, 0x55, 0x1d, 0xbd, 0x14, 0xbe, 0x79, 0x11, 0xff, 0xff, 0xff, 0xfe, 0x15, 0x00, 0x00, 0x01, 0x6f, 0xe5, 0x14, 0x14, 0x2d, 0x03,
    0xef, 0xbf, 0x40, 0x01, 0x05, 0x04, 0x7e, 0xeb, 0xfa, 0xfb, 0xbf, 0xef, 0xff, 0xba, 0xfb, 0xee, 0xbf, 0xff, 0xff, 0xff, 0xff, 0xff, 0xff, 0xff,
    0xff, 0xff, 0xff, 0xff, 0xff, 0xff, 0xff, 0xbf, 0xff, 0xff, 0xff, 0xff, 0xff, 0xff, 0xff, 0xff, 0xff, 0xbe, 0xeb, 0xef, 0xbe, 0xbe, 0xbf, 0xff,
    0xe9, 0x50, 0x41, 0x00, 0x00, 0x00, 0x00, 0x00, 0x00, 0x01, 0x00, 0x00, 0x00, 0x02, 0xff, 0xff, 0xfb, 0xae, 0xff, 0xaf, 0xea, 0xa5, 0x56, 0xaa,
    0xae, 0xea, 0x45, 0x41, 0x14, 0x00, 0x00, 0x00, 0x00, 0x00, 0x00, 0x00, 0xbe, 0xfb, 0xef, 0xaf, 0xba, 0xea, 0xaa, 0xaa, 0xaa, 0xba, 0xaa, 0xeb,
    0xea, 0xbb, 0xee, 0xfe, 0xee, 0xff, 0xef, 0xbe, 0xfe, 0xff, 0xbf, 0xee, 0xbe, 0xba, 0xbb, 0xaf, 0xff, 0xef, 0xfb, 0xfb, 0xff, 0xef, 0xdb, 0xba,
    0xba, 0xba, 0xbe, 0xbe, 0xbd, 0x15, 0xaa, 0xbf, 0xbf, 0xbf, 0xff, 0xff, 0xff, 0xff, 0xff, 0xff, 0xfe, 0x5b, 0xff, 0xff, 0xff, 0xff, 0xff, 0xff,
    0xff, 0xff, 0xff, 0xff, 0xff, 0xff, 0xe7, 0xbb, 0xef, 0xff, 0xff, 0x42, 0x40, 0x1b, 0xfb, 0x87, 0x47, 0xaa, 0x95, 0x4a, 0xb9, 0x54, 0x7f, 0x78,
    0x54, 0xbf, 0xff, 0xff, 0xff, 0x44, 0x14, 0x10, 0x40, 0x5b, 0xf4, 0x50, 0x05, 0x46, 0x40, 0xbf, 0xaf, 0xd0, 0x00, 0x40, 0x40, 0x1b, 0xeb, 0xef,
    0xef, 0xbf, 0xff, 0xff, 0xfe, 0xef, 0xbf, 0xff, 0xff, 0xff, 0xff, 0xff, 0xff, 0xff, 0xff, 0xff, 0xff, 0xff, 0xff, 0xfa, 0xfb, 0xef, 0xbe, 0xff,
    0xff, 0xff, 0xfe, 0xea, 0xfb, 0xff, 0xff, 0xff, 0xef, 0xbf, 0xff, 0xbf, 0xef, 0xfb, 0xff, 0xff, 0xe9, 0x50, 0x00, 0x40, 0x00, 0x00, 0x04, 0x00,
    0x00, 0x00, 0x01, 0x56, 0x9b, 0xff, 0xff, 0xeb, 0xfa, 0xfb, 0xfa, 0x55, 0x05, 0x50, 0x15, 0x55, 0x6b, 0xe4, 0x45, 0x14, 0x00, 0x00, 0x00, 0x00,
    0x00, 0x00, 0x00, 0xee, 0xeb, 0xbe, 0xfb, 0xbf, 0xaa, 0xaa, 0xaa, 0xba, 0xaa, 0xaa, 0xaa, 0xae, 0xaa, 0xaa, 0xef, 0xef, 0xff, 0xfb, 0xff, 0xff,
    0xef, 0xfa, 0xaf, 0xeb, 0xeb, 0xaf, 0xfe, 0xfb, 0xfe, 0xff, 0xff, 0xbf, 0xfe, 0xff, 0xaa, 0xaf, 0xab, 0xba, 0xef, 0xbe, 0xb8, 0x7e, 0xbf, 0xfb,
    0xff, 0xff, 0xff, 0xff, 0xff, 0xff, 0xff, 0xff, 0xbf, 0xfa, 0x96, 0xff, 0xff, 0xff, 0xff, 0xff, 0xff, 0xff, 0xff, 0xff, 0xff, 0xf6, 0xae, 0xff,
    0xff, 0xff, 0x86, 0x40, 0x06, 0xaf, 0x95, 0x52, 0xae, 0xa5, 0x4b, 0xb9, 0x45, 0x2f, 0xb9, 0x55, 0x7f, 0xef, 0xff, 0xff, 0xd1, 0x00, 0x00, 0x04,
    0x0b, 0xb9, 0x50, 0x00, 0x51, 0x80, 0x2f, 0xef, 0xe0, 0x00, 0x44, 0x45, 0x46, 0xfe, 0xef, 0xbe, 0xeb, 0xbf, 0xff, 0xef, 0xef, 0xbb, 0xaf, 0xaf,
    0xbf, 0xff, 0xff, 0xff, 0xff, 0xff, 0xff, 0xff, 0xff, 0xfe, 0xbe, 0xae, 0xae, 0xee, 0xef, 0xff, 0xff, 0xbe, 0xfe, 0xef, 0xaa, 0xef, 0xff, 0xfa,
    0xeb, 0xbe, 0xfa, 0xfb, 0xbb, 0xef, 0xff, 0xff, 0xea, 0xa5, 0x00, 0x40, 0x00, 0x44, 0x55, 0x55, 0x56, 0x9b, 0xfe, 0x6f, 0xff, 0xbf, 0xef, 0xbf,
    0xaf, 0xa9, 0x55, 0x54, 0x15, 0x11, 0x15, 0x15, 0x6a, 0xa5, 0x40, 0x04, 0x00, 0x00, 0x00, 0x00, 0x00, 0x00, 0xeb, 0xef, 0xbe, 0xfb, 0xbf, 0xba,
    0xaa, 0xaa, 0xaa, 0xea, 0xaa, 0xaa, 0xba, 0xaa, 0xba, 0xbf, 0xff, 0xeb, 0xff, 0xef, 0xbf, 0x95, 0x6e, 0x5b, 0xeb, 0xaf, 0xaf, 0xff, 0xff, 0xff,
    0xef, 0xef, 0xfe, 0xff, 0xff, 0x90, 0xab, 0xea, 0xeb, 0xeb, 0xff, 0xfe, 0x6b, 0xaa, 0xff, 0xff, 0xfb, 0xff, 0xff, 0xff, 0xff, 0xff, 0xff, 0xff,
    0xae, 0x00, 0xbf, 0xff, 0xff, 0xff, 0xff, 0xff, 0xff, 0xff, 0xff, 0xaf, 0xf5, 0xfe, 0xbf, 0xff, 0xff, 0x86, 0x04, 0x00, 0xbf, 0x94, 0x51, 0xaa,
    0xa9, 0x57, 0xbd, 0x15, 0x0b, 0xfe, 0x15, 0x1f, 0xff, 0xff, 0xff, 0xf4, 0x04, 0x00, 0x10, 0x06, 0xed, 0x10, 0x00, 0x14, 0x60, 0x0b, 0xeb, 0xf4,
    0x04, 0x04, 0x00, 0x55, 0xaf, 0xba, 0xfa, 0xef, 0xbf, 0xff, 0xfa, 0xfa, 0xff, 0xfa, 0xfa, 0xff, 0xff, 0xff, 0xff, 0xff, 0xff, 0xff, 0xff, 0xff,
    0xff, 0xae, 0xfe, 0xfb, 0xef, 0xee, 0xfb, 0xff, 0xef, 0xef, 0xfe, 0xff, 0xef, 0xff, 0xff, 0xef, 0xaf, 0xeb, 0xbf, 0xbf, 0xbe, 0xff, 0xff, 0xff,
    0xff, 0xa9, 0xa5, 0xaa, 0xaa, 0xef, 0xff, 0xff, 0xfe, 0xb9, 0xbf, 0xff, 0xfe, 0xfa, 0xaf, 0xfe, 0x54, 0x50, 0x55, 0x45, 0x51, 0x51, 0x54, 0x15,
    0x65, 0xa5, 0x40, 0x00, 0x00, 0x00, 0x00, 0x00, 0x50, 0xfb, 0xbe, 0xef, 0xaf, 0xeb, 0xfa, 0xaa, 0xaa, 0xa9, 0x5a, 0xaa, 0xeb, 0xab, 0xab, 0xaf,
    0xab, 0xef, 0xff, 0xef, 0xff, 0xee, 0x55, 0x47, 0x87, 0xba, 0xfa, 0xfb, 0xfb, 0xfe, 0xff, 0xbf, 0xff, 0xef, 0xef, 0xbf, 0xf9, 0x6a, 0xbe, 0xea,
    0xbf, 0xff, 0xff, 0xaa, 0xba, 0xff, 0xfb, 0xff, 0xff, 0xff, 0xff, 0xff, 0xff, 0xff, 0xff, 0xee, 0xa4, 0x1b, 0xff, 0xff, 0xff, 0xff, 0xff, 0xbf,
    0xff, 0xf9, 0x55, 0xfd, 0x7b, 0xff, 0xff, 0xff, 0x95, 0x00, 0x00, 0x7b, 0xd1, 0x44, 0x6a, 0xaa, 0x52, 0xfe, 0x41, 0x51, 0xfa, 0x55, 0x07, 0xff,
    0xff, 0xef, 0xbd, 0x40, 0x14, 0x00, 0x41, 0xbe, 0x14, 0x00, 0x01, 0x18, 0x01, 0xbe, 0xfd, 0x00, 0x01, 0x10, 0x01, 0x6f, 0xba, 0xff, 0xee, 0xbf,
    0xff, 0xff, 0xaf, 0xef, 0xbe, 0xfa, 0xfe, 0xff, 0xff, 0xff, 0xff, 0xff, 0xff, 0xff, 0xff, 0xff, 0xef, 0xeb, 0xfb, 0xbe, 0xbe, 0xbf, 0xff, 0xfe,
    0xee, 0xbf, 0xfb, 0xfa, 0xab, 0xff, 0xae, 0xff, 0xff, 0xaf, 0xef, 0xba, 0xaa, 0xfb, 0xff, 0xff, 0xff, 0xff, 0xff, 0xff, 0xff, 0xff, 0xae, 0xaf,
    0x97, 0xff, 0xff, 0xff, 0xeb, 0xfe, 0xf9, 0x51, 0x45, 0x14, 0x54, 0x54, 0x50, 0x05, 0x00, 0x10, 0x6a, 0x6a, 0x55, 0x40, 0x00, 0x00, 0x15, 0x50,
};

// Katsushika Hokusai, Fine Wind, Clear Morning (c. 1831), public domain
// https://upload.wikimedia.org/wikipedia/commons/5/57/Red_Fuji_southern_wind_clear_morning.jpg
constexpr uint8_t kRedFuji[] = {
    0x00, 0x00, 0x00, 0x00, 0x00, 0x0d, 0xff, 0xbf, 0xfe, 0x00, 0x00, 0x00, 0x00, 0x00, 0x00, 0x00, 0x00, 0x00, 0x00, 0x00, 0x01, 0x83, 0xc0, 0x00,
    0x00, 0x00, 0x00, 0x03, 0x20, 0x01, 0xff, 0xc0, 0x00, 0x00, 0x00, 0x00, 0x3f, 0x00, 0xfe, 0x01, 0x87, 0xff, 0xff, 0xff, 0xff, 0xff, 0xff, 0xff,
    0xff, 0xff, 0xff, 0xfe, 0x00, 0x00, 0x00, 0x00, 0x00, 0x00, 0x00, 0x00, 0x00, 0x7f, 0xfe, 0x00, 0x00, 0x00, 0x00, 0x00, 0x00, 0x00, 0x00, 0x00,
    0x00, 0x00, 0x00, 0x00, 0x00, 0x00, 0x00, 0x71, 0xc0, 0x00, 0x3f, 0xff, 0xff, 0xfc, 0x0f, 0xff, 0xfc, 0x1f, 0xff, 0xc0, 0x00, 0x00, 0x00, 0x04,
    0x00, 0x87, 0xff, 0x83, 0xfb, 0x20, 0x02, 0x20, 0x00, 0x80, 0x10, 0x20, 0x00, 0x01, 0x11, 0x23, 0xe7, 0xe7, 0xf2, 0x49, 0x39, 0x17, 0x93, 0xe0,
    0x04, 0x90, 0x0c, 0x09, 0x24, 0x80, 0x91, 0x24, 0xff, 0xf7, 0xff, 0x97, 0xff, 0xff, 0xff, 0xff, 0xff, 0xff, 0xff, 0xff, 0xff, 0xff, 0xff, 0xf0,
    0x44, 0x80, 0x00, 0x01, 0x01, 0x00, 0x00, 0x00, 0x00, 0x3f, 0xc0, 0x00, 0x00, 0x00, 0x84, 0x40, 0x08, 0x20, 0x01, 0x00, 0x89, 0x00, 0x48, 0x80,
    0x40, 0x40, 0x01, 0xff, 0xe4, 0x9f, 0xff, 0xff, 0xff, 0xfe, 0x2f, 0xff, 0xfc, 0xbf, 0xff, 0xc0, 0x24, 0x92, 0x49, 0x21, 0x24, 0x27, 0xf8, 0xff,
    0xfe, 0x09, 0x20, 0x84, 0x92, 0x24, 0x84, 0x89, 0x24, 0x90, 0x44, 0x0f, 0xff, 0xff, 0xf8, 0x40, 0xfc, 0x5f, 0xc7, 0xf9, 0x12, 0x3e, 0x00, 0x24,
    0x04, 0x2f, 0x07, 0x09, 0xff, 0xff, 0xff, 0xff, 0xff, 0xff, 0xff, 0xff, 0xff, 0xff, 0xff, 0xff, 0xff, 0xff, 0xfc, 0x01, 0x10, 0x24, 0x92, 0x90,
    0x48, 0x49, 0x24, 0x92, 0x49, 0x00, 0x01, 0x24, 0x92, 0x48, 0x21, 0x12, 0x82, 0x0c, 0x90, 0x64, 0x20, 0x49, 0x02, 0x24, 0x12, 0x12, 0x49, 0xff,
    0xf7, 0xff, 0xff, 0xff, 0xff, 0xfe, 0x0f, 0x87, 0xf8, 0x7f, 0xff, 0xc0, 0x00, 0x00, 0x00, 0x08, 0x01, 0x0d, 0xfe, 0xff, 0xfa, 0x40, 0x8c, 0x10,
    0x00, 0x00, 0x20, 0x04, 0x00, 0x0c, 0x02, 0x47, 0xff, 0xff, 0xfc, 0x14, 0xff, 0x7f, 0xff, 0xfe, 0x5f, 0x3f, 0x33, 0x10, 0xc1, 0x3f, 0xff, 0xe3,
    0xff, 0xff, 0xff, 0xff, 0xff, 0xff, 0xff, 0xff, 0xff, 0xff, 0xff, 0xff, 0x90, 0x00, 0x00, 0x08, 0x09, 0x04, 0x02, 0x04, 0x02, 0x00, 0x00, 0x00,
    0x00, 0x00, 0x08, 0x00, 0x00, 0x02, 0x08, 0x10, 0x21, 0x80, 0x44, 0x04, 0x12, 0x08, 0x20, 0x11, 0x00, 0x81, 0x12, 0xff, 0xff, 0xff, 0xff, 0xff,
    0xff, 0xfc, 0x82, 0x01, 0x82, 0x3f, 0xff, 0xc0, 0x49, 0x24, 0x92, 0x42, 0x48, 0x49, 0xfe, 0x73, 0xfb, 0x12, 0x01, 0x02, 0x4c, 0x92, 0x09, 0x20,
    0x92, 0x61, 0xec, 0x4f, 0xff, 0xff, 0xff, 0xc1, 0xff, 0xff, 0xff, 0xff, 0xff, 0xff, 0xf8, 0x42, 0x1f, 0xff, 0xff, 0xff, 0xff, 0xff, 0xff, 0xff,
    0xff, 0xff, 0xff, 0xff, 0xff, 0xff, 0xff, 0xfe, 0x00, 0x00, 0x22, 0x42, 0x89, 0x91, 0x20, 0x61, 0x20, 0x94, 0xc9, 0x24, 0x92, 0x44, 0x42, 0x49,
    0x24, 0x90, 0x82, 0x44, 0x48, 0x22, 0x01, 0x11, 0x84, 0x82, 0x24, 0x81, 0x24, 0x24, 0x00, 0xff, 0xff, 0xff, 0xff, 0xff, 0xff, 0xf8, 0x20, 0x48,
    0x00, 0x8f, 0xff, 0xc0, 0x00, 0x00, 0x00, 0x10, 0x02, 0x0f, 0xfe, 0xd9, 0xfe, 0x00, 0x40, 0x48, 0x10, 0x00, 0x80, 0x08, 0x80, 0x03, 0xfc, 0xef,
    0xff, 0xff, 0xff, 0xff, 0xff, 0xff, 0xff, 0xff, 0xff, 0xff, 0xf8, 0x08, 0x3f, 0xff, 0xff, 0xff, 0xff, 0xff, 0xff, 0xff, 0xff, 0xc0, 0x3e, 0xff,
    0xff, 0xff, 0xff, 0x80, 0x49, 0x33, 0x08, 0x3c, 0x27, 0xe0, 0x09, 0x08, 0x48, 0x10, 0x00, 0x00, 0x00, 0x11, 0x10, 0x00, 0x00, 0x04, 0x30, 0x81,
    0x02, 0x08, 0x92, 0x40, 0x24, 0x30, 0x81, 0x24, 0x01, 0x00, 0x89, 0xff, 0xff, 0xff, 0xff, 0xff, 0xf6, 0xe1, 0x09, 0x12, 0x11, 0x00, 0x60, 0x00,
    0x24, 0x92, 0x49, 0x01, 0x20, 0xa5, 0xfd, 0x37, 0xfe, 0x49, 0x12, 0x01, 0x01, 0x24, 0x24, 0xc2, 0x09, 0x13, 0xff, 0xff, 0xff, 0xff, 0xff, 0xff,
    0xff, 0xff, 0xff, 0xf6, 0x6f, 0xdf, 0xf2, 0x43, 0x3f, 0xff, 0xff, 0xff, 0xff, 0xff, 0xff, 0xff, 0xf2, 0x80, 0x00, 0x1f, 0xff, 0xe0, 0x7c, 0x01,
    0x00, 0x40, 0x43, 0x7f, 0xff, 0xe6, 0xc8, 0x02, 0x13, 0x22, 0x24, 0x92, 0x49, 0x80, 0x01, 0x12, 0x49, 0x21, 0x04, 0x21, 0x20, 0x80, 0x00, 0x08,
    0x01, 0x04, 0x08, 0x00, 0x90, 0x48, 0x23, 0xff, 0xff, 0xff, 0xff, 0xc0, 0x00, 0x00, 0x40, 0x80, 0x84, 0x40, 0x00, 0x00, 0x00, 0x00, 0x00, 0x48,
    0x08, 0x0d, 0xff, 0x6f, 0xfb, 0x00, 0x00, 0x90, 0x48, 0x01, 0x00, 0x10, 0x40, 0x43, 0xff, 0xff, 0xff, 0xff, 0xff, 0xff, 0xff, 0xff, 0xff, 0x80,
    0x00, 0x00, 0x82, 0x10, 0x7f, 0xff, 0xff, 0xff, 0xff, 0xff, 0xfd, 0xe0, 0x00, 0x24, 0xc1, 0x00, 0x12, 0x00, 0x00, 0x48, 0x24, 0x08, 0x10, 0x7f,
    0xff, 0xf1, 0xf2, 0x61, 0x7c, 0x08, 0x80, 0x00, 0x80, 0x24, 0x88, 0x42, 0x10, 0x08, 0x81, 0x08, 0x08, 0x24, 0x89, 0x22, 0x50, 0x41, 0x22, 0x12,
    0x04, 0x02, 0x03, 0xef, 0xff, 0xff, 0xfc, 0x00, 0x00, 0x12, 0x14, 0x24, 0x60, 0x24, 0x92, 0x40, 0x12, 0x49, 0x24, 0x02, 0x42, 0x4f, 0xff, 0x0b,
    0xfa, 0x24, 0x88, 0x04, 0x02, 0x48, 0x4a, 0x04, 0x44, 0x09, 0xff, 0xff, 0xff, 0xff, 0xff, 0xff, 0xff, 0xfc, 0x10, 0x09, 0x10, 0x3e, 0x09, 0x84,
    0xff, 0xfc, 0xc0, 0x3f, 0xff, 0xf0, 0x40, 0x00, 0x09, 0xf0, 0x08, 0x60, 0x00, 0x12, 0x02, 0x12, 0x21, 0x22, 0x04, 0x7f, 0xff, 0xf3, 0xf0, 0xfc,
    0xfe, 0xc0, 0x12, 0x0c, 0x2e, 0x00, 0x22, 0x08, 0x84, 0x82, 0x28, 0x42, 0x45, 0x20, 0xa1, 0x02, 0x44, 0x10, 0x00, 0x82, 0x41, 0x20, 0x90, 0x80,
    0xc0, 0xff, 0xe0, 0x24, 0x92, 0x40, 0x81, 0x05, 0x0a, 0x80, 0x00, 0x00, 0x00, 0x00, 0x00, 0x80, 0x10, 0x05, 0xf8, 0x87, 0xfe, 0x02, 0x22, 0x42,
    0x20, 0x02, 0x10, 0x81, 0x11, 0x20, 0x00, 0x04, 0x6f, 0xff, 0xff, 0xff, 0xfb, 0xc1, 0x07, 0xc1, 0x33, 0xff, 0xa4, 0x27, 0xff, 0xf0, 0x04, 0x83,
    0xff, 0x82, 0x02, 0x0c, 0xa1, 0xff, 0x7e, 0x09, 0x24, 0x80, 0x90, 0x80, 0x88, 0x40, 0xc1, 0xff, 0xff, 0xff, 0xff, 0xff, 0xfe, 0x13, 0xc1, 0xe1,
    0x3f, 0x12, 0x40, 0x80, 0x20, 0x24, 0x22, 0x11, 0x00, 0x08, 0x04, 0x60, 0x01, 0x04, 0x92, 0x20, 0x18, 0x09, 0x04, 0x00, 0x00, 0x00, 0x02, 0x00,
    0x00, 0x08, 0x2c, 0x50, 0x02, 0x3f, 0x24, 0x80, 0x49, 0x24, 0x92, 0x24, 0x84, 0xa5, 0xff, 0x37, 0xfb, 0x10, 0x80, 0x10, 0x89, 0x20, 0x84, 0x28,
    0x00, 0x04, 0x00, 0x00, 0x00, 0x03, 0xfb, 0xfe, 0x00, 0x01, 0x3f, 0xf4, 0x7f, 0xff, 0xc4, 0xbf, 0xff, 0xe2, 0x48, 0x08, 0x00, 0x24, 0xb2, 0x5e,
    0x67, 0xff, 0xff, 0x84, 0xd8, 0x24, 0x04, 0x24, 0x02, 0x04, 0x77, 0xff, 0xff, 0xff, 0xff, 0xff, 0xff, 0x7b, 0xcb, 0xf1, 0xff, 0x00, 0x10, 0x24,
    0x09, 0x08, 0x80, 0x84, 0x18, 0x46, 0x00, 0xf9, 0xf2, 0x40, 0x10, 0x09, 0x02, 0x48, 0x49, 0x24, 0x24, 0x00, 0x10, 0x92, 0x49, 0x22, 0x3f, 0x0f,
    0xc0, 0xff, 0x09, 0xc0, 0x00, 0x00, 0x00, 0x00, 0x20, 0x8f, 0xff, 0x27, 0xfa, 0x48, 0x11, 0x04, 0x00, 0x88, 0x21, 0x02, 0x48, 0x91, 0x26, 0x99,
    0x00, 0x00, 0x00, 0x00, 0x04, 0x24, 0x7f, 0xff, 0xff, 0xff, 0xff, 0xff, 0xff, 0xe0, 0x27, 0x48, 0x12, 0x24, 0x04, 0xdf, 0xff, 0xff, 0xff, 0xff,
    0xff, 0x01, 0x21, 0x01, 0x10, 0xef, 0xff, 0xff, 0xff, 0xff, 0xff, 0xff, 0xff, 0xff, 0xff, 0xff, 0xf8, 0x49, 0x04, 0x01, 0x80, 0x40, 0x08, 0x20,
    0xb0, 0xf0, 0x7f, 0xc1, 0xf8, 0x13, 0x04, 0x80, 0x40, 0x22, 0x10, 0x01, 0x01, 0x24, 0x84, 0x00, 0x00, 0x00, 0xff, 0xff, 0xff, 0xff, 0xcb, 0xc0,
    0x24, 0x88, 0x49, 0x12, 0x12, 0x0b, 0xff, 0xf3, 0xfe, 0x02, 0x44, 0x41, 0x06, 0x02, 0x08, 0x48, 0x02, 0x00, 0x00, 0x00, 0x49, 0x24, 0x00, 0x01,
    0x20, 0x1d, 0xff, 0xff, 0xff, 0xff, 0xff, 0xff, 0xff, 0xff, 0x9f, 0xc2, 0xc0, 0x89, 0xff, 0xff, 0xff, 0xff, 0xff, 0xff, 0xff, 0xe0, 0x08, 0x48,
    0x40, 0xff, 0xff, 0xff, 0xff, 0xff, 0xff, 0xff, 0xff, 0xff, 0xff, 0xff, 0xe0, 0x04, 0x43, 0x20, 0x24, 0x12, 0x42, 0x08, 0x21, 0xf9, 0xff, 0xc0,
    0x7c, 0x20, 0x40, 0x24, 0x11, 0x80, 0x84, 0x90, 0x48, 0x12, 0x21, 0x24, 0x94, 0x98, 0x7f, 0xff, 0xff, 0xff, 0xff, 0xc0, 0x00, 0x21, 0x00, 0x40,
    0x80, 0x4d, 0xfc, 0xc9, 0xfb, 0x21, 0x00, 0x10, 0x40, 0x40, 0x82, 0x01, 0x21, 0x24, 0x91, 0x24, 0x00, 0x01, 0x24, 0xc8, 0x4b, 0xff, 0xff, 0xff,
    0xff, 0xff, 0xff, 0xff, 0xff, 0xff, 0xff, 0xfc, 0x0d, 0x03, 0xff, 0xff, 0xff, 0xff, 0xff, 0xbf, 0xff, 0xe8, 0x82, 0x02, 0x04, 0xff, 0xff, 0xff,
    0xff, 0xff, 0xff, 0xff, 0xff, 0xff, 0xff, 0xfc, 0x01, 0x20, 0x10, 0x0c, 0x01, 0x00, 0x10, 0x82, 0x41, 0xff, 0xff, 0x80, 0x1c, 0x88, 0x11, 0x01,
    0x04, 0x14, 0x20, 0x49, 0x04, 0xc0, 0x08, 0x80, 0x80, 0x82, 0x7f, 0xff, 0xff, 0xff, 0xff, 0xc0, 0x4a, 0x04, 0x24, 0x08, 0x24, 0x07, 0xfe, 0xff,
    0xfa, 0x08, 0x49, 0x02, 0x00, 0x11, 0x20, 0x90, 0x08, 0x00, 0x84, 0x21, 0x24, 0x98, 0x12, 0x08, 0x0f, 0xff, 0xff, 0xff, 0xff, 0xff, 0xff, 0xff,
    0x83, 0xff, 0xff, 0xfe, 0x3f, 0xff, 0xff, 0xff, 0xff, 0x00, 0x68, 0x03, 0xff, 0xe2, 0x20, 0x90, 0x90, 0x6f, 0xff, 0xff, 0xff, 0xff, 0xff, 0xff,
    0xff, 0xff, 0xfe, 0x40, 0x04, 0x09, 0x04, 0x81, 0x18, 0x49, 0x10, 0x20, 0x00, 0xe0, 0x1f, 0x00, 0x0c, 0x02, 0x04, 0x48, 0x48, 0x41, 0x09, 0x00,
    0x31, 0x09, 0x84, 0x12, 0x22, 0x20, 0xff, 0xff, 0xff, 0xff, 0xff, 0xc0, 0x00, 0x90, 0x01, 0x22, 0x01, 0x2d, 0xff, 0xff, 0xfe, 0x42, 0x42, 0x00,
    0x81, 0x04, 0x08, 0x44, 0x82, 0x48, 0x20, 0x08, 0x00, 0x82, 0x40, 0x22, 0x8f, 0xff, 0xff, 0xff, 0xff, 0xff, 0xff, 0xf8, 0x08, 0x7f, 0xff, 0xff,
    0xff, 0xff, 0xfd, 0xfc, 0x3c, 0x00, 0x00, 0x40, 0x7f, 0x80, 0x08, 0x04, 0x02, 0x01, 0xff, 0xff, 0xfa, 0xff, 0xff, 0xff, 0xff, 0xfe, 0x00, 0x00,
    0x90, 0x81, 0x20, 0x20, 0x40, 0x00, 0x44, 0x09, 0x01, 0xc0, 0x07, 0x00, 0x02, 0x40, 0x80, 0x02, 0x02, 0x08, 0x41, 0x24, 0x82, 0x20, 0x31, 0x10,
    0x08, 0x0c, 0x30, 0x36, 0x01, 0x21, 0xff, 0xc0, 0x20, 0x02, 0x48, 0x00, 0x90, 0x89, 0xff, 0xff, 0xfb, 0x00, 0x10, 0x00, 0x04, 0x40, 0x82, 0x01,
    0x24, 0x02, 0x09, 0x02, 0x92, 0x21, 0x09, 0x02, 0x20, 0x9f, 0xff, 0xf0, 0x1f, 0xff, 0x87, 0xc0, 0x60, 0x20, 0x7f, 0xff, 0xff, 0xff, 0xf0, 0x30,
    0x00, 0x92, 0x13, 0xf0, 0x00, 0x11, 0x23, 0x21, 0x20, 0x90, 0x00, 0x00, 0x00, 0x07, 0xff, 0xff, 0xf7, 0xc0, 0x00, 0x88, 0x02, 0x24, 0x09, 0x08,
    0x04, 0x92, 0x01, 0x92, 0x00, 0xc0, 0x03, 0x00, 0x00, 0x12, 0x22, 0x20, 0xa0, 0x82, 0x10, 0x41, 0x08, 0x84, 0x00, 0x44, 0x81, 0x11, 0x00, 0x00,
    0x40, 0x00, 0x00, 0x00, 0x09, 0x08, 0x00, 0x90, 0x12, 0x0f, 0xff, 0xff, 0xfa, 0x11, 0x11, 0x00, 0x00, 0x12, 0x24, 0x90, 0x01, 0x20, 0x80, 0x90,
    0x08, 0x08, 0x40, 0x48, 0x00, 0x00, 0x06, 0x00, 0x00, 0x06, 0x20, 0x04, 0x04, 0x80, 0x1f, 0xff, 0xff, 0xff, 0xe0, 0x00, 0x82, 0xfc, 0x8f, 0xfc,
    0x80, 0x84, 0x44, 0x08, 0x09, 0x04, 0x00, 0x00, 0x84, 0x00, 0x03, 0xfe, 0x00, 0x01, 0x24, 0x22, 0x48, 0x00, 0x80, 0x42, 0x20, 0x80, 0x92, 0x24,
    0x00, 0x80, 0x03, 0x80, 0x00, 0x04, 0x08, 0x88, 0x08, 0x30, 0x84, 0x12, 0x40, 0x11, 0x46, 0x00, 0x24, 0x40, 0x49, 0x09, 0x16, 0x4c, 0x00, 0x00,
    0x00, 0x41, 0x24, 0x04, 0x41, 0x27, 0xff, 0xff, 0xfe, 0x44, 0x44, 0x00, 0x80, 0x80, 0x04, 0x04, 0x90, 0x08, 0x24, 0x24, 0x41, 0x12, 0x12, 0x01,
    0x12, 0x40, 0x90, 0x0a, 0x40, 0x00, 0x08, 0x23, 0x1a, 0x19, 0x07, 0xff, 0xff, 0xff, 0xc3, 0x0f, 0x21, 0xff, 0xff, 0xfc, 0x26, 0x60, 0x11, 0x83,
    0xc0, 0x41, 0x12, 0x24, 0x21, 0x10, 0x00, 0x00, 0x00, 0x24, 0x21, 0x00, 0x01, 0x12, 0x32, 0x10, 0x88, 0x24, 0x00, 0x48, 0x00, 0x80, 0x03, 0xc0,
    0x00, 0x21, 0x40, 0x02, 0x42, 0x04, 0x21, 0x00, 0x16, 0x60, 0x1e, 0x49, 0x10, 0x88, 0x80, 0xc0, 0x40, 0x01, 0x21, 0x00, 0x44, 0x10, 0x01, 0x21,
    0x08, 0x29, 0xff, 0xe7, 0xfb, 0x00, 0x00, 0x00, 0x20, 0x24, 0x91, 0x20, 0x04, 0x82, 0x01, 0x01, 0x11, 0x21, 0x08, 0x94, 0x48, 0x12, 0x09, 0x28,
    0x92, 0x49, 0x26, 0x28, 0x7f, 0x80, 0x43, 0xff, 0xff, 0xff, 0xdb, 0xff, 0xcb, 0xff, 0xff, 0xff, 0xff, 0x79, 0x0f, 0xff, 0xe4, 0x10, 0x40, 0x81,
    0x08, 0x44, 0x90, 0x01, 0x24, 0x00, 0x88, 0x11, 0x24, 0x44, 0x00, 0x84, 0x02, 0x01, 0x2c, 0x40, 0x00, 0x00, 0x03, 0xf0, 0x00, 0x08, 0x12, 0x40,
    0x10, 0x81, 0x08, 0x4c, 0x80, 0xf2, 0x7f, 0x00, 0x82, 0x22, 0x26, 0x12, 0x09, 0x20, 0x08, 0x40, 0x11, 0x02, 0x48, 0x08, 0x22, 0x0f, 0xff, 0xf7,
    0xfa, 0x12, 0xe2, 0x41, 0x02, 0x00, 0x08, 0x27, 0x92, 0x20, 0x98, 0x49, 0x0c, 0x08, 0x40, 0x10, 0x83, 0x08, 0x61, 0xbd, 0xfe, 0x10, 0x8f, 0x86,
    0xff, 0xef, 0x13, 0xff, 0xff, 0xff, 0xff, 0xff, 0xff, 0xff, 0xff, 0xff, 0xff, 0xf0, 0x4f, 0xff, 0xc1, 0x04, 0x08, 0x10, 0x42, 0x00, 0x04, 0x10,
    0x01, 0x12, 0x02, 0x44, 0x00, 0x09, 0x08, 0x21, 0x20, 0x90, 0x41, 0x00, 0x00, 0x00, 0x03, 0xf0, 0x00, 0x02, 0x00, 0x11, 0x04, 0x21, 0x42, 0x10,
    0x20, 0xf9, 0xff, 0x24, 0x38, 0x04, 0x08, 0x08, 0xa3, 0x26, 0x48, 0x00, 0x00, 0x48, 0x02, 0x42, 0x00, 0x8b, 0xff, 0xd5, 0xfe, 0x41, 0xfe, 0x00,
    0x48, 0x99, 0x2e, 0x1f, 0xc0, 0x09, 0x02, 0x08, 0x60, 0xc2, 0x12, 0x42, 0x20, 0x63, 0x07, 0xff, 0xff, 0x24, 0x9f, 0xff, 0xff, 0xff, 0x80, 0xff,
    0xff, 0xff, 0xff, 0xff, 0xff, 0xff, 0xff, 0xff, 0xff, 0xc4, 0x8f, 0xff, 0x88, 0x41, 0x22, 0x44, 0x10, 0x89, 0x21, 0x04, 0xc8, 0x40, 0x40, 0x00,
    0x92, 0x20, 0x42, 0x08, 0x08, 0x04, 0x90, 0x00, 0x00, 0x80, 0x03, 0xf8, 0x00, 0x00, 0x89, 0x04, 0x41, 0x0c, 0x10, 0x81, 0x0c, 0xff, 0xff, 0xf8,
    0x79, 0x3c, 0xc0, 0x80, 0xff, 0x80, 0x03, 0x80, 0x24, 0x01, 0x10, 0x10, 0x92, 0x2b, 0xff, 0xd1, 0x9b, 0x09, 0xfe, 0x90, 0x01, 0x00, 0x1f, 0xff,
    0xc9, 0x41, 0x20, 0x82, 0x02, 0x10, 0x82, 0x08, 0x49, 0x04, 0x1f, 0xff, 0xff, 0x0e, 0x3f, 0xff, 0xff, 0xff, 0x88, 0x01, 0xff, 0xff, 0xff, 0xff,
    0xff, 0xff, 0xff, 0xff, 0xf8, 0x00, 0x22, 0x78, 0x02, 0x10, 0x02, 0x01, 0x04, 0x20, 0x08, 0x60, 0x02, 0x09, 0x11, 0x22, 0x00, 0x84, 0x10, 0x82,
    0x42, 0x40, 0x04, 0x00, 0x01, 0x80, 0x03, 0xfe, 0x00, 0x00, 0x20, 0x40, 0x48, 0x40, 0x8c, 0x26, 0x41, 0xff, 0xff, 0xff, 0xfc, 0x7f, 0x1f, 0xff,
    0xff, 0xd1, 0xff, 0xc0, 0x01, 0x24, 0x04, 0x84, 0x00, 0x0d, 0xff, 0xca, 0xba, 0x21, 0x3c, 0x04, 0x24, 0x44, 0x87, 0xff, 0x00, 0x14, 0x08, 0x48,
    0x9f, 0x87, 0x89, 0x21, 0x18, 0x10, 0x9f, 0xff, 0xff, 0xff, 0xff, 0xff, 0xff, 0xff, 0x92, 0x00, 0x03, 0x7f, 0xff, 0xff, 0xff, 0xff, 0xff, 0xe4,
    0x00, 0x22, 0x00, 0x10, 0x40, 0x84, 0x90, 0x90, 0x41, 0x04, 0x82, 0x09, 0x10, 0x80, 0x04, 0x08, 0x48, 0x11, 0x04, 0x30, 0x10, 0x24, 0x40, 0x00,
    0x03, 0x80, 0x03, 0xfe, 0x00, 0x00, 0x04, 0x12, 0x22, 0x13, 0xbf, 0x07, 0xd3, 0xff, 0xff, 0xff, 0xfe, 0xff, 0xbf, 0xff, 0xff, 0xff, 0xff, 0xc0,
    0x10, 0x00, 0x80, 0x21, 0x29, 0x47, 0xff, 0xe2, 0xbe, 0x04, 0x01, 0x22, 0x98, 0x7c, 0x20, 0x70, 0x12, 0x80, 0xc2, 0x00, 0x0f, 0xcf, 0xc0, 0x4e,
    0x7c, 0x9f, 0xff, 0xff, 0xff, 0xff, 0xff, 0xff, 0xff, 0xff, 0x00, 0x88, 0x80, 0x0d, 0xbf, 0xff, 0xff, 0xff, 0xff, 0x80, 0x04, 0x88, 0x91, 0x04,
    0x10, 0x20, 0x04, 0x04, 0x90, 0x40, 0x90, 0x80, 0x44, 0x24, 0x90, 0x81, 0x02, 0x40, 0x41, 0x04, 0x84, 0x81, 0x18, 0x00, 0x03, 0x80, 0x03, 0xe0,
    0x00, 0x00, 0x91, 0x00, 0x80, 0x87, 0xfe, 0x7f, 0xff, 0xff, 0xff, 0xff, 0xff, 0xff, 0xff, 0xff, 0xff, 0xff, 0xff, 0xc0, 0x04, 0x90, 0x22, 0x08,
    0x00, 0x0b, 0xff, 0xcb, 0xfa, 0x40, 0x80, 0x06, 0xff, 0xfe, 0x08, 0x00, 0x82, 0x6f, 0x10, 0x93, 0x3f, 0xff, 0xc7, 0x1f, 0xfe, 0x3f, 0xff, 0xff,
    0xff, 0xff, 0xff, 0xff, 0xff, 0xfc, 0x48, 0x22, 0x24, 0x80, 0x03, 0xff, 0xff, 0xff, 0xfa, 0x09, 0x20, 0x08, 0x04, 0x21, 0x06, 0x0a, 0x49, 0x20,
    0x04, 0x12, 0x04, 0x24, 0x01, 0x00, 0x02, 0x24, 0x20, 0x08, 0x10, 0x40, 0x20, 0x10, 0x00, 0x00, 0x03, 0x00, 0x03, 0xe0, 0x00, 0x00, 0x00, 0x48,
    0x14, 0x27, 0xff, 0xff, 0xff, 0xff, 0xff, 0xff, 0xff, 0xff, 0xff, 0xff, 0xff, 0xff, 0xff, 0xc0, 0x20, 0x04, 0x08, 0x82, 0x52, 0x2b, 0xff, 0xcb,
    0x8b, 0x12, 0x08, 0x92, 0x7f, 0xfe, 0x40, 0x84, 0x20, 0x1f, 0x84, 0x04, 0x3f, 0xff, 0xf7, 0xbf, 0xff, 0xff, 0xff, 0xff, 0xff, 0xff, 0xff, 0xff,
    0xff, 0xe0, 0x42, 0x00, 0x00, 0x22, 0x40, 0x00, 0x49, 0x48, 0x00, 0x20, 0x23, 0x23, 0x20, 0x80, 0x48, 0x90, 0x80, 0x09, 0x21, 0x00, 0x41, 0x01,
    0x20, 0x49, 0x20, 0x00, 0x89, 0x22, 0x04, 0x11, 0x09, 0x04, 0x80, 0x00, 0x03, 0x00, 0x03, 0xc0, 0x00, 0x00, 0x08, 0x02, 0x41, 0x0f, 0xff, 0xff,
    0xff, 0xff, 0xff, 0xff, 0xff, 0xff, 0xff, 0xff, 0xff, 0xff, 0xff, 0x80, 0x08, 0x41, 0x00, 0x20, 0x04, 0x8d, 0xff, 0xeb, 0xda, 0x00, 0x42, 0x00,
    0x27, 0x7c, 0x12, 0x21, 0x1c, 0xbf, 0xfe, 0x30, 0x7f, 0xff, 0xff, 0xff, 0xff, 0xff, 0xff, 0xf8, 0x03, 0xfc, 0x00, 0x00, 0x00, 0x02, 0x12, 0x49,
    0x19, 0x08, 0x10, 0x00, 0x00, 0x00, 0x04, 0x04, 0x88, 0x09, 0xe2, 0x16, 0x00, 0x24, 0x24, 0x80, 0x08, 0x49, 0x10, 0x48, 0x24, 0x00, 0x11, 0x12,
    0x00, 0x80, 0x81, 0x04, 0x40, 0x40, 0x60, 0x00, 0x00, 0x00, 0x01, 0xc0, 0x00, 0x00, 0x02, 0x20, 0x08, 0x47, 0xff, 0xff, 0xff, 0xff, 0xff, 0xff,
    0xff, 0xff, 0xff, 0xfa, 0x60, 0x7f, 0x70, 0x00, 0x41, 0x10, 0x44, 0x09, 0x80, 0x4b, 0xff, 0xe1, 0xfa, 0x49, 0x10, 0x41, 0x04, 0x00, 0x00, 0x20,
    0x9f, 0xff, 0xff, 0xff, 0xff, 0xff, 0xff, 0xff, 0xff, 0xff, 0xff, 0x80, 0x80, 0x00, 0x80, 0x00, 0x08, 0x13, 0x80, 0x44, 0x40, 0x41, 0x04, 0x84,
    0xa4, 0x92, 0x41, 0x21, 0x09, 0xc7, 0xf8, 0x40, 0x93, 0x01, 0x10, 0x32, 0x42, 0x00, 0x04, 0x12, 0x81, 0x24, 0x84, 0x40, 0x44, 0x10, 0x24, 0x40,
    0x12, 0x12, 0x00, 0x00, 0x00, 0x00, 0x01, 0xc0, 0x08, 0x00, 0x10, 0x89, 0x22, 0x17, 0x9f, 0xff, 0xff, 0xff, 0xff, 0xff, 0x80, 0x00, 0x02, 0x00,
    0x00, 0x00, 0x00, 0x40, 0x04, 0x04, 0x11, 0x02, 0x22, 0x0b, 0xff, 0xdf, 0xfe, 0x00, 0x04, 0x00, 0x00, 0x01, 0x24, 0x8c, 0x7f, 0xff, 0xff, 0xff,
    0xff, 0xff, 0xff, 0xff, 0xff, 0xc1, 0xbc, 0x26, 0x2e, 0x22, 0x67, 0xc9, 0x21, 0x0f, 0xe4, 0x10, 0x04, 0x10, 0x49, 0x21, 0x08, 0x10, 0x10, 0x20,
    0x47, 0xf7, 0xf9, 0x08, 0x10, 0x48, 0x42, 0x00, 0x00, 0x90, 0x81, 0x00, 0x10, 0x10, 0x20, 0x09, 0x11, 0x04, 0x40, 0x12, 0x00, 0x84, 0x80, 0x00,
    0x06, 0x00, 0x01, 0xc0, 0x0c, 0x00, 0x04, 0x00, 0x00, 0x00, 0x01, 0x2c, 0x07, 0x80, 0x90, 0x00, 0x00, 0x00, 0x00, 0x04, 0x99, 0x00, 0x09, 0x00,
    0x10, 0x21, 0x00, 0x60, 0x08, 0xab, 0xff, 0xff, 0xfb, 0x24, 0x81, 0x00, 0x08, 0x90, 0x04, 0x00, 0x7f, 0xff, 0xff, 0xff, 0xff, 0xff, 0xff, 0xff,
    0xff, 0x08, 0x00, 0x88, 0x4f, 0x98, 0x1f, 0xe3, 0xc7, 0xdf, 0xc1, 0x83, 0x21, 0x89, 0x00, 0x09, 0x12, 0x44, 0x84, 0x8a, 0x5f, 0xff, 0xf8, 0x21,
    0x04, 0x02, 0x08, 0x89, 0x24, 0x04, 0x20, 0x49, 0x04, 0x82, 0x09, 0x20, 0x00, 0x43, 0x12, 0x00, 0xa4, 0x20, 0x00, 0x00, 0x0e, 0x00, 0x01, 0xc0,
    0x0e, 0x00, 0x01, 0x24, 0x91, 0x20, 0x20, 0x00, 0x00, 0x00, 0x00, 0x00, 0x4b, 0x24, 0x93, 0x20, 0x00, 0x40, 0x80, 0x00, 0x02, 0x00, 0x48, 0x09,
    0x10, 0x0b, 0xff, 0xff, 0xfa, 0x04, 0x20, 0x10, 0x22, 0x04, 0xc1, 0xff, 0xff, 0xff, 0xff, 0xff, 0xff, 0xff, 0xff, 0xff, 0xf0, 0x22, 0x42, 0x31,
    0x3f, 0x8f, 0xff, 0xff, 0xf7, 0xff, 0x90, 0x20, 0x08, 0x22, 0x32, 0x44, 0x40, 0x90, 0x40, 0x80, 0xff, 0xff, 0xf8, 0x84, 0xc1, 0x30, 0x80, 0x20,
    0x01, 0x21, 0x08, 0x00, 0x40, 0x20, 0x80, 0x04, 0x88, 0x18, 0x00, 0x88, 0x01, 0x0a, 0x40, 0x00, 0x06, 0x00, 0x01, 0xc0, 0x06, 0x00, 0x08, 0x00,
    0x04, 0x09, 0x04, 0x92, 0x48, 0x12, 0x48, 0x92, 0x00, 0x12, 0x20, 0x0b, 0xe4, 0x12, 0x24, 0x80, 0x20, 0x88, 0x02, 0x00, 0x45, 0x0b, 0xff, 0xff,
    0xfe, 0x41, 0x12, 0x02, 0x00, 0x40, 0x11, 0xff, 0xff, 0xff, 0xff, 0xff, 0xff, 0xff, 0xff, 0xfc, 0x00, 0xbf, 0x99, 0x7f, 0xff, 0xff, 0xff, 0xff,
    0xff, 0xfc, 0x06, 0x0c, 0x82, 0x04, 0x80, 0x10, 0x24, 0x23, 0x12, 0x25, 0xff, 0xff, 0xe2, 0x10, 0x18, 0x84, 0xfe, 0x04, 0x90, 0x08, 0x42, 0x24,
    0x12, 0x08, 0x24, 0x90, 0x43, 0x00, 0x48, 0x22, 0x48, 0x40, 0xc0, 0x00, 0x06, 0x00, 0x01, 0xc0, 0x07, 0x00, 0x02, 0x49, 0x20, 0x80, 0x40, 0x00,
    0x41, 0x00, 0x02, 0x10, 0x90, 0xc0, 0x24, 0xc7, 0xf1, 0x00, 0x02, 0x00, 0x08, 0x22, 0x20, 0x92, 0x00, 0x6d, 0xff, 0xfe, 0x3a, 0x18, 0x40, 0x00,
    0x11, 0x12, 0x04, 0x7f, 0xff, 0xff, 0xff, 0xff, 0xff, 0xff, 0xfc, 0x80, 0x09, 0x7f, 0xe4, 0xff, 0xff, 0xff, 0xff, 0xff, 0xff, 0xf0, 0x40, 0xc0,
    0x90, 0x90, 0x09, 0x83, 0x09, 0x24, 0x08, 0x01, 0xff, 0xcf, 0xc0, 0x42, 0x42, 0x08, 0xff, 0x19, 0x04, 0x42, 0x10, 0x81, 0x00, 0x82, 0x00, 0x03,
    0x10, 0x44, 0x02, 0x40, 0x0a, 0x11, 0xc0, 0x00, 0x0e, 0x00, 0x01, 0xc0, 0x03, 0x80, 0x00, 0x00, 0x09, 0x26, 0x12, 0x49, 0x10, 0x4c, 0x90, 0x44,
    0x04, 0x0c, 0xc3, 0xff, 0xf8, 0xff, 0xd8, 0x00, 0x42, 0x00, 0x88, 0x04, 0x92, 0x0d, 0xff, 0xf8, 0xba, 0x02, 0x0c, 0x90, 0x04, 0x00, 0x88, 0x03,
    0xff, 0xff, 0xff, 0xff, 0xff, 0xff, 0xc0, 0x18, 0x44, 0x7f, 0xff, 0xff, 0xff, 0xff, 0xff, 0xff, 0xfe, 0x02, 0x48, 0x12, 0x0c, 0x22, 0x48, 0x24,
    0x48, 0x04, 0x41, 0x19, 0xc8, 0x00, 0x0c, 0x48, 0x9e, 0x48, 0xff, 0xff, 0xc1, 0x10, 0x04, 0x10, 0x48, 0x42, 0x49, 0x20, 0x08, 0x11, 0x20, 0x11,
    0x20, 0x83, 0xc0, 0x00, 0x0e, 0x00, 0x01, 0xc0, 0x01, 0x80, 0x01, 0x24, 0x84, 0x00, 0x80, 0x10, 0x06, 0x00, 0x04, 0x41, 0x21, 0x3f, 0xff, 0xff,
    0xff, 0xff, 0xff, 0xc0, 0x10, 0x90, 0x02, 0x60, 0x10, 0x8b, 0xf9, 0xec, 0xfa, 0x40, 0x80, 0x01, 0x20, 0x8c, 0x22, 0x00, 0x1b, 0x7e, 0xbe, 0xdf,
    0xff, 0xfa, 0x02, 0x7f, 0xf0, 0xff, 0xff, 0xff, 0xff, 0xff, 0xff, 0xf8, 0x00, 0x08, 0x12, 0x00, 0x41, 0x09, 0x02, 0x00, 0x92, 0x90, 0x10, 0x40,
    0x00, 0x20, 0x21, 0x3c, 0xbf, 0x73, 0xff, 0xff, 0xe0, 0x04, 0x81, 0x04, 0x02, 0x10, 0x00, 0x08, 0xa2, 0x00, 0x09, 0x04, 0x24, 0x27, 0x80, 0x00,
    0x3e, 0x00, 0x00, 0xc0, 0x00, 0x80, 0x00, 0x00, 0x30, 0x90, 0x24, 0x84, 0x90, 0x92, 0x41, 0x08, 0x27, 0xff, 0xff, 0xff, 0xff, 0xff, 0xff, 0xc0,
    0x04, 0x04, 0x40, 0x09, 0x04, 0x2b, 0xcd, 0xe4, 0xde, 0x14, 0x22, 0x40, 0x08, 0x21, 0x00, 0x90, 0x00, 0x00, 0x00, 0x00, 0x00, 0x00, 0x30, 0x7f,
    0xff, 0xff, 0xff, 0xff, 0xff, 0xff, 0xc0, 0x00, 0x05, 0xa1, 0x90, 0xa5, 0x10, 0x41, 0x20, 0xc8, 0x80, 0x23, 0x04, 0x04, 0x92, 0x02, 0x04, 0x3e,
    0x7f, 0xff, 0xff, 0xff, 0xe4, 0x80, 0x20, 0x41, 0x20, 0x84, 0x92, 0x42, 0x00, 0xc8, 0x80, 0x40, 0x81, 0x0f, 0x00, 0x00, 0x3e, 0x00, 0x00, 0xc0,
    0x00, 0x60, 0x00, 0x92, 0x02, 0x09, 0x08, 0x20, 0x00, 0x00, 0x10, 0x22, 0x0f, 0xff, 0xff, 0xff, 0xff, 0xff, 0xff, 0xc0, 0x21, 0x01, 0x12, 0x00,
    0x61, 0x0b, 0xdd, 0xec, 0xda, 0x21, 0x08, 0x12, 0x02, 0x00, 0x51, 0x12, 0x44, 0x01, 0x01, 0x21, 0x00, 0x04, 0x84, 0x7f, 0xff, 0xff, 0xff, 0xff,
    0xff, 0xf8, 0x00, 0x05, 0xa4, 0x24, 0x0c, 0x24, 0x26, 0x10, 0x24, 0x06, 0x7f, 0x28, 0x41, 0x91, 0x02, 0x48, 0x8e, 0xff, 0xff, 0xff, 0xff, 0xff,
    0xc0, 0x22, 0x08, 0x10, 0x08, 0x21, 0x00, 0x10, 0x49, 0x02, 0x32, 0x12, 0x12, 0x4e, 0x00, 0x00, 0x3e, 0x00, 0x00, 0x00, 0x00, 0x70, 0x00, 0x00,
    0x88, 0x42, 0x49, 0x09, 0x49, 0x25, 0x04, 0x80, 0x86, 0x00, 0x07, 0xfe, 0xff, 0xff, 0xff, 0xc0, 0x08, 0x48, 0x00, 0x92, 0x08, 0x4b, 0xc0, 0x79,
    0x8a, 0x21, 0x11, 0x00, 0x42, 0x4a, 0x04, 0x42, 0x11, 0x64, 0x48, 0x14, 0x53, 0x20, 0x82, 0x3f, 0xff, 0xff, 0xff, 0xff, 0xf8, 0x00, 0x93, 0x60,
    0x1e, 0x1f, 0x7f, 0x00, 0x81, 0xbf, 0x81, 0x27, 0xff, 0x00, 0x98, 0x04, 0x48, 0x08, 0x2f, 0xff, 0xff, 0xff, 0xff, 0xff, 0x89, 0x08, 0x82, 0x04,
    0x82, 0x08, 0x49, 0x04, 0x00, 0x21, 0x00, 0x80, 0x40, 0x9c, 0x00, 0x00, 0x3e, 0x00, 0x00, 0x00, 0x00, 0x70, 0x00, 0x48, 0x21, 0x10, 0x00, 0x40,
    0x04, 0x00, 0x61, 0x12, 0x20, 0x00, 0x01, 0xe0, 0x01, 0xd8, 0x1f, 0xc0, 0x02, 0x02, 0x49, 0x04, 0x82, 0x0b, 0x6c, 0x7c, 0x3e, 0x08, 0x44, 0x40,
    0x08, 0x08, 0xa0, 0x88, 0x84, 0x10, 0x42, 0x42, 0x48, 0x4a, 0x30, 0x83, 0xff, 0x83, 0x86, 0xc0, 0x02, 0x44, 0x90, 0x12, 0x5f, 0xff, 0xff, 0x48,
    0x9f, 0xff, 0xfe, 0x5f, 0xff, 0x4c, 0x22, 0x40, 0x91, 0x21, 0x03, 0xff, 0xff, 0xff, 0x43, 0xf8, 0x00, 0x40, 0x21, 0x20, 0x20, 0x82, 0x00, 0x91,
    0x26, 0x08, 0x48, 0x24, 0x0c, 0x3c, 0x00, 0x00, 0x7e, 0x00, 0x00, 0x00, 0x00, 0x70, 0x00, 0x02, 0x04, 0x04, 0x92, 0x12, 0x20, 0x92, 0x08, 0x40,
    0x88, 0x24, 0x48, 0x01, 0x04, 0x00, 0x00, 0x00, 0x20, 0x80, 0x00, 0x40, 0x20, 0x8b, 0x49, 0x73, 0xfa, 0x44, 0x00, 0x06, 0x01, 0x21, 0x08, 0x80,
    0x22, 0x04, 0x92, 0x09, 0x09, 0x08, 0x84, 0x00, 0x7c, 0x08, 0x10, 0x00, 0x42, 0x37, 0x04, 0x84, 0x1f, 0xff, 0xff, 0x3f, 0x3f, 0xff, 0xff, 0xff,
    0xe8, 0x21, 0x20, 0x12, 0x24, 0x04, 0x40, 0xf0, 0x08, 0x60, 0x00, 0x00, 0x24, 0x12, 0x08, 0x09, 0x09, 0x20, 0x92, 0x00, 0x40, 0x82, 0x03, 0x03,
    0x20, 0x7c, 0x00, 0x00, 0x7e, 0x00, 0x00, 0x00, 0x00, 0x38, 0x00, 0x10, 0x90, 0xc2, 0x00, 0x80, 0x88, 0x04, 0x82, 0x08, 0x02, 0x42, 0x12, 0x10,
    0x50, 0x21, 0x20, 0x00, 0x08, 0x24, 0x92, 0x12, 0x08, 0x2a, 0x19, 0xff, 0xfa, 0x11, 0x92, 0x20, 0x00, 0x04, 0x44, 0x33, 0x08, 0x92, 0x14, 0xa4,
    0x21, 0x24, 0x09, 0x24, 0x00, 0x48, 0x49, 0x32, 0x48, 0x8f, 0xef, 0x21, 0x1f, 0xff, 0xff, 0xff, 0xff, 0xff, 0xff, 0xff, 0x80, 0x82, 0x0e, 0x49,
    0x00, 0x90, 0x32, 0x00, 0x00, 0x00, 0x98, 0x04, 0x81, 0x08, 0x82, 0x40, 0x40, 0x0c, 0x08, 0x48, 0x10, 0x90, 0x90, 0x48, 0x04, 0xf8, 0x00, 0x00,
    0x7e, 0x00, 0x00, 0x00, 0x00, 0x1c, 0x00, 0x04, 0x22, 0x10, 0x48, 0x24, 0x02, 0x41, 0x20, 0x92, 0x61, 0x18, 0x90, 0x8c, 0x42, 0x08, 0x02, 0x40,
    0x42, 0x00, 0x04, 0x00, 0x89, 0x0a, 0x2a, 0xff, 0xfa, 0x40, 0x00, 0x80, 0x42, 0x50, 0x91, 0x08, 0x48, 0x10, 0x44, 0x80, 0xc4, 0x27, 0xdb, 0x25,
    0x82, 0x12, 0x70, 0x08, 0x88, 0x4f, 0xff, 0xcc, 0xdf, 0xff, 0xff, 0xff, 0xff, 0xff, 0xff, 0xfc, 0x14, 0x37, 0xff, 0x88, 0xfc, 0x49, 0x80, 0x0a,
    0x44, 0x92, 0x02, 0x40, 0x10, 0x80, 0x20, 0x12, 0x12, 0x41, 0x21, 0x03, 0x06, 0x04, 0x04, 0x00, 0x91, 0xf8, 0x00, 0x00, 0xfe, 0x00, 0x00, 0x00,
    0x00, 0x06, 0x40, 0x01, 0x08, 0x04, 0x12, 0x01, 0x30, 0x98, 0x49, 0x10, 0x8c, 0x3c, 0x04, 0x81, 0x08, 0x82, 0x90, 0x00, 0x10, 0x92, 0x41, 0x24,
    0x20, 0x4b, 0xc7, 0x3f, 0xfe, 0x48, 0x48, 0x82, 0x10, 0x42, 0x20, 0x40, 0x03, 0x04, 0x23, 0x1b, 0xe4, 0x8f, 0xff, 0x88, 0x39, 0x87, 0xf2, 0x80,
    0x92, 0x1f, 0xff, 0xff, 0xff, 0xff, 0xff, 0xff, 0xff, 0xff, 0xff, 0xe0, 0x5f, 0xff, 0xff, 0xe7, 0xff, 0x08, 0x09, 0x60, 0x50, 0x00, 0x40, 0x12,
    0x44, 0x24, 0x49, 0x04, 0x80, 0x10, 0x04, 0x20, 0x48, 0x49, 0x21, 0x24, 0x23, 0xf0, 0x00, 0x01, 0xfc, 0x00, 0x00, 0x00, 0x00, 0x03, 0xe0, 0x01,
    0x01, 0x22, 0x84, 0x90, 0x84, 0x02, 0x04, 0x44, 0x00, 0xff, 0xf4, 0x24, 0x21, 0x20, 0x04, 0x80, 0x04, 0x00, 0x10, 0x01, 0x06, 0x0b, 0xcf, 0x9f,
    0xfa, 0x02, 0x12, 0x20, 0x04, 0x08, 0x24, 0x92, 0x24, 0x49, 0x8f, 0xff, 0xf1, 0xdf, 0xff, 0xc3, 0x78, 0x3f, 0xf8, 0x27, 0x07, 0xff, 0xff, 0xff,
    0xff, 0xff, 0xff, 0xff, 0xff, 0xff, 0xfe, 0x05, 0x3f, 0xff, 0xff, 0xff, 0xff, 0x86, 0x7c, 0x07, 0xfe, 0x49, 0x11, 0x00, 0x01, 0x04, 0x00, 0x40,
    0x24, 0x84, 0xc0, 0x88, 0x41, 0x00, 0x48, 0x09, 0x03, 0xe0, 0x00, 0x03, 0xfc, 0x00, 0x00, 0x1c, 0x00, 0x01, 0xe0, 0x04, 0x48, 0x10, 0x20, 0x04,
    0x01, 0x21, 0xa0, 0x03, 0x31, 0xff, 0xff, 0x20, 0xfc, 0x0c, 0x48, 0x00, 0x20, 0x49, 0x04, 0x90, 0x40, 0x8b, 0xff, 0xff, 0xfa, 0x44, 0x80, 0x08,
    0x11, 0x21, 0x81, 0x08, 0x90, 0x40, 0x1f, 0xff, 0xf7, 0xff, 0xff, 0xff, 0xfe, 0xff, 0xff, 0xdf, 0xff, 0xff, 0xff, 0xff, 0xff, 0xff, 0xff, 0xff,
    0xff, 0xff, 0xfc, 0x40, 0xff, 0xff, 0xff, 0xff, 0xff, 0xdf, 0xff, 0xff, 0xff, 0x00, 0x04, 0x49, 0x20, 0x41, 0x24, 0x12, 0x10, 0x20, 0x12, 0x12,
    0x10, 0x24, 0x82, 0x40, 0x47, 0xe0, 0x00, 0x03, 0xfc, 0x00, 0x00, 0x3e, 0x00, 0x01, 0xf0, 0x00, 0x22, 0x84, 0x09, 0x21, 0x20, 0x08, 0x13, 0x20,
    0xe7, 0xff, 0xff, 0xff, 0xfe, 0x41, 0x02, 0x40, 0x09, 0x00, 0x40, 0x44, 0x10, 0x2b, 0xfd, 0xff, 0xfb, 0x10, 0x24, 0x40, 0x01, 0x24, 0x18, 0x61,
    0x02, 0x1e, 0x7f, 0xff, 0xff, 0xff, 0xff, 0xff, 0xff, 0xff, 0xff, 0xff, 0xff, 0xff, 0xff, 0xff, 0xff, 0xff, 0xff, 0xff, 0xff, 0xff, 0xff, 0xff,
    0xff, 0xff, 0xff, 0xff, 0xff, 0xff, 0xff, 0xff, 0xfe, 0x24, 0x80, 0x00, 0x08, 0x10, 0x01, 0x04, 0x82, 0x0a, 0x04, 0x40, 0x86, 0x22, 0x20, 0x44,
    0x4f, 0xc0, 0x00, 0x07, 0xf8, 0x00, 0x00, 0x3e, 0x00, 0x01, 0xf8, 0x00, 0x80, 0x21, 0x00, 0x08, 0x08, 0x82, 0x78, 0x79, 0xff, 0xff, 0xff, 0xff,
    0xff, 0x91, 0x90, 0x00, 0x40, 0x24, 0x12, 0x01, 0x0c, 0x0f, 0xfd, 0xff, 0xfa, 0x12, 0x01, 0x10, 0x48, 0x04, 0x42, 0x04, 0x49, 0x3f, 0xff, 0xff,
    0xff, 0xff, 0xff, 0xff, 0xff, 0xff, 0xff, 0xff, 0xff, 0xff, 0xff, 0xff, 0xff, 0xff, 0xff, 0x9f, 0xff, 0xff, 0xff, 0xff, 0xff, 0xff, 0xff, 0xff,
    0xff, 0xff, 0xff, 0xff, 0xf8, 0x00, 0x29, 0x24, 0x82, 0x04, 0x90, 0x40, 0x22, 0x40, 0x91, 0x10, 0x20, 0x88, 0x49, 0x11, 0x0f, 0xc0, 0x00, 0x0f,
    0xf8, 0x00, 0x00, 0x1e, 0x00, 0x00, 0x7c, 0x20, 0x13, 0x08, 0x64, 0x82, 0x42, 0x21, 0xff, 0xff, 0xff, 0xff, 0xff, 0xff, 0xff, 0xff, 0xc5, 0x00,
    0x12, 0x01, 0x00, 0x90, 0x41, 0x8b, 0xfc, 0xff, 0xfa, 0x40, 0x90, 0x04, 0x02, 0x41, 0x12, 0x92, 0x08, 0x3f, 0xff, 0xff, 0xff, 0xff, 0xff, 0xff,
    0xff, 0xff, 0xff, 0xff, 0xff, 0xff, 0xff, 0xff, 0xfe, 0x4b, 0xf8, 0x00, 0x07, 0x97, 0xd7, 0xff, 0xff, 0xff, 0xff, 0xff, 0xff, 0xff, 0xff, 0xff,
    0xe1, 0x49, 0x01, 0x00, 0x20, 0x90, 0x04, 0x12, 0x08, 0x10, 0x42, 0x06, 0x09, 0x01, 0x00, 0x12, 0x07, 0x80, 0x00, 0x1f, 0xf0, 0x00, 0x00, 0x0c,
    0x00, 0x00, 0x3c, 0x30, 0x40, 0x42, 0x00, 0x20, 0x92, 0x17, 0xff, 0xff, 0xff, 0xff, 0xff, 0xff, 0xff, 0xff, 0xff, 0xc0, 0x00, 0x90, 0x48, 0x04,
    0x10, 0x2b, 0xc8, 0xff, 0xfe, 0x08, 0x04, 0x80, 0x10, 0x99, 0x24, 0x22, 0x22, 0x83, 0xff, 0xf7, 0xff, 0xff, 0xff, 0xff, 0xff, 0xff, 0xf0, 0xbf,
    0xff, 0xff, 0xff, 0xff, 0x80, 0x00, 0x01, 0x40, 0x20, 0x00, 0x00, 0x3f, 0xff, 0xff, 0xff, 0xff, 0xff, 0xff, 0xff, 0xf0, 0x04, 0x00, 0x50, 0x52,
    0x08, 0x23, 0x21, 0x00, 0xc1, 0x04, 0x08, 0xc8, 0x80, 0x51, 0x24, 0x88, 0x00, 0x00, 0x00, 0x3f, 0xe0, 0x00, 0x00, 0x04, 0x00, 0x00, 0x3e, 0x10,
    0x08, 0x40, 0x92, 0x48, 0x00, 0x87, 0xff, 0xff, 0xff, 0xff, 0xff, 0xfd, 0xff, 0xff, 0xff, 0xc0, 0x24, 0x04, 0x02, 0x42, 0x22, 0x0b, 0x2c, 0x7f,
    0xfa, 0x22, 0x42, 0x20, 0x04, 0x04, 0x21, 0x88, 0xf0, 0x00, 0x00, 0x00, 0x3f, 0xff, 0xf3, 0xff, 0xff, 0xc2, 0x02, 0x04, 0x02, 0x03, 0x80, 0x00,
    0x11, 0x94, 0x08, 0x7f, 0x08, 0x62, 0x20, 0x83, 0xff, 0xff, 0xff, 0xff, 0xe8, 0x40, 0x1a, 0x00, 0x10, 0x92, 0x06, 0x00, 0x82, 0x08, 0x08, 0x48,
    0x11, 0x21, 0x24, 0x00, 0x32, 0x12, 0x00, 0x20, 0x00, 0x00, 0x00, 0x39, 0xe0, 0x00, 0x00, 0x06, 0x00, 0x00, 0x1f, 0x18, 0x0a, 0x10, 0x02, 0x02,
    0x48, 0x2f, 0xff, 0xff, 0xff, 0xff, 0xfc, 0x00, 0x01, 0xff, 0xff, 0xc0, 0x01, 0x01, 0x20, 0x12, 0x08, 0x8b, 0x0d, 0xbf, 0xfa, 0x01, 0x10, 0x00,
    0x01, 0x20, 0x8b, 0xfb, 0xfd, 0xf4, 0x90, 0x60, 0x03, 0x76, 0x80, 0x00, 0x1c, 0x00, 0x08, 0x40, 0x00, 0x08, 0x21, 0x20, 0x48, 0x21, 0xa3, 0xff,
    0xc2, 0x08, 0x8b, 0x07, 0xff, 0xf0, 0x00, 0x00, 0x00, 0x00, 0x00, 0x09, 0x82, 0x10, 0xa1, 0x24, 0x20, 0x80, 0x82, 0x02, 0x04, 0x08, 0x11, 0x33,
    0x01, 0x08, 0x99, 0x00, 0x00, 0x00, 0x03, 0xf1, 0xe0, 0x00, 0x00, 0x0e, 0x00, 0x00, 0x0f, 0x1c, 0x00, 0x86, 0x48, 0xb2, 0x03, 0x07, 0xff, 0xff,
    0xff, 0xff, 0x20, 0x12, 0x08, 0xff, 0xf7, 0x80, 0x10, 0x48, 0x09, 0x08, 0x80, 0x2b, 0x62, 0x7f, 0xfa, 0xc8, 0x04, 0x80, 0x09, 0x22, 0x07, 0xff,
    0xff, 0xfc, 0x93, 0xfc, 0x40, 0x00, 0x09, 0x00, 0x80, 0x4d, 0x49, 0x32, 0x95, 0xa0, 0x24, 0x92, 0x26, 0x7b, 0xff, 0xff, 0xc4, 0x9f, 0x7f, 0xff,
    0xf2, 0x00, 0x49, 0x00, 0x13, 0x29, 0x24, 0x84, 0x28, 0x44, 0x08, 0x79, 0x08, 0x24, 0x20, 0x90, 0x80, 0x82, 0x42, 0x00, 0x49, 0x20, 0x41, 0x00,
    0x00, 0x00, 0x03, 0xe1, 0xc0, 0x00, 0x00, 0x0e, 0x00, 0x00, 0x0f, 0xfe, 0x04, 0x20, 0x80, 0x00, 0x90, 0x43, 0xff, 0xdb, 0xf9, 0x20, 0x02, 0x40,
    0x82, 0x60, 0x00, 0x00, 0x04, 0x02, 0x40, 0x40, 0x24, 0x8b, 0x2d, 0x7f, 0xfa, 0x02, 0x40, 0x20, 0x84, 0x0b, 0xff, 0xff, 0xff, 0xff, 0xff, 0xff,
    0x88, 0x89, 0x24, 0x6c, 0x23, 0x10, 0x24, 0xf8, 0x90, 0x13, 0x12, 0x12, 0x00, 0xff, 0xff, 0xff, 0xfb, 0xff, 0xff, 0xf0, 0x00, 0x0c, 0x92, 0x49,
    0x08, 0x04, 0x41, 0x30, 0x09, 0x0f, 0x9b, 0xfc, 0x42, 0x01, 0x08, 0x04, 0x32, 0x20, 0x08, 0x8c, 0x02, 0x04, 0x12, 0x00, 0x00, 0x38, 0x03, 0xc1,
    0xc0, 0x00, 0x00, 0x0e, 0x00, 0x00, 0x0f, 0xf2, 0x01, 0x08, 0x24, 0x44, 0x04, 0x10, 0x00, 0x00, 0x00, 0x00, 0x91, 0x08, 0x30, 0x00, 0x00, 0x00,
    0x21, 0x20, 0x12, 0x12, 0x00, 0x0b, 0xbd, 0x7f, 0xfa, 0x30, 0x12, 0x42, 0x27, 0xdf, 0xff, 0xff, 0xff, 0xff, 0xff, 0xff, 0x82, 0x22, 0x12, 0x83,
    0x08, 0x93, 0xf1, 0xfe, 0x43, 0xda, 0xcb, 0xfd, 0xf9, 0xff, 0xff, 0xff, 0xff, 0xff, 0xff, 0x80, 0x0c, 0xc2, 0x12, 0x01, 0x24, 0x90, 0x48, 0x03,
    0x44, 0x3f, 0xff, 0xfc, 0x10, 0x90, 0x42, 0x41, 0x00, 0x09, 0x20, 0x21, 0x20, 0x91, 0x80, 0x00, 0x00, 0x30, 0x07, 0x01, 0xc0, 0x00, 0x00, 0x0f,
    0x00, 0x00, 0x0f, 0xf0, 0x00, 0x42, 0x01, 0x11, 0x21, 0x10, 0x00, 0x00, 0x04, 0x96, 0x04, 0xe1, 0x04, 0x89, 0x30, 0x80, 0x08, 0x09, 0x00, 0x80,
    0x92, 0x6b, 0xf9, 0x7f, 0xfa, 0x09, 0x04, 0x00, 0x0f, 0xff, 0xff, 0xff, 0xff, 0xff, 0xff, 0xff, 0x30, 0xf8, 0xc7, 0x90, 0x42, 0x23, 0xff, 0xff,
    0xdf, 0xff, 0xff, 0xff, 0xff, 0xff, 0xff, 0xff, 0xff, 0xff, 0xf0, 0x09, 0x61, 0x21, 0x40, 0x90, 0x11, 0x03, 0x1b, 0xe8, 0x41, 0xbf, 0xff, 0xfc,
    0x84, 0x04, 0x10, 0x10, 0x49, 0x40, 0x05, 0x00, 0x48, 0x42, 0x2c, 0x00, 0x00, 0x70, 0x07, 0x03, 0xc0, 0x00, 0x00, 0x0f, 0x80, 0x00, 0x07, 0xf8,
    0x00, 0x10, 0x90, 0x00, 0x08, 0x44, 0xc2, 0x49, 0x22, 0x10, 0xdb, 0xf8, 0x41, 0x04, 0x84, 0x00, 0x42, 0x41, 0x24, 0x24, 0x00, 0x0b, 0xfc, 0x7f,
    0xfa, 0xc0, 0x41, 0x20, 0x1f, 0xff, 0xff, 0xff, 0xff, 0xff, 0xff, 0xf0, 0x06, 0xfe, 0x3f, 0xcf, 0x11, 0x27, 0xff, 0xff, 0xff, 0xff, 0xff, 0xff,
    0xff, 0xff, 0xff, 0xff, 0xff, 0xff, 0x81, 0x21, 0xff, 0xff, 0xff, 0x9f, 0xf3, 0x7f, 0xff, 0xff, 0xff, 0xff, 0xff, 0xf8, 0x21, 0x21, 0x04, 0x84,
    0x00, 0x24, 0x91, 0x26, 0x06, 0x12, 0x20, 0x00, 0x00, 0x60, 0x0c, 0x03, 0x80, 0x00, 0x00, 0x07, 0xc0, 0x00, 0x03, 0xf8, 0x01, 0x04, 0x04, 0x88,
    0xc2, 0x00, 0x18, 0x00, 0x88, 0x40, 0x7f, 0xfc, 0x9f, 0xe0, 0x01, 0x00, 0x10, 0x10, 0x01, 0x01, 0x24, 0x8b, 0xfd, 0x7f, 0xfa, 0x12, 0x24, 0x08,
    0x0f, 0xff, 0xff, 0xff, 0xff, 0xff, 0xff, 0x02, 0x40, 0xff, 0xff, 0xff, 0xc4, 0x9f, 0xff, 0xff, 0xff, 0xff, 0xff, 0xff, 0xff, 0xff, 0xff, 0xff,
    0xff, 0xf0, 0x09, 0x3f, 0xff, 0xff, 0xff, 0xff, 0xff, 0xff, 0xff, 0xff, 0xff, 0xff, 0xff, 0xf1, 0x08, 0x08, 0x40, 0x21, 0x24, 0x84, 0x82, 0x21,
    0x90, 0x84, 0x80, 0x00, 0x00, 0x60, 0x38, 0x07, 0x80, 0x00, 0x00, 0x07, 0xc0, 0x00, 0x03, 0xfc, 0x00, 0x49, 0x20, 0x22, 0x10, 0x92, 0x01, 0xee,
    0x31, 0x09, 0x7f, 0xff, 0xff, 0xf3, 0xff, 0x40, 0x04, 0x84, 0x90, 0x48, 0x00, 0x2b, 0xff, 0xff, 0xfa, 0x00, 0x88, 0x82, 0x43, 0xff, 0xff, 0xfe,
    0xf8, 0x7f, 0x10, 0x08, 0x49, 0xff, 0xff, 0xff, 0xfc, 0x3f, 0xff, 0xff, 0xff, 0xff, 0xff, 0xff, 0xff, 0xff, 0xff, 0xfc, 0xd0, 0x00, 0x64, 0x7f,
    0xff, 0xff, 0xff, 0xff, 0xff, 0xff, 0xff, 0xff, 0xff, 0xff, 0xff, 0x04, 0x02, 0x42, 0x13, 0x08, 0x44, 0x50, 0x20, 0x88, 0x20, 0x24, 0x40, 0x00,
    0x00, 0x00, 0x70, 0x07, 0xc0, 0x00, 0x00, 0x0f, 0xc0, 0x00, 0x01, 0xfe, 0x00, 0x10, 0x09, 0x00, 0x04, 0x10, 0x93, 0xff, 0xfe, 0x65, 0xff, 0xff,
    0xff, 0xff, 0xff, 0xc0, 0x20, 0x20, 0x04, 0x02, 0x49, 0x0b, 0xff, 0xff, 0xfa, 0x98, 0x12, 0x00, 0x91, 0xff, 0xfe, 0x40, 0x01, 0x00, 0x01, 0x91,
    0x08, 0xff, 0xff, 0xff, 0xff, 0x7f, 0xff, 0xff, 0xff, 0xff, 0xff, 0xff, 0xfe, 0x00, 0x48, 0x80, 0x00, 0x0c, 0x84, 0xff, 0xff, 0xff, 0xff, 0xff,
    0xff, 0xff, 0xff, 0xff, 0xff, 0xff, 0xfc, 0x00, 0x90, 0x10, 0x88, 0x42, 0x11, 0x02, 0x0c, 0x42, 0x26, 0x41, 0x00, 0x00, 0x00, 0x00, 0x70, 0x07,
    0xe0, 0x00, 0x00, 0x0f, 0xc0, 0x00, 0x01, 0xf7, 0x00, 0x04, 0x80, 0x49, 0x21, 0x04, 0x43, 0xff, 0xff, 0xff, 0xff, 0xff, 0xff, 0xff, 0xff, 0xc0,
    0x09, 0x02, 0x41, 0x20, 0x00, 0x4b, 0xff, 0xff, 0xfa, 0x03, 0x00, 0x92, 0x04, 0x00, 0xc0, 0x11, 0x04, 0x00, 0x8c, 0x1c, 0xbf, 0xff, 0xff, 0xff,
    0xff, 0xff, 0xff, 0xff, 0xff, 0xff, 0xff, 0xff, 0xe0, 0x49, 0x00, 0x09, 0x26, 0x42, 0x10, 0xff, 0xff, 0xff, 0xff, 0xff, 0xff, 0xff, 0xff, 0xff,
    0xff, 0xff, 0x60, 0x92, 0x04, 0x84, 0x20, 0x10, 0x80, 0x22, 0x41, 0x12, 0x41, 0x1a, 0x00, 0x00, 0x00, 0x00, 0xf0, 0x0f, 0xe0, 0x00, 0x00, 0x0f,
    0xe0, 0x00, 0x00, 0xe0, 0x00, 0x00, 0x24, 0x08, 0x48, 0x85, 0x08, 0xff, 0xff, 0xff, 0xff, 0xff, 0xff, 0xff, 0xff, 0xc0, 0x08, 0x48, 0x10, 0x09,
    0x24, 0x0b, 0x7f, 0xff, 0xfa, 0x44, 0x64, 0x04, 0x00, 0x24, 0x11, 0x24, 0x65, 0x92, 0x61, 0xfe, 0x3f, 0xff, 0xff, 0xff, 0xff, 0xff, 0xff, 0xff,
    0xff, 0xff, 0xff, 0xc1, 0x01, 0x24, 0x96, 0x62, 0x00, 0x92, 0xdb, 0xff, 0xff, 0xff, 0xff, 0xff, 0xff, 0xff, 0xff, 0xfe, 0x7e, 0x0c, 0x02, 0x00,
    0x40, 0x89, 0x04, 0x88, 0x4c, 0x90, 0x21, 0x08, 0x48, 0x7e, 0x00, 0x00, 0x00, 0x03, 0xe0, 0x0f, 0xe0, 0x00, 0x00, 0x0f, 0xe0, 0x00, 0x00, 0xe0,
    0x00, 0x12, 0x11, 0x22, 0x02, 0x20, 0x20, 0x10, 0x30, 0x00, 0x7f, 0xff, 0xff, 0xfe, 0x3f, 0xc0, 0x40, 0x01, 0x04, 0x80, 0x04, 0x8c, 0x80, 0x00,
    0x46, 0x10, 0x01, 0x00, 0x49, 0x85, 0x24, 0x1f, 0xff, 0xe0, 0x05, 0xff, 0xff, 0xff, 0xff, 0xff, 0xff, 0xff, 0xff, 0xff, 0xff, 0xff, 0xfc, 0x04,
    0x19, 0x00, 0x81, 0x12, 0xd8, 0x3f, 0xff, 0xff, 0xfe, 0x66, 0xc1, 0xe7, 0xe0, 0x03, 0xc0, 0x60, 0x00, 0x00, 0x90, 0x64, 0x48, 0x20, 0x90, 0xa3,
    0x10, 0x84, 0x88, 0x43, 0x0b, 0xfc, 0x00, 0x00, 0x00, 0x23, 0xe0, 0x07, 0xc0, 0x00, 0x00, 0x0f, 0xe0, 0x00, 0x00, 0x70, 0x00, 0x01, 0x00, 0x82,
    0x20, 0x22, 0x0c, 0x40, 0x01, 0x00, 0x00, 0x0f, 0xfc, 0x60, 0x00, 0x00, 0x12, 0x24, 0x40, 0x24, 0x90, 0x27, 0xff, 0xff, 0xfe, 0x22, 0x90, 0x02,
    0x04, 0x11, 0x24, 0xff, 0xff, 0xff, 0xc9, 0xff, 0xff, 0xff, 0xff, 0xff, 0xff, 0xff, 0xff, 0xff, 0xff, 0xff, 0xc1, 0x30, 0xc2, 0x4f, 0x3e, 0x44,
    0x03, 0x1f, 0xff, 0xfe, 0x40, 0x00, 0x08, 0x00, 0x01, 0x00, 0x04, 0x01, 0x01, 0x62, 0x0c, 0x03, 0x09, 0x24, 0x02, 0x00, 0x22, 0x21, 0x0f, 0xdf,
    0xff, 0xfc, 0x00, 0x00, 0x00, 0x37, 0xc0, 0x07, 0x80, 0x00, 0x00, 0x0f, 0xf0, 0x00, 0x00, 0x30, 0x00, 0x04, 0x64, 0x10, 0x89, 0x88, 0xc1, 0x09,
    0x08, 0x64, 0x80, 0x00, 0x01, 0x01, 0x02, 0x00, 0x00, 0x80, 0x19, 0x00, 0x01, 0x00, 0x00, 0x00, 0x00, 0x08, 0x84, 0x88, 0x90, 0xe4, 0x87, 0xff,
    0xff, 0xff, 0xff, 0xff, 0xff, 0xff, 0xff, 0xff, 0xff, 0xff, 0xff, 0xff, 0xff, 0xf0, 0x04, 0x02, 0x12, 0x5f, 0xff, 0x99, 0x24, 0x7f, 0xfe, 0x60,
    0x04, 0x99, 0x26, 0x10, 0x11, 0x34, 0x21, 0x91, 0x24, 0x18, 0x61, 0x98, 0x20, 0x81, 0x48, 0x58, 0xcf, 0x19, 0x7f, 0xff, 0xff, 0xf8, 0x00, 0x00,
    0x00, 0x3f, 0x00, 0x06, 0x00, 0x00, 0x00, 0x0f, 0xf8, 0x00, 0x00, 0x18, 0x00, 0x00, 0x01, 0x04, 0x04, 0x70, 0x10, 0x24, 0x83, 0xf8, 0x09, 0x20,
    0x00, 0x10, 0x48, 0x80, 0x24, 0x12, 0x00, 0x49, 0x24, 0x48, 0x00, 0x00, 0x00, 0xc2, 0x23, 0xa0, 0x7f, 0xf8, 0x9f, 0xff, 0xff, 0xff, 0xff, 0xff,
    0xff, 0xff, 0xff, 0xff, 0xff, 0xff, 0xff, 0xdb, 0x64, 0x04, 0x31, 0x99, 0x24, 0x1f, 0xff, 0xff, 0xff, 0xff, 0x70, 0x09, 0x31, 0x20, 0x90, 0xc4,
    0xc4, 0x01, 0x18, 0x04, 0x92, 0x01, 0x04, 0x00, 0x84, 0x10, 0x11, 0x02, 0x7f, 0xff, 0xff, 0xff, 0xff, 0xf0, 0x00, 0x00, 0x00, 0x3f, 0x00, 0x06,
    0x00, 0x00, 0x00, 0x0f, 0xf8, 0x00, 0x00, 0x18, 0x00, 0x01, 0x92, 0x64, 0x62, 0x7c, 0x06, 0x10, 0x67, 0xfd, 0x20, 0x09, 0x52, 0x4c, 0x10, 0x00,
    0x01, 0x00, 0x84, 0x00, 0x00, 0x00, 0x92, 0x93, 0x24, 0x10, 0x13, 0x84, 0xff, 0xff, 0xff, 0xff, 0xff, 0xff, 0xff, 0xff, 0xff, 0xff, 0xff, 0xff,
    0xff, 0xff, 0xf0, 0x00, 0x00, 0x89, 0x08, 0x40, 0x01, 0x3f, 0xff, 0xff, 0xff, 0xf8, 0x01, 0x89, 0xff, 0x0e, 0x4c, 0x04, 0x09, 0x98, 0x82, 0x48,
    0x41, 0x8c, 0x10, 0x48, 0x11, 0x04, 0x86, 0x7f, 0xff, 0xff, 0xff, 0xff, 0xff, 0xe0, 0x00, 0x00, 0x00, 0x7e, 0x00, 0x06, 0x00, 0x00, 0x00, 0x0f,
    0xf8, 0x00, 0x10, 0x08, 0x00, 0x00, 0x0f, 0x1f, 0xf1, 0xff, 0xb0, 0xfd, 0x0f, 0xfe, 0x27, 0xc2, 0x02, 0x01, 0x93, 0x00, 0x48, 0x48, 0x44, 0x92,
    0x49, 0x04, 0x04, 0x20, 0x21, 0x0c, 0x8f, 0xc3, 0xff, 0xff, 0xff, 0xff, 0xff, 0xff, 0xff, 0xff, 0xff, 0xff, 0xff, 0xff, 0xff, 0xc0, 0x04, 0x20,
    0x92, 0x21, 0xc6, 0x47, 0xf8, 0xff, 0xff, 0xff, 0xff, 0xf0, 0x9c, 0x7f, 0xff, 0xff, 0xff, 0xf9, 0x22, 0x02, 0x22, 0x43, 0x0c, 0x22, 0xc3, 0x13,
    0x00, 0x62, 0x2f, 0xff, 0xff, 0xff, 0xff, 0xff, 0xff, 0xc0, 0x00, 0x00, 0x00, 0x3c, 0x00, 0x02, 0x00, 0x00, 0x00, 0x0f, 0xf8, 0x00, 0x18, 0x06,
    0x00, 0x00, 0x5f, 0xff, 0xff, 0xff, 0xff, 0xff, 0xff, 0xfe, 0xff, 0xe0, 0x88, 0x93, 0xc0, 0x00, 0x02, 0x02, 0x10, 0x80, 0x20, 0x41, 0x21, 0x09,
    0x08, 0xa0, 0xaf, 0xe2, 0x0f, 0xff, 0xff, 0xff, 0xff, 0xff, 0xff, 0xff, 0xff, 0xff, 0xf9, 0xfe, 0xc8, 0x10, 0x91, 0x0a, 0x12, 0x4d, 0xf1, 0x1f,
    0xff, 0xff, 0xff, 0xff, 0xff, 0xf2, 0x3f, 0xff, 0xff, 0xff, 0xff, 0xf8, 0x48, 0x48, 0x88, 0x90, 0xf7, 0xf0, 0x08, 0x20, 0x66, 0x08, 0x0f, 0xff,
    0xf8, 0x3f, 0xff, 0xff, 0xff, 0x80, 0x00, 0x00, 0x00, 0x38, 0x00, 0x06, 0x00, 0x00, 0x00, 0x1f, 0xfc, 0x00, 0x18, 0x02, 0x00, 0x00, 0x7f, 0xff,
    0xff, 0xff, 0xff, 0xff, 0xff, 0xff, 0xff, 0xec, 0x21, 0x87, 0xff, 0xc0, 0x20, 0x90, 0x82, 0x25, 0x04, 0x90, 0x22, 0x40, 0x42, 0x03, 0xff, 0xec,
    0x8f, 0xff, 0xff, 0xff, 0xff, 0xff, 0xff, 0xff, 0xff, 0x00, 0x00, 0x00, 0x02, 0x26, 0x44, 0xc9, 0x44, 0xff, 0xff, 0xff, 0xff, 0xff, 0xff, 0xff,
    0xff, 0xf9, 0x3f, 0xff, 0xff, 0xff, 0xff, 0xe2, 0x13, 0x62, 0x21, 0x1f, 0xff, 0xff, 0xf2, 0x88, 0x10, 0x81, 0x97, 0xff, 0x40, 0x07, 0x81, 0xff,
    0xff, 0x80, 0x00, 0x00, 0x00, 0x30, 0x00, 0x04, 0x00, 0x00, 0x00, 0x1f, 0xfe, 0x00, 0x08, 0x03, 0x00, 0x00, 0x3f, 0xff, 0xff, 0xff, 0xff, 0xff,
    0xff, 0xff, 0xff, 0xf1, 0x2f, 0xff, 0xff, 0xc0, 0x08, 0x04, 0x20, 0x00, 0x44, 0x04, 0x88, 0x46, 0x12, 0x57, 0xff, 0xe0, 0x7f, 0xff, 0xff, 0xff,
    0xff, 0xff, 0xff, 0xff, 0xf0, 0x08, 0x06, 0x02, 0x31, 0x89, 0x24, 0x04, 0x44, 0x7f, 0xff, 0xff, 0xff, 0xff, 0xff, 0xff, 0xfc, 0x24, 0x58, 0x9a,
    0x01, 0xb6, 0xc0, 0x00, 0x97, 0xf9, 0x0c, 0x5f, 0xff, 0xff, 0xff, 0xff, 0x83, 0xb6, 0x6f, 0xf0, 0x09, 0x10, 0x00, 0x07, 0xff, 0x00, 0x00, 0x00,
    0x00, 0x00, 0x00, 0x0c, 0x00, 0x00, 0x00, 0x3c, 0x3e, 0x00, 0x0c, 0x01, 0x00, 0x00, 0x1f, 0xff, 0xff, 0xff, 0x80, 0x0f, 0xef, 0xff, 0xff, 0xff,
    0xff, 0xff, 0xff, 0xc0, 0x02, 0x41, 0x09, 0x48, 0x49, 0x20, 0x84, 0x10, 0x8f, 0xdf, 0xff, 0xe0, 0xff, 0xff, 0xff, 0xff, 0xff, 0xff, 0xff, 0xff,
    0x02, 0x62, 0xc8, 0xc9, 0x0c, 0x48, 0x23, 0x31, 0x11, 0x3f, 0xff, 0xff, 0xff, 0xff, 0xff, 0xff, 0xf8, 0x80, 0x82, 0x00, 0x40, 0x00, 0x08, 0x97,
    0xcf, 0xfc, 0x4a, 0x7f, 0xff, 0xff, 0xff, 0xff, 0xff, 0xff, 0xfe, 0x00, 0xa4, 0xc0, 0x64, 0x00, 0x7e, 0x00, 0x00, 0x00, 0x00, 0x00, 0x00, 0x0c,
    0x00, 0x00, 0x00, 0x3c, 0x1e, 0x00, 0x0c, 0x01, 0x80, 0x00, 0x0f, 0xff, 0xff, 0xfe, 0x01, 0x00, 0x00, 0x1f, 0x80, 0x8f, 0xff, 0xff, 0xff, 0xc0,
    0x40, 0x11, 0x1c, 0x33, 0x0f, 0x88, 0x21, 0x82, 0x3f, 0xff, 0xff, 0xf8, 0xc7, 0xff, 0xff, 0xff, 0xff, 0xff, 0xff, 0xf8, 0x48, 0x12, 0x10, 0x31,
    0xc0, 0x46, 0x98, 0x42, 0x49, 0x0f, 0xff, 0xff, 0xff, 0xff, 0xff, 0xff, 0xf2, 0x18, 0x22, 0x75, 0x3c, 0x48, 0x26, 0x4f, 0xff, 0xff, 0xff, 0xff,
    0xff, 0xff, 0xff, 0xff, 0xff, 0xff, 0xf0, 0x26, 0x90, 0x39, 0x93, 0x29, 0x7c, 0x00, 0x00, 0x00, 0x00, 0x00, 0x00, 0x0c, 0x00, 0x00, 0x00, 0x38,
    0x1f, 0x00, 0x1e, 0x00, 0xe0, 0x00, 0x06, 0xe0, 0x1f, 0xe0, 0x48, 0x50, 0x10, 0x00, 0x00, 0x00, 0x01, 0xfe, 0x78, 0x00, 0x12, 0x04, 0x5f, 0xff,
    0xff, 0xc2, 0x08, 0x24, 0x3f, 0xff, 0xff, 0xf8, 0x67, 0xff, 0xff, 0xff, 0xff, 0xff, 0xff, 0xc1, 0x24, 0x91, 0x25, 0x7f, 0xf7, 0xf0, 0x81, 0x08,
    0x80, 0x41, 0xff, 0xff, 0xf8, 0x02, 0x7f, 0xff, 0xff, 0xff, 0xe1, 0xff, 0xff, 0x02, 0xf0, 0x7f, 0xff, 0xff, 0xff, 0xff, 0xff, 0xff, 0xff, 0xff,
    0xff, 0x90, 0xf1, 0x7f, 0xff, 0x7f, 0xff, 0xf8, 0xfc, 0x00, 0x00, 0x00, 0x03, 0x00, 0x00, 0x08, 0x00, 0x00, 0x00, 0x38, 0x0f, 0x00, 0x1f, 0x80,
    0x78, 0x00, 0x00, 0x00, 0x00, 0x01, 0x03, 0x15, 0x04, 0xc0, 0x49, 0x20, 0x00, 0x38, 0x00, 0x80, 0x20, 0x80, 0x3f, 0xff, 0xff, 0xe0, 0x92, 0x11,
    0x9f, 0xff, 0xff, 0xf8, 0xff, 0xff, 0xff, 0xff, 0xff, 0xff, 0xff, 0x14, 0x92, 0x4d, 0x84, 0xff, 0xff, 0xf0, 0x24, 0x97, 0xb6, 0x50, 0x00, 0xc1,
    0x81, 0x10, 0x07, 0xff, 0xff, 0xff, 0xff, 0xff, 0xff, 0xff, 0xff, 0x7f, 0xff, 0xff, 0xff, 0xff, 0xff, 0xff, 0xff, 0xff, 0xfe, 0x04, 0x00, 0x7f,
    0xff, 0xfe, 0x6c, 0xcc, 0x00, 0x00, 0x00, 0x00, 0x0e, 0x00, 0x00, 0x0c, 0x00, 0x00, 0x00, 0x30, 0x0e, 0x00, 0x3f, 0x80, 0x78, 0x00, 0x01, 0x13,
    0x40, 0x12, 0x37, 0xff, 0xa1, 0x1b, 0x20, 0x18, 0x92, 0x01, 0x02, 0x00, 0x08, 0x24, 0xff, 0xff, 0xff, 0xf8, 0x40, 0xc8, 0x09, 0x3f, 0xff, 0xfc,
    0x7f, 0xff, 0xff, 0xff, 0xff, 0xff, 0xf0, 0x44, 0x92, 0x43, 0xf3, 0xff, 0xff, 0xfb, 0xfc, 0x7f, 0xff, 0x04, 0x24, 0x08, 0x04, 0x94, 0x81, 0xff,
    0xdf, 0xff, 0xff, 0xff, 0xff, 0xff, 0xff, 0xff, 0xff, 0xff, 0xff, 0xff, 0x8b, 0xb0, 0x00, 0x00, 0x00, 0x61, 0x0a, 0x1e, 0x7f, 0x80, 0x00, 0x01,
    0x00, 0x00, 0x00, 0x00, 0x0e, 0x00, 0x00, 0x18, 0x00, 0x00, 0x00, 0x20, 0x0e, 0x00, 0x1f, 0x80, 0x3c, 0x00, 0x00, 0x04, 0x11, 0x08, 0x87, 0xff,
    0x88, 0x47, 0x87, 0xfc, 0x08, 0xc4, 0x4c, 0x40, 0x02, 0x05, 0xff, 0xff, 0xff, 0xf9, 0x09, 0x02, 0x60, 0x0e, 0xde, 0x18, 0x1f, 0xff, 0xff, 0x80,
    0x00, 0x00, 0x04, 0x90, 0x44, 0x3f, 0xff, 0xff, 0xff, 0xff, 0xff, 0xff, 0xff, 0xbd, 0x89, 0x24, 0x64, 0x41, 0x24, 0x00, 0x03, 0xff, 0xff, 0xff,
    0xff, 0xff, 0xff, 0xff, 0xff, 0xff, 0xfe, 0x48, 0x00, 0x02, 0x44, 0x92, 0x49, 0x08, 0x62, 0x00, 0x00, 0x21, 0x26, 0x24, 0x80, 0x00, 0x00, 0x00,
    0x0c, 0x00, 0x00, 0x18, 0x00, 0x00, 0x00, 0x60, 0x06, 0x00, 0x0f, 0x80, 0x3e, 0x00, 0x00, 0x60, 0x84, 0x41, 0x3f, 0xff, 0x92, 0x0f, 0xff, 0xfe,
    0x40, 0x10, 0x3f, 0xc0, 0x20, 0x90, 0xff, 0xff, 0xff, 0xf8, 0x24, 0x24, 0x04, 0x80, 0x00, 0x00, 0x03, 0xf8, 0xd8, 0x04, 0x00, 0x04, 0x09, 0x26,
    0x49, 0xff, 0xff, 0xff, 0xff, 0xff, 0xff, 0xff, 0xff, 0xfe, 0x10, 0x21, 0x11, 0x08, 0x48, 0x08, 0x20, 0x47, 0xff, 0xff, 0xff, 0xff, 0xff, 0xff,
    0xff, 0xff, 0xe0, 0x00, 0x50, 0x48, 0x40, 0x92, 0x42, 0x7a, 0x01, 0x21, 0x00, 0x99, 0x1f, 0xc4, 0x00, 0x00, 0x00, 0x00, 0x18, 0x00, 0x00, 0x3c,
    0x00, 0x00, 0x00, 0x60, 0x07, 0x00, 0x07, 0xe0, 0x1f, 0x00, 0x00, 0x08, 0x22, 0x37, 0xff, 0xff, 0xc0, 0xaf, 0xff, 0xfe, 0x17, 0x87, 0xff, 0xc0,
    0x08, 0x02, 0x17, 0xff, 0xff, 0xf8, 0x84, 0x84, 0x91, 0x21, 0x00, 0x80, 0x88, 0x00, 0x00, 0x51, 0x64, 0x92, 0x62, 0x48, 0x23, 0xff, 0xff, 0xff,
    0xff, 0xff, 0xff, 0xff, 0xff, 0xff, 0x92, 0x88, 0x90, 0xa6, 0x43, 0x23, 0x2c, 0x10, 0x01, 0xff, 0xff, 0xff, 0xff, 0xff, 0xdb, 0x00, 0x01, 0x93,
    0x12, 0x07, 0x9e, 0x04, 0x97, 0xff, 0x9d, 0xe4, 0x4a, 0x02, 0x7f, 0xf9, 0xc0, 0x00, 0x00, 0x00, 0x10, 0x00, 0x00, 0x3c, 0x00, 0x00, 0x00, 0x60,
    0x07, 0x00, 0x07, 0xe0, 0x0f, 0x00, 0x00, 0x3f, 0xf8, 0xff, 0xff, 0xff, 0xcf, 0x1f, 0xff, 0xff, 0xff, 0xff, 0xff, 0xc0, 0x42, 0x48, 0x03, 0x9f,
    0xf6, 0x02, 0x10, 0x13, 0x02, 0x08, 0x48, 0x90, 0x20, 0x05, 0x24, 0x10, 0x04, 0x41, 0x00, 0xe1, 0xbf, 0xff, 0xff, 0xff, 0xff, 0xff, 0xff, 0xff,
    0xff, 0xff, 0xc2, 0x46, 0x26, 0x20, 0x24, 0x48, 0x81, 0x80, 0x44, 0x03, 0xff, 0xf9, 0x60, 0x48, 0x00, 0x00, 0x14, 0x24, 0x02, 0x9f, 0xff, 0xfc,
    0x1f, 0xff, 0xff, 0xff, 0xf0, 0x64, 0xff, 0xfa, 0x00, 0x00, 0x00, 0x00, 0x20, 0x00, 0x00, 0x7c, 0x00, 0x00, 0x00, 0x20, 0x07, 0x00, 0x03, 0xf0,
    0x07, 0x00, 0x00, 0x1f, 0xff, 0xff, 0xff, 0xff, 0xff, 0xff, 0xff, 0xff, 0xff, 0xff, 0xff, 0xc0, 0x10, 0x01, 0x20, 0x00, 0x00, 0x00, 0x42, 0x4b,
    0x9e, 0x42, 0x22, 0x04, 0x04, 0xa4, 0x01, 0x84, 0x91, 0x14, 0x1d, 0xff, 0xff, 0xff, 0xff, 0xff, 0xff, 0xff, 0xff, 0xff, 0xff, 0xfe, 0x48, 0x11,
    0x20, 0x4a, 0x90, 0x48, 0x92, 0x7c, 0x51, 0x00, 0x00, 0x00, 0x04, 0x02, 0x44, 0xd2, 0x40, 0x21, 0xc8, 0x7f, 0xff, 0xff, 0xff, 0xff, 0xff, 0xff,
    0xff, 0xff, 0xff, 0xe0, 0x00, 0x00, 0x00, 0x00, 0x40, 0x00, 0x00, 0x7e, 0x00, 0x00, 0x00, 0x20, 0x07, 0x00, 0x03, 0xf8, 0x07, 0x00, 0x00, 0x0f,
    0xff, 0xff, 0xff, 0xff, 0xff, 0xff, 0xff, 0xff, 0xff, 0xff, 0xff, 0xc0, 0x04, 0x90, 0x44, 0x00, 0x01, 0x24, 0x9b, 0x07, 0xff, 0x92, 0x20, 0x41,
    0x20, 0x08, 0x92, 0x20, 0x20, 0x4f, 0xff, 0xff, 0xff, 0xff, 0xff, 0xff, 0xff, 0xff, 0xff, 0xff, 0xff, 0xf8, 0x08, 0x89, 0x09, 0x1f, 0x8b, 0x06,
    0x4a, 0xff, 0x82, 0x64, 0x22, 0x16, 0x31, 0xb0, 0x90, 0x08, 0x29, 0xcf, 0xff, 0xff, 0xff, 0xff, 0xff, 0xff, 0xff, 0xff, 0xff, 0xff, 0xff, 0xe0,
    0x00, 0x00, 0x00, 0x00, 0x00, 0x00, 0x00, 0x7e, 0x00, 0x00, 0x00, 0x60, 0x07, 0x80, 0x02, 0x38, 0x03, 0x00, 0x00, 0x07, 0xff, 0xff, 0xff, 0xff,
    0xff, 0xfa, 0x7c, 0x0f, 0xff, 0xff, 0xff, 0xc0, 0x20, 0x04, 0x10, 0x92, 0x48, 0x02, 0x1f, 0xb7, 0xff, 0x88, 0x89, 0x24, 0x23, 0x48, 0x82, 0x0a,
    0x09, 0x1f, 0xff, 0xff, 0xff, 0xff, 0xff, 0xff, 0xff, 0xff, 0xf3, 0xff, 0xfc, 0x01, 0x82, 0x60, 0xc7, 0xff, 0xe0, 0x30, 0x5f, 0xff, 0xff, 0xff,
    0xf1, 0xc0, 0x82, 0x05, 0xb9, 0x21, 0x87, 0xff, 0xff, 0xff, 0xff, 0xff, 0xff, 0xff, 0xff, 0xff, 0xff, 0xff, 0xff, 0xc0, 0x00, 0x00, 0x00, 0x03,
    0x00, 0x00, 0x00, 0x7e, 0x00, 0x00, 0x00, 0x20, 0x03, 0xe0, 0x02, 0x3c, 0x03, 0x00, 0x00, 0x02, 0x5f, 0x4b, 0xf8, 0x00, 0x06, 0x80, 0x00, 0x01,
    0xff, 0xff, 0xff, 0xc0, 0x09, 0x21, 0x82, 0x00, 0x08, 0x92, 0x5f, 0xff, 0xff, 0x20, 0x02, 0x08, 0x88, 0x02, 0x28, 0x40, 0x81, 0x0f, 0xff, 0xff,
    0xff, 0xff, 0xff, 0xff, 0xff, 0xe0, 0x00, 0x04, 0x00, 0x04, 0x64, 0x06, 0x1f, 0xff, 0xfd, 0xf9, 0x3f, 0xff, 0xff, 0xff, 0xff, 0xe8, 0x08, 0xcf,
    0xfe, 0x0c, 0x17, 0xff, 0xff, 0xff, 0xff, 0xff, 0xef, 0xfe, 0x7f, 0xff, 0xf8, 0x3e, 0xff, 0xb0, 0x00, 0x00, 0x00, 0x7e, 0x00, 0x00, 0x00, 0xfe,
    0x00, 0x00, 0x00, 0x20, 0x03, 0xe0, 0x02, 0x0c, 0x01, 0x00, 0x00, 0x00, 0x00, 0x00, 0x00, 0x02, 0x00, 0x04, 0x82, 0x40, 0x00, 0x00, 0x80, 0x00,
    0x00, 0x08, 0x48, 0x49, 0x82, 0x04, 0x1f, 0xff, 0xff, 0x84, 0x48, 0x82, 0x08, 0x90, 0x01, 0x10, 0x44, 0x4f, 0xff, 0xff, 0xff, 0xff, 0xfe, 0x0f,
    0xfb, 0x80, 0x0c, 0x10, 0x92, 0x52, 0x11, 0x21, 0xff, 0xff, 0xff, 0xff, 0xff, 0xff, 0xff, 0xff, 0xff, 0xff, 0xff, 0xff, 0xff, 0xd0, 0x43, 0xff,
    0xff, 0xff, 0xff, 0xfe, 0x00, 0xc0, 0x00, 0x00, 0x40, 0x80, 0x0e, 0x60, 0x00, 0x00, 0x00, 0xfc, 0x00, 0x00, 0x00, 0xfe, 0x00, 0x00, 0x00, 0x20,
    0x01, 0xe0, 0x03, 0x06, 0x01, 0x00, 0x00, 0x01, 0x20, 0x90, 0x05, 0x90, 0xa1, 0x20, 0x20, 0x12, 0x00, 0x00, 0x00, 0x00, 0x52, 0x42, 0x01, 0x00,
    0x20, 0x49, 0x00, 0x7f, 0xff, 0x12, 0x40, 0x30, 0x42, 0x04, 0xc4, 0x06, 0x10, 0x40, 0x7f, 0xff, 0xff, 0xff, 0x00, 0x80, 0x00, 0x26, 0x61, 0x42,
    0x49, 0x12, 0x02, 0x2b, 0xff, 0xff, 0xff, 0xff, 0xff, 0xff, 0xff, 0xff, 0xff, 0xff, 0xff, 0xff, 0xff, 0xf9, 0x0b, 0xff, 0xf3, 0xfc, 0xff, 0xe0,
    0x10, 0x01, 0x00, 0x00, 0x06, 0x01, 0x00, 0xe0, 0x00, 0x00, 0x01, 0xf8, 0x00, 0x00, 0x00, 0xc6, 0x00, 0x00, 0x00, 0x20, 0x01, 0xe0, 0x03, 0x82,
    0x01, 0x80, 0x00, 0x00, 0x04, 0x04, 0x90, 0x04, 0x08, 0x26, 0x09, 0x10, 0x92, 0x49, 0x24, 0x80, 0x00, 0x10, 0x24, 0x24, 0x09, 0x00, 0x42, 0x06,
    0x7c, 0x40, 0x92, 0x04, 0x40, 0x41, 0x10, 0x90, 0x92, 0x10, 0x07, 0xff, 0xff, 0xfe, 0x44, 0xc8, 0x92, 0x21, 0x12, 0x49, 0x08, 0x89, 0x67, 0xc7,
    0xff, 0xff, 0xff, 0xff, 0xff, 0xff, 0xff, 0xff, 0xff, 0xff, 0xff, 0xff, 0xff, 0xfe, 0x20, 0x00, 0x00, 0x00, 0x00, 0x01, 0x84, 0x34, 0x99, 0x24,
    0x90, 0x48, 0x51, 0xe0, 0x00, 0x00, 0x01, 0xf8, 0x00, 0x00, 0x00, 0x86, 0x00, 0x00, 0x00, 0x20, 0x01, 0xf0, 0x01, 0xc0, 0x01, 0xc0, 0x00, 0x00,
    0x91, 0x20, 0x49, 0x73, 0x12, 0x01, 0xc8, 0x44, 0x40, 0x80, 0x00, 0x00, 0x24, 0x84, 0x40, 0x81, 0x00, 0x24, 0x49, 0x00, 0x00, 0x0c, 0x08, 0x81,
    0x11, 0x21, 0x02, 0x10, 0x41, 0x85, 0x80, 0x0f, 0xfe, 0x38, 0xd2, 0x24, 0x82, 0x98, 0x92, 0x2c, 0x66, 0x24, 0xff, 0xff, 0xff, 0xff, 0xff, 0xff,
    0xff, 0xff, 0xff, 0xff, 0xff, 0xff, 0xff, 0xff, 0xff, 0xfe, 0x24, 0x40, 0x08, 0x02, 0x49, 0x34, 0x23, 0x04, 0x87, 0x84, 0x82, 0x49, 0x13, 0xc0,
    0x00, 0x00, 0x0b, 0xf0, 0x00, 0x00, 0x05, 0x04, 0x00, 0x00, 0x00, 0x20, 0x01, 0xf0, 0x00, 0xc0, 0x03, 0xc0, 0x00, 0x00, 0x10, 0x92, 0x41, 0x3c,
    0x40, 0x9d, 0xf2, 0x24, 0x0c, 0x24, 0x99, 0x00, 0x00, 0x21, 0x12, 0x10, 0x64, 0x82, 0x01, 0x23, 0x03, 0x21, 0x20, 0xa8, 0x11, 0x0c, 0x22, 0x45,
    0x0c, 0x24, 0x28, 0x20, 0x00, 0x01, 0x0b, 0x84, 0x68, 0x86, 0x08, 0x81, 0x0e, 0x45, 0xff, 0xff, 0xff, 0xff, 0xff, 0xff, 0xff, 0xff, 0xff, 0xff,
    0xff, 0xff, 0xff, 0xf0, 0xc7, 0xf8, 0x81, 0x13, 0x22, 0x48, 0x49, 0x00, 0x48, 0x48, 0x5f, 0xf2, 0x28, 0x81, 0x27, 0xc0, 0x01, 0x08, 0x47, 0xf0,
    0x00, 0x08, 0x81, 0x06, 0x00, 0x00, 0x00, 0x30, 0x00, 0xf0, 0x00, 0x40, 0x03, 0xe0, 0x00, 0x00, 0x44, 0x0f, 0x1c, 0x7c, 0x4c, 0x3f, 0xf8, 0xff,
    0x21, 0x00, 0x40, 0x00, 0x12, 0x08, 0x10, 0x44, 0x00, 0x10, 0x94, 0x20, 0x64, 0x00, 0x84, 0x22, 0x44, 0x40, 0x88, 0x21, 0x20, 0x22, 0x22, 0x00,
    0x01, 0x04, 0x67, 0xf1, 0x04, 0x40, 0x64, 0x5f, 0xfe, 0x53, 0xff, 0xff, 0xff, 0xff, 0xff, 0xff, 0xff, 0xc0, 0x24, 0x00, 0x01, 0xfe, 0xf0, 0x02,
    0x00, 0x42, 0x12, 0x10, 0x24, 0x01, 0x04, 0x4b, 0x01, 0x22, 0x1f, 0xf8, 0x31, 0x24, 0x0f, 0x80, 0x08, 0x00, 0x0f, 0xc0, 0x00, 0x80, 0x03, 0x06,
    0x00, 0x01, 0x00, 0x70, 0x00, 0x70, 0x00, 0x00, 0x01, 0xf8, 0x00, 0x00, 0x11, 0x3f, 0xff, 0xfe, 0x3f, 0xff, 0xff, 0xff, 0x00, 0x49, 0x04, 0x80,
    0x40, 0x82, 0x44, 0x01, 0x12, 0x44, 0x21, 0x18, 0x08, 0x92, 0x11, 0x00, 0x80, 0x22, 0x09, 0x18, 0x22, 0x18, 0x82, 0xcc, 0xcc, 0xc9, 0x07, 0xf8,
    0x93, 0x19, 0x05, 0x1f, 0xff, 0xff, 0xff, 0xff, 0xff, 0xff, 0xff, 0xff, 0xf0, 0x12, 0x00, 0x09, 0x20, 0x00, 0x04, 0x08, 0x30, 0x04, 0x48, 0x84,
    0x81, 0x32, 0x30, 0x40, 0x3d, 0x90, 0xbf, 0xfd, 0xfc, 0x04, 0x9f, 0x80, 0x20, 0x20, 0x0f, 0x00, 0x00, 0x00, 0x3e, 0x04, 0x00, 0x00, 0x10, 0x38,
    0x00, 0x78, 0x00, 0x08, 0x00, 0x78, 0x00, 0x00, 0x04, 0x7f, 0xff, 0xff, 0xbf, 0xff, 0xff, 0xff, 0x12, 0x00, 0x20, 0x00, 0x08, 0x20, 0x02, 0x24,
    0x40, 0x02, 0x08, 0x43, 0x22, 0x04, 0x41, 0x14, 0x22, 0x88, 0x42, 0x42, 0x48, 0xc1, 0x18, 0x10, 0x20, 0x23, 0xbf, 0xff, 0xc0, 0xc1, 0xfc, 0x7f,
    0xff, 0xff, 0xff, 0xff, 0xff, 0xff, 0xff, 0xfb, 0x00, 0x12, 0xdb, 0x64, 0x96, 0x41, 0x09, 0xa4, 0x84, 0xb1, 0x20, 0x88, 0x90, 0x80, 0x83, 0x7d,
    0xbf, 0xef, 0xff, 0xff, 0xff, 0xd0, 0x7f, 0x01, 0x00, 0x02, 0x3e, 0x00, 0x48, 0x00, 0x1c, 0x06, 0x02, 0x20, 0x01, 0x38, 0x08, 0x78, 0x20, 0x18,
    0x00, 0x38, 0x10, 0x00, 0x00, 0x7f, 0xff, 0xff, 0xff, 0xff, 0xff, 0xff, 0x08, 0x92, 0x09, 0x00, 0x02, 0x09, 0x20, 0x90, 0x09, 0x20, 0xc2, 0x00,
    0x44, 0x41, 0x08, 0x41, 0x08, 0x01, 0x30, 0x01, 0x01, 0x04, 0x41, 0x13, 0x25, 0x0b, 0xff, 0xff, 0xff, 0xff, 0xff, 0xff, 0xff, 0xff, 0xff, 0xff,
    0xfc, 0xff, 0xff, 0xc0, 0x4d, 0x64, 0x30, 0x12, 0x5e, 0x49, 0x22, 0x21, 0x09, 0x02, 0x08, 0x22, 0x12, 0x0c, 0x09, 0xff, 0xff, 0xff, 0xff, 0xff,
    0xff, 0xe1, 0xfe, 0x04, 0x02, 0x00, 0x3c, 0x01, 0x00, 0x24, 0xb8, 0x06, 0x00, 0x00, 0x40, 0x38, 0x40, 0x30, 0x00, 0x4c, 0x04, 0x0e, 0x00, 0x02,
    0x02, 0x0c, 0x3f, 0xff, 0xff, 0xff, 0xff, 0xff, 0x20, 0x01, 0x20, 0x00, 0x21, 0x00, 0x4c, 0x02, 0x40, 0x89, 0x11, 0x99, 0x11, 0x12, 0x22, 0x48,
    0x41, 0x24, 0x04, 0x98, 0x31, 0x24, 0x44, 0x44, 0x10, 0x4f, 0xff, 0xff, 0xff, 0xff, 0xff, 0xff, 0xff, 0xff, 0xff, 0xff, 0xe0, 0x03, 0x40, 0x14,
    0x91, 0xf9, 0xff, 0xc2, 0x3f, 0x8f, 0xc4, 0x1c, 0x61, 0x12, 0x47, 0x93, 0x48, 0x41, 0x27, 0xff, 0xff, 0xff, 0xff, 0xff, 0xff, 0xf3, 0xfe, 0x00,
    0x08, 0x20, 0xfc, 0x00, 0x01, 0x00, 0x30, 0x06, 0x00, 0x02, 0x04, 0x3c, 0x00, 0x38, 0x00, 0x0c, 0x10, 0x07, 0x00, 0x80, 0x00, 0x80, 0x00, 0x1d,
    0x7f, 0xdf, 0xff, 0xff, 0x04, 0x48, 0x04, 0x80, 0x08, 0x44, 0x02, 0x69, 0x14, 0x00, 0x04, 0x21, 0x19, 0xc0, 0x84, 0x02, 0x14, 0x01, 0x20, 0x82,
    0x84, 0x11, 0x12, 0x48, 0xc6, 0x47, 0xff, 0xff, 0xff, 0xff, 0xff, 0xff, 0xff, 0xff, 0xff, 0xff, 0x82, 0x08, 0x0c, 0x81, 0x20, 0xff, 0xff, 0xf8,
    0xff, 0xff, 0xf7, 0xff, 0x0c, 0x48, 0x97, 0xff, 0xfe, 0x48, 0x4f, 0xff, 0xff, 0xff, 0xff, 0xce, 0xff, 0xf7, 0xff, 0x00, 0x20, 0x02, 0xf8, 0x24,
    0x00, 0x00, 0x70, 0x04, 0x08, 0x00, 0x00, 0x3c, 0x00, 0x18, 0x02, 0x08, 0x00, 0x07, 0x80, 0x00, 0x40, 0x22, 0x40, 0x00, 0x00, 0x00, 0x18, 0x00,
    0x45, 0x12, 0x41, 0x00, 0x02, 0x11, 0x20, 0x00, 0x21, 0x26, 0x40, 0x04, 0x5f, 0xf4, 0x31, 0x24, 0x80, 0x98, 0x0a, 0x20, 0x04, 0x84, 0x90, 0x12,
    0x11, 0x17, 0xff, 0xff, 0xff, 0xff, 0xff, 0xff, 0xff, 0xff, 0xff, 0xfe, 0x14, 0x90, 0xa2, 0x3f, 0x2b, 0xff, 0xff, 0xff, 0xff, 0xff, 0xff, 0xfe,
    0x40, 0x43, 0xff, 0xff, 0xff, 0x22, 0x1f, 0xff, 0xff, 0xff, 0xff, 0x00, 0x1f, 0xef, 0xff, 0x02, 0x00, 0x81, 0xf0, 0x00, 0x04, 0x00, 0x60, 0x14,
    0x00, 0x40, 0x08, 0x3e, 0x04, 0x18, 0x08, 0x08, 0x00, 0x03, 0x81, 0x08, 0x00, 0x08, 0x89, 0x82, 0x00, 0x22, 0x00, 0x00, 0x10, 0x40, 0x12, 0x00,
    0x20, 0x80, 0x0c, 0x92, 0x08, 0x08, 0x19, 0x24, 0x4e, 0xf1, 0x00, 0x84, 0x22, 0x42, 0xc2, 0x25, 0x62, 0x24, 0x0c, 0x92, 0x20, 0x47, 0xff, 0xff,
    0xff, 0xff, 0xff, 0xff, 0xff, 0x7f, 0xe1, 0x00, 0x44, 0xf2, 0x7f, 0xff, 0xc7, 0xff, 0xff, 0xff, 0xff, 0xff, 0xfe, 0xd0, 0x37, 0x97, 0xff, 0xff,
    0xff, 0x87, 0xbf, 0xff, 0xff, 0xff, 0xfc, 0x21, 0x00, 0x1f, 0xf8, 0x08, 0x04, 0x09, 0xe0, 0x00, 0x80, 0x40, 0x00, 0x00, 0x10, 0x02, 0x00, 0x1e,
    0x00, 0x18, 0x00, 0x2c, 0x00, 0x83, 0xc0, 0x00, 0x08, 0x00, 0x22, 0x20, 0x9a, 0x08, 0x84, 0x92, 0x02, 0x09, 0x10, 0x80, 0x08, 0x24, 0x80, 0x00,
    0xc2, 0x91, 0x21, 0x09, 0x00, 0x61, 0x16, 0x11, 0x29, 0x00, 0x10, 0x80, 0x08, 0x49, 0x40, 0x89, 0x8c, 0x84, 0x00, 0x7f, 0xff, 0xff, 0xff, 0xfc,
    0x00, 0x00, 0x04, 0x24, 0x49, 0xf9, 0xff, 0xff, 0xff, 0xff, 0xff, 0xff, 0xff, 0xff, 0xf8, 0x03, 0xff, 0xff, 0xff, 0xff, 0xff, 0xff, 0xff, 0xff,
    0xff, 0xff, 0x80, 0x88, 0x40, 0x10, 0xf0, 0x00, 0x80, 0x01, 0xc1, 0x04, 0x00, 0x04, 0x00, 0x80, 0x00, 0x08, 0x20, 0x8e, 0x10, 0x00, 0x00, 0x8c,
    0x22, 0x08, 0xe0, 0x00, 0x00, 0x05, 0x00, 0x08, 0x20, 0xc0, 0x20, 0x02, 0x48, 0x80, 0x44, 0x00, 0x02, 0x10, 0xa2, 0x4c, 0x10, 0x20, 0x04, 0x40,
    0x21, 0x04, 0x40, 0x40, 0x00, 0x29, 0x04, 0x18, 0x81, 0x01, 0x12, 0x60, 0x42, 0x31, 0x24, 0x8f, 0xf9, 0x60, 0x00, 0x01, 0x04, 0x81, 0x10, 0x91,
    0x08, 0x7f, 0xff, 0xff, 0xff, 0xff, 0xff, 0xff, 0xff, 0xff, 0xff, 0xbf, 0xff, 0xff, 0xff, 0xff, 0xff, 0xff, 0xff, 0xff, 0xff, 0xf2, 0x08, 0x02,
    0x13, 0x20, 0xf0, 0x20, 0x10, 0x91, 0x80, 0x10, 0x10, 0x01, 0x80, 0x00, 0x02, 0x00, 0x02, 0x0c, 0x00, 0x00, 0x20, 0x0e, 0x00, 0x00, 0xe0, 0x22,
    0x01, 0x00, 0x4c, 0x42, 0x00, 0x12, 0x09, 0x20, 0x04, 0x24, 0x01, 0x00, 0x20, 0x92, 0x12, 0x01, 0x04, 0x48, 0x90, 0x26, 0x88, 0x10, 0x49, 0x09,
    0x94, 0x82, 0x64, 0xc2, 0x54, 0x94, 0x24, 0x07, 0x12, 0x02, 0x49, 0x00, 0x00, 0x06, 0x10, 0x44, 0xd2, 0x32, 0x4c, 0x92, 0x62, 0x07, 0xff, 0xff,
    0xff, 0xff, 0xff, 0xff, 0xff, 0xff, 0xff, 0xff, 0xff, 0xff, 0xff, 0xff, 0xff, 0xff, 0xff, 0xff, 0xff, 0xc0, 0x49, 0x50, 0x84, 0x60, 0xe0, 0x81,
    0x00, 0x01, 0x04, 0x00, 0x02, 0x13, 0x02, 0x00, 0x80, 0x00, 0x00, 0x1c, 0x00, 0x00, 0x02, 0x0e, 0x00, 0x20, 0xf8, 0x00, 0x20, 0x00, 0x11, 0x10,
    0x93, 0x00, 0x80, 0x11, 0x21, 0x01, 0x20, 0x00, 0x08, 0x00, 0x40, 0x90, 0x41, 0x02, 0x06, 0x88, 0x92, 0x82, 0x00, 0x20, 0x12, 0x44, 0x08, 0x09,
    0x04, 0x24, 0x84, 0xff, 0xe1, 0x24, 0x92, 0x50, 0x67, 0x90, 0xc6, 0x12, 0x10, 0x88, 0xdf, 0x08, 0x89, 0x90, 0x7f, 0xff, 0xff, 0xff, 0xff, 0xff,
    0xff, 0xff, 0xff, 0xff, 0xff, 0xff, 0xff, 0xff, 0xff, 0xff, 0xe0, 0x1f, 0x8f, 0x09, 0x01, 0x0c, 0x24, 0xc0, 0xe0, 0x04, 0x04, 0x27, 0x00, 0x42,
    0x40, 0x06, 0x08, 0x04, 0x08, 0x40, 0x88, 0x3e, 0x42, 0x00, 0x00, 0x07, 0x08, 0x00, 0x78, 0x04, 0x04, 0x01, 0x80, 0x04, 0x40, 0x49, 0x24, 0x84,
    0x48, 0x48, 0x0c, 0x80, 0x42, 0x49, 0x08, 0x24, 0x92, 0x20, 0xc0, 0x10, 0x20, 0x22, 0x66, 0x26, 0x42, 0x11, 0x23, 0x24, 0xff, 0xe1, 0x23, 0xff,
    0xff, 0xf9, 0x24, 0xbb, 0x7f, 0xcb, 0xf1, 0xf3, 0xce, 0x23, 0xff, 0x22, 0x10, 0x04, 0x06, 0xff, 0xff, 0xff, 0xff, 0xff, 0xff, 0xff, 0xff, 0xff,
    0xff, 0xff, 0xff, 0x40, 0xff, 0xfe, 0x04, 0x00, 0x00, 0x08, 0x44, 0x21, 0x21, 0x81, 0xe2, 0x10, 0x41, 0x06, 0x08, 0x00, 0x00, 0x46, 0x00, 0x10,
    0x00, 0x04, 0x01, 0x1e, 0x00, 0x21, 0x10, 0x4f, 0x00, 0x04, 0x3c, 0x80, 0x80, 0x48, 0x26, 0x41, 0x08, 0x20, 0x00, 0x20, 0x02, 0x02, 0x80, 0x00,
    0x10, 0x20, 0x25, 0x00, 0x08, 0x89, 0x19, 0x07, 0x27, 0x89, 0x00, 0x80, 0x48, 0x90, 0x90, 0x3f, 0xff, 0xe7, 0xff, 0xff, 0xff, 0xfc, 0x41, 0xff,
    0xff, 0xff, 0xff, 0xff, 0xfe, 0x4b, 0xff, 0x04, 0xc6, 0x71, 0x20, 0x1f, 0xff, 0xff, 0xff, 0xff, 0xb7, 0xff, 0xff, 0xff, 0xff, 0xe0, 0x00, 0x08,
    0x1f, 0xf8, 0x11, 0x20, 0x60, 0x92, 0x44, 0x88, 0x07, 0x04, 0xc0, 0x80, 0x10, 0x0c, 0x00, 0x88, 0x08, 0x0e, 0x00, 0x80, 0x41, 0x00, 0x10, 0x5e,
    0x08, 0x04, 0x00, 0x0f, 0x01, 0x00, 0x1c, 0x08, 0x10, 0x00, 0x10, 0x32, 0x23, 0x04, 0x92, 0x09, 0x90, 0x90, 0x22, 0x40, 0x04, 0x84, 0x81, 0x26,
    0x40, 0x22, 0x01, 0x3f, 0xff, 0xf8, 0x7c, 0x11, 0x08, 0x86, 0x12, 0xbf, 0xff, 0xff, 0xff, 0xff, 0xff, 0xff, 0xfb, 0xff, 0xff, 0xff, 0xff, 0xff,
    0xf8, 0x48, 0xde, 0x58, 0x21, 0xff, 0x09, 0x00, 0xff, 0xff, 0xff, 0x00, 0x00, 0x03, 0xff, 0xf8, 0x08, 0x02, 0x40, 0x92, 0x0c, 0x01, 0x11, 0x09,
    0x08, 0x81, 0x22, 0x12, 0xcc, 0x01, 0xc4, 0x02, 0x00, 0x8c, 0x20, 0x00, 0x40, 0x8c, 0x20, 0x01, 0x04, 0x00, 0x40, 0x1f, 0x00, 0x00, 0x02, 0x0f,
    0x04, 0x10, 0x0c, 0x20, 0x01, 0x00, 0x01, 0x80, 0x80, 0x44, 0x00, 0x80, 0x10, 0x04, 0x08, 0x00, 0x40, 0x10, 0x92, 0x20, 0x96, 0x00, 0x84, 0x7f,
    0xff, 0xff, 0xfe, 0x44, 0x22, 0x61, 0x00, 0x7f, 0xff, 0xff, 0xff, 0xff, 0xff, 0xff, 0xff, 0xff, 0xff, 0xff, 0xff, 0xff, 0x81, 0xf0, 0x00, 0x3f,
    0x1f, 0xff, 0xc8, 0x40, 0x00, 0x00, 0x00, 0x21, 0x08, 0x08, 0x00, 0x00, 0x81, 0x18, 0x9a, 0x00, 0xc0, 0x84, 0xc4, 0x49, 0x26, 0x24, 0x08, 0xc0,
    0x1c, 0x10, 0x80, 0x48, 0x82, 0x18, 0x02, 0x11, 0x00, 0x0c, 0x02, 0x08, 0x00, 0x22, 0x02, 0x3e, 0x01, 0x08, 0x40, 0x9f, 0x10, 0x01, 0x06, 0x01,
    0x00, 0x42, 0x0c, 0x08, 0x10, 0x10, 0x48, 0x24, 0x44, 0x81, 0x01, 0x00, 0x12, 0x42, 0x08, 0x98, 0x3f, 0xfe, 0x27, 0xff, 0xff, 0xff, 0xf0, 0x08,
    0x9f, 0xf8, 0xfc, 0x7f, 0xff, 0xff, 0xff, 0xff, 0xff, 0xff, 0xff, 0xff, 0xff, 0xff, 0xfb, 0xf8, 0x05, 0xff, 0x71, 0x3f, 0xff, 0xff, 0xe2, 0x4c,
    0x92, 0x44, 0x48, 0x88, 0x62, 0x48, 0x04, 0x94, 0x24, 0x44, 0x22, 0x64, 0x12, 0x32, 0x04, 0x04, 0x10, 0x10, 0x83, 0xe5, 0x3c, 0x00, 0x08, 0x00,
    0x10, 0x58, 0x40, 0x40, 0x04, 0x0c, 0x10, 0x40, 0x20, 0x00, 0x08, 0x3e, 0x20, 0x00, 0x04, 0x0e, 0x00, 0x40, 0x07, 0x00, 0x44, 0x10, 0x00, 0x42,
    0x46, 0x49, 0x02, 0x01, 0x02, 0x20, 0x44, 0x40, 0x00, 0x08, 0x40, 0x03, 0x7f, 0xff, 0x3f, 0xff, 0xff, 0xfc, 0x01, 0x8b, 0xbf, 0xff, 0xff, 0xff,
    0xff, 0xff, 0xff, 0xff, 0xff, 0xff, 0xff, 0xff, 0xff, 0x1f, 0x80, 0x72, 0x53, 0xff, 0xff, 0xff, 0xff, 0xff, 0xe2, 0x20, 0x88, 0x93, 0x26, 0x4e,
    0x10, 0x42, 0x64, 0x93, 0xe2, 0x3f, 0x84, 0x05, 0x22, 0x41, 0x23, 0x20, 0x9e, 0x43, 0xf7, 0xf8, 0x78, 0x88, 0x00, 0x81, 0x04, 0x30, 0x09, 0x02,
    0x10, 0x48, 0x40, 0x01, 0x02, 0x04, 0x20, 0xbe, 0x02, 0x20, 0x00, 0x4e, 0x01, 0x04, 0x23, 0x88, 0x00, 0x01, 0x21, 0x12, 0x00, 0x40, 0x20, 0x90,
    0x22, 0x0c, 0x10, 0x00, 0x49, 0x27, 0xf7, 0xff, 0xff, 0xff, 0xff, 0xff, 0xff, 0xf9, 0x08, 0x2f, 0xff, 0xff, 0xff, 0xff, 0xff, 0xff, 0xff, 0xff,
    0xff, 0xff, 0xff, 0xff, 0xf0, 0x00, 0x04, 0x04, 0x7f, 0xff, 0xff, 0xff, 0xff, 0xff, 0xfc, 0x82, 0x61, 0x28, 0x90, 0x7f, 0xff, 0xf9, 0x12, 0x4f,
    0xfd, 0xff, 0xff, 0x90, 0x88, 0x4b, 0xe8, 0x4f, 0xff, 0xff, 0xff, 0xfe, 0x60, 0x21, 0x20, 0x10, 0x20, 0xf0, 0x80, 0x08, 0x01, 0x18, 0x02, 0x08,
    0x00, 0x80, 0x80, 0x3e, 0x00, 0x02, 0x20, 0x0f, 0x04, 0x00, 0x09, 0x81, 0x08, 0x20, 0x00, 0x04, 0x99, 0x12, 0x10, 0x0c, 0x88, 0x81, 0x02, 0x00,
    0x00, 0x07, 0xff, 0xff, 0xff, 0xff, 0xff, 0xff, 0xff, 0xfc, 0x72, 0x1f, 0xff, 0xff, 0xff, 0xff, 0xff, 0xff, 0xff, 0xff, 0xff, 0xff, 0xff, 0xfc,
    0x04, 0xc0, 0x5e, 0xdd, 0xff, 0xff, 0xff, 0xff, 0xff, 0xff, 0xff, 0xbe, 0x0f, 0xc0, 0x11, 0xff, 0xff, 0xfc, 0x78, 0x1f, 0xff, 0xff, 0xff, 0x92,
    0x3d, 0x1f, 0xfb, 0xff, 0xff, 0xff, 0xff, 0xfc, 0x01, 0x04, 0x09, 0x04, 0x81, 0xf0, 0x10, 0x00, 0x40, 0x10, 0x88, 0x20, 0x20, 0x10, 0x04, 0x3f,
    0x10, 0x40, 0x04, 0x27, 0x10, 0x12, 0x40, 0x84, 0x01, 0x04, 0x80, 0x60, 0x40, 0x00, 0x86, 0x40, 0x00, 0x20, 0x48, 0x80, 0x24, 0x8f, 0xff, 0xff,
    0xff, 0xff, 0xff, 0xff, 0xff, 0xff, 0xfc, 0x9f, 0xff, 0xff, 0xff, 0xfc, 0x00, 0x00, 0x34, 0xf3, 0x7a, 0x00, 0xff, 0xf0, 0x48, 0x16, 0x3f, 0xff,
    0xff, 0xff, 0xff, 0xff, 0xff, 0x7f, 0xff, 0xff, 0xff, 0xff, 0xff, 0xff, 0xff, 0xfd, 0xff, 0xff, 0xff, 0xff, 0xff, 0xc0, 0xff, 0xff, 0xff, 0xff,
    0xff, 0xff, 0xff, 0xf8, 0x00, 0x00, 0x40, 0x20, 0x09, 0xe1, 0x02, 0x41, 0x04, 0x10, 0x00, 0x00, 0x84, 0x00, 0x11, 0x3f, 0x01, 0x08, 0x41, 0x02,
    0x00, 0x80, 0x00, 0x10, 0x20, 0x40, 0x12, 0x09, 0x04, 0x88, 0x20, 0x11, 0x24, 0x48, 0x00, 0x00, 0x00, 0x2f, 0xff, 0xff, 0xff, 0xff, 0xff, 0xff,
    0xff, 0xcf, 0xfc, 0x20, 0x18, 0x1b, 0xff, 0xf0, 0x00, 0x80, 0x00, 0x00, 0x00, 0x82, 0x30, 0x43, 0x23, 0x11, 0xbf, 0xff, 0xff, 0xff, 0xff, 0x80,
    0xfc, 0x0f, 0xff, 0xff, 0xff, 0xff, 0xff, 0xff, 0xff, 0xff, 0xff, 0xff, 0xff, 0xff, 0xff, 0x89, 0xff, 0xff, 0xff, 0xff, 0xff, 0xff, 0xff, 0xf0,
    0x88, 0x80, 0x04, 0x02, 0x03, 0xe0, 0x20, 0x10, 0x10, 0x51, 0x01, 0x04, 0x00, 0x21, 0x00, 0x3f, 0x08, 0x00, 0x08, 0x07, 0x22, 0x08, 0x08, 0x00,
    0x82, 0x08, 0x40, 0x00, 0x24, 0x22, 0x09, 0x00, 0x04, 0x03, 0x24, 0x80, 0x12, 0x0d, 0xbf, 0xff, 0xff, 0x27, 0xc8, 0xf3, 0x7e, 0x03, 0xf1, 0x04,
    0x01, 0x00, 0x00, 0x83, 0x36, 0x6b, 0x4b, 0x0c, 0x8c, 0xe9, 0x01, 0x08, 0x24, 0xc4, 0x7f, 0xff, 0xff, 0xff, 0xfc, 0x0c, 0x01, 0x07, 0xff, 0xff,
    0xff, 0xff, 0xff, 0xff, 0xff, 0xff, 0xff, 0xff, 0xff, 0xff, 0xff, 0x21, 0xff, 0xff, 0xff, 0xff, 0xff, 0xff, 0xff, 0xe0, 0x02, 0x12, 0x20, 0x40,
    0x93, 0xc4, 0x04, 0x04, 0x00, 0x30, 0x10, 0x20, 0x02, 0x04, 0x42, 0x7f, 0x20, 0x21, 0x00, 0x97, 0x80, 0x21, 0x22, 0x42, 0x00, 0x01, 0x04, 0x06,
    0x41, 0x10, 0x80, 0x48, 0x91, 0x20, 0x02, 0x00, 0x10, 0x80, 0x02, 0x00, 0x00, 0x00, 0x00, 0x00, 0x00, 0x30, 0x82, 0x51, 0x64, 0xc4, 0x04, 0x18,
    0xc1, 0x08, 0x5c, 0xa0, 0x22, 0xf1, 0x18, 0xb9, 0x08, 0x09, 0xff, 0xff, 0xff, 0x87, 0xe0, 0x4f, 0xfc, 0x6f, 0xff, 0xff, 0xff, 0xff, 0xff, 0xff,
    0xff, 0xff, 0xff, 0xff, 0xff, 0xff, 0xc0, 0x07, 0xff, 0xff, 0xff, 0xff, 0xff, 0xff, 0xff, 0xc1, 0x20, 0x00, 0x82, 0x08, 0x0f, 0xc1, 0x01, 0x21,
    0x22, 0x20, 0x84, 0x80, 0x90, 0x80, 0x10, 0xff, 0x81, 0x04, 0x10, 0x03, 0xc8, 0x00, 0x00, 0x10, 0x18, 0x44, 0x10, 0x80, 0x10, 0x44, 0x24, 0x02,
    0x00, 0x08, 0x90, 0x40, 0x44, 0x22, 0x08, 0x00, 0x00, 0x48, 0x12, 0x0c, 0x81, 0x12, 0x0f, 0xc7, 0xf2, 0x11, 0x31, 0x44, 0xe8, 0x92, 0x5c, 0x26,
    0x49, 0xff, 0xfc, 0x7e, 0x42, 0x23, 0xff, 0xff, 0xff, 0x00, 0x0a, 0xdf, 0xff, 0xff, 0xff, 0xff, 0xff, 0xff, 0xff, 0xff, 0xff, 0xff, 0xff, 0xff,
    0xef, 0x84, 0x04, 0xc3, 0xff, 0xe7, 0xff, 0xff, 0xff, 0xff, 0x93, 0x80, 0x08, 0x48, 0x08, 0x22, 0x4f, 0xe0, 0x48, 0x00, 0x00, 0xa4, 0x20, 0x04,
    0x04, 0x08, 0x04, 0xff, 0x84, 0x10, 0x02, 0x23, 0xe1, 0x12, 0x44, 0x84, 0x9c, 0x10, 0x40, 0x21, 0x04, 0x01, 0x01, 0x20, 0x49, 0x82, 0x24, 0x00,
    0x01, 0x08, 0x61, 0x24, 0x91, 0x09, 0x02, 0x40, 0x24, 0xff, 0xff, 0xff, 0xf8, 0x24, 0x80, 0x45, 0xfb, 0xff, 0xfe, 0x11, 0x03, 0xff, 0xff, 0xfe,
    0x7f, 0x83, 0xff, 0xff, 0xfc, 0x32, 0x43, 0xff, 0xff, 0xff, 0xff, 0xff, 0xff, 0xff, 0xff, 0xff, 0xff, 0xff, 0xff, 0xdc, 0x00, 0x10, 0x49, 0x19,
    0xff, 0x80, 0xff, 0xff, 0xff, 0xe8, 0x00, 0x08, 0x81, 0x02, 0x20, 0x80, 0x71, 0xc2, 0x00, 0x84, 0x48, 0x20, 0x02, 0x01, 0x00, 0x41, 0x20, 0xff,
    0xc0, 0xb0, 0x88, 0x8b, 0xe0, 0x40, 0x00, 0x20, 0x0e, 0x00, 0x02, 0x00, 0x41, 0x20, 0x48, 0x09, 0x02, 0x20, 0x41, 0x00, 0x20, 0x41, 0x00, 0x08,
    0x04, 0x20, 0x60, 0x47, 0xf7, 0xff, 0xff, 0xff, 0xe1, 0x88, 0x8c, 0x93, 0xff, 0xff, 0xfe, 0xcd, 0x3f, 0xff, 0xff, 0xff, 0xff, 0xd9, 0xff, 0xff,
    0xe0, 0x81, 0x1f, 0xff, 0xff, 0xff, 0xff, 0xff, 0xff, 0xff, 0xff, 0xff, 0xff, 0xff, 0xc0, 0x01, 0x31, 0x43, 0x22, 0x00, 0xf0, 0x18, 0x3f, 0xff,
    0xfe, 0x00, 0xc8, 0x02, 0x10, 0x20, 0x82, 0x09, 0xf0, 0xc0, 0x92, 0x20, 0x00, 0x02, 0x40, 0x20, 0x20, 0x04, 0x02, 0xff, 0xc8, 0x38, 0x20, 0x03,
    0xe2, 0x04, 0x22, 0x02, 0x4f, 0x09, 0x08, 0x48, 0x10, 0x0a, 0x02, 0x40, 0x20, 0x09, 0x08, 0x40, 0x08, 0x10, 0x08, 0x82, 0x40, 0x84, 0x09, 0x1f,
    0xff, 0xff, 0xff, 0xff, 0x84, 0x12, 0x22, 0x3f, 0xff, 0xff, 0xff, 0xff, 0xff, 0xff, 0xff, 0xff, 0xff, 0xc0, 0x03, 0xef, 0x02, 0x1f, 0xff, 0xff,
    0xff, 0xff, 0xff, 0xff, 0xff, 0xff, 0xff, 0xff, 0xff, 0xfe, 0x12, 0x23, 0x0c, 0x28, 0x90, 0xa6, 0x01, 0x03, 0x00, 0x40, 0x40, 0x12, 0x02, 0x20,
    0x42, 0x08, 0x08, 0x23, 0x80, 0x88, 0x00, 0x02, 0x04, 0x80, 0x09, 0x08, 0x09, 0x20, 0x48, 0xff, 0xc0, 0x18, 0x01, 0x13, 0xf0, 0x21, 0x08, 0x48,
    0x07, 0x80, 0x41, 0x00, 0x0c, 0x82, 0x30, 0x12, 0x09, 0x00, 0x22, 0x00, 0x02, 0x04, 0x82, 0x20, 0x12, 0x11, 0x00, 0x5f, 0xff, 0xff, 0x80, 0xd8,
    0x11, 0xc0, 0x08, 0xff, 0xff, 0xff, 0xff, 0xff, 0xff, 0xff, 0xff, 0xff, 0xff, 0x09, 0x20, 0x00, 0x12, 0x47, 0xff, 0xff, 0xff, 0xff, 0xff, 0xff,
    0xff, 0xff, 0xff, 0xff, 0xff, 0xf8, 0x49, 0x24, 0x40, 0x88, 0x92, 0x20, 0x8c, 0x7c, 0x40, 0x10, 0x01, 0x42, 0x24, 0x09, 0x00, 0x82, 0x20, 0x86,
    0x05, 0x82, 0x20, 0x40, 0x90, 0x11, 0x00, 0x41, 0x00, 0x00, 0x01, 0xef, 0xc2, 0x18, 0x88, 0x47, 0xf8, 0x80, 0x40, 0x00, 0x87, 0x84, 0x10, 0x04,
    0x80, 0x20, 0x84, 0x80, 0x90, 0x44, 0x80, 0x80, 0x40, 0x88, 0x30, 0x49, 0x00, 0x40, 0x4c, 0x1f, 0xff, 0xf0, 0x20, 0x00, 0x49, 0xff, 0x4f, 0xff,
    0xff, 0xff, 0xff, 0xff, 0xff, 0xff, 0xff, 0xff, 0xff, 0x24, 0x98, 0x11, 0x90, 0x87, 0xf7, 0x93, 0xfb, 0xff, 0xff, 0xff, 0xff, 0xfb, 0xff, 0xfe,
    0x00, 0x61, 0x08, 0x40, 0x46, 0x44, 0x20, 0x97, 0xe1, 0xff, 0x09, 0x86, 0xb0, 0x48, 0x80, 0x40, 0x08, 0x20, 0x82, 0x1e, 0x03, 0x80, 0x09, 0x08,
    0x01, 0x04, 0x24, 0x04, 0x44, 0x84, 0x91, 0xe7, 0xc8, 0x88, 0x02, 0x03, 0xf8, 0x12, 0x04, 0x90, 0x21, 0x10, 0x84, 0x40, 0x02, 0x48, 0x00, 0x8c,
    0x04, 0x24, 0x10, 0x00, 0x10, 0x22, 0x04, 0x00, 0x49, 0x0a, 0x01, 0x80, 0x3f, 0xe0, 0x4a, 0x04, 0x03, 0xff, 0xff, 0xff, 0xff, 0xff, 0xff, 0xff,
    0xff, 0xff, 0xff, 0xff, 0xfc, 0x24, 0x82, 0x94, 0x49, 0x30, 0x00, 0x00, 0x00, 0x00, 0x1f, 0x3f, 0xff, 0x80, 0x60, 0x00, 0x00, 0x04, 0xa2, 0x3c,
    0x91, 0x31, 0x2e, 0x1f, 0xff, 0xff, 0x88, 0x49, 0x0e, 0x08, 0x40, 0x10, 0x82, 0x04, 0x08, 0x7c, 0x4b, 0x11, 0x00, 0x00, 0x40, 0x20, 0x00, 0x10,
    0x10, 0x20, 0x03, 0xc7, 0xc0, 0x01, 0x20, 0x23, 0xf1, 0x00, 0x20, 0x04, 0x00, 0x02, 0x00, 0x12, 0x10, 0x02, 0x48, 0x21, 0x21, 0x01, 0x06, 0x40,
    0x0a, 0x00, 0x81, 0x24, 0x00, 0x20, 0x90, 0x20, 0x00, 0x09, 0x00, 0x91, 0x27, 0xff, 0xff, 0xff, 0xff, 0xff, 0xff, 0xff, 0xff, 0xfe, 0x7f, 0xff,
    0xc1, 0x02, 0x24, 0x84, 0x49, 0x02, 0x28, 0x68, 0x04, 0x11, 0x00, 0x00, 0x00, 0x04, 0x04, 0x01, 0x93, 0x24, 0x23, 0x3c, 0x88, 0x0f, 0xff, 0xff,
    0xff, 0xff, 0xa4, 0x27, 0xf9, 0xa2, 0x04, 0x82, 0x20, 0x41, 0x20, 0x78, 0x03, 0x04, 0x44, 0x24, 0x12, 0x02, 0x42, 0x40, 0x80, 0x09, 0x23, 0xc3,
    0xe2, 0x10, 0x08, 0x09, 0xfc, 0x24, 0x82, 0x41, 0x10, 0x20, 0x22, 0x00, 0x40, 0x90, 0x02, 0x00, 0x08, 0x48, 0x88, 0x00, 0x60, 0x92, 0x30, 0x01,
    0x92, 0x44, 0x04, 0x0c, 0x80, 0x80, 0x24, 0x80, 0x49, 0xff, 0xcf, 0xff, 0xff, 0xff, 0xff, 0xff, 0xff, 0xc0, 0x00, 0x00, 0x08, 0xd2, 0x49, 0x33,
    0x12, 0x78, 0x87, 0x0a, 0xd3, 0xc4, 0x40, 0xc1, 0x20, 0x64, 0x92, 0x48, 0x20, 0x21, 0x0f, 0xfe, 0x3f, 0xff, 0xff, 0xff, 0xff, 0xff, 0x01, 0x8f,
    0xff, 0xff, 0x00, 0x20, 0x09, 0x10, 0x02, 0xf1, 0x22, 0x00, 0x00, 0x81, 0x00, 0x90, 0x10, 0x04, 0x09, 0x00, 0x09, 0xc7, 0xe0, 0x82, 0x41, 0x01,
    0xfe, 0x00, 0x10, 0x10, 0x44, 0x84, 0x88, 0x49, 0x02, 0x04, 0x90, 0x92, 0x42, 0x02, 0x21, 0x00, 0x04, 0x24, 0x06, 0x48, 0x20, 0x11, 0x21, 0x20,
    0x92, 0x26, 0x21, 0x24, 0x10, 0x7c, 0x00, 0xd9, 0xe6, 0xef, 0xff, 0xff, 0xff, 0x09, 0x90, 0x49, 0x22, 0x11, 0x08, 0xff, 0xe1, 0xff, 0x5f, 0xf0,
    0x1f, 0xe2, 0x32, 0x12, 0x4c, 0x92, 0x08, 0x88, 0x4c, 0x89, 0x6f, 0xff, 0xff, 0xff, 0xff, 0xff, 0xfe, 0xfe, 0x48, 0x1f, 0xff, 0xfc, 0x12, 0x04,
    0x40, 0x04, 0x90, 0xe4, 0x06, 0x22, 0x22, 0x00, 0x48, 0x04, 0x81, 0x11, 0x20, 0x42, 0x43, 0xc3, 0xe4, 0x08, 0x04, 0x45, 0xff, 0x12, 0x44, 0x84,
    0x00, 0x10, 0x01, 0x00, 0x10, 0x02, 0x04, 0x08, 0x10, 0x90, 0x40, 0x40, 0x01, 0x01, 0x08, 0x02, 0x09, 0x00, 0x08, 0x82, 0x09, 0x10, 0x92, 0x04,
    0x92, 0x00, 0xb0, 0x00, 0x00, 0x03, 0xff, 0xff, 0xc0, 0x22, 0x46, 0x24, 0xbb, 0x24, 0xa2, 0xff, 0xff, 0xff, 0xff, 0xfd, 0x7f, 0xf0, 0x88, 0x44,
    0x42, 0x11, 0x20, 0x23, 0x10, 0x89, 0xff, 0xff, 0xff, 0xff, 0xff, 0xff, 0x80, 0x00, 0x22, 0x5f, 0xff, 0xf0, 0x00, 0x81, 0x04, 0x20, 0x04, 0xe0,
    0x8c, 0x08, 0x08, 0x12, 0x02, 0x40, 0x08, 0x00, 0x04, 0x10, 0x13, 0x8b, 0xe0, 0x40, 0x90, 0x11, 0xff, 0x00, 0x00, 0x21, 0x09, 0x02, 0x44, 0x20,
    0x84, 0x48, 0x41, 0x21, 0x84, 0x04, 0x12, 0x00, 0x30, 0x48, 0x40, 0x90, 0x80, 0x48, 0x82, 0x10, 0xa0, 0x80, 0x84, 0x90, 0x82, 0x02, 0x04, 0x66,
    0x19, 0x11, 0xf3, 0xc0, 0x10, 0x97, 0xf8, 0x84, 0x7f, 0xc8, 0x09, 0xff, 0xff, 0xff, 0xff, 0xff, 0xff, 0xf4, 0x43, 0x09, 0x11, 0x4c, 0x25, 0x00,
    0x92, 0x24, 0xff, 0xff, 0xff, 0xff, 0xff, 0xfe, 0x11, 0x03, 0x01, 0x1f, 0xff, 0xc0, 0x88, 0x20, 0x21, 0x09, 0x21, 0x80, 0x2c, 0x40, 0x80, 0x80,
    0x20, 0x11, 0x02, 0x22, 0x41, 0x04, 0x81, 0x83, 0xf2, 0x10, 0x01, 0x01, 0xff, 0x89, 0x22, 0x08, 0x40, 0x48, 0x10, 0x08, 0x20, 0x01, 0x10, 0x04,
    0x20, 0x41, 0x04, 0x80, 0x02, 0x02, 0x12, 0x10, 0x32, 0x08, 0x90, 0x49, 0x24, 0x2a, 0x20, 0x12, 0x68, 0x92, 0x49, 0x00, 0xc3, 0x0c, 0x00, 0x09,
    0x8c, 0x9f, 0xf9, 0x39, 0xff, 0xc3, 0x63, 0xff, 0xff, 0xff, 0xff, 0xff, 0xff, 0xf9, 0x10, 0x20, 0xfc, 0x42, 0xc4, 0x4c, 0x02, 0x44, 0x1a, 0xfe,
    0xdf, 0xbf, 0xfe, 0x00, 0x49, 0xd8, 0x5c, 0x1f, 0xff, 0x02, 0x22, 0x08, 0x88, 0x40, 0x08, 0x04, 0x08, 0x04, 0x20, 0x21, 0x04, 0x04, 0x20, 0x80,
    0x10, 0x40, 0x23, 0x13, 0xf0, 0x84, 0x44, 0x49, 0xff, 0x80, 0x08, 0x80, 0x12, 0x01, 0x01, 0x02, 0x02, 0x20, 0x09, 0x90, 0x09, 0x10, 0x40, 0x00,
    0x48, 0x90, 0x80, 0x44, 0x02, 0x22, 0x04, 0x20, 0x01, 0x00, 0x89, 0x20, 0x09, 0x21, 0x3f, 0x93, 0x0f, 0xe0, 0x0c, 0x24, 0x21, 0x0f, 0xfd, 0xff,
    0xff, 0xff, 0xff, 0xff, 0xff, 0x07, 0xff, 0xff, 0xff, 0xf8, 0x24, 0x86, 0xff, 0x9f, 0xc8, 0x91, 0x79, 0x11, 0x00, 0x00, 0x00, 0x00, 0x70, 0x01,
    0x27, 0xff, 0xfe, 0x7f, 0xff, 0x00, 0x00, 0x02, 0x02, 0x10, 0x80, 0x11, 0x18, 0x90, 0x09, 0x08, 0x10, 0x80, 0x08, 0x08, 0x84, 0x12, 0x0b, 0x83,
    0x30, 0x01, 0x10, 0x00, 0xf3, 0xe4, 0x80, 0x22, 0x00, 0x90, 0x48, 0x40, 0x90, 0x80, 0x80, 0x02, 0x40, 0x04, 0x12, 0x00, 0x00, 0x04, 0x24, 0x01,
    0x88, 0x82, 0x21, 0x04, 0x92, 0x44, 0x84, 0x49, 0x31, 0x08, 0x3f, 0xff, 0xff, 0xe2, 0x61, 0x24, 0xf7, 0xff, 0xff, 0xff, 0xff, 0xff, 0xff, 0xff,
    0xe4, 0x41, 0xff, 0xff, 0xff, 0xf9, 0x24, 0x91, 0xff, 0xff, 0xe2, 0x7f, 0xfc, 0xb9, 0x65, 0x01, 0x20, 0xc0, 0x01, 0x4e, 0x3f, 0xff, 0xff, 0xff,
    0xfe, 0x11, 0x11, 0x20, 0x20, 0x82, 0x22, 0x40, 0x58, 0x00, 0x80, 0x02, 0x00, 0x21, 0x01, 0x02, 0x01, 0x00, 0x83, 0x89, 0x31, 0x20, 0x01, 0x25,
    0xf1, 0xe0, 0x24, 0x08, 0x88, 0x04, 0x02, 0x10, 0x04, 0x08, 0x44, 0x48, 0x12, 0x41, 0x80, 0x80, 0x12, 0x41, 0x04, 0x98, 0x20, 0x18, 0x88, 0x44,
    0x40, 0x12, 0x31, 0x04, 0xf0, 0xc9, 0xff, 0xff, 0xff, 0xf3, 0xf0, 0x81, 0xff, 0xff, 0xff, 0xff, 0xff, 0xff, 0xff, 0xff, 0x81, 0x28, 0x7f, 0xf8,
    0xe0, 0x12, 0x10, 0x07, 0xff, 0xff, 0xf7, 0xff, 0xff, 0xfe, 0x11, 0xf7, 0xf7, 0xe4, 0x89, 0x3f, 0xff, 0xff, 0xff, 0xff, 0xfc, 0x04, 0x44, 0x09,
    0x08, 0x08, 0x08, 0x04, 0x31, 0x22, 0x04, 0x40, 0x89, 0x08, 0x44, 0x40, 0x20, 0x48, 0x21, 0x80, 0x30, 0x08, 0x88, 0x01, 0xf0, 0xf2, 0x01, 0x00,
    0x22, 0x41, 0x20, 0x04, 0x40, 0x22, 0x11, 0x01, 0x00, 0x10, 0x24, 0x00, 0x00, 0x10, 0x42, 0x02, 0x09, 0x00, 0x02, 0x11, 0x09, 0x08, 0x38, 0x21,
    0xff, 0xff, 0xff, 0xff, 0xff, 0xff, 0xfa, 0x33, 0xff, 0xff, 0xff, 0xff, 0xff, 0xff, 0xff, 0xfe, 0x19, 0xb2, 0x04, 0xf0, 0x02, 0x44, 0x93, 0xff,
    0xff, 0xff, 0xff, 0xff, 0xff, 0xfe, 0xbf, 0xff, 0xff, 0xf2, 0x24, 0x3f, 0xff, 0xff, 0xff, 0xff, 0xf8, 0x40, 0x00, 0x40, 0x42, 0x41, 0x01, 0x11,
    0x30, 0x08, 0x41, 0x10, 0x20, 0x42, 0x10, 0x11, 0x08, 0x02, 0x08, 0x20, 0x32, 0x42, 0x22, 0x49, 0xe0, 0x78, 0x90, 0x44, 0x00, 0x10, 0x09, 0x21,
    0x09, 0x00, 0x00, 0x24, 0x49, 0x04, 0x01, 0x00, 0x49, 0x04, 0x18, 0x40, 0x84, 0x44, 0x60, 0x84, 0x20, 0xc1, 0xff, 0xff, 0xff, 0xff, 0xff, 0xff,
    0xff, 0xff, 0xf8, 0x47, 0xff, 0xff, 0xff, 0xff, 0xff, 0xff, 0xff, 0xc0, 0x83, 0xfc, 0x80, 0x03, 0x18, 0x24, 0x47, 0xff, 0xff, 0xff, 0xff, 0xff,
    0xff, 0xff, 0xff, 0xff, 0xff, 0xf8, 0x84, 0xbf, 0xff, 0xff, 0xff, 0xff, 0xf8, 0x12, 0x22, 0x10, 0x10, 0x10, 0x44, 0x40, 0x62, 0x40, 0x10, 0x04,
    0x04, 0x00, 0x02, 0x04, 0x42, 0x20, 0x80, 0x09, 0x38, 0x10, 0x00, 0x03, 0xe2, 0x0c, 0x04, 0x11, 0x11, 0x04, 0x80, 0x08, 0x20, 0x44, 0x48, 0x80,
    0x00, 0x41, 0x10, 0x40, 0x00, 0x41, 0x01, 0x10, 0x90, 0x51, 0x08, 0x48, 0x84, 0x13, 0xff, 0xff, 0xff, 0xff, 0xfe, 0x9f, 0xff, 0xff, 0xf1, 0x13,
    0xff, 0xff, 0xfe, 0x1f, 0xff, 0xff, 0xff, 0x09, 0x27, 0xfe, 0x3a, 0x08, 0xbf, 0x81, 0x3f, 0xff, 0xff, 0xff, 0xff, 0xff, 0xff, 0xff, 0xff, 0xff,
    0xff, 0xf8, 0x90, 0x3f, 0xff, 0xe0, 0x25, 0xff, 0xf1, 0x00, 0x88, 0x84, 0x84, 0x84, 0x10, 0x04, 0xc0, 0x02, 0x04, 0x21, 0x10, 0x89, 0x20, 0x80,
    0x10, 0x84, 0x24, 0x80, 0x18, 0x81, 0x11, 0x21, 0xe0, 0x0e, 0x41, 0x00, 0x44, 0x40, 0x24, 0x82, 0x02, 0x10, 0x02, 0x12, 0x24, 0x10, 0x44, 0x00,
    0x24, 0x10, 0x61, 0x06, 0x13, 0x01, 0x12, 0x02, 0x49, 0x07, 0xff, 0xff, 0xe0, 0x00, 0x00, 0x03, 0xff, 0x1f, 0x81, 0x0b, 0xff, 0x83, 0xf0, 0x83,
    0xfe, 0xdf, 0xfc, 0x24, 0xff, 0xff, 0xff, 0xc0, 0xff, 0xff, 0xff, 0xff, 0xff, 0xff, 0xff, 0xff, 0xff, 0xff, 0xff, 0xff, 0xff, 0xf2, 0x13, 0x3f,
    0xf4, 0x01, 0x00, 0x01, 0x80, 0x48, 0x00, 0x00, 0x20, 0x01, 0x01, 0x11, 0x84, 0x90, 0x81, 0x00, 0x42, 0x00, 0x08, 0x22, 0x00, 0x10, 0x00, 0x24,
    0x98, 0x24, 0x44, 0x09, 0xe1, 0x0e, 0x10, 0x48, 0x00, 0x12, 0x00, 0x20, 0x48, 0x02, 0x20, 0x40, 0x81, 0x04, 0x01, 0x00, 0x01, 0x04, 0x08, 0x48,
    0x40, 0x78, 0x78, 0xa4, 0x08, 0x67, 0xfc, 0x2c, 0x02, 0x20, 0x01, 0x63, 0xf8, 0x00, 0x08, 0xc9, 0xfe, 0x10, 0x02, 0x20, 0x00, 0x00, 0xf0, 0x05,
    0xff, 0xff, 0xff, 0xff, 0xff, 0xff, 0xff, 0xff, 0xff, 0xff, 0xff, 0xff, 0xff, 0xff, 0xff, 0xff, 0xff, 0xe0, 0x40, 0x80, 0x00, 0x4c, 0x48, 0x00,
    0x02, 0x02, 0x44, 0x49, 0x02, 0x48, 0x48, 0x43, 0x80, 0x04, 0x20, 0x12, 0x00, 0x24, 0x82, 0x08, 0x44, 0x41, 0x12, 0x00, 0x0c, 0x00, 0x00, 0x83,
    0xe4, 0x47, 0x84, 0x02, 0x22, 0x00, 0x92, 0x09, 0x01, 0x20, 0x80, 0x08, 0x10, 0x49, 0x20, 0x00, 0x48, 0x41, 0x02, 0x00, 0x0c, 0x7f, 0xff, 0x89,
    0x27, 0x07, 0xe0, 0x00, 0x10, 0x8b, 0x34, 0x18, 0x00, 0xc2, 0x4a, 0x04, 0x00, 0x44, 0x09, 0xcc, 0x01, 0x24, 0x02, 0x53, 0xff, 0xff, 0xff, 0xff,
    0xff, 0xff, 0xff, 0xff, 0xff, 0xff, 0xff, 0xff, 0xff, 0xff, 0xff, 0xff, 0xff, 0xc9, 0x08, 0x12, 0x09, 0x13, 0xf2, 0x58, 0x90, 0x90, 0x11, 0x00,
    0x48, 0x02, 0x02, 0x02, 0x12, 0x40, 0x08, 0x80, 0x24, 0x00, 0x20, 0x81, 0x11, 0x08, 0x40, 0x92, 0x4c, 0x90, 0x92, 0x21, 0xe0, 0x13, 0x81, 0x20,
    0x88, 0x88, 0x00, 0x80, 0x10, 0x04, 0x04, 0x22, 0x44, 0x00, 0x0c, 0x80, 0x02, 0x10, 0x90, 0xa4, 0xa1, 0xff, 0xff, 0xc0, 0x8f, 0x91, 0x02, 0xc2,
    0x74, 0x48, 0x82, 0x00, 0x26, 0x30, 0x23, 0x31, 0x09, 0x33, 0x65, 0xf1, 0x64, 0x24, 0x09, 0x13, 0xff, 0xff, 0xff, 0xff, 0xff, 0xff, 0xff, 0xff,
    0xff, 0xff, 0xff, 0xff, 0xff, 0xff, 0xff, 0xff, 0xff, 0x02, 0x6d, 0xf0, 0xfc, 0xff, 0xfc, 0x02, 0x04, 0x04, 0x80, 0x24, 0x01, 0x20, 0x90, 0x10,
    0x00, 0x11, 0x02, 0x09, 0x01, 0x11, 0x08, 0x20, 0x00, 0x22, 0x08, 0x00, 0x0c, 0x04, 0x00, 0x0d, 0xc2, 0x03, 0x90, 0x08, 0x00, 0x22, 0x48, 0x24,
    0x84, 0x90, 0x41, 0x00, 0x01, 0x24, 0x80, 0x00, 0x20, 0x84, 0x24, 0x08, 0x24, 0xff, 0xff, 0x96, 0x1f, 0xc0, 0x12, 0x11, 0xf9, 0x10, 0x6f, 0xa5,
    0x80, 0x07, 0x87, 0xf9, 0x62, 0x3e, 0x0f, 0xfb, 0x1f, 0x02, 0xc4, 0x27, 0xff, 0xff, 0xff, 0xff, 0xff, 0xff, 0xff, 0xff, 0xff, 0xff, 0xff, 0xff,
    0xd2, 0xff, 0xff, 0xff, 0xc0, 0x24, 0xff, 0xfd, 0xff, 0xff, 0xff, 0x82, 0x01, 0x20, 0x24, 0x81, 0x10, 0x08, 0x04, 0x40, 0x49, 0x04, 0x40, 0x40,
    0x48, 0x40, 0x42, 0x08, 0x88, 0x80, 0x22, 0x49, 0x2c, 0x41, 0x24, 0x8f, 0xe0, 0x87, 0xf2, 0x42, 0x44, 0x00, 0x02, 0x00, 0x20, 0x02, 0x10, 0x11,
    0x20, 0x00, 0x22, 0x40, 0x08, 0x21, 0x01, 0x12, 0x45, 0xff, 0xff, 0x80, 0x7f, 0xce, 0x60, 0x4f, 0xfe, 0x77, 0xff, 0x08, 0x49, 0xff, 0xdf, 0xfc,
    0x08, 0xff, 0xff, 0xff, 0xff, 0xfc, 0x10, 0x80, 0x89, 0xff, 0xff, 0xff, 0xff, 0xff, 0xff, 0xff, 0xff, 0xfc, 0x0f, 0xc8, 0x00, 0x00, 0x87, 0xf0,
    0x00, 0x91, 0xff, 0xff, 0xff, 0xff, 0xff, 0xf8, 0x48, 0x09, 0x00, 0x10, 0x44, 0x82, 0x41, 0x09, 0x00, 0x40, 0x11, 0x04, 0x00, 0x02, 0x00, 0x82,
    0x22, 0x09, 0x00, 0x00, 0x00, 0x10, 0x00, 0x2f, 0xe4, 0x23, 0xf8, 0x10, 0x11, 0x11, 0x20, 0x92, 0x02, 0x20, 0x04, 0x80, 0x08, 0x92, 0x08, 0x00,
    0x42, 0x10, 0x49, 0x00, 0x11, 0xff, 0xff, 0x8f, 0xff, 0xff, 0xf9, 0x1f, 0xff, 0xff, 0xfe, 0x48, 0x49, 0xff, 0xff, 0xfc, 0x92, 0xff, 0xff, 0xff,
    0xff, 0xfe, 0x42, 0x48, 0x20, 0x02, 0x00, 0x00, 0x7f, 0xff, 0xff, 0xff, 0xff, 0xc1, 0x20, 0x02, 0x2d, 0x02, 0x20, 0x00, 0x34, 0x83, 0xff, 0xff,
    0xff, 0xff, 0xff, 0xf0, 0x02, 0x40, 0x49, 0x04, 0x00, 0x20, 0x10, 0x00, 0x24, 0x09, 0x04, 0x21, 0x11, 0x08, 0x24, 0x20, 0x00, 0x20, 0x49, 0x24,
    0x82, 0x02, 0x49, 0x0f, 0xe1, 0x09, 0xfc, 0x84, 0x80, 0x44, 0x04, 0x00, 0x90, 0x84, 0x80, 0x00, 0x82, 0x00, 0x81, 0x00, 0x10, 0x8f, 0x07, 0xcb,
    0xff, 0xff, 0xff, 0xff, 0xff, 0xff, 0xfe, 0x7f, 0xff, 0xff, 0xf8, 0x93, 0x05, 0xff, 0xff, 0xff, 0xe1, 0xff, 0xff, 0xff, 0xff, 0xfc, 0x24, 0x13,
    0x06, 0x08, 0x48, 0x02, 0x03, 0xff, 0xff, 0xff, 0xfc, 0x12, 0x42, 0x32, 0x40, 0xd9, 0x28, 0x9a, 0x44, 0x64, 0x04, 0x7f, 0xff, 0xff, 0xff, 0xc1,
    0x20, 0x12, 0x00, 0x41, 0x22, 0x09, 0x04, 0x92, 0x01, 0x20, 0x20, 0x08, 0x04, 0x01, 0x01, 0x08, 0x89, 0x04, 0x00, 0x00, 0x20, 0x88, 0x00, 0x4f,
    0xe0, 0x41, 0xfc, 0x20, 0x22, 0x00, 0x91, 0x24, 0x04, 0x00, 0x22, 0x48, 0x20, 0x48, 0x24, 0x00, 0x04, 0x7f, 0xcf, 0xff, 0xff, 0xff, 0xff, 0xff,
    0xff, 0xff, 0xff, 0xff, 0xff, 0xff, 0xe0, 0x00, 0x31, 0xff, 0xff, 0xff, 0xff, 0xff, 0xff, 0xff, 0xff, 0x31, 0x91, 0x84, 0xd0, 0xa1, 0x22, 0x48,
    0x80, 0x00, 0x00, 0x07, 0xc0, 0x12, 0xf8, 0x89, 0x9e, 0x04, 0x86, 0x42, 0x43, 0x10, 0x40, 0x1f, 0x3f, 0x6f, 0xff, 0x84, 0x09, 0x00, 0x92, 0x10,
    0x08, 0x40, 0x40, 0x00, 0x40, 0x02, 0x02, 0x40, 0x80, 0x44, 0x48, 0x02, 0x20, 0x41, 0x24, 0x92, 0x06, 0x20, 0x92, 0x07, 0xe4, 0x11, 0x8c, 0x09,
    0x08, 0x92, 0x00, 0x01, 0x20, 0x49, 0x08, 0x02, 0x08, 0x02, 0x00, 0x80, 0x41, 0xff, 0xff, 0xff, 0xff, 0xff, 0xff, 0xff, 0xff, 0xff, 0xff, 0xfb,
    0xff, 0xfc, 0x07, 0xf1, 0xe3, 0xff, 0xff, 0xff, 0xff, 0x89, 0x7f, 0xa6, 0x00, 0x02, 0x08, 0x30, 0x7c, 0x8c, 0x94, 0x3e, 0x6c, 0x44, 0x08, 0x00,
    0x09, 0x84, 0xff, 0xe7, 0xff, 0xa4, 0x9f, 0x91, 0x10, 0x89, 0x32, 0x40, 0x00, 0x01, 0xfe, 0x00, 0x80, 0x48, 0x00, 0x84, 0x81, 0x04, 0x12, 0x49,
    0x12, 0x08, 0x40, 0x04, 0x22, 0x10, 0x00, 0x90, 0x04, 0x10, 0x00, 0x00, 0x96, 0x00, 0x00, 0x93, 0xf1, 0x05, 0x8c, 0x80, 0x40, 0x00, 0x48, 0x90,
    0x09, 0x00, 0x40, 0x20, 0x02, 0x20, 0x92, 0x00, 0x10, 0xff, 0xff, 0xff, 0xff, 0xff, 0xff, 0xff, 0xff, 0xff, 0xff, 0xc0, 0x00, 0x00, 0x33, 0xff,
    0xff, 0xff, 0xff, 0xff, 0xff, 0x00, 0x00, 0x00, 0x02, 0x48, 0x67, 0xff, 0xfe, 0x00, 0x3f, 0xbf, 0x03, 0x31, 0x8b, 0x60, 0x22, 0x6f, 0xff, 0xff,
    0xff, 0xe3, 0x3f, 0xc4, 0x1f, 0xe1, 0x3f, 0x84, 0x80, 0x90, 0x0c, 0x12, 0x24, 0x02, 0x48, 0x20, 0x24, 0x11, 0x00, 0x00, 0x00, 0x80, 0x09, 0x21,
    0x08, 0x02, 0x24, 0x04, 0x91, 0x04, 0x92, 0x48, 0x07, 0x09, 0x24, 0x07, 0xb0, 0x41, 0x86, 0x24, 0x04, 0x49, 0x02, 0x04, 0x80, 0x12, 0x04, 0x88,
    0x80, 0x88, 0x08, 0x40, 0x09, 0xff, 0xff, 0xff, 0xff, 0xff, 0xff, 0xfb, 0xff, 0xff, 0xf2, 0x04, 0x00, 0x42, 0x87, 0xff, 0xff, 0xff, 0xff, 0xff,
    0xff, 0x26, 0x20, 0x51, 0x98, 0x84, 0x0f, 0xff, 0xff, 0x32, 0x7f, 0xff, 0x90, 0x80, 0x20, 0x1a, 0x48, 0x0f, 0xff, 0xff, 0xff, 0xff, 0xff, 0xff,
    0xff, 0xff, 0xff, 0x90, 0x48, 0x02, 0x00, 0x40, 0x01, 0x20, 0x02, 0x02, 0x00, 0x40, 0x49, 0x24, 0x48, 0x24, 0x80, 0x08, 0x01, 0x20, 0x81, 0x20,
    0x00, 0x40, 0x00, 0x02, 0x47, 0x00, 0x00, 0x47, 0x20, 0x10, 0xc7, 0x01, 0x21, 0x00, 0x20, 0x40, 0x22, 0x40, 0x20, 0x00, 0x24, 0x02, 0x41, 0x00,
    0x42, 0xff, 0xff, 0xff, 0xff, 0xff, 0xff, 0xc0, 0x00, 0x00, 0x40, 0x21, 0x33, 0x18, 0x9f, 0xff, 0xff, 0xff, 0xff, 0xff, 0xfe, 0x20, 0x8d, 0x04,
    0x42, 0x31, 0xff, 0xff, 0xff, 0x83, 0xff, 0xff, 0xf6, 0x7b, 0xc4, 0x82, 0x49, 0x0f, 0xff, 0xff, 0xff, 0xff, 0xff, 0xff, 0xff, 0xff, 0xff, 0xc9,
    0x12, 0x48, 0x40, 0x09, 0x10, 0x09, 0x20, 0x90, 0x92, 0x08, 0x00, 0x01, 0x02, 0x00, 0x24, 0x80, 0x90, 0x08, 0x10, 0x09, 0x22, 0x12, 0x49, 0x20,
    0x13, 0x24, 0x92, 0x13, 0x04, 0x84, 0xc3, 0x10, 0x00, 0x24, 0x09, 0x09, 0x08, 0x04, 0x89, 0x12, 0x00, 0x40, 0x10, 0x00, 0x10, 0x30, 0x0f, 0x07,
    0xff, 0xff, 0xfe, 0x04, 0x00, 0x80, 0x0c, 0x93, 0x08, 0xb9, 0x0f, 0xff, 0xff, 0xff, 0xff, 0xff, 0xf8, 0x9e, 0xdc, 0xb0, 0x2c, 0x0f, 0xff, 0xff,
    0xff, 0xff, 0xff, 0xff, 0xff, 0xff, 0xf1, 0x21, 0x01, 0x66, 0x7f, 0xff, 0xff, 0xff, 0xff, 0xff, 0xff, 0xff, 0xff, 0xef, 0x96, 0x11, 0x12, 0x20,
    0x44, 0x80, 0x08, 0x04, 0x00, 0x82, 0x24, 0x90, 0x20, 0x92, 0x00, 0x24, 0x04, 0x42, 0x04, 0x40, 0x08, 0x00, 0x00, 0x09, 0x03, 0x00, 0x00, 0x87,
    0x00, 0x20, 0x4b, 0x04, 0x92, 0x01, 0x00, 0x20, 0x41, 0x20, 0x00, 0x40, 0x90, 0x11, 0x04, 0x80, 0x04, 0x00, 0x00, 0x10, 0xff, 0x96, 0x80, 0x21,
    0x2c, 0x34, 0xa1, 0xff, 0xc0, 0xfe, 0x5f, 0xff, 0xff, 0xff, 0xff, 0xff, 0xf0, 0x9f, 0xff, 0xff, 0xff, 0xff, 0xff, 0xff, 0xff, 0xff, 0xff, 0xff,
    0xff, 0xff, 0xf9, 0x2c, 0x4c, 0x00, 0x00, 0xff, 0x7d, 0xbf, 0xff, 0xff, 0xff, 0xff, 0xff, 0xff, 0xff, 0xc4, 0x80, 0x84, 0x00, 0x24, 0x82, 0x40,
    0x48, 0x20, 0x80, 0x04, 0x08, 0x00, 0x42, 0x01, 0x21, 0x00, 0x81, 0x04, 0x81, 0x24, 0x92, 0x40, 0x40, 0x12, 0x48, 0x27, 0x92, 0x08, 0x41, 0x80,
    0x00, 0x48, 0x44, 0x84, 0x10, 0x09, 0x12, 0x04, 0x00, 0x84, 0x40, 0x00, 0x61, 0x09, 0x20, 0xc0, 0x7c, 0x00, 0x01, 0x88, 0xc1, 0xff, 0x07, 0xff,
    0xc4, 0xff, 0xff, 0xff, 0xff, 0xff, 0xff, 0xff, 0xc6, 0x4f, 0xff, 0xff, 0xff, 0xff, 0xff, 0xff, 0xff, 0xff, 0xff, 0xff, 0xff, 0xff, 0xf2, 0x40,
    0x80, 0x99, 0x88, 0x00, 0x00, 0x00, 0x02, 0xff, 0xff, 0xff, 0xff, 0xff, 0xff, 0xe0, 0x48, 0x11, 0x22, 0x00, 0x20, 0x09, 0x02, 0x08, 0x12, 0x41,
    0x01, 0x09, 0x10, 0x40, 0x00, 0x10, 0x20, 0x20, 0x24, 0x00, 0x00, 0x12, 0x10, 0x00, 0x01, 0x07, 0x80, 0x82, 0x45, 0x99, 0x24, 0x02, 0x10, 0x10,
    0x84, 0x80, 0x40, 0x81, 0x08, 0x20, 0x12, 0x00, 0x09, 0x42, 0x08, 0x09, 0x00, 0x61, 0x30, 0x27, 0xff, 0xff, 0xff, 0xff, 0xe7, 0xff, 0xff, 0xff,
    0xff, 0xc0, 0x32, 0xfe, 0x11, 0x1f, 0xff, 0xff, 0xff, 0xff, 0xff, 0xff, 0xff, 0xff, 0xff, 0xff, 0xff, 0xff, 0x80, 0x97, 0xe2, 0x02, 0x63, 0x02,
    0x82, 0x40, 0x92, 0x7f, 0xff, 0xff, 0xff, 0xff, 0xff, 0xff, 0x02, 0x40, 0x08, 0x92, 0x09, 0x20, 0x20, 0x82, 0x40, 0x08, 0x44, 0x40, 0x04, 0x12,
    0x44, 0x44, 0x08, 0x89, 0x00, 0x92, 0x49, 0x00, 0x84, 0x89, 0x24, 0x5f, 0x24, 0x20, 0xc1, 0xc0, 0x01, 0x20, 0x82, 0x40, 0x00, 0x24, 0x08, 0x10,
    0x42, 0x02, 0x40, 0x00, 0x00, 0x42, 0x42, 0x24, 0x82, 0x12, 0x06, 0x23, 0xff, 0xff, 0xff, 0xff, 0xff, 0xff, 0xff, 0xff, 0xc0, 0x04, 0x80, 0x00,
    0x91, 0x1f, 0xff, 0xff, 0xff, 0xff, 0xff, 0xff, 0xff, 0xff, 0xff, 0xff, 0xfe, 0x00, 0x2c, 0x1f, 0xfb, 0xff, 0xf0, 0x64, 0x9b, 0x96, 0x49, 0x1f,
    0xff, 0xff, 0xff, 0xff, 0xff, 0xff, 0x00, 0x08, 0x80, 0x00, 0x80, 0x04, 0x84, 0x20, 0x09, 0x20, 0x10, 0x10, 0x80, 0x80, 0x10, 0x01, 0x02, 0x00,
    0x48, 0x00, 0x00, 0x48, 0x20, 0x20, 0x00, 0x1f, 0x01, 0x08, 0x60, 0xc2, 0x48, 0x08, 0x20, 0x04, 0x49, 0x01, 0x22, 0x04, 0x10, 0x88, 0x09, 0x00,
    0x44, 0x18, 0x12, 0x10, 0x22, 0x82, 0x40, 0x87, 0xff, 0xff, 0xff, 0xf3, 0xff, 0xff, 0xff, 0xfe, 0x00, 0x30, 0x8c, 0x00, 0x24, 0xff, 0xff, 0xff,
    0xff, 0xff, 0xff, 0xfd, 0xff, 0xff, 0xff, 0xff, 0xe0, 0x80, 0x83, 0x3f, 0xff, 0xff, 0xfc, 0x84, 0x4f, 0xc0, 0x60, 0x83, 0xff, 0xff, 0xff, 0xff,
    0xff, 0xfc, 0x11, 0x22, 0x24, 0x48, 0x24, 0x90, 0x10, 0x09, 0x20, 0x02, 0x01, 0x04, 0x22, 0x09, 0x02, 0x20, 0x40, 0x44, 0x02, 0x49, 0x24, 0x02,
    0x02, 0x04, 0x92, 0x1f, 0x90, 0x42, 0x64, 0x60, 0x02, 0x02, 0x09, 0x21, 0x00, 0x48, 0x00, 0x81, 0x04, 0x01, 0x20, 0x40, 0x11, 0x01, 0x84, 0x83,
    0x08, 0x28, 0x12, 0x13, 0xff, 0x87, 0xff, 0x80, 0x00, 0x26, 0x00, 0x00, 0x24, 0x83, 0xf6, 0xff, 0xc7, 0xff, 0xff, 0xcf, 0xff, 0xff, 0xf0, 0x00,
    0x00, 0x6f, 0xff, 0xfd, 0x09, 0x6a, 0x10, 0x7f, 0xff, 0xff, 0xfc, 0x99, 0x1f, 0xe9, 0xfe, 0x60, 0x02, 0x41, 0xa6, 0xff, 0xff, 0xf0, 0x44, 0x00,
    0x01, 0x02, 0x00, 0x00, 0x41, 0x00, 0x04, 0x90, 0x84, 0x21, 0x08, 0x20, 0x48, 0x88, 0x11, 0x11, 0x20, 0x00, 0x01, 0x20, 0x90, 0x90, 0x00, 0x9f,
    0x84, 0x10, 0xe0, 0x64, 0x90, 0x90, 0xc0, 0x08, 0x24, 0x02, 0x48, 0x20, 0x40, 0x40, 0x04, 0x00, 0x20, 0xc4, 0x20, 0x88, 0x41, 0x09, 0x21, 0x20,
    0x12, 0x10, 0x7c, 0x0c, 0x02, 0x00, 0x10, 0x12, 0x20, 0x8f, 0xff, 0xff, 0xff, 0xff, 0xff, 0x83, 0xff, 0xaf, 0x84, 0x82, 0x00, 0x00, 0x00, 0x00,
    0x49, 0xf9, 0x65, 0xff, 0xff, 0xff, 0xff, 0xfc, 0xff, 0xff, 0xff, 0x8c, 0x00, 0x00, 0x00, 0x1e, 0xdb, 0xc0, 0x00, 0x91, 0x48, 0x20, 0x92, 0x49,
    0x04, 0x44, 0x90, 0x04, 0x20, 0x80, 0x40, 0x84, 0x00, 0x02, 0x04, 0x00, 0x09, 0x24, 0x90, 0x08, 0x04, 0x02, 0x48, 0x1f, 0x81, 0x04, 0x62, 0x20,
    0x04, 0x04, 0x12, 0x42, 0x01, 0x20, 0x02, 0x08, 0x12, 0x10, 0x91, 0x00, 0x26, 0x1f, 0x89, 0x21, 0x10, 0xc0, 0x88, 0x48, 0x40, 0x48, 0x00, 0x43,
    0x31, 0x59, 0x84, 0xc4, 0x8a, 0x5f, 0xff, 0xff, 0xff, 0xff, 0xe4, 0x20, 0xfe, 0x00, 0x09, 0x30, 0xcd, 0x90, 0x10, 0x02, 0x44, 0xff, 0xff, 0xff,
    0xff, 0xff, 0xff, 0xff, 0xff, 0xff, 0xff, 0xc1, 0x65, 0x2c, 0x51, 0x00, 0x00, 0x01, 0x22, 0x04, 0x02, 0x08, 0x00, 0x00, 0x10, 0x10, 0x01, 0x00,
    0x08, 0x08, 0x04, 0x01, 0x04, 0x40, 0x80, 0x48, 0x80, 0x00, 0x04, 0x82, 0x40, 0x40, 0x02, 0x5f, 0x90, 0x41, 0x20, 0x92, 0x41, 0x21, 0x00, 0x10,
    0x90, 0x09, 0x20, 0x82, 0x00, 0x84, 0x00, 0x40, 0x00, 0x7f, 0xe1, 0x0c, 0x26, 0x12, 0x78, 0x82, 0x49, 0xe2, 0x02, 0x17, 0xc4, 0x40, 0xc9, 0x09,
    0x20, 0x5f, 0xff, 0xff, 0xff, 0xf8, 0x01, 0x18, 0x00, 0x10, 0x61, 0x05, 0x20, 0x26, 0xc5, 0x92, 0x31, 0xff, 0xff, 0xff, 0xff, 0xff, 0xff, 0xff,
    0xff, 0xff, 0xff, 0xc4, 0x10, 0x21, 0x04, 0x41, 0x24, 0x04, 0x08, 0x40, 0x90, 0x82, 0x49, 0x24, 0x41, 0x02, 0x44, 0x49, 0x01, 0x02, 0x21, 0x10,
    0x41, 0x10, 0x22, 0x02, 0x24, 0x92, 0x40, 0x20, 0x12, 0x11, 0x20, 0x1f, 0x84, 0x10, 0x04, 0x18, 0x10, 0x08, 0x24, 0x84, 0x04, 0x80, 0x08, 0x20,
    0x88, 0x21, 0x08, 0x00, 0x49, 0xff, 0xf2, 0x40, 0x88, 0x11, 0xfe, 0x20, 0x83, 0xf1, 0xf0, 0xff, 0xf0, 0xbf, 0xfc, 0x20, 0x45, 0x1f, 0xff, 0xff,
    0xff, 0xf2, 0x32, 0x43, 0x01, 0x25, 0x0c, 0x4f, 0x9e, 0x48, 0x08, 0x48, 0x81, 0xff, 0xff, 0xff, 0xff, 0xff, 0xff, 0xff, 0xff, 0xff, 0xff, 0x92,
    0x82, 0x82, 0x24, 0x48, 0x00, 0x10, 0x81, 0x12, 0x04, 0x20, 0x00, 0x01, 0x04, 0x48, 0x10, 0x00, 0x44, 0x20, 0x80, 0x42, 0x10, 0x04, 0x08, 0x90,
    0x00, 0x00, 0x12, 0x09, 0x00, 0x84, 0x09, 0x1f, 0x81, 0x04, 0x01, 0x19, 0x04, 0x80, 0x80, 0x21, 0x20, 0x32, 0x42, 0x08, 0x21, 0x08, 0x02, 0x00,
    0x07, 0xff, 0xfc, 0x12, 0x02, 0x87, 0xff, 0x1e, 0x37, 0xff, 0xff, 0xff, 0xff, 0xff, 0xfc, 0x84, 0x91, 0x3f, 0xff, 0xff, 0xff, 0xe2, 0x4e, 0xf8,
    0x59, 0x23, 0xe3, 0xef, 0xff, 0x01, 0xef, 0x24, 0x8d, 0xff, 0xff, 0xff, 0xff, 0xff, 0xff, 0xff, 0xff, 0xff, 0xe0, 0x12, 0x28, 0x92, 0x21, 0x0a,
    0x90, 0x42, 0x24, 0x00, 0x41, 0x09, 0x24, 0x90, 0x10, 0x01, 0x01, 0x24, 0x10, 0x08, 0x12, 0x08, 0x04, 0x21, 0x00, 0x04, 0x92, 0x49, 0x00, 0x80,
    0x48, 0x20, 0x80, 0x4f, 0x10, 0x41, 0x20, 0x0c, 0x40, 0x24, 0x12, 0x08, 0x09, 0x00, 0x10, 0x82, 0x04, 0x00, 0x80, 0x80, 0x27, 0xff, 0xff, 0x05,
    0xf8, 0x8f, 0xff, 0xff, 0xff, 0xff, 0xff, 0xff, 0xff, 0xc7, 0xfe, 0x3b, 0xe4, 0x3f, 0xff, 0xff, 0x07, 0x88, 0xff, 0xfc, 0x44, 0x8f, 0xff, 0xff,
    0xff, 0xf7, 0xff, 0x84, 0x23, 0xff, 0xff, 0xff, 0xff, 0xff, 0xff, 0xff, 0xff, 0xfe, 0x09, 0x40, 0x42, 0x10, 0x88, 0x20, 0x81, 0x00, 0x00, 0x49,
    0x10, 0x00, 0x00, 0x04, 0x41, 0x20, 0x48, 0x01, 0x01, 0x02, 0x00, 0x20, 0x81, 0x00, 0x44, 0x40, 0x00, 0x00, 0x48, 0x24, 0x02, 0x08, 0x24, 0x0d,
    0x84, 0x10, 0x08, 0x8c, 0x12, 0x01, 0x00, 0x82, 0x40, 0x44, 0x80, 0x20, 0x90, 0x44, 0x20, 0x00, 0xdf, 0xff, 0xff, 0xff, 0xfe, 0x7f, 0xff, 0xff,
    0xff, 0xff, 0xff, 0xff, 0xfe, 0x13, 0xff, 0xff, 0xe7, 0xff, 0xff, 0xfe, 0x10, 0x11, 0xff, 0xf9, 0x06, 0x2f, 0xff, 0xff, 0xff, 0xff, 0xff, 0xff,
    0xff, 0xff, 0xff, 0xff, 0xff, 0xff, 0xff, 0xff, 0xff, 0xe0, 0x12, 0x49, 0x10, 0x44, 0x22, 0x04, 0x20, 0x24, 0x92, 0x00, 0x04, 0x92, 0x49, 0x21,
    0x08, 0x04, 0x02, 0x48, 0x08, 0x40, 0x89, 0x02, 0x20, 0x44, 0x11, 0x12, 0x49, 0x24, 0x02, 0x01, 0x20, 0x82, 0x01, 0x2d, 0x81, 0x04, 0x82, 0x26,
    0x00, 0x90, 0x48, 0x20, 0x12, 0x10, 0x09, 0x08, 0x02, 0x11, 0x08, 0x00, 0xff, 0xff, 0xff, 0xff, 0xff, 0xff, 0xff, 0xff, 0xff, 0xff, 0xff, 0xff,
    0xf8, 0x21, 0xff, 0xff, 0xff, 0xff, 0xff, 0xfe, 0x40, 0x95, 0xff, 0xfe, 0xff, 0x3f, 0xff, 0xff, 0xff, 0xff, 0xff, 0xff, 0xff, 0xff, 0xff, 0xff,
    0xff, 0xff, 0xff, 0xff, 0xff, 0x81, 0x12, 0x09, 0x05, 0x04, 0x80, 0xc4, 0x04, 0x80, 0x00, 0x92, 0x40, 0x00, 0x00, 0x00, 0x22, 0x11, 0x20, 0x02,
    0x42, 0x10, 0x20, 0x40, 0x08, 0x01, 0x00, 0x00, 0x00, 0x01, 0x20, 0x90, 0x08, 0x20, 0x90, 0x08, 0x90, 0x40, 0x20, 0x03, 0x24, 0x04, 0x02, 0x09,
    0x00, 0x82, 0x40, 0x41, 0x00, 0x80, 0x42, 0x00, 0xff, 0xff, 0xff, 0xff, 0xff, 0xff, 0xff, 0xff, 0xff, 0xff, 0xff, 0xff, 0x41, 0x28, 0x40, 0x7f,
    0xff, 0xff, 0xff, 0xfc, 0x4c, 0x41, 0xff, 0xff, 0xff, 0xff, 0xff, 0xff, 0xff, 0xff, 0xff, 0xff, 0xff, 0xff, 0xff, 0xff, 0xff, 0xe1, 0x00, 0xff,
    0xfe, 0x14, 0xc0, 0xa4, 0x61, 0x21, 0x18, 0x11, 0x80, 0x12, 0x48, 0x00, 0x12, 0x49, 0x24, 0x92, 0x00, 0x80, 0x09, 0x20, 0x10, 0x04, 0x04, 0x08,
    0x82, 0x20, 0x44, 0x49, 0x24, 0x90, 0x08, 0x04, 0x82, 0x08, 0x04, 0x80, 0x04, 0x12, 0x09, 0x11, 0x01, 0x21, 0x20, 0x80, 0x48, 0x20, 0x12, 0x10,
    0x24, 0x08, 0x10, 0x80, 0xff, 0xff, 0xff, 0xff, 0xff, 0xff, 0xff, 0xff, 0xff, 0xff, 0xff, 0xc0, 0x04, 0x42, 0x04, 0x1f, 0xff, 0xff, 0xff, 0xff,
    0xe3, 0xfb, 0xff, 0xff, 0xff, 0xff, 0xff, 0xff, 0xff, 0xff, 0xff, 0xff, 0xff, 0xef, 0xff, 0xff, 0x00, 0x04, 0x08, 0x00, 0x00, 0x42, 0x08, 0x00,
    0x08, 0x24, 0x42, 0x10, 0x12, 0x40, 0x02, 0x49, 0x00, 0x00, 0x00, 0x00, 0x44, 0x22, 0x40, 0x08, 0x01, 0x21, 0x01, 0x02, 0x10, 0x88, 0x11, 0x00,
    0x00, 0x04, 0x82, 0x40, 0x20, 0x82, 0x40, 0x20, 0x21, 0x00, 0x80, 0x44, 0x48, 0x08, 0x08, 0x24, 0x02, 0x09, 0x00, 0x84, 0x80, 0x42, 0x04, 0x00,
    0xff, 0xff, 0xff, 0xff, 0xff, 0xff, 0xff, 0xff, 0xe4, 0xfe, 0x00, 0x04, 0x91, 0x3c, 0xb5, 0x8f, 0xff, 0xff, 0xff, 0xff, 0xff, 0xff, 0xff, 0xff,
    0xff, 0xff, 0xff, 0xff, 0xff, 0xff, 0xff, 0x7f, 0xfe, 0x00, 0x71, 0x00, 0x08, 0x10, 0xc9, 0x22, 0x01, 0x18, 0x23, 0x23, 0x02, 0x10, 0x00, 0x84,
    0x00, 0x09, 0x20, 0x10, 0x49, 0x24, 0x92, 0x09, 0x10, 0x08, 0x12, 0x01, 0x24, 0x00, 0x48, 0x20, 0x40, 0x02, 0x00, 0x24, 0x92, 0x40, 0x20, 0x12,
    0x08, 0x20, 0x12, 0x09, 0x00, 0x48, 0x24, 0x00, 0x02, 0x40, 0x82, 0x01, 0x20, 0x80, 0x48, 0x00, 0x12, 0x10, 0x81, 0x00, 0xff, 0xff, 0xff, 0xff,
    0xff, 0xff, 0xff, 0xff, 0x80, 0x00, 0x22, 0x60, 0x91, 0x7f, 0x3f, 0x20, 0xef, 0xff, 0xff, 0xff, 0xff, 0xff, 0xff, 0xff, 0xff, 0xff, 0xff, 0xff,
    0xff, 0x00, 0x10, 0x00, 0x00, 0x21, 0x04, 0x48, 0xc9, 0x92, 0x24, 0x88, 0x90, 0x01, 0x84, 0x18, 0x50, 0x82, 0x4c, 0x80, 0x49, 0x20, 0x09, 0x02,
    0x00, 0x00, 0x00, 0x80, 0x01, 0x00, 0x80, 0x90, 0x00, 0x92, 0x00, 0x84, 0x04, 0x20, 0x88, 0x80, 0x00, 0x12, 0x09, 0x00, 0x82, 0x09, 0x00, 0x88,
    0x48, 0x02, 0x01, 0x22, 0x20, 0x04, 0x20, 0x90, 0x08, 0x24, 0x02, 0x22, 0x00, 0x80, 0x20, 0x40, 0xff, 0xff, 0xff, 0xff, 0xff, 0xff, 0xff, 0xfe,
    0x32, 0x01, 0x98, 0x8a, 0x24, 0xff, 0xff, 0x00, 0x03, 0xff, 0xff, 0xff, 0xff, 0xff, 0xff, 0xff, 0xff, 0xff, 0xff, 0xff, 0xf0, 0x10, 0x00, 0x84,
    0x01, 0x0c, 0x09, 0x09, 0x24, 0x24, 0x90, 0x84, 0x26, 0x64, 0x10, 0x80, 0x04, 0x20, 0x40, 0x22, 0x00, 0x04, 0x80, 0x48, 0x92, 0x49, 0x08, 0x24,
    0x20, 0x44, 0x08, 0x04, 0x90, 0x00, 0x84, 0x10, 0x81, 0x04, 0x20, 0x12, 0x49, 0x00, 0x80, 0x48, 0x20, 0x80, 0x48, 0x28, 0x02, 0x30, 0x90, 0x08,
    0x8f, 0x01, 0x08, 0x04, 0x82, 0x01, 0x00, 0x88, 0x48, 0x22, 0x08, 0x00, 0xff, 0xff, 0xff, 0xff, 0xff, 0xff, 0xff, 0xfc, 0x09, 0x94, 0x07, 0xb8,
    0x44, 0xff, 0xff, 0x99, 0x10, 0xff, 0xff, 0xff, 0xff, 0xff, 0xff, 0xff, 0xff, 0xff, 0xff, 0xff, 0x80, 0xc6, 0x6e, 0x31, 0xc9, 0xe1, 0xa2, 0x64,
    0x21, 0x21, 0x06, 0x31, 0x20, 0x08, 0x42, 0x24, 0x82, 0x4c, 0x12, 0x00, 0x92, 0x40, 0x24, 0x00, 0x00, 0x00, 0x42, 0x01, 0x08, 0x10, 0x42, 0x40,
    0x04, 0x48, 0x10, 0x00, 0x20, 0x41, 0x04, 0x40, 0x00, 0x48, 0x24, 0x02, 0x08, 0x24, 0x02, 0x0c, 0x80, 0x80, 0x04, 0x80, 0x10, 0x20, 0x43, 0x20,
    0x20, 0x90, 0x48, 0x01, 0x02, 0x08, 0x82, 0x80, 0xff, 0xff, 0xff, 0xff, 0xff, 0xff, 0xff, 0x91, 0x09, 0xc1, 0xff, 0xfd, 0x11, 0xff, 0xff, 0x84,
    0xbc, 0xff, 0xff, 0xff, 0xff, 0xff, 0xff, 0xff, 0xff, 0xff, 0xff, 0xe0, 0x0a, 0x19, 0x0f, 0x8b, 0xfb, 0xf2, 0x24, 0x84, 0x99, 0x18, 0x60, 0x40,
    0x09, 0x82, 0x08, 0x41, 0x28, 0x01, 0x80, 0x88, 0x00, 0x12, 0x01, 0x22, 0x49, 0x10, 0x10, 0x48, 0x42, 0x01, 0x00, 0x12, 0x41, 0x02, 0x01, 0x22,
    0x08, 0x10, 0x41, 0x09, 0x24, 0x02, 0x01, 0x20, 0x82, 0x01, 0x20, 0x98, 0x24, 0x04, 0x40, 0x22, 0x40, 0x88, 0x10, 0x09, 0x04, 0x04, 0x02, 0x24,
    0x00, 0x80, 0x20, 0x00, 0xff, 0xff, 0xff, 0xff, 0xff, 0xfd, 0xfc, 0x00, 0xc3, 0xff, 0xff, 0xfe, 0xff, 0xff, 0xff, 0xc0, 0xff, 0xff, 0xff, 0xff,
    0xff, 0xff, 0xff, 0xff, 0xff, 0xff, 0x20, 0x04, 0xc8, 0x3f, 0x3f, 0xc7, 0xff, 0xff, 0x11, 0x11, 0x3f, 0x43, 0xf9, 0x0a, 0x80, 0x31, 0x21, 0x10,
    0x01, 0x24, 0x24, 0x02, 0x49, 0x00, 0x90, 0x08, 0x00, 0x44, 0x81, 0x00, 0x00, 0x88, 0x24, 0x00, 0x10, 0x20, 0x40, 0x00, 0x82, 0x04, 0x08, 0x00,
    0x01, 0x20, 0x90, 0x08, 0x20, 0x90, 0x08, 0x18, 0x01, 0x11, 0x12, 0x08, 0x08, 0x02, 0x04, 0x40, 0x41, 0x21, 0x20, 0x80, 0x48, 0x22, 0x09, 0x00,
    0xff, 0xff, 0xff, 0xf9, 0x20, 0x00, 0x00, 0x4c, 0x37, 0xff, 0xff, 0xff, 0xff, 0xff, 0xff, 0xff, 0xff, 0xff, 0xff, 0xff, 0xff, 0xff, 0xff, 0xff,
    0xff, 0xf0, 0x09, 0x12, 0x21, 0xbf, 0xff, 0xdf, 0xff, 0xff, 0x44, 0x44, 0x7f, 0xdf, 0xf8, 0xa0, 0x24, 0x84, 0x44, 0x08, 0xc4, 0x12, 0x44, 0x40,
    0x00, 0x48, 0x04, 0x81, 0x24, 0x00, 0x24, 0x24, 0x90, 0x22, 0x01, 0x21, 0x04, 0x84, 0x12, 0x48, 0x20, 0x81, 0x20, 0x90, 0x90, 0x08, 0x04, 0x82,
    0x08, 0x04, 0x82, 0x59, 0x10, 0x40, 0x00, 0x81, 0x02, 0x40, 0x81, 0x12, 0x10, 0x08, 0x08, 0x12, 0x02, 0x08, 0x80, 0x00, 0x93, 0x2f, 0xff, 0xc0,
    0x00, 0x02, 0x04, 0x91, 0x3f, 0xff, 0xff, 0xff, 0xff, 0xff, 0xff, 0xff, 0xff, 0xff, 0xff, 0xff, 0xff, 0xff, 0xff, 0xff, 0x20, 0x00, 0x90, 0xc8,
    0x24, 0x3f, 0xff, 0xff, 0xff, 0xff, 0x11, 0x9f, 0xff, 0xff, 0xff, 0xf9, 0x22, 0x04, 0x99, 0xa2, 0x1f, 0x9f, 0xf0, 0x11, 0x24, 0x02, 0x40, 0x24,
    0x01, 0x22, 0x00, 0x00, 0x04, 0x00, 0x90, 0x08, 0x40, 0x10, 0x80, 0x02, 0x08, 0x20, 0x02, 0x04, 0x04, 0x82, 0x40, 0x20, 0x82, 0x40, 0x20, 0x08,
    0x42, 0x04, 0x88, 0x24, 0x40, 0x10, 0x24, 0x00, 0x84, 0x82, 0x42, 0x00, 0x90, 0x80, 0x24, 0x80, 0x00, 0x01, 0x98, 0x04, 0x93, 0x20, 0xb0, 0x81,
    0x3f, 0xff, 0xff, 0xff, 0xff, 0xff, 0xff, 0xff, 0xff, 0xff, 0xff, 0xff, 0xff, 0xff, 0xf8, 0x00, 0x04, 0x4c, 0xbf, 0x25, 0x88, 0x3f, 0xff, 0xff,
    0xff, 0xff, 0x87, 0xff, 0xff, 0xff, 0xff, 0xfc, 0x88, 0xd1, 0x3e, 0x1f, 0x7f, 0xff, 0xf0, 0x84, 0x01, 0x20, 0x12, 0x00, 0x90, 0x08, 0x88, 0x92,
    0x41, 0x10, 0x04, 0x82, 0x09, 0x02, 0x08, 0x90, 0x82, 0x08, 0x88, 0x21, 0x20, 0x20, 0x12, 0x08, 0x20, 0x12, 0x09, 0x18, 0x08, 0x20, 0x22, 0x00,
    0x11, 0x04, 0x00, 0x88, 0x20, 0x20, 0x10, 0x88, 0x00, 0x02, 0x00, 0x00, 0x48, 0x80, 0x00, 0x20, 0x44, 0xff, 0xf9, 0x24, 0x3f, 0xff, 0xff, 0xff,
    0xff, 0xff, 0xff, 0xff, 0xff, 0xff, 0xff, 0xff, 0xff, 0xfc, 0x01, 0x00, 0xd1, 0x21, 0x7f, 0x84, 0x3d, 0xbf, 0xff, 0xff, 0xff, 0xff, 0xff, 0xff,
    0xff, 0xff, 0xff, 0xfe, 0x00, 0x11, 0xff, 0x7f, 0xff, 0xff, 0xc0, 0x20, 0x90, 0x09, 0x00, 0x92, 0x04, 0x80, 0x20, 0x00, 0x10, 0x44, 0x40, 0x20,
    0x20, 0x20, 0x22, 0x00, 0x10, 0x82, 0x20, 0x88, 0x09, 0x09, 0x00, 0x82, 0x09, 0x00, 0x80, 0x50, 0x80, 0x09, 0x00, 0x89, 0x04, 0x41, 0x12, 0x22,
    0x01, 0x09, 0x04, 0x22, 0x42, 0x48, 0x12, 0x00, 0x12, 0x24, 0x46, 0x0a, 0x01, 0xff, 0xfc, 0x7f, 0xff, 0xff, 0xff, 0xff, 0xff, 0xff, 0xff, 0xff,
    0xff, 0xff, 0xf8, 0x10, 0x00, 0x00, 0x04, 0xda, 0x49, 0x09, 0xff, 0xe2, 0x7e, 0x7f, 0xff, 0xff, 0xff, 0xff, 0xff, 0x7f, 0xff, 0xff, 0xff, 0xff,
    0x3f, 0x07, 0xff, 0xff, 0xff, 0xff, 0x82, 0x08, 0x04, 0x80, 0x48, 0x00, 0x40, 0x21, 0x04, 0x49, 0x04, 0x01, 0x09, 0x04, 0x82, 0x04, 0x00, 0x09,
    0x00, 0x20, 0x04, 0x00, 0x40, 0x40, 0x48, 0x20, 0x80, 0x48, 0x24, 0x18, 0x21, 0x00, 0x48, 0x20, 0x40, 0x10, 0x40, 0x00, 0x84, 0x00, 0x41, 0x00,
    0x10, 0x00, 0x80, 0x80, 0x10, 0x11, 0x10, 0xc0, 0x9f, 0xff, 0xff, 0xff, 0xff, 0xff, 0xff, 0xff, 0xff, 0xff, 0xff, 0xff, 0xff, 0xfe, 0x40, 0x84,
    0x24, 0x23, 0x6f, 0xe1, 0xe4, 0xcf, 0xff, 0xff, 0xff, 0xff, 0xff, 0xff, 0xff, 0xff, 0xfc, 0x03, 0xff, 0xff, 0xff, 0xff, 0xff, 0xcf, 0xff, 0xff,
    0xff, 0xfe, 0x08, 0x82, 0x40, 0x24, 0x02, 0x48, 0x12, 0x04, 0x10, 0x00, 0x40, 0x90, 0x20, 0x10, 0x08, 0x40, 0x84, 0x40, 0x49, 0x09, 0x01, 0x12,
    0x04, 0x04, 0x02, 0x08, 0x24, 0x02, 0x01, 0x19, 0x08, 0x44, 0x02, 0x02, 0x11, 0x04, 0x09, 0x10, 0x20, 0x44, 0x10, 0x11, 0x04, 0x90, 0x20, 0x00,
    0x44, 0xc0, 0x08, 0x11, 0x1f, 0xff, 0xff, 0xff, 0xff, 0xff, 0xff, 0xff, 0xff, 0xff, 0x9f, 0xff, 0xfc, 0xd8, 0x12, 0x61, 0x93, 0x20, 0x5f, 0xff,
    0xff, 0xff, 0xff, 0xff, 0xff, 0xff, 0xff, 0xff, 0xff, 0x00, 0x30, 0xf3, 0xff, 0xff, 0xff, 0xff, 0xff, 0xff, 0xff, 0xff, 0xff, 0xfc, 0x00, 0x20,
    0x12, 0x01, 0x20, 0x02, 0x00, 0x90, 0x41, 0x24, 0x02, 0x04, 0x02, 0x01, 0x20, 0x08, 0x20, 0x12, 0x00, 0x40, 0x48, 0x00, 0x81, 0x11, 0x20, 0x82,
    0x01, 0x20, 0x90, 0x18, 0x02, 0x11, 0x20, 0x80, 0x04, 0x41, 0x20, 0x44, 0x08, 0x11, 0x04, 0x84, 0x40, 0x04, 0x09, 0x00, 0x00, 0x09, 0x23, 0x04,
    0x5f, 0xff, 0xff, 0xff, 0xff, 0xff, 0xff, 0xff, 0xff, 0xfe, 0x00, 0xe3, 0xf0, 0x01, 0x87, 0x0e, 0x08, 0x1f, 0xff, 0xff, 0xff, 0xff, 0xff, 0xff,
    0xff, 0xff, 0xff, 0xff, 0xfc, 0x00, 0x81, 0xff, 0xff, 0xff, 0xff, 0xff, 0xff, 0xff, 0xff, 0xff, 0xff, 0xf8, 0x44, 0x09, 0x00, 0x90, 0x09, 0x20,
    0x88, 0x01, 0x00, 0x00, 0x90, 0x41, 0x10, 0x88, 0x02, 0x21, 0x08, 0x80, 0x24, 0x04, 0x00, 0x88, 0x20, 0x40, 0x08, 0x20, 0x90, 0x08, 0x04, 0x98,
    0x40, 0x80, 0x08, 0x24, 0x80, 0x08, 0x04, 0x01, 0x01, 0x00, 0x40, 0x20, 0x08, 0x41, 0x00, 0x00, 0x2a, 0x20, 0x04, 0x40, 0x0f, 0xb6, 0x21, 0x7f,
    0xff, 0xff, 0xe4, 0x07, 0xff, 0xf8, 0x40, 0x00, 0x03, 0x24, 0x5f, 0xff, 0xff, 0xff, 0xff, 0xff, 0xff, 0xff, 0xff, 0xff, 0xff, 0xfc, 0x03, 0x64,
    0x80, 0x92, 0x09, 0xff, 0xff, 0xff, 0xff, 0xff, 0xff, 0xff, 0xff, 0xff, 0xff, 0xe0, 0x11, 0x00, 0x48, 0x04, 0x80, 0x08, 0x22, 0x48, 0x12, 0x48,
    0x04, 0x10, 0x44, 0x22, 0x48, 0x80, 0x02, 0x08, 0x81, 0x21, 0x20, 0x21, 0x08, 0x08, 0x82, 0x08, 0x04, 0x82, 0x40, 0x39, 0x10, 0x08, 0x82, 0x00,
    0x22, 0x20, 0x91, 0x22, 0x40, 0x48, 0x12, 0x09, 0x02, 0x00, 0x44, 0x80, 0x02, 0x04, 0xc4, 0x12, 0x80, 0x00, 0x00, 0x00, 0x7f, 0xca, 0x01, 0x13,
    0xff, 0x01, 0x3e, 0x58, 0x08, 0x3c, 0x5f, 0xff, 0xff, 0xff, 0xff, 0xff, 0xff, 0xff, 0xff, 0xff, 0xff, 0xf8, 0x10, 0x00, 0x08, 0x7b, 0xc3, 0xff,
    0xff, 0xff, 0xff, 0xff, 0xff, 0xff, 0xff, 0xff, 0xff, 0xc1, 0x00, 0x44, 0x02, 0x40, 0x24, 0x41, 0x00, 0x02, 0x40, 0x02, 0x20, 0x82, 0x00, 0x00,
    0x00, 0x08, 0x90, 0x42, 0x08, 0x08, 0x09, 0x04, 0x02, 0x02, 0x10, 0x81, 0x20, 0x20, 0x12, 0x38, 0x04, 0x42, 0x10, 0x92, 0x08, 0x82, 0x00, 0x08,
    0x12, 0x02, 0x00, 0x80, 0x40, 0x88, 0x10, 0x00, 0x44, 0x91, 0x10, 0x84, 0x20, 0x49, 0x36, 0x00, 0x00, 0x00, 0x18, 0xc8, 0xf8, 0x04, 0x7f, 0x06,
    0x60, 0xff, 0xff, 0xff, 0xff, 0xff, 0xff, 0xff, 0xff, 0xff, 0xff, 0xff, 0xe7, 0xf2, 0x96, 0xca, 0x63, 0x3f, 0xff, 0xff, 0xff, 0xff, 0xff, 0xfd,
    0xff, 0xff, 0xff, 0xff, 0xff, 0x00, 0x48, 0x11, 0x20, 0x12, 0x01, 0x04, 0x11, 0x20, 0x08, 0x90, 0x82, 0x08, 0x22, 0x48, 0x91, 0x02, 0x01, 0x00,
    0x20, 0x80, 0x80, 0x10, 0x40, 0x90, 0x40, 0x24, 0x02, 0x09, 0x00, 0x98, 0x81, 0x10, 0x40, 0x00, 0x80, 0x00, 0x44, 0x81, 0x00, 0x80, 0x88, 0x24,
    0x10, 0x22, 0x02, 0x00, 0x30, 0x00, 0x02, 0x21, 0x09, 0x00, 0x80, 0x92, 0x08, 0x25, 0x82, 0xe2, 0x00, 0xa4, 0xff, 0xff, 0xff, 0xff, 0xff, 0xff,
    0xff, 0xff, 0xff, 0xff, 0xff, 0xff, 0xff, 0xff, 0x00, 0x00, 0x9f, 0xf2, 0x08, 0x7f, 0xff, 0xff, 0xff, 0xff, 0xfa, 0x40, 0x00, 0x0f, 0xdf, 0xff,
    0xfc, 0x08, 0x02, 0x00, 0x09, 0x00, 0x90, 0x20, 0x84, 0x09, 0x02, 0x00, 0x10, 0x21, 0x08, 0x02, 0x04, 0x40, 0x48, 0x10, 0x84, 0x24, 0x24, 0x41,
    0x10, 0x04, 0x09, 0x00, 0x48, 0x80, 0x44, 0x10, 0x20, 0x04, 0x09, 0x24, 0x24, 0x11, 0x00, 0x24, 0x44, 0x10, 0x22, 0x01, 0x02, 0x00, 0x88, 0x80,
    0x02, 0x64, 0x88, 0x98, 0x04, 0x77, 0x08, 0x60, 0xcb, 0x27, 0xff, 0xf0, 0x86, 0x21, 0xff, 0xff, 0xff, 0xff, 0xff, 0xff, 0xff, 0xff, 0xff, 0xff,
    0xff, 0xff, 0xff, 0xfe, 0x18, 0x09, 0x3f, 0xfc, 0x90, 0xff, 0xff, 0xff, 0xe3, 0xff, 0xe0, 0x02, 0x00, 0x00, 0x00, 0x00, 0x00, 0x02, 0x20, 0x88,
    0x80, 0x48, 0x04, 0x88, 0x20, 0x80, 0x40, 0x24, 0x44, 0x80, 0x41, 0x20, 0x20, 0x11, 0x00, 0x44, 0x01, 0x01, 0x01, 0x08, 0x04, 0x41, 0x20, 0x49,
    0x00, 0x24, 0x10, 0x04, 0x08, 0x81, 0x20, 0x00, 0x01, 0x04, 0x12, 0x00, 0x10, 0x44, 0x00, 0x90, 0x40, 0x84, 0x20, 0x00, 0x40, 0x04, 0x24, 0xfe,
    0xf8, 0x7f, 0xdb, 0xff, 0xf0, 0xff, 0xff, 0xf8, 0x31, 0xfb, 0xff, 0xff, 0xff, 0xff, 0xff, 0xff, 0xff, 0xff, 0xff, 0xff, 0xff, 0xff, 0xff, 0xf8,
    0x87, 0x4c, 0x3f, 0xff, 0x84, 0xff, 0xff, 0xff, 0xc0, 0x08, 0x05, 0x92, 0x26, 0x40, 0x20, 0x00, 0x00, 0x90, 0x88, 0x22, 0x24, 0x02, 0x40, 0x02,
    0x08, 0x24, 0x11, 0x01, 0x00, 0x12, 0x04, 0x09, 0x02, 0x04, 0x12, 0x01, 0x10, 0x10, 0x40, 0x22, 0x21, 0x10, 0x04, 0x00, 0x24, 0x01, 0x02, 0x41,
    0x02, 0x20, 0x04, 0x92, 0x48, 0x40, 0x40, 0x92, 0x00, 0x01, 0x10, 0x04, 0x08, 0x21, 0x01, 0x00, 0x11, 0x61, 0x04, 0xff, 0xfc, 0x7f, 0xff, 0xff,
    0xff, 0xff, 0xff, 0xfb, 0xc3, 0xff, 0xff, 0xff, 0xff, 0xff, 0xff, 0xff, 0xff, 0xff, 0xff, 0xff, 0xdb, 0x9f, 0xb2, 0x00, 0x4f, 0xff, 0xff, 0xff,
    0xf3, 0xf8, 0x03, 0xff, 0x0c, 0x00, 0x10, 0x1f, 0xb0, 0x49, 0x09, 0x24, 0x82, 0x04, 0x02, 0x00, 0x01, 0x20, 0x12, 0x20, 0x82, 0x01, 0x04, 0x40,
    0x22, 0x40, 0x90, 0x80, 0x40, 0x80, 0x40, 0x88, 0x44, 0x82, 0x08, 0x80, 0x80, 0x04, 0x91, 0x24, 0x81, 0x10, 0x48, 0x10, 0x40, 0x08, 0x90, 0x00,
    0x02, 0x11, 0x08, 0x00, 0x84, 0x88, 0x44, 0x41, 0x20, 0x08, 0x10, 0x00, 0x25, 0xf8, 0x40, 0xff, 0xff, 0xff, 0xff, 0xff, 0xff, 0xff, 0xff, 0xff,
    0xff, 0xff, 0xff, 0xff, 0xff, 0xff, 0xff, 0xff, 0xff, 0xff, 0xf8, 0x00, 0x00, 0x00, 0x00, 0x0c, 0x7f, 0xff, 0xff, 0xff, 0xff, 0xf0, 0x00, 0x1f,
    0x2f, 0x32, 0xc2, 0x7f, 0xf1, 0x17, 0x04, 0x90, 0x20, 0x41, 0x20, 0x91, 0x10, 0x09, 0x00, 0x84, 0x10, 0x90, 0x40, 0x12, 0x08, 0x08, 0x00, 0x24,
    0x10, 0x22, 0x04, 0x20, 0x00, 0x08, 0x82, 0x08, 0x08, 0x80, 0x00, 0x00, 0x10, 0x44, 0x01, 0x04, 0x11, 0x22, 0x02, 0x49, 0x20, 0x04, 0x22, 0x48,
    0x20, 0x20, 0x01, 0x10, 0x04, 0x80, 0x84, 0x80, 0x2f, 0xfd, 0x93, 0xff, 0xff, 0xff, 0xfe, 0x7f, 0xff, 0xff, 0xff, 0xff, 0xff, 0xff, 0xff, 0xff,
    0xff, 0xff, 0xff, 0xff, 0xff, 0xff, 0xe0, 0x00, 0x24, 0x40, 0x4c, 0xc1, 0xff, 0xff, 0xff, 0xff, 0xff, 0xc4, 0x90, 0x40, 0x1f, 0xfc, 0x1c, 0xff,
    0xe4, 0x1f, 0x30, 0x40, 0x09, 0x10, 0x08, 0x04, 0x44, 0x80, 0x48, 0x10, 0x40, 0x04, 0x12, 0x00, 0x81, 0x02, 0x44, 0x01, 0x04, 0x08, 0x81, 0x04,
    0x92, 0x40, 0x10, 0x22, 0x42, 0x22, 0x48, 0x92, 0x44, 0x01, 0x24, 0x41, 0x04, 0x00, 0x48, 0x00, 0x09, 0x20, 0x00, 0x02, 0x09, 0x04, 0x90, 0x04,
    0x90, 0x24, 0x00, 0x00, 0xff, 0xff, 0xff, 0xff, 0xff, 0xff, 0xf0, 0x07, 0xff, 0xff, 0xff, 0xff, 0xff, 0xff, 0xff, 0xff, 0xff, 0xff, 0xff, 0xff,
    0xff, 0xff, 0x86, 0xcd, 0x81, 0xf3, 0x30, 0x13, 0xff, 0xff, 0xff, 0xff, 0xff, 0xc1, 0xfe, 0x30, 0xff, 0xff, 0x3f, 0xff, 0xe5, 0xdf, 0x82, 0x02,
    0x40, 0x04, 0x42, 0x40, 0x00, 0x24, 0x02, 0x41, 0x09, 0x01, 0x00, 0x88, 0x24, 0x40, 0x11, 0x10, 0x41, 0x00, 0x20, 0x00, 0x00, 0x11, 0x04, 0x00,
    0x10, 0x08, 0x02, 0x00, 0x01, 0x20, 0x00, 0x10, 0x40, 0x91, 0x01, 0x12, 0x40, 0x01, 0x11, 0x20, 0x80, 0x10, 0x04, 0x80, 0x02, 0x00, 0x22, 0x00,
    0xff, 0xff, 0xff, 0xff, 0xff, 0xff, 0xe1, 0x01, 0xff, 0xfe, 0xff, 0xff, 0xff, 0xff, 0xff, 0xff, 0xff, 0xff, 0xff, 0xff, 0xff, 0xff, 0x10, 0x20,
    0x76, 0xf0, 0xfd, 0x13, 0xff, 0xff, 0xff, 0xff, 0xff, 0x0b, 0xff, 0xff, 0xff, 0xff, 0xff, 0xff, 0xff, 0xff, 0x9c, 0x88, 0x12, 0x41, 0x10, 0x12,
    0x22, 0x01, 0x20, 0x04, 0x00, 0x48, 0x48, 0x22, 0x00, 0x11, 0x00, 0x44, 0x10, 0x44, 0x08, 0x92, 0x24, 0x04, 0x40, 0x89, 0x01, 0x01, 0x20, 0x49,
    0x28, 0x08, 0x91, 0x04, 0x12, 0x04, 0x24, 0x40, 0x12, 0x44, 0x44, 0x08, 0x22, 0x42, 0x40, 0x22, 0x40, 0x92, 0x08, 0x80, 0xff, 0xff, 0xff, 0xff,
    0xff, 0xff, 0xc9, 0x24, 0x00, 0xc0, 0x3d, 0x80, 0x7f, 0xff, 0xff, 0xff, 0xff, 0xff, 0xff, 0xff, 0xff, 0x80, 0x49, 0x04, 0xff, 0xfb, 0xfc, 0x41,
    0xff, 0xf8, 0x07, 0xff, 0xff, 0x07, 0xff, 0xff, 0xff, 0xff, 0xff, 0xff, 0xff, 0xff, 0xfe, 0x01, 0x00, 0x10, 0x01, 0x00, 0x88, 0x90, 0x09, 0x20,
    0x44, 0x02, 0x02, 0x00, 0x90, 0x84, 0x48, 0x01, 0x04, 0x11, 0x02, 0x00, 0x81, 0x20, 0x10, 0x20, 0x48, 0x44, 0x09, 0x00, 0x02, 0x42, 0x00, 0x41,
    0x00, 0x40, 0x80, 0x04, 0x80, 0x10, 0x00, 0x84, 0x08, 0x00, 0x12, 0x08, 0x10, 0x00, 0x80, 0x00, 0xff, 0xff, 0xff, 0xff, 0xff, 0xff, 0xc4, 0x61,
    0x02, 0x11, 0x00, 0x00, 0x3f, 0xff, 0xff, 0xff, 0xff, 0xff, 0xff, 0xff, 0xc0, 0x00, 0x9e, 0x53, 0xff, 0xff, 0xfc, 0x24, 0x78, 0x01, 0x20, 0x03,
    0xf8, 0x27, 0xff, 0xff, 0xff, 0xff, 0xff, 0xff, 0xff, 0xff, 0xfc, 0x24, 0x49, 0x04, 0x48, 0x48, 0x00, 0x04, 0x80, 0x09, 0x11, 0x20, 0x90, 0x90,
    0x04, 0x20, 0x02, 0x20, 0x41, 0x00, 0x40, 0x48, 0x08, 0x08, 0x84, 0x04, 0x02, 0x10, 0x80, 0x24, 0x90, 0x10, 0x48, 0x10, 0x49, 0x12, 0x11, 0x10,
    0x24, 0x81, 0x22, 0x21, 0x00, 0x89, 0x00, 0x81, 0x04, 0x48, 0x22, 0x00, 0xff, 0xff, 0xff, 0xff, 0xff, 0xfe, 0x12, 0xf8, 0x68, 0x9f, 0xc2, 0xff,
    0xff, 0xff, 0xff, 0xff, 0xff, 0xff, 0xff, 0xff, 0x80, 0xcc, 0xbe, 0x4b, 0xff, 0xff, 0xff, 0x24, 0x00, 0x14, 0x98, 0x00, 0x00, 0x80, 0x4f, 0xfc,
    0x6f, 0xff, 0xff, 0xff, 0xff, 0xff, 0xf8, 0x00, 0x00, 0x41, 0x02, 0x02, 0x44, 0x40, 0x24, 0x80, 0x00, 0x08, 0x04, 0x04, 0x41, 0x09, 0x20, 0x88,
    0x10, 0x48, 0x11, 0x02, 0x20, 0x82, 0x00, 0x80, 0x90, 0x02, 0x24, 0x80, 0x04, 0x84, 0x02, 0x04, 0x00, 0x00, 0x04, 0x41, 0x00, 0x20, 0x08, 0x08,
    0x42, 0x00, 0x48, 0x24, 0x41, 0x02, 0x08, 0x80, 0xff, 0xff, 0xff, 0xff, 0xff, 0xe0, 0x21, 0xff, 0xf8, 0x3f, 0xff, 0xff, 0xff, 0xff, 0xff, 0xff,
    0xff, 0xff, 0xff, 0xff, 0x9c, 0x21, 0xff, 0x03, 0xff, 0xff, 0xff, 0x89, 0x12, 0x7e, 0x5f, 0x6c, 0x04, 0x30, 0x00, 0xf0, 0x01, 0xff, 0xff, 0xff,
    0xff, 0xf7, 0xe0, 0x92, 0x24, 0x10, 0x20, 0x80, 0x11, 0x12, 0x00, 0x22, 0x48, 0x82, 0x40, 0x41, 0x10, 0x40, 0x08, 0x02, 0x04, 0x02, 0x04, 0x20,
    0x82, 0x20, 0x48, 0x22, 0x04, 0x88, 0x00, 0x12, 0x40, 0x21, 0x20, 0x81, 0x24, 0x88, 0x80, 0x04, 0x10, 0x08, 0x81, 0x02, 0x10, 0x24, 0x02, 0x00,
    0x10, 0x20, 0x80, 0x00, 0xff, 0xff, 0xff, 0xff, 0xff, 0x81, 0x89, 0xff, 0xff, 0xff, 0xff, 0xff, 0xff, 0xff, 0xff, 0xff, 0xff, 0xff, 0xff, 0xff,
    0xbf, 0x1f, 0xff, 0xff, 0xff, 0xff, 0xff, 0x88, 0x49, 0xff, 0xff, 0x81, 0x21, 0x0d, 0xa1, 0x02, 0x10, 0x7f, 0xff, 0xfe, 0x40, 0x00, 0x00, 0x00,
    0x81, 0x04, 0x88, 0x24, 0x80, 0x00, 0x92, 0x08, 0x02, 0x20, 0x12, 0x10, 0x04, 0x12, 0x42, 0x20, 0x81, 0x20, 0x80, 0x88, 0x08, 0x09, 0x02, 0x08,
    0x20, 0x21, 0x12, 0x40, 0x12, 0x08, 0x08, 0x20, 0x00, 0x22, 0x22, 0x20, 0x84, 0x82, 0x10, 0x40, 0x84, 0x01, 0x20, 0x91, 0x04, 0x08, 0x21, 0x00,
    0xff, 0xff, 0xff, 0xff, 0xff, 0x88, 0x77, 0xff, 0xff, 0xff, 0xff, 0xff, 0xff, 0xff, 0xff, 0xff, 0xff, 0xff, 0xff, 0xff, 0xff, 0xdf, 0xff, 0xff,
    0xff, 0xff, 0xff, 0xc2, 0x41, 0xff, 0xff, 0xe0, 0x22, 0x40, 0x1b, 0xc8, 0xc4, 0x08, 0xe4, 0x00, 0x00, 0x08, 0x02, 0x48, 0x10, 0x40, 0x01, 0x00,
    0x22, 0x48, 0x00, 0x81, 0x20, 0x09, 0x00, 0x84, 0x81, 0x00, 0x10, 0x88, 0x20, 0x08, 0x22, 0x02, 0x41, 0x00, 0x20, 0x80, 0x82, 0x04, 0x40, 0x09,
    0x00, 0x82, 0x42, 0x08, 0x92, 0x40, 0x08, 0x88, 0x20, 0x20, 0x44, 0x10, 0x21, 0x10, 0x08, 0x04, 0x41, 0x02, 0x08, 0x00, 0xff, 0xff, 0xff, 0xff,
    0xfe, 0x23, 0xff, 0xff, 0xff, 0xff, 0xff, 0xff, 0xff, 0xff, 0xff, 0xff, 0xff, 0xff, 0xff, 0xff, 0xff, 0xff, 0xff, 0xff, 0xff, 0xff, 0xff, 0xfe,
    0x34, 0xff, 0xff, 0xff, 0x88, 0x92, 0x47, 0xe0, 0x09, 0x80, 0x00, 0x01, 0x09, 0x82, 0x10, 0x02, 0x44, 0x12, 0x24, 0x49, 0x08, 0x02, 0x48, 0x24,
    0x09, 0x00, 0x48, 0x00, 0x20, 0x49, 0x04, 0x02, 0x08, 0x82, 0x08, 0x20, 0x10, 0x44, 0x88, 0x20, 0x08, 0x90, 0x09, 0x20, 0x48, 0x20, 0x10, 0x82,
    0x00, 0x04, 0x80, 0x02, 0x02, 0x04, 0x01, 0x06, 0x08, 0x44, 0x82, 0x40, 0x10, 0x40, 0x82, 0x00, 0xff, 0xff, 0xff, 0xfe, 0x00, 0x01, 0xff, 0xff,
    0xff, 0xff, 0xff, 0xff, 0xff, 0xfc, 0x45, 0xff, 0xff, 0xff, 0xff, 0xff, 0xff, 0xff, 0xff, 0xff, 0xff, 0xff, 0xff, 0xff, 0xbf, 0xff, 0xff, 0xff,
    0xf1, 0x02, 0x1f, 0xff, 0xff, 0x25, 0x12, 0x48, 0x48, 0x30, 0x44, 0x90, 0x01, 0x00, 0x80, 0x00, 0x41, 0x20, 0x02, 0x00, 0x80, 0x44, 0x02, 0x49,
    0x08, 0x00, 0x41, 0x20, 0x82, 0x20, 0x80, 0x84, 0x04, 0x10, 0x02, 0x09, 0x20, 0x02, 0x20, 0x04, 0x02, 0x09, 0x00, 0x20, 0x49, 0x20, 0x24, 0x40,
    0x90, 0x81, 0x10, 0x40, 0x80, 0x00, 0x20, 0x12, 0x04, 0x10, 0x20, 0x80, 0xff, 0x4c, 0x00, 0x00, 0x01, 0x24, 0xfc, 0x10, 0x00, 0x0f, 0xff, 0xff,
    0xff, 0x80, 0x10, 0x7f, 0xff, 0xff, 0xff, 0xff, 0xff, 0xff, 0xff, 0xfc, 0x01, 0x33, 0x6f, 0xff, 0xff, 0xff, 0xff, 0xff, 0xfc, 0x6f, 0xff, 0xff,
    0xff, 0x84, 0x41, 0x0c, 0x22, 0x01, 0x00, 0x04, 0x90, 0x48, 0x12, 0x24, 0x10, 0x09, 0x20, 0x90, 0x24, 0x11, 0x20, 0x00, 0x42, 0x24, 0x10, 0x08,
    0x20, 0x08, 0x22, 0x10, 0x81, 0x02, 0x40, 0x80, 0x04, 0x48, 0x84, 0x91, 0x20, 0x80, 0x49, 0x09, 0x00, 0x08, 0x01, 0x10, 0x04, 0x20, 0x44, 0x10,
    0x24, 0x92, 0x09, 0x00, 0x81, 0x04, 0x08, 0x00, 0x00, 0x00, 0x00, 0x01, 0x34, 0x21, 0xa0, 0x00, 0x02, 0x00, 0x7e, 0x00, 0x28, 0x03, 0x23, 0xff,
    0xff, 0xff, 0xff, 0xff, 0xff, 0xff, 0xff, 0xf8, 0x08, 0x00, 0x00, 0x7f, 0xff, 0xff, 0xff, 0xff, 0xff, 0xff, 0xff, 0xff, 0xff, 0xd0, 0x8c, 0x3f,
    0x87, 0xc0, 0x22, 0x40, 0x04, 0x02, 0x40, 0x81, 0x04, 0x80, 0x08, 0x04, 0x01, 0x00, 0x09, 0x24, 0x10, 0x81, 0x04, 0x82, 0x09, 0x01, 0x08, 0x02,
    0x20, 0x48, 0x10, 0x24, 0x91, 0x00, 0x00, 0x00, 0x08, 0x24, 0x00, 0x40, 0x24, 0x82, 0x48, 0x04, 0x41, 0x08, 0x01, 0x04, 0x00, 0x00, 0x80, 0x48,
    0x20, 0x41, 0x02, 0x00, 0x00, 0x21, 0x24, 0x90, 0x80, 0x88, 0x02, 0x65, 0x3f, 0xf2, 0x08, 0x08, 0x00, 0x58, 0x7f, 0xff, 0xff, 0xff, 0xff, 0xff,
    0xff, 0xff, 0xff, 0xf2, 0x66, 0x88, 0x90, 0x1f, 0xff, 0xff, 0xff, 0xff, 0xff, 0xff, 0xff, 0xff, 0xff, 0xe2, 0x20, 0xbf, 0xff, 0xc8, 0x88, 0x11,
    0x21, 0x20, 0x08, 0x10, 0x40, 0x24, 0x82, 0x41, 0x10, 0x48, 0x80, 0x01, 0x00, 0x10, 0x40, 0x20, 0x80, 0x44, 0x00, 0x88, 0x08, 0x01, 0x04, 0x00,
    0x00, 0x24, 0x49, 0x24, 0x82, 0x01, 0x24, 0x12, 0x00, 0x11, 0x02, 0x41, 0x10, 0x02, 0x20, 0x41, 0x12, 0x44, 0x24, 0x02, 0x08, 0x10, 0x40, 0x80,
    0x24, 0x88, 0x00, 0x92, 0x08, 0x88, 0x73, 0xf9, 0x7f, 0xfc, 0x82, 0x49, 0x94, 0x80, 0xff, 0xff, 0xff, 0xff, 0xff, 0xff, 0xff, 0xff, 0xff, 0xc2,
    0x10, 0xa2, 0x04, 0x8f, 0xff, 0xff, 0xff, 0xff, 0xff, 0xff, 0xff, 0xff, 0xff, 0xfa, 0x73, 0xff, 0xff, 0x02, 0x01, 0x04, 0x08, 0x09, 0x22, 0x04,
    0x12, 0x00, 0x20, 0x10, 0x44, 0x02, 0x10, 0x90, 0x49, 0x04, 0x12, 0x08, 0x24, 0x10, 0x90, 0x20, 0x82, 0x24, 0x41, 0x12, 0x48, 0x81, 0x00, 0x00,
    0x20, 0x90, 0x01, 0x00, 0x92, 0x40, 0x20, 0x10, 0x04, 0x90, 0x88, 0x10, 0x40, 0x10, 0x01, 0x20, 0x82, 0x04, 0x10, 0x00, 0x04, 0x02, 0xc8, 0x01,
    0x62, 0x23, 0xff, 0xff, 0xff, 0xf8, 0x3f, 0xf7, 0xf0, 0x87, 0xff, 0xff, 0xff, 0xff, 0xff, 0xff, 0xff, 0xff, 0xfc, 0x09, 0x84, 0x3b, 0xf9, 0x23,
    0xfe, 0x4d, 0xbf, 0xfe, 0x0f, 0xff, 0xff, 0xff, 0xff, 0xff, 0xff, 0xff, 0xfc, 0x10, 0x44, 0x40, 0x82, 0x40, 0x00, 0x81, 0x00, 0x92, 0x09, 0x04,
    0x01, 0x10, 0x44, 0x04, 0x00, 0x41, 0x00, 0x82, 0x00, 0x80, 0x02, 0x02, 0x20, 0x80, 0x10, 0x40, 0x02, 0x10, 0x24, 0x92, 0x08, 0x04, 0x90, 0x48,
    0x00, 0x08, 0x89, 0x04, 0x80, 0x04, 0x02, 0x04, 0x09, 0x02, 0x48, 0x08, 0x20, 0x81, 0x04, 0x00, 0x11, 0x30, 0x09, 0x7e, 0x1f, 0x07, 0xff, 0xff,
    0xff, 0xfb, 0x7f, 0xff, 0xf9, 0x3f, 0xff, 0xff, 0xff, 0xff, 0xff, 0x6f, 0xcf, 0xff, 0xf0, 0x60, 0xfc, 0xff, 0xfe, 0x00, 0xd8, 0x00, 0x1f, 0xf0,
    0x01, 0xff, 0xff, 0xff, 0xff, 0xff, 0xff, 0xff, 0xe0, 0x04, 0x10, 0x12, 0x20, 0x12, 0x44, 0x20, 0x48, 0x00, 0x80, 0x41, 0x20, 0x41, 0x01, 0x21,
    0x24, 0x10, 0x48, 0x20, 0x88, 0x22, 0x48, 0x88, 0x08, 0x12, 0x02, 0x04, 0x90, 0x44, 0x80, 0x00, 0x82, 0x40, 0x04, 0x02, 0x48, 0x82, 0x00, 0x40,
    0x22, 0x40, 0x40, 0x89, 0x20, 0x40, 0x02, 0x42, 0x08, 0x20, 0x41, 0x00, 0x20, 0x04, 0x21, 0xff, 0xff, 0xff, 0xff, 0xff, 0xff, 0xff, 0xff, 0xff,
    0xfe, 0x7f, 0xff, 0xff, 0xff, 0xff, 0xf8, 0x00, 0x01, 0x00, 0x03, 0x0c, 0xff, 0xff, 0xff, 0x90, 0x01, 0x92, 0x40, 0x01, 0x90, 0xff, 0xff, 0xff,
    0xff, 0xff, 0xff, 0xff, 0x80, 0xa1, 0x02, 0x00, 0x09, 0x00, 0x11, 0x08, 0x02, 0x48, 0x24, 0x10, 0x08, 0x04, 0x10, 0x08, 0x01, 0x04, 0x02, 0x08,
    0x22, 0x08, 0x00, 0x20, 0x82, 0x40, 0x88, 0x20, 0x04, 0x00, 0x12, 0x48, 0x20, 0x12, 0x41, 0x20, 0x02, 0x10, 0x24, 0x12, 0x08, 0x11, 0x10, 0x20,
    0x04, 0x11, 0x20, 0x10, 0x82, 0x08, 0x10, 0x40, 0x24, 0x81, 0x03, 0xff, 0xff, 0xff, 0xff, 0xff, 0xff, 0xff, 0xff, 0xff, 0xff, 0xff, 0xff, 0xff,
    0xff, 0xff, 0xc0, 0x90, 0x30, 0x01, 0x08, 0x23, 0xff, 0xff, 0xff, 0xf4, 0x84, 0x20, 0x00, 0x88, 0x42, 0x3f, 0xff, 0xff, 0xff, 0xff, 0xff, 0xff,
    0x04, 0x08, 0x48, 0x89, 0x00, 0x49, 0x00, 0x02, 0x20, 0x02, 0x01, 0x04, 0x82, 0x20, 0x04, 0x82, 0x48, 0x41, 0x20, 0x82, 0x00, 0x81, 0x22, 0x00,
    0x20, 0x04, 0x20, 0x89, 0x21, 0x22, 0x40, 0x02, 0x09, 0x00, 0x10, 0x09, 0x20, 0x01, 0x01, 0x00, 0x81, 0x04, 0x04, 0x04, 0x91, 0x04, 0x09, 0x00,
    0x20, 0x82, 0x04, 0x00, 0x04, 0x30, 0x7f, 0xff, 0xff, 0xff, 0xff, 0xff, 0xff, 0xff, 0xff, 0xff, 0xff, 0xff, 0xff, 0xff, 0xff, 0xff, 0x04, 0x8b,
    0x04, 0x99, 0x22, 0x83, 0xff, 0xff, 0xff, 0xfe, 0x30, 0x0d, 0x24, 0x63, 0xf0, 0x00, 0x7f, 0xff, 0xff, 0xff, 0xff, 0xfc, 0x11, 0x02, 0x00, 0x20,
    0x44, 0x00, 0x48, 0x90, 0x89, 0x20, 0x90, 0x40, 0x20, 0x88, 0x80, 0x20, 0x02, 0x10, 0x08, 0x20, 0x84, 0x24, 0x08, 0x12, 0x09, 0x11, 0x04, 0x00,
    0x08, 0x08, 0x09, 0x20, 0x80, 0x49, 0x04, 0x80, 0x09, 0x24, 0x48, 0x48, 0x24, 0x40, 0x81, 0x10, 0x00, 0x40, 0x80, 0x44, 0x08, 0x20, 0x81, 0x00,
    0x11, 0xff, 0xff, 0xff, 0xff, 0xff, 0xff, 0xff, 0xff, 0xff, 0xff, 0xff, 0xff, 0xff, 0xff, 0xff, 0xff, 0xfe, 0x33, 0x20, 0x4c, 0x40, 0x64, 0x37,
    0xff, 0xff, 0xff, 0xff, 0x82, 0xff, 0xc9, 0x1f, 0xf9, 0x00, 0x04, 0x1f, 0xb6, 0xed, 0xff, 0xf8, 0x00, 0x40, 0x92, 0x04, 0x11, 0x24, 0x02, 0x04,
    0x00, 0x08, 0x04, 0x12, 0x08, 0x02, 0x22, 0x01, 0x20, 0x84, 0x82, 0x08, 0x21, 0x00, 0x41, 0x00, 0x80, 0x40, 0x41, 0x12, 0x42, 0x41, 0x20, 0x08,
    0x24, 0x00, 0x40, 0x24, 0x80, 0x00, 0x02, 0x02, 0x00, 0x12, 0x20, 0x42, 0x48, 0x08, 0x24, 0x11, 0x01, 0x04, 0x20, 0x00, 0x03, 0xff, 0xff, 0xff,
    0xff, 0xff, 0xff, 0xff, 0xff, 0xff, 0xdf, 0xff, 0xff, 0xff, 0xff, 0xff, 0xff, 0xfe, 0x4f, 0xfe, 0x7f, 0x86, 0xfc, 0x0f, 0xff, 0xff, 0xff, 0xff,
    0xff, 0xff, 0xff, 0xff, 0xfc, 0x49, 0x80, 0x80, 0x00, 0x00, 0x00, 0x00, 0x88, 0x18, 0x00, 0x91, 0x00, 0x01, 0x20, 0x41, 0x24, 0x82, 0x41, 0x00,
    0x82, 0x40, 0x08, 0x10, 0x08, 0x00, 0x20, 0x82, 0x08, 0x42, 0x04, 0x44, 0x24, 0x08, 0x10, 0x00, 0x10, 0x10, 0x04, 0x82, 0x01, 0x24, 0x12, 0x00,
    0x24, 0x92, 0x20, 0x90, 0x91, 0x00, 0x08, 0x08, 0x02, 0x21, 0x01, 0x00, 0x44, 0x10, 0x08, 0x80, 0xff, 0xff, 0xff, 0xff, 0xff, 0xff, 0xff, 0xff,
    0xff, 0xff, 0x07, 0xff, 0xff, 0xff, 0xff, 0xff, 0xff, 0xff, 0x1f, 0xff, 0xff, 0xff, 0xff, 0xff, 0xff, 0xff, 0xff, 0xff, 0xff, 0xff, 0xff, 0xff,
    0xff, 0xc8, 0x32, 0x20, 0x41, 0x10, 0x00, 0x00, 0x22, 0x22, 0x48, 0x00, 0x48, 0x90, 0x09, 0x10, 0x00, 0x20, 0x10, 0x48, 0x20, 0x11, 0x01, 0x04,
    0x82, 0x49, 0x08, 0x20, 0x42, 0x10, 0x80, 0x11, 0x01, 0x02, 0x04, 0x49, 0x01, 0x04, 0x80, 0x20, 0x90, 0x01, 0x00, 0x92, 0x00, 0x00, 0x88, 0x04,
    0x04, 0x48, 0x42, 0x21, 0x20, 0x84, 0x48, 0x48, 0x10, 0x81, 0x02, 0x00, 0xff, 0xff, 0xff, 0xff, 0xff, 0xff, 0xff, 0xf0, 0x69, 0x90, 0x20, 0x63,
    0xe8, 0x7f, 0xff, 0xff, 0xff, 0x8f, 0xff, 0xff, 0xff, 0xff, 0xff, 0xff, 0xff, 0xff, 0xff, 0xff, 0xff, 0xff, 0xff, 0xff, 0xff, 0xf2, 0x01, 0x09,
    0x08, 0x44, 0x92, 0x44, 0x20, 0x80, 0x02, 0x48, 0x02, 0x04, 0x80, 0x04, 0x49, 0x09, 0x04, 0x02, 0x09, 0x04, 0x44, 0x40, 0x20, 0x00, 0x42, 0x09,
    0x00, 0x04, 0x10, 0x80, 0x10, 0x40, 0x81, 0x00, 0x48, 0x40, 0x22, 0x08, 0x04, 0x90, 0x48, 0x00, 0x92, 0x48, 0x02, 0x41, 0x20, 0x02, 0x00, 0x80,
    0x08, 0x00, 0x02, 0x02, 0x00, 0x20, 0x40, 0x00, 0xff, 0xff, 0xff, 0xff, 0xff, 0xff, 0xff, 0xc0, 0x00, 0x04, 0x80, 0x00, 0x00, 0x1f, 0xff, 0xff,
    0xff, 0x0f, 0xff, 0xff, 0xff, 0xff, 0xff, 0xff, 0xff, 0xff, 0xff, 0xff, 0xff, 0xff, 0xff, 0xff, 0xff, 0xf0, 0xc8, 0x42, 0x22, 0x00, 0x44, 0x11,
    0x08, 0x11, 0x20, 0x02, 0x20, 0x40, 0x24, 0x41, 0x00, 0x40, 0x41, 0x20, 0x80, 0x40, 0x10, 0x12, 0x09, 0x24, 0x10, 0x80, 0x24, 0x40, 0x44, 0x08,
    0x82, 0x10, 0x30, 0x12, 0x02, 0x12, 0x08, 0x82, 0x40, 0x04, 0x02, 0x48, 0x00, 0x02, 0x40, 0x10, 0x02, 0x20, 0x90, 0x12, 0x42, 0x48, 0x90, 0x80,
    0x89, 0x08, 0x11, 0x00, 0xff, 0xff, 0x6f, 0x9f, 0xff, 0xff, 0xfe, 0x05, 0x84, 0x40, 0x12, 0x94, 0x16, 0x40, 0x72, 0xff, 0x80, 0x43, 0xff, 0xff,
    0xff, 0xff, 0xfe, 0x3f, 0xff, 0xff, 0xff, 0xff, 0xff, 0xff, 0xff, 0xff, 0xff, 0x04, 0x04, 0x20, 0x80, 0x93, 0x00, 0x00, 0x42, 0x44, 0x09, 0x21,
    0x09, 0x12, 0x01, 0x10, 0x24, 0x12, 0x10, 0x08, 0x22, 0x12, 0x01, 0x00, 0x80, 0x01, 0x04, 0x24, 0x81, 0x08, 0x01, 0x22, 0x08, 0x04, 0x02, 0x40,
    0x20, 0x80, 0x80, 0x20, 0x12, 0x41, 0x20, 0x02, 0x49, 0x20, 0x11, 0x04, 0x90, 0x88, 0x04, 0x40, 0x10, 0x02, 0x04, 0x24, 0x20, 0x02, 0x04, 0x00,
    0xff, 0xfc, 0x00, 0x00, 0x03, 0xef, 0xc8, 0x27, 0xf7, 0xdf, 0xe2, 0x04, 0xc0, 0x00, 0x00, 0x32, 0x02, 0x31, 0xff, 0xff, 0xff, 0xff, 0xf8, 0x0f,
    0xff, 0xff, 0x7f, 0xa0, 0x6f, 0xff, 0xff, 0xff, 0xfc, 0x01, 0x21, 0x28, 0x18, 0x08, 0x21, 0x24, 0x10, 0x00, 0x80, 0x08, 0x40, 0x00, 0x90, 0x04,
    0x81, 0x00, 0x84, 0x82, 0x08, 0x00, 0x88, 0x48, 0x24, 0x90, 0x40, 0x00, 0x10, 0x02, 0x20, 0x00, 0x40, 0x81, 0x08, 0x04, 0x88, 0x08, 0x24, 0x09,
    0x00, 0x10, 0x09, 0x20, 0x00, 0x09, 0x04, 0x40, 0x04, 0x02, 0x21, 0x09, 0x04, 0x90, 0x41, 0x01, 0x04, 0x80, 0x80, 0x80, 0x00, 0x30, 0x10, 0x40,
    0x00, 0x00, 0x01, 0x87, 0xff, 0xff, 0xe9, 0x2e, 0x0d, 0x92, 0x89, 0x00, 0x64, 0x8d, 0xff, 0xff, 0xff, 0xff, 0xa1, 0x47, 0x3f, 0xe0, 0x00, 0x00,
    0x03, 0xff, 0xff, 0xbf, 0x80, 0x99, 0x08, 0x0a, 0x43, 0x20, 0x84, 0x01, 0x04, 0x92, 0x24, 0x82, 0x12, 0x48, 0x04, 0x80, 0x10, 0x48, 0x20, 0x20,
    0x80, 0x88, 0x22, 0x02, 0x00, 0x04, 0x12, 0x42, 0x04, 0x40, 0x88, 0x91, 0x12, 0x20, 0x41, 0x10, 0x02, 0x42, 0x01, 0x00, 0x49, 0x04, 0x80, 0x09,
    0x24, 0x80, 0x40, 0x12, 0x41, 0x20, 0x88, 0x00, 0x40, 0x01, 0x10, 0x48, 0x10, 0x24, 0x22, 0x00, 0x00, 0x02, 0x42, 0x13, 0x28, 0x10, 0x24, 0x1f,
    0xff, 0xff, 0xff, 0xff, 0xff, 0x88, 0x89, 0x0c, 0x89, 0x3f, 0xff, 0x07, 0xfb, 0xfc, 0x04, 0x10, 0x00, 0x00, 0x82, 0x4c, 0x90, 0x7f, 0xfe, 0x00,
    0x02, 0x40, 0x42, 0x81, 0x00, 0x20, 0x10, 0x98, 0x40, 0x01, 0x00, 0x20, 0x80, 0x02, 0x40, 0x22, 0x44, 0x02, 0x09, 0x04, 0x24, 0x22, 0x00, 0x90,
    0x92, 0x41, 0x00, 0x10, 0x81, 0x08, 0x02, 0x04, 0x00, 0x08, 0x10, 0x41, 0x10, 0x10, 0x90, 0x44, 0x00, 0x40, 0x24, 0x80, 0x00, 0x24, 0x12, 0x00,
    0x10, 0x08, 0x02, 0x24, 0x09, 0x24, 0x04, 0x02, 0x42, 0x00, 0x08, 0x00, 0x09, 0x00, 0x1a, 0x80, 0xc2, 0x42, 0x21, 0x0f, 0xff, 0xff, 0xff, 0xff,
    0xff, 0x89, 0x20, 0x62, 0x0b, 0xff, 0xc0, 0x00, 0x80, 0x20, 0x40, 0x90, 0x80, 0x36, 0x2a, 0x30, 0x04, 0x00, 0x30, 0x40, 0x98, 0x24, 0x10, 0x90,
    0x4e, 0x82, 0x42, 0x02, 0x13, 0x24, 0x49, 0x0c, 0x24, 0x90, 0x12, 0x08, 0x01, 0x20, 0x80, 0x40, 0x01, 0x00, 0x90, 0x04, 0x00, 0x10, 0x48, 0x84,
    0x20, 0x00, 0x40, 0x20, 0x44, 0x42, 0x04, 0x04, 0x04, 0x84, 0x04, 0x11, 0x24, 0x12, 0x00, 0x12, 0x42, 0x01, 0x00, 0x89, 0x04, 0x82, 0x40, 0x81,
    0x20, 0x00, 0x81, 0x20, 0x00, 0x49, 0x01, 0x00, 0x20, 0x49, 0x7f, 0xff, 0xfb, 0xf9, 0x84, 0x7f, 0xff, 0xff, 0xff, 0xff, 0xff, 0xc2, 0x3f, 0x3f,
    0x4f, 0xff, 0x00, 0xc8, 0x04, 0x03, 0x1e, 0x46, 0x26, 0x80, 0x08, 0xfe, 0x61, 0x00, 0x01, 0x16, 0x22, 0x04, 0x84, 0x04, 0x8f, 0xc0, 0x08, 0x40,
    0x80, 0x00, 0x00, 0x40, 0x00, 0x04, 0x80, 0x81, 0x20, 0x08, 0x24, 0x10, 0x90, 0x48, 0x04, 0x40, 0x49, 0x04, 0x02, 0x00, 0x08, 0x91, 0x10, 0x82,
    0x11, 0x00, 0x81, 0x10, 0x40, 0x20, 0x41, 0x00, 0x01, 0x00, 0x92, 0x40, 0x10, 0x48, 0x48, 0x20, 0x40, 0x20, 0x10, 0x10, 0x02, 0x48, 0x20, 0x09,
    0x24, 0x00, 0x44, 0x00, 0x04, 0x00, 0x7f, 0xff, 0xff, 0xff, 0xff, 0xff, 0xff, 0xff, 0xff, 0xff, 0xff, 0xc0, 0xff, 0xff, 0xff, 0xff, 0x26, 0x22,
    0x51, 0x10, 0x3f, 0xf0, 0x20, 0x09, 0x91, 0xff, 0x08, 0x49, 0x8c, 0x10, 0x00, 0xc2, 0x24, 0x7d, 0xff, 0x0c, 0x81, 0x14, 0x24, 0x92, 0x24, 0x12,
    0x49, 0x20, 0x24, 0x24, 0x08, 0x82, 0x01, 0x04, 0x04, 0x02, 0x41, 0x12, 0x00, 0x41, 0x20, 0x22, 0x42, 0x04, 0x04, 0x10, 0x80, 0x24, 0x20, 0x41,
    0x08, 0x09, 0x10, 0x48, 0x90, 0x48, 0x00, 0x04, 0x81, 0x00, 0x02, 0x04, 0x12, 0x09, 0x04, 0x04, 0x90, 0x02, 0x08, 0x80, 0x01, 0x12, 0x10, 0x80,
    0x11, 0x24, 0xff, 0xff, 0xff, 0xff, 0xff, 0xff, 0xff, 0xf0, 0x7f, 0xfe, 0x7f, 0xff, 0xff, 0xf7, 0xff, 0xfc, 0x10, 0x21, 0x02, 0x44, 0xff, 0xff,
    0xff, 0x77, 0xff, 0xff, 0x8b, 0x12, 0x22, 0xc1, 0x94, 0x10, 0x91, 0x3f, 0xfe, 0x00, 0x24, 0x01, 0x00, 0x00, 0x81, 0x00, 0x42, 0x09, 0x01, 0x00,
    0x82, 0x20, 0x90, 0x41, 0x21, 0x20, 0x10, 0x00, 0x92, 0x10, 0x08, 0x88, 0x10, 0x40, 0x81, 0x04, 0x08, 0x01, 0x08, 0x04, 0x22, 0x40, 0x04, 0x02,
    0x04, 0x02, 0x49, 0x10, 0x08, 0x12, 0x20, 0x91, 0x00, 0x80, 0x41, 0x20, 0x04, 0x90, 0x82, 0x24, 0x88, 0x40, 0x02, 0x00, 0x40, 0xc7, 0xff, 0xff,
    0xff, 0xff, 0xff, 0xff, 0xfd, 0xe0, 0x18, 0x70, 0x1f, 0xff, 0xff, 0x80, 0xff, 0xfc, 0x81, 0x9c, 0x28, 0x1f, 0xff, 0xff, 0xff, 0xff, 0xff, 0xff,
    0xe3, 0xcf, 0x83, 0xf2, 0x21, 0x10, 0x84, 0xff, 0xfc, 0x32, 0x00, 0x88, 0x49, 0x24, 0x10, 0x49, 0x10, 0x80, 0x48, 0x48, 0x20, 0x08, 0x04, 0x10,
    0x08, 0x09, 0x04, 0x88, 0x00, 0x84, 0x82, 0x01, 0x04, 0x10, 0x20, 0x41, 0x02, 0x48, 0x42, 0x20, 0x00, 0x12, 0x41, 0x20, 0x41, 0x20, 0x00, 0x41,
    0x20, 0x80, 0x80, 0x00, 0x48, 0x24, 0x10, 0x02, 0x40, 0x04, 0x20, 0x00, 0x20, 0x04, 0x88, 0x00, 0xff, 0xff, 0xff, 0xff, 0xff, 0xff, 0xff, 0xff,
    0xff, 0xc9, 0x80, 0x01, 0x0f, 0xff, 0xff, 0x08, 0x01, 0xf0, 0x3e, 0x7f, 0xfd, 0x3f, 0xff, 0xff, 0xff, 0xff, 0xff, 0xff, 0xff, 0xff, 0xff, 0xf8,
    0x09, 0xfe, 0x3f, 0xff, 0xf0, 0x80, 0x92, 0x22, 0x00, 0x01, 0x04, 0x00, 0x04, 0x24, 0x02, 0x02, 0x09, 0x02, 0x41, 0x04, 0x80, 0x80, 0x40, 0x22,
    0x48, 0x00, 0x20, 0x10, 0x01, 0x04, 0x08, 0x10, 0x20, 0x02, 0x10, 0x88, 0x91, 0x00, 0x10, 0x09, 0x10, 0x09, 0x24, 0x04, 0x04, 0x24, 0x12, 0x48,
    0x02, 0x01, 0x04, 0x90, 0x12, 0x41, 0x09, 0x12, 0x04, 0x90, 0x20, 0x80, 0xff, 0xff, 0xff, 0xff, 0xff, 0xff, 0xff, 0xff, 0xff, 0x84, 0x24, 0x89,
    0x2f, 0xff, 0xfe, 0x43, 0x10, 0x02, 0x5f, 0xff, 0xff, 0xff, 0xff, 0xff, 0xff, 0xff, 0xff, 0xff, 0xff, 0xff, 0xff, 0xfd, 0xd3, 0xff, 0xff, 0xff,
    0x82, 0x08, 0x40, 0x00, 0x92, 0x48, 0x41, 0x24, 0x91, 0x01, 0x20, 0x90, 0x80, 0x40, 0x10, 0x40, 0x24, 0x24, 0x12, 0x00, 0x02, 0x49, 0x04, 0x42,
    0x48, 0x20, 0x82, 0x04, 0x84, 0x90, 0x84, 0x02, 0x04, 0x44, 0x84, 0x80, 0x04, 0x80, 0x01, 0x20, 0x41, 0x00, 0x40, 0x09, 0x20, 0x90, 0x40, 0x04,
    0x80, 0x10, 0x40, 0x40, 0x90, 0x02, 0x02, 0x00, 0xff, 0xff, 0xff, 0xff, 0xff, 0xff, 0xff, 0xbf, 0xff, 0x93, 0xc1, 0x20, 0x87, 0xff, 0xfe, 0x10,
    0x44, 0x08, 0x1f, 0xff, 0xff, 0xff, 0xff, 0xff, 0xff, 0xff, 0xff, 0xff, 0xff, 0xff, 0xff, 0xff, 0xff, 0xff, 0xff, 0xfc, 0x08, 0x43, 0x09, 0x24,
    0x01, 0x02, 0x10, 0x00, 0x40, 0x48, 0x08, 0x04, 0x24, 0x11, 0x04, 0x12, 0x01, 0x01, 0x00, 0x91, 0x20, 0x00, 0x10, 0x00, 0x00, 0x82, 0x10, 0x80,
    0x10, 0x00, 0x01, 0x20, 0x40, 0x10, 0x20, 0x24, 0x80, 0x24, 0x90, 0x09, 0x10, 0x49, 0x09, 0x20, 0x08, 0x04, 0x12, 0x40, 0x24, 0x84, 0x12, 0x08,
    0x02, 0x40, 0x90, 0x40, 0xff, 0xff, 0xff, 0xff, 0xff, 0xef, 0xfc, 0x00, 0x1c, 0x07, 0xd9, 0x06, 0x27, 0xff, 0xff, 0xf4, 0x91, 0x63, 0x3f, 0xff,
    0xff, 0xfe, 0xff, 0xff, 0xff, 0xff, 0xff, 0xff, 0xff, 0xff, 0xff, 0xff, 0xff, 0xff, 0xff, 0xd8, 0x41, 0x10, 0x20, 0x04, 0x48, 0x20, 0x84, 0x92,
    0x08, 0x02, 0x42, 0x41, 0x01, 0x04, 0x41, 0x00, 0x90, 0x40, 0x48, 0x04, 0x09, 0x24, 0x81, 0x09, 0x24, 0x10, 0x40, 0x22, 0x41, 0x09, 0x20, 0x09,
    0x11, 0x01, 0x09, 0x00, 0x22, 0x00, 0x04, 0x80, 0x04, 0x00, 0x00, 0x04, 0x82, 0x41, 0x00, 0x12, 0x00, 0x21, 0x00, 0x82, 0x48, 0x08, 0x04, 0x00,
    0xff, 0xff, 0xff, 0xff, 0xff, 0xff, 0xf0, 0x40, 0x00, 0x67, 0xe2, 0xd7, 0x93, 0xff, 0xff, 0xfd, 0x24, 0x08, 0x9f, 0xff, 0xff, 0xff, 0xf6, 0x3f,
    0xff, 0x7f, 0xff, 0xff, 0xff, 0xff, 0xff, 0xff, 0xff, 0xff, 0xff, 0x82, 0x10, 0x04, 0x84, 0x91, 0x02, 0x08, 0x20, 0x00, 0x82, 0x20, 0x10, 0x10,
    0x48, 0x40, 0x10, 0x48, 0x04, 0x12, 0x02, 0x40, 0x80, 0x00, 0x20, 0x40, 0x01, 0x01, 0x04, 0x08, 0x04, 0x20, 0x08, 0x80, 0x04, 0x48, 0x40, 0x49,
    0x08, 0x92, 0x40, 0x24, 0x41, 0x22, 0x44, 0x90, 0x20, 0x10, 0x49, 0x00, 0x89, 0x08, 0x44, 0x20, 0x01, 0x21, 0x20, 0x80, 0xff, 0xff, 0xff, 0xfc,
    0x08, 0x30, 0x82, 0x49, 0x23, 0x0f, 0xff, 0xff, 0xc3, 0xff, 0xff, 0xff, 0xc2, 0x08, 0x3f, 0xff, 0xff, 0xfb, 0xfc, 0x0f, 0xbd, 0xff, 0xff, 0xff,
    0xff, 0xff, 0xff, 0xff, 0xff, 0xff, 0xfe, 0x00, 0x8a, 0x60, 0x10, 0x80, 0x21, 0x02, 0x09, 0x24, 0x24, 0x89, 0x04, 0x84, 0x02, 0x12, 0x04, 0x02,
    0x41, 0x00, 0x90, 0x12, 0x24, 0x92, 0x08, 0x10, 0x90, 0x20, 0x11, 0x01, 0x20, 0x04, 0x82, 0x12, 0x20, 0x02, 0x04, 0x00, 0x40, 0x00, 0x12, 0x01,
    0x10, 0x08, 0x10, 0x02, 0x09, 0x04, 0x00, 0x48, 0x20, 0x42, 0x11, 0x09, 0x24, 0x04, 0x02, 0x00, 0xff, 0xfc, 0x1f, 0xb0, 0x00, 0x00, 0x09, 0x02,
    0x08, 0x1f, 0xff, 0xff, 0x88, 0xff, 0xff, 0xff, 0xd8, 0xf2, 0x7f, 0xff, 0xff, 0xb0, 0x01, 0x06, 0xff, 0xff, 0xff, 0xff, 0xff, 0xff, 0xff, 0xff,
    0xff, 0xdf, 0xd8, 0x14, 0x80, 0x89, 0x22, 0x24, 0x88, 0x44, 0x84, 0x04, 0x00, 0x00, 0x60, 0x21, 0x20, 0x80, 0xc1, 0x20, 0x10, 0x48, 0x04, 0x80,
    0x00, 0x00, 0x82, 0x04, 0x04, 0x08, 0x80, 0x44, 0x09, 0x10, 0x20, 0x40, 0x82, 0x20, 0x21, 0x24, 0x12, 0x49, 0x00, 0x90, 0x04, 0x81, 0x02, 0x48,
    0x80, 0x41, 0x24, 0x02, 0x04, 0x10, 0x80, 0x40, 0x00, 0x40, 0x40, 0x00, 0xfd, 0x00, 0x00, 0x02, 0x44, 0x89, 0x44, 0xfc, 0xd0, 0xbf, 0xff, 0xff,
    0x88, 0x3f, 0xff, 0xff, 0xff, 0xff, 0xff, 0xff, 0xfb, 0xc4, 0x00, 0x50, 0x6f, 0xff, 0xfe, 0xf8, 0x7f, 0xfd, 0xe1, 0xff, 0xff, 0x7e, 0xe2, 0x41,
    0x24, 0x04, 0x88, 0x10, 0x04, 0x90, 0x20, 0xc1, 0x32, 0x44, 0x09, 0x08, 0x08, 0x24, 0x10, 0x09, 0x04, 0x02, 0x40, 0x24, 0x92, 0x48, 0x20, 0x81,
    0x01, 0x02, 0x22, 0x10, 0x80, 0x42, 0x09, 0x04, 0x10, 0x89, 0x08, 0x01, 0x00, 0x00, 0x48, 0x04, 0x40, 0x24, 0x48, 0x00, 0x24, 0x10, 0x01, 0x20,
    0x91, 0x04, 0x08, 0x12, 0x49, 0x02, 0x11, 0x00, 0xe4, 0x02, 0x40, 0x00, 0x10, 0x21, 0x13, 0xff, 0xff, 0xff, 0xff, 0xff, 0x92, 0x3f, 0xff, 0xbf,
    0xff, 0xff, 0xff, 0xf6, 0x00, 0x01, 0x24, 0x01, 0x00, 0x7e, 0xd8, 0x02, 0x07, 0x5f, 0x84, 0x1f, 0xef, 0xff, 0xc0, 0x48, 0x44, 0x50, 0x21, 0x42,
    0x40, 0x02, 0x08, 0x10, 0x00, 0x21, 0x00, 0x42, 0x42, 0x01, 0x04, 0x80, 0x41, 0x20, 0x12, 0x00, 0x00, 0x02, 0x08, 0x20, 0x48, 0x40, 0x08, 0x02,
    0x12, 0x08, 0x80, 0x11, 0x04, 0x00, 0x42, 0x48, 0x49, 0x24, 0x02, 0x41, 0x12, 0x00, 0x01, 0x24, 0x01, 0x04, 0x90, 0x08, 0x00, 0x41, 0x22, 0x00,
    0x00, 0x10, 0x88, 0x40, 0x00, 0x20, 0x12, 0x49, 0x03, 0x10, 0x23, 0xff, 0xff, 0xff, 0xff, 0xff, 0x91, 0x3f, 0xff, 0xff, 0xff, 0xff, 0xff, 0xdc,
    0x04, 0x28, 0x49, 0x88, 0x10, 0x1f, 0xf1, 0x04, 0x80, 0x02, 0x10, 0x00, 0xfc, 0xbd, 0x01, 0x06, 0x11, 0x02, 0x09, 0x08, 0x19, 0x20, 0x82, 0x04,
    0x89, 0x88, 0x46, 0x10, 0x10, 0x90, 0x40, 0x24, 0x10, 0x09, 0x00, 0x92, 0x49, 0x20, 0x82, 0x08, 0x00, 0x10, 0x40, 0x88, 0x00, 0x80, 0x32, 0x40,
    0x40, 0x44, 0x10, 0x02, 0x00, 0x01, 0x20, 0x10, 0x00, 0x92, 0x24, 0x01, 0x10, 0x40, 0x04, 0x82, 0x48, 0x10, 0x00, 0x89, 0x24, 0x44, 0x22, 0x00,
    0x08, 0x89, 0x00, 0x03, 0xef, 0xc7, 0xef, 0xff, 0xff, 0xff, 0xff, 0xff, 0xfd, 0x7f, 0xef, 0xff, 0xf7, 0xff, 0xff, 0xf9, 0x61, 0x02, 0x42, 0x72,
    0x84, 0x81, 0x20, 0x51, 0x24, 0xa0, 0x44, 0x80, 0x10, 0x00, 0x21, 0x20, 0x80, 0x88, 0x84, 0x21, 0x00, 0x08, 0x20, 0x80, 0x20, 0x02, 0x10, 0x04,
    0x84, 0x04, 0x12, 0x01, 0x04, 0x80, 0x48, 0x00, 0x00, 0x08, 0x20, 0x82, 0x24, 0x84, 0x04, 0x20, 0x88, 0x24, 0x00, 0x04, 0x12, 0x11, 0x01, 0x20,
    0x92, 0x48, 0x09, 0x04, 0x48, 0x00, 0x80, 0x90, 0x44, 0x12, 0x40, 0x20, 0x02, 0x04, 0x90, 0x20, 0x01, 0x01, 0x00, 0x80, 0x00, 0x00, 0x4f, 0xef,
    0xff, 0xef, 0xff, 0xff, 0xff, 0xff, 0xff, 0xff, 0xff, 0xff, 0xff, 0xff, 0x7f, 0xdf, 0xe0, 0x00, 0x18, 0x5e, 0x17, 0xf8, 0x88, 0x24, 0x02, 0xc2,
    0x04, 0x89, 0x20, 0x49, 0x02, 0x40, 0x08, 0x00, 0x92, 0x21, 0x30, 0x84, 0x44, 0x82, 0x08, 0x32, 0x04, 0x40, 0x81, 0x20, 0x21, 0x21, 0x00, 0x90,
    0x40, 0x24, 0x02, 0x49, 0x24, 0x82, 0x04, 0x10, 0x80, 0x01, 0x21, 0x02, 0x22, 0x01, 0x09, 0x10, 0x80, 0x80, 0x48, 0x08, 0x00, 0x02, 0x40, 0x41,
    0x02, 0x48, 0x12, 0x12, 0x01, 0x00, 0x12, 0x09, 0x20, 0x80, 0x06, 0x04, 0x90, 0x20, 0x10, 0x00, 0x24, 0x46, 0x7f, 0xff, 0xff, 0xff, 0xff, 0xff,
    0xff, 0xff, 0xfb, 0xff, 0xff, 0xff, 0xff, 0xff, 0xff, 0xff, 0x40, 0x0c, 0x9f, 0x7f, 0x9f, 0xf8, 0x22, 0x00, 0x92, 0xf0, 0x92, 0x49, 0x1b, 0x84,
    0x48, 0x00, 0x12, 0x16, 0x11, 0x04, 0x42, 0x10, 0x20, 0x20, 0x82, 0x00, 0x91, 0x12, 0x24, 0x09, 0x08, 0x20, 0x48, 0x04, 0x12, 0x01, 0x20, 0x00,
    0x00, 0x20, 0x40, 0x40, 0x03, 0x20, 0x08, 0x10, 0x00, 0x90, 0x40, 0x40, 0x08, 0x24, 0x02, 0x42, 0x49, 0x20, 0x04, 0x10, 0x20, 0x02, 0x40, 0x40,
    0x90, 0x49, 0x00, 0x80, 0x08, 0x92, 0x40, 0x90, 0x04, 0x88, 0x84, 0x00, 0x01, 0x3f, 0xff, 0xff, 0xff, 0xff, 0xff, 0xff, 0xff, 0xff, 0xff, 0xfb,
    0xff, 0xff, 0xff, 0xf7, 0xfe, 0xf8, 0x13, 0x62, 0x7f, 0xff, 0xff, 0xff, 0xc1, 0x1a, 0x11, 0xfc, 0x02, 0x20, 0x7f, 0x90, 0x04, 0x80, 0x90, 0x90,
    0x44, 0x48, 0x88, 0xc2, 0x22, 0x0c, 0x22, 0x48, 0x40, 0x04, 0x00, 0x80, 0x42, 0x08, 0x82, 0x41, 0x00, 0x90, 0x09, 0x24, 0x92, 0x09, 0x08, 0x04,
    0x20, 0x08, 0x80, 0x84, 0x48, 0x04, 0x12, 0x09, 0x21, 0x01, 0x20, 0x00, 0x00, 0x08, 0x91, 0x02, 0x09, 0x21, 0x09, 0x08, 0x04, 0x00, 0x48, 0x24,
    0x42, 0x00, 0x10, 0x02, 0x40, 0x02, 0x21, 0x00, 0xff, 0xff, 0xff, 0xff, 0xdf, 0xff, 0xff, 0xf7, 0xff, 0xfb, 0xef, 0xff, 0xff, 0xff, 0xdf, 0xff,
    0xff, 0xf0, 0x88, 0x02, 0x7f, 0xff, 0xff, 0xff, 0xf8, 0xc2, 0x44, 0xff, 0xb1, 0xfe, 0xff, 0x04, 0xb0, 0x04, 0x44, 0x42, 0x40, 0x12, 0x22, 0x08,
    0x88, 0x91, 0x08, 0x42, 0x08, 0x81, 0x12, 0x24, 0x10, 0x82, 0x20, 0x18, 0x48, 0x04, 0x80, 0x00, 0x00, 0x80, 0x22, 0x11, 0x08, 0x42, 0x24, 0x21,
    0x02, 0x41, 0x00, 0x20, 0x04, 0x48, 0x09, 0x24, 0x92, 0x42, 0x00, 0x48, 0x80, 0x08, 0x00, 0x22, 0x41, 0x24, 0x02, 0x01, 0x10, 0x49, 0x04, 0x48,
    0x12, 0x40, 0x08, 0x40, 0xff, 0xff, 0xff, 0xff, 0xff, 0xff, 0xff, 0x7f, 0xdf, 0xdf, 0xff, 0xff, 0xff, 0xff, 0xff, 0xff, 0xff, 0xe4, 0xa4, 0x90,
    0xff, 0xff, 0xff, 0xff, 0xff, 0xfc, 0x01, 0xff, 0xff, 0xff, 0xff, 0x42, 0x00, 0x24, 0x41, 0x18, 0x89, 0x01, 0x08, 0x21, 0x01, 0x00, 0x41, 0x10,
    0x82, 0x28, 0x40, 0x01, 0x04, 0x20, 0x09, 0x20, 0x02, 0x40, 0x24, 0x92, 0x48, 0x24, 0x00, 0x80, 0x42, 0x10, 0x01, 0x00, 0x20, 0x10, 0x64, 0x84,
    0x90, 0x00, 0x80, 0x00, 0x00, 0x10, 0x48, 0x00, 0x24, 0x82, 0x24, 0x80, 0x10, 0x01, 0x20, 0x90, 0x04, 0x00, 0x41, 0x01, 0x00, 0x11, 0x42, 0x00,
    0xff, 0xff, 0xff, 0xff, 0xa1, 0xfb, 0xbd, 0xff, 0x7f, 0x7e, 0x50, 0xef, 0xff, 0xff, 0xff, 0xbf, 0xef, 0xf9, 0x25, 0xbf, 0xff, 0xff, 0xff, 0xbf,
    0xff, 0xfd, 0x29, 0xff, 0xff, 0xff, 0xff, 0xf0, 0x41, 0x21, 0x21, 0x04, 0x20, 0x64, 0x45, 0x84, 0x44, 0x48, 0x31, 0x04, 0x24, 0x02, 0x09, 0x30,
    0x41, 0x09, 0x00, 0x02, 0x20, 0x12, 0x00, 0x00, 0x02, 0x01, 0x10, 0x22, 0x00, 0x84, 0x90, 0x12, 0x09, 0x04, 0x00, 0x10, 0x02, 0x24, 0x24, 0x92,
    0x49, 0x04, 0x02, 0x22, 0x00, 0x20, 0x80, 0x11, 0x04, 0x90, 0x08, 0x04, 0x91, 0x24, 0x10, 0x24, 0x49, 0x04, 0x10, 0x80, 0xff, 0xff, 0xff, 0xff,
    0x01, 0xdf, 0xff, 0x9f, 0xff, 0xf8, 0x00, 0x3f, 0xff, 0xff, 0xff, 0xff, 0xff, 0xff, 0xff, 0xff, 0xff, 0xfb, 0xfb, 0xff, 0xff, 0xfc, 0x41, 0xff,
    0xff, 0xff, 0xf7, 0xff, 0x00, 0x90, 0x80, 0x42, 0x00, 0x00, 0x90, 0x10, 0x30, 0x43, 0x04, 0x41, 0x01, 0x10, 0x81, 0x04, 0x10, 0x40, 0x92, 0x48,
    0x89, 0x00, 0x92, 0x49, 0x20, 0x90, 0x42, 0x08, 0x24, 0x00, 0x04, 0x80, 0x80, 0x41, 0x02, 0x42, 0x48, 0x81, 0x00, 0x00, 0x00, 0x41, 0x20, 0x88,
    0x92, 0x08, 0x12, 0x44, 0x40, 0x04, 0x82, 0x40, 0x00, 0x01, 0x04, 0x80, 0x80, 0x40, 0x84, 0x00, 0xff, 0xff, 0xf7, 0xdc, 0x04, 0x7f, 0x60, 0x07,
    0xfc, 0xd1, 0x8c, 0x1f, 0xfd, 0xff, 0xff, 0xff, 0xff, 0xff, 0xff, 0xff, 0xff, 0x7f, 0xef, 0xfd, 0xff, 0xfc, 0x97, 0xff, 0xff, 0xf7, 0xdf, 0xe4,
    0x20, 0x82, 0x14, 0x08, 0x93, 0x28, 0x02, 0x46, 0x03, 0x10, 0x40, 0x10, 0x48, 0x44, 0x24, 0x41, 0x04, 0x12, 0x00, 0x00, 0x80, 0x48, 0x00, 0x00,
    0x08, 0x04, 0x08, 0x80, 0x81, 0x12, 0x40, 0x24, 0x24, 0x10, 0x20, 0x00, 0x00, 0x10, 0x49, 0x24, 0x92, 0x10, 0x08, 0x00, 0x00, 0x82, 0x40, 0x00,
    0x12, 0x40, 0x20, 0x12, 0x48, 0x90, 0x40, 0x12, 0x24, 0x12, 0x21, 0x00, 0xef, 0xff, 0xff, 0xfc, 0x20, 0x18, 0x00, 0x41, 0xe4, 0x04, 0x21, 0x87,
    0xff, 0xff, 0xff, 0xff, 0xbf, 0x7f, 0xff, 0xff, 0xfd, 0xff, 0xbf, 0xef, 0xef, 0xbf, 0xff, 0xfb, 0xff, 0xbf, 0xff, 0x90, 0x08, 0x08, 0x45, 0x20,
    0x10, 0x00, 0x49, 0x20, 0xc8, 0x10, 0x92, 0x24, 0x12, 0x01, 0x00, 0x10, 0x41, 0x00, 0x49, 0x92, 0x24, 0x02, 0x49, 0x24, 0x82, 0x41, 0x20, 0x22,
    0x10, 0x40, 0x12, 0x01, 0x01, 0x04, 0x89, 0x24, 0x92, 0x44, 0x00, 0x00, 0x00, 0x84, 0x82, 0x44, 0x48, 0x20, 0x09, 0x22, 0x00, 0x12, 0x09, 0x00,
    0x02, 0x04, 0x12, 0x40, 0x02, 0x00, 0x08, 0x40, 0xff, 0xfb, 0xff, 0x78, 0x89, 0x00, 0x94, 0x48, 0x01, 0x22, 0x48, 0x20, 0xff, 0xfb, 0xf7, 0xfe,
    0xff, 0xff, 0xff, 0xff, 0xf7, 0xee, 0xff, 0xff, 0xfe, 0xff, 0xff, 0xdf, 0xd3, 0xfe, 0xfe, 0x00, 0x49, 0x11, 0x11, 0x09, 0x20, 0xc4, 0x48, 0x08,
    0x04, 0x86, 0x04, 0x84, 0x80, 0x98, 0x49, 0x04, 0x24, 0x4c, 0x20, 0x00, 0x01, 0x20, 0x00, 0x00, 0x20, 0x10, 0x02, 0x08, 0x04, 0x09, 0x00, 0x90,
    0x10, 0x40, 0x00, 0x00, 0x00, 0x01, 0x24, 0x92, 0x48, 0x20, 0x20, 0x11, 0x02, 0x09, 0x20, 0x08, 0x89, 0x00, 0x80, 0x49, 0x20, 0x41, 0x00, 0x09,
    0x11, 0x24, 0x82, 0x00, 0xfd, 0xff, 0xdf, 0xf0, 0x00, 0x06, 0x11, 0x02, 0x10, 0x88, 0x9e, 0xe0, 0x3f, 0xff, 0xbf, 0xfb, 0xff, 0xff, 0xff, 0xff,
    0xdf, 0xff, 0xe1, 0xff, 0x7f, 0xff, 0x80, 0x01, 0x00, 0x43, 0xf6, 0x22, 0x24, 0x92, 0x40, 0x48, 0x44, 0x00, 0x02, 0x92, 0x30, 0x40, 0x48, 0x10,
    0x88, 0x02, 0x08, 0x63, 0x08, 0x01, 0x04, 0x49, 0x10, 0x09, 0x24, 0x92, 0x09, 0x02, 0x48, 0x80, 0x81, 0x20, 0x48, 0x04, 0x84, 0x12, 0x24, 0x92,
    0x49, 0x20, 0x00, 0x00, 0x02, 0x02, 0x09, 0x00, 0x20, 0x80, 0x04, 0x80, 0x20, 0x48, 0x24, 0x00, 0x09, 0x10, 0x49, 0x20, 0x44, 0x00, 0x20, 0x80,
    0x9f, 0x9f, 0xff, 0xe1, 0x5c, 0x90, 0x43, 0xe0, 0x84, 0x91, 0x7f, 0xfe, 0x3f, 0xef, 0xfe, 0xdf, 0xff, 0xf7, 0xff, 0xf7, 0xff, 0xff, 0x84, 0x5b,
    0xff, 0xf6, 0x00, 0x20, 0x24, 0x00, 0x51, 0x00, 0x24, 0x88, 0x48, 0x21, 0x01, 0x22, 0x60, 0x84, 0x82, 0x49, 0x12, 0x42, 0x23, 0x20, 0x82, 0x08,
    0x42, 0xa0, 0x41, 0x00, 0x44, 0x80, 0x00, 0x00, 0x80, 0x48, 0x00, 0x22, 0x20, 0x04, 0x02, 0x40, 0x21, 0x00, 0x80, 0x00, 0x00, 0x08, 0x92, 0x49,
    0x20, 0x90, 0x80, 0x48, 0x88, 0x24, 0x90, 0x24, 0x04, 0x02, 0x01, 0x24, 0x80, 0x04, 0x00, 0x04, 0x00, 0xc9, 0x08, 0x00, 0x00, 0x00, 0x0f, 0x80,
    0x3e, 0x11, 0x3f, 0xc9, 0x22, 0x12, 0x7f, 0xff, 0xff, 0xff, 0xff, 0xff, 0xfb, 0xdf, 0xbf, 0xff, 0xb2, 0x10, 0x10, 0x01, 0xef, 0xfc, 0x24, 0x89,
    0x11, 0x30, 0x08, 0x05, 0x10, 0x25, 0x04, 0x20, 0xa9, 0x09, 0x0c, 0x61, 0x09, 0x08, 0x20, 0x88, 0x20, 0x24, 0x30, 0x80, 0x10, 0x08, 0x90, 0x24,
    0x00, 0x24, 0x92, 0x48, 0x24, 0x01, 0x24, 0x08, 0x08, 0x91, 0x20, 0x12, 0x08, 0x48, 0x12, 0x49, 0x24, 0x82, 0x00, 0x00, 0x08, 0x04, 0x24, 0x02,
    0x02, 0x00, 0x02, 0x01, 0x10, 0x90, 0x90, 0x00, 0x24, 0x81, 0x24, 0x91, 0x22, 0x00, 0x42, 0x40, 0x00, 0x40, 0x00, 0x08, 0xbf, 0x7c, 0xff, 0xf0,
    0x78, 0xc3, 0xff, 0xff, 0xfe, 0xdf, 0xff, 0xff, 0xff, 0xff, 0xff, 0xff, 0x00, 0x00, 0x49, 0x24, 0x00, 0x40, 0xb9, 0x12, 0x40, 0x04, 0x00, 0xc4,
    0x92, 0x04, 0x21, 0x02, 0x04, 0x10, 0x11, 0x08, 0x48, 0x22, 0x88, 0x21, 0x08, 0x81, 0x04, 0x24, 0x84, 0x42, 0x04, 0x82, 0x49, 0x00, 0x00, 0x02,
    0x01, 0x24, 0x01, 0x01, 0x02, 0x00, 0x09, 0x00, 0x82, 0x02, 0x00, 0x00, 0x00, 0x20, 0x49, 0x26, 0x42, 0x41, 0x01, 0x20, 0x40, 0x92, 0x48, 0x90,
    0x42, 0x04, 0x04, 0x92, 0x00, 0x30, 0x00, 0x00, 0x08, 0x24, 0x10, 0x00, 0x04, 0x12, 0x40, 0x22, 0x3f, 0xff, 0xff, 0xff, 0xff, 0xff, 0xff, 0xff,
    0xff, 0xff, 0xff, 0xff, 0xff, 0xff, 0xff, 0x7c, 0x09, 0x24, 0x89, 0x00, 0x00, 0x02, 0xff, 0xff, 0x88, 0xc0, 0x04, 0x22, 0x42, 0x90, 0x89, 0x10,
    0x44, 0x46, 0x82, 0x12, 0x42, 0x80, 0x03, 0x12, 0x42, 0x18, 0x41, 0x08, 0x21, 0x10, 0x48, 0x10, 0x80, 0x49, 0x24, 0x90, 0x90, 0x00, 0x90, 0x44,
    0x40, 0x48, 0x80, 0x48, 0x20, 0x90, 0x89, 0x24, 0x92, 0x09, 0x00, 0x00, 0x10, 0x10, 0x48, 0x09, 0x12, 0x00, 0x00, 0x04, 0x88, 0x41, 0x20, 0x00,
    0x92, 0x04, 0x92, 0x64, 0x81, 0x01, 0x04, 0x80, 0x24, 0x80, 0x12, 0x00, 0x7f, 0xff, 0xff, 0xff, 0xff, 0xff, 0xff, 0xdf, 0xf7, 0xff, 0xbf, 0x7b,
    0xdf, 0xff, 0xff, 0xfc, 0x42, 0x44, 0x20, 0x92, 0x49, 0x25, 0xff, 0xff, 0xff, 0x10, 0x05, 0x29, 0x08, 0x82, 0x40, 0x4c, 0x09, 0x08, 0x62, 0x42,
    0x20, 0x24, 0x60, 0x42, 0x12, 0x42, 0x12, 0x43, 0x08, 0x05, 0x02, 0x44, 0x24, 0x00, 0x00, 0x04, 0x08, 0x92, 0x04, 0x10, 0x11, 0x02, 0x24, 0x02,
    0x08, 0x04, 0x20, 0x00, 0x00, 0x80, 0x24, 0x91, 0x04, 0x84, 0x02, 0x40, 0x00, 0x49, 0x24, 0x40, 0x20, 0x10, 0x09, 0x24, 0x04, 0x80, 0x02, 0x00,
    0x24, 0x48, 0x40, 0x00, 0x20, 0x24, 0x82, 0x49, 0x7f, 0xff, 0xff, 0xff, 0xff, 0xff, 0xff, 0xff, 0xff, 0xfb, 0xfd, 0xff, 0xff, 0x7e, 0xf7, 0xf8,
    0x10, 0x91, 0x1e, 0x1c, 0x00, 0x11, 0xf7, 0xff, 0xff, 0x00, 0x61, 0x10, 0x09, 0x22, 0x10, 0x82, 0x20, 0x91, 0x08, 0x48, 0x8c, 0x89, 0x0c, 0x08,
    0x90, 0x82, 0x00, 0x24, 0x42, 0x40, 0x30, 0x01, 0x01, 0x24, 0x92, 0x41, 0x22, 0x00, 0x41, 0x02, 0x04, 0x20, 0x01, 0x20, 0xc2, 0x41, 0x04, 0x92,
    0x48, 0x24, 0x80, 0x10, 0x40, 0x21, 0x20, 0x12, 0x49, 0x00, 0x01, 0x19, 0x04, 0x84, 0x80, 0x01, 0x20, 0x22, 0x48, 0x92, 0x00, 0x02, 0x12, 0x40,
    0x09, 0x00, 0x20, 0x00, 0xff, 0xff, 0xff, 0x7f, 0xff, 0xff, 0xfd, 0xff, 0xbf, 0xbf, 0xf7, 0xff, 0xff, 0xff, 0xff, 0xfc, 0x9e, 0x06, 0x7f, 0xdf,
    0xb8, 0xc7, 0xff, 0xbf, 0xee, 0xc1, 0x18, 0xc4, 0x84, 0x48, 0x22, 0x31, 0x26, 0x24, 0x22, 0x10, 0x90, 0x88, 0x01, 0x20, 0x04, 0x28, 0xcc, 0x88,
    0x10, 0x32, 0x04, 0x98, 0x48, 0x00, 0x80, 0x10, 0x00, 0x49, 0x10, 0x48, 0x80, 0x89, 0x10, 0x08, 0x00, 0x10, 0x40, 0x00, 0x03, 0x00, 0x12, 0x44,
    0x12, 0x08, 0x09, 0x00, 0x00, 0x92, 0x48, 0x00, 0x40, 0x20, 0x24, 0x90, 0x12, 0x08, 0x40, 0x00, 0x99, 0x20, 0x82, 0x00, 0x40, 0x49, 0x0d, 0xf7,
    0xfe, 0xff, 0xef, 0xff, 0xff, 0xff, 0xff, 0xfd, 0xfe, 0xff, 0xff, 0xff, 0xfb, 0xfb, 0xff, 0xff, 0xff, 0xdf, 0xff, 0xff, 0xfe, 0x3f, 0xbe, 0xfb,
    0x78, 0x00, 0x42, 0x09, 0x04, 0x93, 0x28, 0x84, 0x48, 0x42, 0x92, 0x92, 0x12, 0x22, 0x91, 0x25, 0x24, 0x08, 0x20, 0x12, 0x84, 0x82, 0x40, 0x82,
    0x12, 0x4a, 0x24, 0x84, 0x91, 0x00, 0x04, 0x00, 0x22, 0x00, 0x44, 0x83, 0x11, 0x04, 0x12, 0x49, 0x20, 0x12, 0x40, 0x01, 0x00, 0x82, 0x40, 0x4c,
    0x92, 0x04, 0x12, 0x44, 0x12, 0x09, 0x00, 0x06, 0x40, 0x81, 0x12, 0x48, 0x21, 0x24, 0x20, 0x80, 0xf2, 0x00, 0x7f, 0xff, 0xfb, 0xfe, 0xff, 0xff,
    0xdf, 0x7f, 0xff, 0xef, 0xff, 0xff, 0xff, 0xff, 0xdf, 0xff, 0xff, 0xff, 0xff, 0xff, 0xff, 0xff, 0xff, 0xff, 0xf7, 0xff, 0xf0, 0x06, 0x09, 0x09,
    0x49, 0x24, 0x84, 0x82, 0x42, 0x52, 0x10, 0x44, 0x82, 0x20, 0x92, 0x04, 0x21, 0x92, 0x02, 0x40, 0x20, 0x08, 0x98, 0x20, 0x80, 0x20, 0x00, 0x22,
    0x04, 0x24, 0x81, 0x24, 0x08, 0x44, 0x00, 0x20, 0x44, 0x41, 0x00, 0x00, 0x08, 0x80, 0x09, 0x20, 0x4c, 0x20, 0x12, 0x00, 0x20, 0x41, 0x00, 0x11,
    0x04, 0x80, 0x49, 0x20, 0x08, 0x24, 0x00, 0x03, 0x00, 0x81, 0x08, 0x00, 0xff, 0xf6, 0xff, 0xff, 0xff, 0xff, 0xff, 0xff, 0xff, 0xff, 0xf7, 0xff,
    0xf7, 0xff, 0xdf, 0xfb, 0xff, 0xff, 0xff, 0xdf, 0xff, 0xff, 0xff, 0xff, 0xff, 0xff, 0x7f, 0xdf, 0x80, 0x50, 0x88, 0x44, 0x49, 0x24, 0x52, 0x69,
    0x12, 0x08, 0x49, 0x04, 0xa4, 0x8c, 0x04, 0x90, 0x88, 0x40, 0x98, 0x89, 0x09, 0x20, 0x83, 0x0c, 0x24, 0x84, 0x92, 0x08, 0x40, 0x80, 0x20, 0x01,
    0x01, 0x11, 0x22, 0x08, 0x00, 0x10, 0x49, 0x24, 0x82, 0x24, 0x80, 0x08, 0x01, 0x09, 0x00, 0x92, 0x09, 0x20, 0x64, 0x81, 0x20, 0x24, 0x00, 0x09,
    0x22, 0x00, 0xa5, 0x20, 0x48, 0x10, 0x42, 0x40, 0xff, 0xff, 0xff, 0xff, 0xff, 0xfb, 0xfe, 0xfe, 0xff, 0xff, 0xff, 0xff, 0xff, 0xfd, 0xff, 0xff,
    0xff, 0xff, 0xfd, 0xff, 0x7f, 0xff, 0xde, 0xfb, 0xff, 0xfd, 0xfb, 0xfc, 0x80, 0x4c, 0x20, 0xc4, 0x04, 0x93, 0x12, 0x09, 0x11, 0xa2, 0x44, 0x30,
    0x24, 0x21, 0x40, 0x22, 0x12, 0x09, 0x01, 0x22, 0x42, 0x44, 0x20, 0x41, 0x02, 0x10, 0x02, 0x41, 0x12, 0x12, 0x18, 0x90, 0x44, 0x00, 0x08, 0x82,
    0x22, 0x04, 0x00, 0x00, 0x24, 0x10, 0x24, 0x83, 0x20, 0x40, 0x49, 0x00, 0x80, 0x8c, 0x04, 0x24, 0x09, 0x01, 0x24, 0x80, 0x00, 0x92, 0x08, 0x08,
    0x04, 0x44, 0x10, 0x80, 0xff, 0xff, 0xff, 0xff, 0xff, 0xff, 0xff, 0xff, 0xfd, 0xff, 0xff, 0xff, 0x7f, 0xff, 0xff, 0xbf, 0xff, 0xbf, 0xdf, 0xff,
    0xfb, 0xfd, 0xff, 0xff, 0xbf, 0xf7, 0xef, 0xb8, 0xa3, 0x21, 0x24, 0x23, 0x04, 0x10, 0x89, 0x90, 0xcc, 0x11, 0x24, 0x86, 0x49, 0x12, 0x4a, 0x49,
    0x20, 0xa1, 0x24, 0x04, 0x30, 0x92, 0x08, 0x10, 0x48, 0x42, 0x48, 0x10, 0x10, 0x40, 0x82, 0x12, 0x10, 0x88, 0x80, 0x20, 0x88, 0x81, 0x24, 0x92,
    0x11, 0x05, 0x20, 0x30, 0x0a, 0x12, 0x04, 0x4c, 0x24, 0x01, 0x91, 0x00, 0x80, 0x48, 0x20, 0x24, 0x91, 0x00, 0x42, 0x42, 0x44, 0x01, 0x84, 0x00,
    0xff, 0xff, 0xff, 0xb7, 0xff, 0xff, 0xff, 0xff, 0xff, 0xff, 0xff, 0xff, 0xff, 0xff, 0xfd, 0xff, 0xbf, 0xfe, 0xff, 0xff, 0xff, 0xff, 0xfb, 0xff,
    0xfe, 0xff, 0xff, 0xe8, 0x24, 0x84, 0x99, 0x20, 0x08, 0x44, 0xa4, 0x46, 0x22, 0x44, 0x89, 0x21, 0x01, 0x44, 0x21, 0x08, 0x49, 0x0c, 0x22, 0x51,
    0x84, 0x82, 0x42, 0x44, 0x91, 0x08, 0x21, 0x09, 0x04, 0x48, 0x20, 0x40, 0x82, 0x22, 0x24, 0x08, 0x08, 0x24, 0x04, 0x10, 0xc0, 0x40, 0x09, 0x04,
    0x80, 0x82, 0x20, 0x01, 0x01, 0x22, 0x00, 0x48, 0x24, 0x02, 0x09, 0x00, 0x10, 0x49, 0x10, 0x11, 0x11, 0x22, 0x21, 0x00, 0xff, 0xff, 0xfd, 0xff,
    0x7f, 0xff, 0xff, 0xfb, 0xff, 0xfb, 0xff, 0xdf, 0xfb, 0xdf, 0xff, 0xff, 0xfd, 0xff, 0xff, 0xfd, 0xff, 0xbf, 0xef, 0xff, 0xfb, 0xef, 0xbe, 0x10,
    0x48, 0x10, 0x82, 0x94, 0xc0, 0x09, 0x24, 0x48, 0x22, 0x48, 0x91, 0x28, 0x64, 0x24, 0x8c, 0x62, 0x44, 0x40, 0x88, 0x40, 0x04, 0x20, 0x44, 0x02,
    0x04, 0x21, 0x04, 0x42, 0x41, 0x02, 0x09, 0x08, 0x20, 0x00, 0x41, 0x02, 0x42, 0x00, 0x91, 0x04, 0x09, 0x12, 0x40, 0x40, 0x30, 0x28, 0x89, 0x30,
    0x48, 0x48, 0x29, 0x02, 0x01, 0x20, 0x81, 0x12, 0x46, 0x08, 0x04, 0x84, 0x10, 0x88, 0x08, 0x80, 0xff, 0xff, 0xff, 0xff, 0xff, 0xff, 0xff, 0xff,
    0xf7, 0xff, 0xfe, 0xff, 0xdf, 0xff, 0xff, 0xfb, 0xff, 0xff, 0xff, 0xff, 0xdf, 0xfe, 0xff, 0xdd, 0xef, 0xfe, 0xf8, 0x91, 0x12, 0x42, 0x12, 0x44,
    0x30, 0x88, 0x49, 0x23, 0x19, 0x22, 0x04, 0x09, 0x08, 0x88, 0x10, 0x80, 0x90, 0x52, 0x43, 0x0c, 0x51, 0x0d, 0x11, 0x28, 0x40, 0x84, 0x41, 0x10,
    0x10, 0x20, 0x80, 0x22, 0x09, 0x11, 0x10, 0x60, 0x10, 0x92, 0x00, 0xc1, 0x20, 0x01, 0x12, 0x12, 0x06, 0x00, 0x00, 0x02, 0x02, 0x01, 0x00, 0x44,
    0x90, 0x0c, 0x24, 0x40, 0x00, 0x82, 0xa0, 0x22, 0x46, 0x09, 0x22, 0x00, 0xfe, 0xfe, 0xff, 0xff, 0xfd, 0xff, 0xef, 0xdf, 0xff, 0xff, 0xfb, 0xff,
    0xff, 0xfb, 0xef, 0xff, 0xff, 0xf7, 0xff, 0xff, 0xff, 0xf7, 0xff, 0xff, 0xff, 0xff, 0x98, 0x44, 0xd0, 0x59, 0x90, 0x00, 0x88, 0xa1, 0x12, 0x24,
    0xc1, 0x24, 0xc8, 0xc4, 0x92, 0x43, 0x42, 0x18, 0x03, 0x09, 0x10, 0x21, 0x08, 0x40, 0x10, 0x41, 0x22, 0x21, 0x24, 0x24, 0x84, 0x89, 0x24, 0x80,
    0x84, 0xc4, 0x04, 0x09, 0x04, 0x00, 0x48, 0x10, 0x06, 0x48, 0x01, 0x01, 0x00, 0x92, 0x44, 0x88, 0x90, 0x90, 0x46, 0x10, 0x84, 0x81, 0x10, 0x0c,
    0x90, 0x20, 0x09, 0x20, 0x40, 0x40, 0x88, 0x40, 0xff, 0xff, 0xef, 0xfb, 0xff, 0xf7, 0xfe, 0xff, 0xbf, 0xef, 0xef, 0xfd, 0xff, 0xff, 0xfe, 0xff,
    0xef, 0xff, 0xfd, 0xdf, 0xbe, 0xff, 0xff, 0x7b, 0xff, 0xdd, 0x80, 0x21, 0x09, 0x04, 0x41, 0x28, 0x80, 0x24, 0x92, 0x90, 0x0c, 0x49, 0x12, 0x12,
    0x24, 0x50, 0x49, 0x06, 0x48, 0x24, 0x24, 0x82, 0x22, 0x22, 0x44, 0x11, 0x08, 0x88, 0x90, 0x80, 0x24, 0x12, 0x04, 0x11, 0x20, 0x04, 0x81, 0x00,
    0x41, 0x24, 0x02, 0x04, 0x90, 0x12, 0x48, 0x64, 0x48, 0x48, 0x10, 0x20, 0x24, 0x44, 0x90, 0x82, 0x21, 0x20, 0x42, 0x20, 0x12, 0x24, 0x44, 0x0c,
    0x91, 0x12, 0x11, 0x00, 0xff, 0xfb, 0xff, 0xff, 0xff, 0xff, 0xff, 0xff, 0xff, 0xff, 0xff, 0xff, 0xf7, 0xbf, 0xff, 0xef, 0xbf, 0xbf, 0xef, 0xff,
    0xff, 0xff, 0xbd, 0xff, 0xff, 0xf6, 0x04, 0x21, 0x49, 0x64, 0x49, 0x02, 0x46, 0x10, 0x88, 0x93, 0x21, 0x12, 0x24, 0x92, 0x41, 0x0c, 0x24, 0x61,
    0x22, 0x90, 0x89, 0x24, 0x92, 0x98, 0x84, 0x84, 0x44, 0x12, 0x02, 0x12, 0x41, 0x04, 0x41, 0x04, 0x09, 0x10, 0x22, 0x44, 0x10, 0x04, 0x90, 0x88,
    0x01, 0x80, 0x12, 0x00, 0x42, 0x01, 0x02, 0x06, 0x01, 0x04, 0x00, 0x20, 0x48, 0x48, 0x08, 0x82, 0x42, 0x03, 0x10, 0xc1, 0x09, 0x00, 0x44, 0x00,
    0xff, 0xff, 0xff, 0xff, 0xff, 0xff, 0x7f, 0xff, 0xff, 0xff, 0xff, 0xff, 0xbf, 0xff, 0x7f, 0xff, 0xff, 0xfe, 0xff, 0xff, 0xff, 0xff, 0xff, 0xef,
    0xb7, 0x70, 0x04, 0x00, 0x42, 0x09, 0x26, 0x52, 0x59, 0x92, 0x64, 0x88, 0x92, 0x44, 0x81, 0x24, 0x59, 0x21, 0x84, 0x88, 0x24, 0x06, 0x48, 0x24,
    0x40, 0x01, 0x20, 0x88, 0x21, 0x41, 0x24, 0x42, 0x12, 0x61, 0x18, 0x60, 0x80, 0x42, 0x18, 0x11, 0x04, 0x90, 0x04, 0x22, 0x48, 0x24, 0x80, 0x99,
    0x10, 0x91, 0x20, 0x90, 0xc8, 0x23, 0x4a, 0x4c, 0x42, 0x05, 0x20, 0x48, 0x08, 0x98, 0x02, 0x11, 0x22, 0x4d, 0x22, 0x80, 0xff, 0xff, 0xff, 0xbb,
    0xff, 0xff, 0xff, 0xff, 0xff, 0xff, 0xff, 0xef, 0xff, 0xff, 0xfe, 0xff, 0xfe, 0xff, 0xff, 0x7e, 0xfb, 0xde, 0xf7, 0xff, 0xff, 0x81, 0x03, 0x61,
    0x01, 0x20, 0x30, 0x92, 0x81, 0x24, 0x13, 0x24, 0x92, 0x49, 0x12, 0x49, 0x04, 0x84, 0x30, 0x89, 0x85, 0x61, 0x12, 0x81, 0x0c, 0x64, 0x4a, 0x22,
    0x88, 0x0c, 0x44, 0x48, 0x84, 0x08, 0x02, 0x08, 0x24, 0x08, 0x81, 0x02, 0x40, 0x02, 0x61, 0x01, 0x02, 0x02, 0x24, 0x00, 0x44, 0x04, 0x25, 0x00,
    0x12, 0x08, 0x00, 0x81, 0x10, 0x90, 0x06, 0x01, 0x88, 0x00, 0xa2, 0x10, 0x10, 0x00, 0x88, 0x80, 0xff, 0xff, 0xfe, 0xff, 0xff, 0xff, 0xff, 0xde,
    0xfb, 0xff, 0xbf, 0xbe, 0xfd, 0xff, 0xfb, 0xfd, 0xff, 0xff, 0xff, 0xff, 0xff, 0xff, 0xff, 0xfd, 0xfe, 0x08, 0x09, 0x29, 0x29, 0x04, 0xcd, 0x8c,
    0x6c, 0x49, 0x90, 0x66, 0x4c, 0x92, 0x42, 0x42, 0x44, 0x32, 0x42, 0x24, 0x30, 0x18, 0x90, 0x91, 0x21, 0x04, 0x90, 0x42, 0x12, 0x80, 0x41, 0x08,
    0x41, 0x04, 0x80, 0x82, 0x11, 0x20, 0x24, 0x48, 0x12, 0x48, 0x08, 0x48, 0x30, 0x90, 0x01, 0x24, 0x04, 0x90, 0x81, 0x26, 0x41, 0x88, 0x94, 0x21,
    0x04, 0x12, 0x40, 0x92, 0x22, 0x44, 0x28, 0xc6, 0x44, 0xa2, 0x09, 0x00, 0xff, 0xf7, 0xdf, 0xff, 0xff, 0xdf, 0xf7, 0xff, 0xef, 0xff, 0xff, 0xff,
    0xff, 0xfb, 0xff, 0xff, 0xf7, 0xfb, 0xfb, 0xfb, 0xff, 0x7f, 0xff, 0xbf, 0xf0, 0x40, 0x9c, 0x29, 0x24, 0x16, 0x88, 0x61, 0x04, 0x42, 0x66, 0x11,
    0x21, 0x24, 0x88, 0x12, 0x53, 0x09, 0x19, 0x21, 0x09, 0x82, 0x84, 0x4c, 0x42, 0x11, 0x05, 0x10, 0x44, 0x32, 0x18, 0x83, 0x18, 0xd0, 0x64, 0x60,
    0x80, 0x84, 0x80, 0x11, 0x04, 0x11, 0x02, 0x12, 0x04, 0x24, 0xc8, 0x85, 0x30, 0x82, 0x18, 0x10, 0x88, 0x22, 0x11, 0x08, 0x49, 0x00, 0x28, 0x10,
    0x21, 0x21, 0x00, 0x00, 0x24, 0x24, 0x64, 0x40, 0xfd, 0xff, 0xff, 0xff, 0xfe, 0xff, 0xff, 0xff, 0xff, 0xfd, 0xff, 0xfd, 0xff, 0xbf, 0xf7, 0xef,
    0xff, 0xff, 0xff, 0xff, 0xff, 0xfb, 0xdd, 0xf7, 0xb1, 0x00, 0xa4, 0x86, 0x20, 0x92, 0x23, 0x1a, 0x31, 0x08, 0x08, 0x94, 0x99, 0x24, 0x01, 0x91,
    0x10, 0xc9, 0x24, 0x89, 0x48, 0x48, 0x25, 0x22, 0x18, 0xc2, 0x48, 0x25, 0x21, 0x02, 0x82, 0x20, 0x22, 0x02, 0x09, 0x09, 0x26, 0x11, 0x13, 0x24,
    0x61, 0x04, 0x50, 0x80, 0xc1, 0x02, 0x08, 0x10, 0x42, 0x28, 0x42, 0x40, 0x22, 0x00, 0x41, 0x08, 0x00, 0x64, 0x83, 0x04, 0x89, 0x09, 0x13, 0x29,
    0x81, 0x01, 0x04, 0x80, 0xff, 0xff, 0xff, 0xef, 0xdf, 0xfb, 0xff, 0xf7, 0xff, 0xff, 0xfd, 0xf7, 0xde, 0xff, 0xbf, 0xff, 0xff, 0xff, 0xdf, 0xff,
    0xde, 0xff, 0xff, 0xdf, 0xc1, 0x40, 0x90, 0x04, 0x2a, 0x89, 0x24, 0x22, 0x86, 0x01, 0x0a, 0x04, 0xc4, 0x93, 0x44, 0x4c, 0x4c, 0x12, 0x44, 0x92,
    0x46, 0x49, 0x21, 0x11, 0x84, 0x28, 0x92, 0x84, 0x24, 0x48, 0x21, 0x28, 0x80, 0x24, 0x88, 0x04, 0x08, 0x40, 0x44, 0x00, 0x08, 0xc0, 0x04, 0x24,
    0x12, 0x48, 0x23, 0x22, 0x08, 0x21, 0x00, 0x09, 0x10, 0x92, 0x48, 0x62, 0x64, 0x81, 0x10, 0x64, 0x82, 0x44, 0x40, 0x20, 0x19, 0x18, 0x90, 0x80,
    0xff, 0xff, 0xfb, 0xff, 0x7f, 0xff, 0xff, 0x7f, 0xbf, 0x7f, 0xff, 0xff, 0xff, 0xff, 0xff, 0x7f, 0x7f, 0xbf, 0xff, 0xef, 0xff, 0xff, 0x7e, 0xfe,
    0x04, 0x44, 0x80, 0x85, 0x20, 0xe9, 0x0c, 0x80, 0x60, 0x55, 0x22, 0x12, 0x24, 0x10, 0x52, 0x40, 0x82, 0x44, 0x92, 0x44, 0x91, 0x24, 0x98, 0x44,
    0x63, 0x09, 0x20, 0x91, 0x04, 0x91, 0x0c, 0x42, 0x4c, 0x88, 0x42, 0x50, 0x81, 0x0c, 0x10, 0x93, 0x02, 0x12, 0x61, 0x01, 0x08, 0x21, 0x80, 0x20,
    0x89, 0x04, 0x25, 0x22, 0x44, 0x49, 0x02, 0x02, 0x02, 0x18, 0x44, 0x08, 0x30, 0x10, 0x94, 0x86, 0x42, 0x46, 0x22, 0x00, 0xff, 0xfd, 0xbf, 0xff,
    0xff, 0xff, 0xdf, 0xff, 0xfb, 0xf7, 0xff, 0xff, 0xfb, 0xef, 0xff, 0xff, 0xfd, 0xfe, 0xfe, 0xff, 0xbf, 0xdf, 0xf7, 0xf2, 0x24, 0xc5, 0x08, 0xa0,
    0x81, 0x21, 0x60, 0x33, 0x12, 0x49, 0x12, 0x52, 0x08, 0x24, 0x92, 0x12, 0x32, 0x48, 0x92, 0x49, 0x24, 0x92, 0x46, 0x49, 0x18, 0xc4, 0x4c, 0x49,
    0x30, 0x84, 0x40, 0x92, 0x22, 0x43, 0x10, 0x82, 0x30, 0x21, 0x12, 0x08, 0x50, 0x01, 0x08, 0x48, 0x61, 0x0c, 0x10, 0x88, 0x40, 0xc4, 0x84, 0x02,
    0x01, 0x08, 0x24, 0x90, 0x98, 0x82, 0x04, 0x82, 0x04, 0x82, 0x04, 0x90, 0x84, 0x40, 0x22, 0x40, 0xff, 0xdf, 0xff, 0xff, 0xfb, 0xff, 0xff, 0xfd,
    0xff, 0xff, 0xdf, 0xbf, 0x7f, 0xff, 0xff, 0xfd, 0xf7, 0xff, 0xfb, 0xfe, 0xff, 0xfd, 0xf9, 0x50, 0x88, 0x21, 0x0a, 0x60, 0x81, 0x04, 0x4c, 0x18,
    0x21, 0x99, 0x92, 0x4c, 0x48, 0x88, 0x24, 0x10, 0x09, 0x22, 0x49, 0x22, 0x48, 0x89, 0x21, 0x22, 0x40, 0x24, 0x83, 0x08, 0x82, 0x24, 0x92, 0x08,
    0x81, 0x10, 0x24, 0x22, 0x46, 0x41, 0x41, 0x60, 0x44, 0x98, 0x02, 0x12, 0x04, 0x40, 0x4c, 0x89, 0x14, 0x10, 0x40, 0x90, 0x98, 0x22, 0x80, 0x11,
    0x00, 0x21, 0x20, 0x92, 0x42, 0x28, 0x60, 0x48, 0x91, 0x11, 0x89, 0x00, 0xff, 0x7f, 0xff, 0x7b, 0xff, 0xfd, 0xfd, 0xef, 0xff, 0xff, 0x7f, 0xff,
    0xff, 0xfb, 0xdd, 0xf7, 0xff, 0xf7, 0xff, 0xff, 0xfb, 0xff, 0xc8, 0x00, 0x88, 0x24, 0x23, 0x14, 0x10, 0x90, 0x40, 0x83, 0x28, 0x00, 0x83, 0x21,
    0x26, 0x48, 0x49, 0x0c, 0x24, 0x93, 0x24, 0x98, 0x92, 0x64, 0x29, 0x24, 0x8d, 0x22, 0x30, 0x22, 0x49, 0x22, 0x24, 0xc4, 0x58, 0x24, 0x89, 0x18,
    0x00, 0x4c, 0x08, 0x05, 0x02, 0x42, 0x90, 0x80, 0x90, 0x92, 0x40, 0x21, 0x21, 0x03, 0x12, 0x24, 0x42, 0x40, 0x32, 0x44, 0x44, 0x8c, 0x48, 0x21,
    0x28, 0x83, 0x09, 0x02, 0x10, 0x94, 0x10, 0x80, 0xff, 0xff, 0xff, 0xef, 0xbf, 0xdf, 0xff, 0xff, 0xff, 0xfd, 0xff, 0xfe, 0xee, 0xef, 0xff, 0xdf,
    0xff, 0xdf, 0xdf, 0xf7, 0xff, 0xf7, 0x40, 0x86, 0x00, 0x90, 0x69, 0x14, 0x92, 0x33, 0x26, 0x64, 0xce, 0x99, 0x60, 0x22, 0x21, 0x20, 0x48, 0x02,
    0x12, 0x48, 0x92, 0x45, 0x26, 0x11, 0x88, 0x91, 0x21, 0x19, 0x04, 0x92, 0x49, 0x19, 0x24, 0x31, 0x02, 0x88, 0x90, 0x41, 0x99, 0x00, 0xa2, 0x10,
    0x30, 0x00, 0x44, 0x24, 0x02, 0x09, 0x12, 0x44, 0x22, 0x48, 0x22, 0x21, 0x04, 0x94, 0x84, 0x44, 0x42, 0x41, 0x13, 0x24, 0x22, 0x30, 0x24, 0xb2,
    0x66, 0x21, 0x26, 0x00, 0xfb, 0xff, 0xf7, 0xff, 0xff, 0xff, 0xff, 0xdf, 0xf7, 0xef, 0xff, 0xfb, 0xff, 0xff, 0xff, 0xff, 0xbf, 0xff, 0xff, 0xbf,
    0xff, 0x7c, 0x00, 0x60, 0x00, 0x90, 0x10, 0x13, 0x2d, 0x8c, 0xa5, 0x14, 0x21, 0x91, 0x22, 0x12, 0x4c, 0x49, 0x26, 0x18, 0x92, 0x48, 0x92, 0x44,
    0x61, 0x92, 0x46, 0x49, 0x24, 0xc4, 0xc9, 0x11, 0x24, 0x84, 0x93, 0x04, 0xa4, 0x92, 0x24, 0x84, 0x41, 0x32, 0x08, 0xc2, 0x84, 0x99, 0x13, 0x13,
    0x29, 0x20, 0x04, 0x90, 0x88, 0x90, 0x88, 0x88, 0x30, 0x82, 0x11, 0x11, 0x18, 0x11, 0x10, 0x04, 0x82, 0x04, 0x84, 0x09, 0x01, 0x26, 0x48, 0x40,
    0xff, 0xff, 0xdf, 0xff, 0xfe, 0xff, 0xef, 0xff, 0xdf, 0xbf, 0xff, 0xdf, 0xff, 0xbf, 0x7d, 0xff, 0xfb, 0xff, 0xfd, 0xff, 0xdf, 0xd0, 0x02, 0x06,
    0x01, 0x60, 0x90, 0x8c, 0x48, 0x64, 0x98, 0x42, 0x04, 0x66, 0x4c, 0xcc, 0xc0, 0x46, 0x91, 0x84, 0x89, 0x26, 0x49, 0x99, 0x18, 0x48, 0x51, 0x24,
    0x92, 0x22, 0x22, 0x4c, 0x24, 0x24, 0xc8, 0x44, 0x90, 0x21, 0x02, 0x31, 0x04, 0x02, 0x48, 0x08, 0x10, 0x82, 0x00, 0x40, 0x40, 0x86, 0xc8, 0x26,
    0x08, 0x24, 0x84, 0x06, 0x02, 0x29, 0x22, 0x20, 0x81, 0x84, 0x44, 0x91, 0x18, 0xc4, 0x91, 0x41, 0x18, 0x80, 0x81, 0x00, 0xff, 0xff, 0xff, 0xbd,
    0xfb, 0xff, 0xbf, 0x7b, 0xff, 0xff, 0xfb, 0xff, 0xfb, 0xff, 0xf7, 0xfe, 0xff, 0xfd, 0xf7, 0xfd, 0xfb, 0x40, 0x03, 0x82, 0x01, 0x03, 0x10, 0x84,
    0x04, 0x13, 0x11, 0x20, 0x90, 0x84, 0xc2, 0x49, 0x04, 0x30, 0x91, 0x33, 0x24, 0x91, 0x24, 0x23, 0x46, 0x4b, 0x11, 0x24, 0x92, 0x29, 0x24, 0x82,
    0x91, 0x22, 0x09, 0x32, 0x4a, 0x49, 0x18, 0x82, 0x30, 0xc8, 0x46, 0x64, 0xc2, 0x24, 0xa9, 0x0c, 0x56, 0x10, 0x12, 0x40, 0x62, 0x21, 0x31, 0x40,
    0xc9, 0x04, 0x22, 0x26, 0x24, 0x24, 0x44, 0x92, 0x41, 0x11, 0x10, 0x54, 0x42, 0x32, 0x34, 0x80, 0xfb, 0xff, 0xff, 0xff, 0xdf, 0xfe, 0xfd, 0xff,
    0xbf, 0xff, 0xef, 0xff, 0xbf, 0xf7, 0xff, 0xbb, 0xff, 0xff, 0xff, 0xfe, 0x0a, 0x00, 0x0c, 0x88, 0x31, 0x01, 0x12, 0x30, 0x84, 0x0a, 0x4c, 0x3b,
    0x16, 0x10, 0x21, 0x13, 0x24, 0x08, 0xa4, 0x48, 0x64, 0x93, 0x25, 0xa4, 0x44, 0x92, 0x4c, 0x92, 0x49, 0x89, 0x14, 0xb0, 0x92, 0x59, 0x24, 0x89,
    0x22, 0x44, 0xc2, 0x18, 0x86, 0x09, 0x21, 0x11, 0x18, 0x84, 0x08, 0x91, 0x00, 0x49, 0x11, 0x11, 0x02, 0x08, 0x00, 0x52, 0x04, 0x50, 0x88, 0x80,
    0x44, 0x49, 0x10, 0x40, 0x24, 0x10, 0x46, 0x04, 0x92, 0x4c, 0x84, 0x80, 0xff, 0xf7, 0xff, 0xf7, 0xff, 0xf7, 0xff, 0xff, 0xff, 0xfd, 0xff, 0xfe,
    0xff, 0xff, 0xff, 0xff, 0xf7, 0x7f, 0xef, 0xde, 0x00, 0x00, 0x08, 0x80, 0x2c, 0x84, 0xcd, 0x92, 0x92, 0x22, 0x49, 0x09, 0x49, 0x86, 0x2c, 0x10,
    0xa5, 0x98, 0x21, 0x4d, 0x19, 0x28, 0xc9, 0x24, 0x91, 0x24, 0xa2, 0x92, 0x48, 0x44, 0xc2, 0x0c, 0x48, 0xc4, 0xb2, 0x89, 0x09, 0x32, 0x12, 0x44,
    0x91, 0x22, 0x21, 0x09, 0x04, 0x49, 0x46, 0x20, 0x99, 0x21, 0x24, 0x24, 0x98, 0xc2, 0x8a, 0x10, 0x31, 0x09, 0x24, 0x29, 0x12, 0x40, 0x93, 0x0d,
    0x08, 0xc6, 0x08, 0xa2, 0x24, 0x81, 0x22, 0x00, 0xff, 0xdf, 0xbd, 0xff, 0xff, 0xdf, 0xff, 0xf7, 0xfe, 0xff, 0xff, 0x7b, 0xfe, 0xfe, 0xff, 0xff,
    0xdf, 0xf7, 0xbf, 0xf8, 0x00, 0x00, 0x32, 0x04, 0x12, 0x84, 0x49, 0x06, 0x58, 0xc0, 0x67, 0x64, 0x69, 0x32, 0x49, 0x42, 0x59, 0x20, 0x99, 0x25,
    0x42, 0x64, 0x18, 0x59, 0x33, 0x24, 0x92, 0x49, 0x93, 0x32, 0x29, 0x43, 0x24, 0x24, 0x82, 0x62, 0x49, 0x08, 0x91, 0x61, 0x24, 0x92, 0x98, 0x60,
    0x61, 0x10, 0x10, 0x26, 0x21, 0x0c, 0x41, 0x88, 0x21, 0x12, 0x29, 0x85, 0x84, 0x62, 0x41, 0x22, 0x21, 0x26, 0x24, 0x21, 0x4a, 0x08, 0xa2, 0x29,
    0x29, 0x32, 0x49, 0x40, 0xff, 0xff, 0xff, 0xff, 0xef, 0x7f, 0xf7, 0xff, 0xff, 0xff, 0xbf, 0xff, 0xef, 0xef, 0xfb, 0xef, 0xff, 0xff, 0xff, 0xe0,
    0x06, 0x01, 0x90, 0x04, 0x12, 0xe4, 0x08, 0x48, 0xc5, 0x21, 0x30, 0x96, 0x26, 0x49, 0x91, 0x43, 0x02, 0x66, 0x44, 0xb0, 0xca, 0x47, 0x66, 0xc3,
    0x0c, 0x92, 0x53, 0x28, 0x24, 0x89, 0x24, 0x50, 0x93, 0x24, 0x49, 0x08, 0x92, 0x49, 0x24, 0x09, 0x22, 0x48, 0x86, 0x06, 0x08, 0x92, 0x91, 0x81,
    0x24, 0x90, 0x92, 0x13, 0x24, 0x48, 0x44, 0x48, 0x49, 0x04, 0x92, 0x44, 0x8c, 0x10, 0x44, 0x92, 0x10, 0x88, 0x92, 0x49, 0x22, 0x48, 0xc9, 0x00,
    0xff, 0xff, 0xf7, 0xbd, 0xbd, 0xff, 0xff, 0x6e, 0xf7, 0xff, 0xff, 0xff, 0xff, 0xff, 0xef, 0x7f, 0xff, 0xff, 0xfd, 0x01, 0x00, 0x00, 0x40, 0x00,
    0x89, 0x10, 0x84, 0x98, 0x11, 0x3d, 0x96, 0x93, 0x92, 0xcc, 0xa4, 0x34, 0x92, 0x99, 0x04, 0x12, 0x29, 0x91, 0x02, 0x28, 0xc8, 0x99, 0x24, 0xa6,
    0xa4, 0xcc, 0xc5, 0x94, 0x92, 0x4b, 0x24, 0x49, 0x24, 0x92, 0x49, 0x92, 0x48, 0x44, 0x20, 0x90, 0x92, 0x42, 0x44, 0x18, 0x88, 0x82, 0x08, 0x44,
    0x44, 0x23, 0x10, 0x48, 0x11, 0x10, 0x10, 0x90, 0x90, 0x91, 0x10, 0x90, 0x91, 0x24, 0x49, 0x12, 0x48, 0x89, 0x12, 0x40, 0xf6, 0xfb, 0xdf, 0xff,
    0xff, 0xff, 0x7f, 0xff, 0xff, 0xef, 0xf7, 0xf7, 0xdf, 0x7f, 0xff, 0xfd, 0xf7, 0xbd, 0xf6, 0x00, 0xd8, 0xa8, 0x00, 0x12, 0x41, 0x08, 0x65, 0xa0,
    0x40, 0xc4, 0xc2, 0x6c, 0x59, 0x32, 0x62, 0x90, 0x90, 0x89, 0x88, 0x4d, 0x24, 0x34, 0xb9, 0x99, 0x22, 0x65, 0x24, 0x91, 0x99, 0x32, 0x18, 0x25,
    0x29, 0x22, 0x93, 0x33, 0x24, 0xa4, 0x92, 0x24, 0x93, 0x13, 0x29, 0x24, 0x92, 0x18, 0x44, 0xc2, 0x22, 0x29, 0x63, 0x20, 0x43, 0x08, 0x09, 0x03,
    0x24, 0x49, 0x44, 0x82, 0x02, 0x44, 0x8a, 0x44, 0x84, 0x43, 0x09, 0x24, 0xc9, 0xa7, 0x24, 0x80, 0xff, 0xff, 0x7f, 0xef, 0xff, 0xfd, 0xfd, 0xff,
    0xff, 0xff, 0xff, 0xbf, 0x7d, 0xff, 0x7f, 0xff, 0xfd, 0xff, 0xdc, 0x00, 0x04, 0xa0, 0x24, 0x91, 0x20, 0x25, 0x0c, 0x4c, 0x6e, 0x52, 0x03, 0x25,
    0x4d, 0x21, 0x18, 0xcb, 0x08, 0x64, 0xa6, 0x61, 0x53, 0x09, 0x8c, 0x93, 0x2d, 0x04, 0xc9, 0x19, 0x06, 0x02, 0x62, 0x91, 0x29, 0x98, 0xc9, 0x84,
    0x99, 0x24, 0x92, 0x49, 0x10, 0x90, 0x84, 0x49, 0x21, 0x84, 0x92, 0x24, 0x92, 0x24, 0x04, 0x29, 0x18, 0x48, 0xc2, 0x30, 0x82, 0x49, 0x12, 0x29,
    0x69, 0x12, 0x22, 0x49, 0x24, 0x98, 0x60, 0x84, 0x12, 0x24, 0x64, 0x80, 0xff, 0xdf, 0xfe, 0xff, 0xf7, 0xf7, 0xf7, 0xdf, 0xff, 0x7e, 0xfe, 0xff,
    0xff, 0xfb, 0xff, 0x77, 0xbf, 0xf7, 0xf8, 0x00, 0x24, 0x84, 0x34, 0x09, 0x21, 0x04, 0x32, 0x42, 0x23, 0x1a, 0x44, 0x92, 0x22, 0xc8, 0xcc, 0x60,
    0x68, 0x14, 0xa4, 0x99, 0x98, 0xca, 0x42, 0x64, 0x91, 0x6a, 0x1b, 0x46, 0x60, 0xd9, 0x8a, 0x52, 0x46, 0x4b, 0x2c, 0x48, 0xc2, 0x49, 0x24, 0x92,
    0x4c, 0x4c, 0x92, 0x49, 0x0c, 0x64, 0x88, 0x24, 0x91, 0x92, 0x91, 0x09, 0x00, 0x92, 0x12, 0x84, 0x98, 0x92, 0x22, 0x09, 0x09, 0x22, 0x44, 0x92,
    0x49, 0x21, 0x16, 0x53, 0x32, 0x49, 0x12, 0x40,
};

constexpr uint8_t kRedFujiGray[] = {
    0x55, 0x55, 0x45, 0x55, 0x55, 0x55, 0x55, 0x55, 0x55, 0x55, 0x54, 0x6b, 0xff, 0xff, 0x8f, 0xff, 0xff, 0xe9, 0x55, 0x55, 0x55, 0x55, 0x55, 0x55,
    0x55, 0x55, 0x55, 0x55, 0x55, 0x55, 0x55, 0x55, 0x55, 0x55, 0x55, 0x55, 0x55, 0x55, 0x55, 0x55, 0x55, 0x56, 0x95, 0x5a, 0xa5, 0x55, 0x55, 0x55,
    0x55, 0x55, 0x55, 0x55, 0x55, 0x55, 0x55, 0x56, 0x95, 0x55, 0x55, 0x55, 0xaf, 0xff, 0xa5, 0x55, 0x55, 0x55, 0x55, 0x55, 0x55, 0x55, 0x55, 0x55,
    0x5b, 0xfe, 0x55, 0x55, 0xaf, 0xf9, 0x55, 0x56, 0x95, 0x6f, 0xff, 0xff, 0xff, 0xff, 0xff, 0xff, 0xff, 0xff, 0xff, 0xff, 0xff, 0xff, 0xff, 0xff,
    0xff, 0xff, 0xff, 0xff, 0xff, 0xff, 0xff, 0xfa, 0x55, 0x55, 0x55, 0x55, 0x55, 0x55, 0x55, 0x55, 0x55, 0x55, 0x55, 0x55, 0x55, 0x55, 0x55, 0x55,
    0x55, 0x55, 0x2f, 0xff, 0xfe, 0xb9, 0x55, 0x55, 0x55, 0x55, 0x55, 0x55, 0x55, 0x55, 0x55, 0x55, 0x55, 0x55, 0x55, 0x55, 0x55, 0x55, 0x55, 0x55,
    0x55, 0x55, 0x55, 0x55, 0x55, 0x55, 0x55, 0x55, 0x55, 0x55, 0x55, 0x55, 0x55, 0x55, 0x5a, 0x96, 0xe5, 0x55, 0x55, 0x55, 0x5f, 0xff, 0xff, 0xfa,
    0xbf, 0xff, 0xff, 0xf5, 0x55, 0xbf, 0xff, 0xff, 0xff, 0xf5, 0x56, 0xff, 0xfa, 0xbf, 0xf0, 0x54, 0x41, 0x54, 0x51, 0x41, 0x45, 0x14, 0x55, 0x05,
    0x15, 0x55, 0x6b, 0xff, 0xff, 0x85, 0x1f, 0xff, 0xe9, 0x55, 0x45, 0x11, 0x55, 0x15, 0x45, 0x11, 0x45, 0x50, 0x50, 0x51, 0x51, 0x45, 0x51, 0x44,
    0x51, 0x45, 0x45, 0x55, 0x55, 0x55, 0x4a, 0xf9, 0x1f, 0xf9, 0x6f, 0xfe, 0x55, 0x55, 0x55, 0x56, 0x55, 0x55, 0x56, 0x55, 0x56, 0x95, 0x55, 0x55,
    0x55, 0x55, 0x55, 0x55, 0x69, 0x55, 0x55, 0x55, 0x55, 0x55, 0x15, 0x55, 0x55, 0x55, 0x55, 0x6f, 0xff, 0xe9, 0x6b, 0xff, 0xff, 0x95, 0x6f, 0xfa,
    0xff, 0xff, 0xff, 0xff, 0xff, 0xff, 0xff, 0xff, 0xff, 0xff, 0xff, 0xff, 0xff, 0xff, 0xff, 0xff, 0xff, 0xff, 0xff, 0xff, 0xfe, 0xaa, 0x55, 0x55,
    0x55, 0x55, 0x15, 0x14, 0x54, 0x54, 0x55, 0x14, 0x15, 0x14, 0x51, 0x41, 0x45, 0x10, 0x51, 0x45, 0x15, 0x4a, 0xaa, 0xa5, 0x55, 0x54, 0x45, 0x05,
    0x15, 0x41, 0x05, 0x55, 0x55, 0x55, 0x45, 0x51, 0x55, 0x15, 0x51, 0x45, 0x15, 0x55, 0x14, 0x55, 0x55, 0x54, 0x51, 0x55, 0x55, 0x55, 0x15, 0x14,
    0x51, 0x51, 0x54, 0x51, 0x45, 0xbf, 0xeb, 0xf9, 0x55, 0x55, 0xb9, 0x7f, 0xff, 0xff, 0xff, 0xff, 0xff, 0xff, 0xf9, 0x55, 0xbf, 0xfe, 0xff, 0xff,
    0xe5, 0x5f, 0xff, 0xff, 0xff, 0xf0, 0x55, 0x54, 0x15, 0x14, 0x54, 0x54, 0x51, 0x45, 0x55, 0x51, 0x45, 0x6b, 0xff, 0x95, 0xab, 0xaf, 0xff, 0xe9,
    0x51, 0x55, 0x15, 0x15, 0x14, 0x55, 0x54, 0x54, 0x55, 0x15, 0x15, 0x15, 0x55, 0x45, 0x45, 0x45, 0x54, 0x54, 0x15, 0x55, 0x55, 0x5f, 0xfe, 0xbf,
    0xfe, 0xbf, 0xff, 0x95, 0x55, 0x55, 0x6f, 0xe5, 0x55, 0xbf, 0xe5, 0x5b, 0xff, 0x95, 0x55, 0x55, 0x55, 0xa5, 0x55, 0x51, 0x55, 0x55, 0x55, 0x55,
    0x51, 0x69, 0x51, 0x55, 0x55, 0x55, 0xbf, 0xff, 0xff, 0xff, 0xff, 0xff, 0xfb, 0xff, 0xff, 0xff, 0xff, 0xff, 0xff, 0xff, 0xff, 0xff, 0xff, 0xff,
    0xff, 0xff, 0xff, 0xff, 0xff, 0xff, 0xff, 0xfa, 0xef, 0xbf, 0xfe, 0xa5, 0x55, 0x55, 0x51, 0x45, 0x11, 0x51, 0x51, 0x45, 0x55, 0x45, 0x55, 0x45,
    0x45, 0x55, 0x54, 0x51, 0x55, 0x14, 0x51, 0x50, 0x54, 0x55, 0x45, 0x54, 0x15, 0x51, 0x54, 0x50, 0x55, 0x54, 0x50, 0x50, 0x51, 0x54, 0x55, 0x15,
    0x55, 0x15, 0x54, 0x55, 0x15, 0x45, 0x45, 0x55, 0x15, 0x55, 0x54, 0x51, 0x55, 0x51, 0x54, 0x51, 0x51, 0x45, 0x15, 0x55, 0xff, 0xff, 0xfe, 0x5a,
    0xaf, 0xff, 0xff, 0xff, 0xff, 0xff, 0xff, 0xff, 0xff, 0xb9, 0x54, 0xbf, 0xa5, 0x5f, 0xfa, 0x95, 0x5f, 0xff, 0xff, 0xff, 0xf0, 0x50, 0x51, 0x41,
    0x54, 0x54, 0x14, 0x51, 0x51, 0x50, 0x54, 0x54, 0xa7, 0xff, 0xe9, 0xbe, 0xbf, 0xff, 0xda, 0x15, 0x15, 0x54, 0x51, 0x54, 0x50, 0x55, 0x45, 0x45,
    0x51, 0x55, 0x54, 0x54, 0x55, 0x55, 0x14, 0x55, 0x55, 0x41, 0x14, 0x45, 0x6f, 0xef, 0xff, 0xff, 0xff, 0xfe, 0xe5, 0x14, 0x54, 0xbf, 0xf9, 0x5b,
    0xff, 0xfa, 0xbf, 0xff, 0xe5, 0x56, 0xb9, 0x5b, 0xfd, 0x55, 0x55, 0x55, 0x55, 0x54, 0x51, 0x46, 0xff, 0xe6, 0xaf, 0xe5, 0x57, 0xff, 0xff, 0xff,
    0xff, 0xff, 0xff, 0xff, 0xff, 0xff, 0xff, 0xff, 0xff, 0xff, 0xff, 0xff, 0xff, 0xff, 0xff, 0xff, 0xff, 0xff, 0xff, 0xff, 0xff, 0xa5, 0x55, 0x55,
    0x55, 0x55, 0x55, 0x55, 0x54, 0x55, 0x54, 0x55, 0x54, 0x55, 0x55, 0x51, 0x45, 0x45, 0x54, 0x55, 0x14, 0x55, 0x14, 0x45, 0x15, 0x14, 0x55, 0x51,
    0x51, 0x55, 0x15, 0x51, 0x14, 0x51, 0x45, 0x14, 0x54, 0x55, 0x45, 0x55, 0x15, 0x45, 0x51, 0x51, 0x54, 0x55, 0x41, 0x54, 0x55, 0x55, 0x55, 0x51,
    0x45, 0x15, 0x55, 0x14, 0x55, 0x45, 0x55, 0x15, 0x55, 0x55, 0x55, 0xff, 0xff, 0xff, 0xff, 0xff, 0xff, 0xff, 0xff, 0xff, 0xff, 0xff, 0xbf, 0xbf,
    0xe5, 0x45, 0x59, 0x55, 0x16, 0x95, 0x55, 0x5b, 0xff, 0xff, 0xff, 0xf0, 0x55, 0x45, 0x55, 0x05, 0x45, 0x51, 0x54, 0x15, 0x15, 0x45, 0x54, 0xa7,
    0xff, 0xfd, 0x7f, 0x9b, 0xff, 0xda, 0x15, 0x41, 0x45, 0x51, 0x45, 0x15, 0x45, 0x54, 0x54, 0x51, 0x51, 0x45, 0x45, 0x55, 0x14, 0x55, 0x45, 0x06,
    0xa5, 0x65, 0x54, 0xbf, 0xff, 0xff, 0xff, 0xff, 0xff, 0xfa, 0xa5, 0x56, 0xff, 0xff, 0xff, 0xff, 0xff, 0xff, 0xff, 0xfe, 0xaf, 0xff, 0xbf, 0xfe,
    0xab, 0x95, 0x55, 0x55, 0x55, 0x6a, 0xaf, 0xff, 0xff, 0xff, 0xff, 0xbf, 0xff, 0xff, 0xff, 0xff, 0xff, 0xff, 0xff, 0xff, 0xff, 0xff, 0xfe, 0xaa,
    0xbf, 0xff, 0xff, 0xff, 0xff, 0xff, 0xff, 0xff, 0xff, 0xff, 0xfe, 0xa9, 0x55, 0x55, 0x55, 0x55, 0x45, 0x55, 0x45, 0x45, 0x55, 0x55, 0x95, 0x45,
    0x45, 0x15, 0x15, 0x54, 0x54, 0x55, 0x51, 0x55, 0x51, 0x54, 0x51, 0x51, 0x45, 0x45, 0x15, 0x55, 0x15, 0x51, 0x45, 0x14, 0x51, 0x45, 0x55, 0x45,
    0x15, 0x55, 0x15, 0x51, 0x54, 0x55, 0x55, 0x45, 0x45, 0x55, 0x45, 0x55, 0x51, 0x54, 0x55, 0x55, 0x15, 0x15, 0x55, 0x45, 0x45, 0x05, 0x54, 0x51,
    0x54, 0x51, 0xff, 0xff, 0xff, 0xff, 0xff, 0xff, 0xff, 0xff, 0xef, 0xff, 0xff, 0xff, 0xff, 0x95, 0x55, 0x45, 0x55, 0x54, 0x55, 0x55, 0x15, 0xaa,
    0xff, 0xea, 0xa0, 0x55, 0x14, 0x55, 0x51, 0x45, 0x45, 0x15, 0x55, 0x15, 0x45, 0x55, 0x6b, 0xff, 0xf9, 0xaa, 0x97, 0xff, 0xe9, 0x54, 0x55, 0x45,
    0x15, 0x45, 0x55, 0x45, 0x54, 0x15, 0x15, 0x55, 0x55, 0x55, 0x15, 0x44, 0x51, 0x54, 0x5b, 0xff, 0xf5, 0xb9, 0xbf, 0xff, 0xfb, 0xff, 0xff, 0xff,
    0xff, 0xfe, 0xaf, 0xff, 0xff, 0xff, 0xff, 0xff, 0xff, 0xbf, 0xff, 0xff, 0xff, 0xff, 0xff, 0xff, 0xd5, 0x45, 0x15, 0x46, 0xff, 0xff, 0xff, 0xff,
    0xff, 0xff, 0xff, 0xff, 0xff, 0xff, 0xff, 0xff, 0xff, 0xff, 0xff, 0xff, 0xff, 0xe9, 0x55, 0x56, 0xaa, 0xaf, 0xff, 0xff, 0xff, 0xff, 0xea, 0xff,
    0xff, 0x95, 0x55, 0x54, 0x55, 0x15, 0x55, 0x55, 0x55, 0x56, 0xe5, 0x04, 0x5b, 0xf5, 0x55, 0x45, 0x51, 0x55, 0x15, 0x54, 0x55, 0x15, 0x51, 0x54,
    0x51, 0x51, 0x55, 0x55, 0x45, 0x15, 0x45, 0x41, 0x51, 0x45, 0x45, 0x15, 0x55, 0x41, 0x55, 0x55, 0x15, 0x55, 0x55, 0x15, 0x54, 0x54, 0x55, 0x50,
    0x54, 0x55, 0x15, 0x55, 0x55, 0x55, 0x11, 0x51, 0x51, 0x51, 0x54, 0x54, 0x54, 0x55, 0x55, 0x15, 0x56, 0xff, 0xff, 0xff, 0xfb, 0xff, 0xff, 0xff,
    0xff, 0xfe, 0xaa, 0xaa, 0xaa, 0xaa, 0x54, 0x55, 0x55, 0x45, 0x45, 0x51, 0x51, 0x55, 0x45, 0x6a, 0x55, 0x50, 0x51, 0x55, 0x40, 0x51, 0x54, 0x55,
    0x11, 0x41, 0x54, 0x54, 0x54, 0x6b, 0xff, 0xf5, 0x1a, 0x7b, 0xff, 0xe9, 0x55, 0x54, 0x54, 0x51, 0x54, 0x50, 0x54, 0x51, 0x51, 0x55, 0x14, 0x51,
    0x51, 0x51, 0x55, 0x51, 0x15, 0x5f, 0xff, 0xfe, 0xfe, 0xff, 0xfe, 0xff, 0xff, 0xff, 0xff, 0xff, 0xff, 0xff, 0xff, 0xff, 0xff, 0xff, 0xff, 0xff,
    0xfa, 0xaa, 0xa9, 0xaa, 0xaa, 0xbf, 0xfe, 0x54, 0x55, 0x55, 0x5b, 0xff, 0xff, 0xff, 0xff, 0xff, 0xff, 0xff, 0xff, 0xff, 0xff, 0xff, 0xff, 0xff,
    0xff, 0xae, 0xfa, 0x96, 0x91, 0x55, 0x55, 0x55, 0x56, 0xaa, 0xaf, 0xff, 0xe9, 0x55, 0x6b, 0xa9, 0x55, 0x55, 0x05, 0x15, 0x54, 0x51, 0x51, 0x55,
    0x5f, 0xfe, 0xaa, 0xff, 0xf9, 0x55, 0x64, 0x55, 0x55, 0x15, 0x55, 0x45, 0x55, 0x54, 0x54, 0x55, 0x14, 0x54, 0x50, 0x55, 0x54, 0x54, 0x54, 0x15,
    0x51, 0x55, 0x55, 0x51, 0x55, 0x55, 0x45, 0x55, 0x54, 0x55, 0x51, 0x45, 0x54, 0x51, 0x55, 0x55, 0x51, 0x50, 0x55, 0x15, 0x45, 0x55, 0x51, 0x55,
    0x15, 0x55, 0x55, 0x55, 0x05, 0x05, 0x15, 0x0b, 0xbf, 0xff, 0xbf, 0xff, 0xff, 0xff, 0xfe, 0xfe, 0xa5, 0x55, 0x55, 0x11, 0x55, 0x55, 0x45, 0x51,
    0x55, 0x55, 0x55, 0x55, 0x55, 0x55, 0x45, 0x55, 0x50, 0x51, 0x55, 0x55, 0x15, 0x54, 0x51, 0x51, 0x55, 0x45, 0x45, 0x45, 0xab, 0xff, 0xff, 0x69,
    0xbf, 0xff, 0xda, 0x15, 0x45, 0x55, 0x54, 0x15, 0x55, 0x54, 0x55, 0x55, 0x45, 0x54, 0x55, 0x15, 0x54, 0x51, 0x15, 0x15, 0x4b, 0xff, 0xef, 0xff,
    0xfe, 0xff, 0xff, 0xfb, 0xef, 0xff, 0xff, 0xff, 0xff, 0xff, 0xef, 0xbf, 0xff, 0xff, 0xff, 0x95, 0x45, 0x14, 0x55, 0x55, 0x55, 0x95, 0x55, 0x55,
    0x55, 0x2f, 0xff, 0xff, 0xff, 0xff, 0xfb, 0xff, 0xff, 0xff, 0xff, 0xff, 0xff, 0xff, 0xaa, 0xa9, 0x55, 0x55, 0x51, 0x15, 0x55, 0x55, 0x55, 0x55,
    0x55, 0x55, 0x69, 0x55, 0x55, 0x15, 0x54, 0x55, 0x45, 0x55, 0x51, 0x55, 0x54, 0x55, 0x55, 0x6f, 0xff, 0xff, 0xff, 0xfd, 0x16, 0xfd, 0x54, 0x55,
    0x55, 0x1b, 0xa5, 0x55, 0x55, 0x55, 0x55, 0x15, 0x45, 0x55, 0x51, 0x45, 0x55, 0x55, 0x54, 0x55, 0x55, 0x45, 0x55, 0x14, 0x55, 0x55, 0x54, 0x45,
    0x45, 0x55, 0x55, 0x45, 0x55, 0x45, 0x15, 0x15, 0x55, 0x55, 0x54, 0x54, 0x54, 0x55, 0x55, 0x45, 0x15, 0x15, 0x15, 0x55, 0x51, 0x51, 0x57, 0xfa,
    0xaf, 0xfe, 0xaf, 0xff, 0xff, 0xff, 0xe9, 0x55, 0x55, 0x55, 0x55, 0x54, 0x51, 0x55, 0x55, 0x55, 0x55, 0x54, 0x55, 0x55, 0x15, 0x55, 0x55, 0x50,
    0x55, 0x14, 0x15, 0x14, 0x55, 0x14, 0x54, 0x14, 0x51, 0x54, 0x54, 0x6b, 0xff, 0xff, 0x51, 0x5b, 0xff, 0xe9, 0x14, 0x55, 0x45, 0x45, 0x51, 0x45,
    0x51, 0x54, 0x55, 0x45, 0x45, 0x54, 0x54, 0x45, 0x55, 0x45, 0x45, 0x16, 0xaa, 0xff, 0xaf, 0xff, 0xff, 0xff, 0xff, 0xff, 0xef, 0xff, 0xff, 0xff,
    0xff, 0xff, 0xff, 0xa9, 0x55, 0x55, 0x55, 0x55, 0x55, 0x55, 0x56, 0xa5, 0x55, 0x55, 0x55, 0x14, 0xbf, 0xff, 0xff, 0xa9, 0xa5, 0x55, 0x5a, 0xff,
    0xff, 0xff, 0xfe, 0x55, 0x55, 0x55, 0x55, 0x51, 0x55, 0x55, 0xae, 0x51, 0x55, 0x54, 0x55, 0x55, 0x55, 0x51, 0x55, 0x55, 0x54, 0x55, 0x45, 0x55,
    0x55, 0x45, 0x14, 0x14, 0x45, 0x14, 0x7f, 0xff, 0xff, 0xff, 0xfe, 0x5b, 0xff, 0x51, 0x6b, 0x95, 0x7f, 0xfd, 0x50, 0x54, 0x15, 0x14, 0x41, 0x55,
    0x15, 0x69, 0x55, 0x15, 0x15, 0x55, 0x54, 0x51, 0x54, 0x55, 0x55, 0x55, 0x51, 0x45, 0x55, 0x55, 0x55, 0x15, 0x55, 0x54, 0x55, 0x51, 0x44, 0x55,
    0x55, 0x45, 0x55, 0x15, 0x45, 0x11, 0x55, 0x55, 0x54, 0x51, 0x54, 0x55, 0x55, 0x51, 0x94, 0x55, 0xa5, 0x55, 0xaa, 0xea, 0xaa, 0x55, 0x55, 0x55,
    0x54, 0x54, 0x15, 0x45, 0x51, 0x15, 0x54, 0x55, 0x55, 0x54, 0x55, 0x51, 0x54, 0x51, 0x50, 0x45, 0x51, 0x45, 0x45, 0x05, 0x14, 0x45, 0x45, 0x51,
    0x55, 0x54, 0x6b, 0xff, 0xd5, 0x54, 0x6b, 0xff, 0xe9, 0x55, 0x55, 0x54, 0x51, 0x55, 0x15, 0x15, 0x15, 0x45, 0x51, 0x55, 0x45, 0x45, 0x55, 0x15,
    0x54, 0x55, 0x55, 0x15, 0x55, 0x55, 0x56, 0x5a, 0xba, 0xae, 0xbf, 0xff, 0xff, 0xfb, 0xff, 0xea, 0xaa, 0xa9, 0x55, 0x55, 0x5a, 0xa5, 0x55, 0x55,
    0x55, 0xaf, 0xff, 0x95, 0x55, 0x51, 0x56, 0xff, 0xff, 0xfe, 0x55, 0x55, 0x55, 0x55, 0x5a, 0xbf, 0xef, 0xa5, 0x55, 0x55, 0x55, 0x54, 0x55, 0x55,
    0x56, 0xff, 0xe5, 0x56, 0xa5, 0x55, 0x55, 0x55, 0x55, 0x55, 0x14, 0x55, 0x41, 0x55, 0x14, 0x51, 0x54, 0x55, 0x45, 0x55, 0x45, 0xbf, 0xff, 0xff,
    0xff, 0xff, 0xff, 0xff, 0xaa, 0xff, 0xff, 0xff, 0xfd, 0x56, 0x45, 0x95, 0x41, 0xa5, 0x51, 0x56, 0xfe, 0x14, 0x51, 0x55, 0x51, 0x45, 0x45, 0x55,
    0x51, 0x45, 0x45, 0x15, 0x55, 0x15, 0x15, 0x50, 0x05, 0x51, 0x55, 0x50, 0x55, 0x19, 0x00, 0x10, 0x55, 0x45, 0x55, 0x15, 0x55, 0x14, 0x51, 0x45,
    0x55, 0x15, 0x45, 0x14, 0x55, 0x45, 0x54, 0x55, 0x55, 0x55, 0x55, 0x55, 0x55, 0x45, 0x14, 0x55, 0x45, 0x55, 0x14, 0x15, 0x55, 0x55, 0x54, 0x55,
    0x55, 0x56, 0xa9, 0x15, 0x54, 0x50, 0x50, 0x55, 0x44, 0x55, 0x51, 0x51, 0x45, 0x55, 0x15, 0x15, 0x15, 0xa7, 0xff, 0xea, 0x19, 0x3f, 0xff, 0xda,
    0x55, 0x15, 0x55, 0x55, 0x15, 0x51, 0x55, 0x51, 0x50, 0x55, 0x15, 0x55, 0x55, 0x55, 0x54, 0x55, 0x51, 0x55, 0x55, 0x55, 0x55, 0x55, 0x45, 0x55,
    0x55, 0x5a, 0xfa, 0xaa, 0xbf, 0xa9, 0x55, 0x55, 0x55, 0x55, 0x55, 0xff, 0xf9, 0x55, 0x6f, 0xff, 0xff, 0xff, 0xe5, 0x55, 0x56, 0xff, 0xff, 0xff,
    0xf9, 0x55, 0x55, 0x55, 0x55, 0x55, 0x55, 0x55, 0x55, 0x55, 0x55, 0x55, 0x55, 0xfd, 0x29, 0x4b, 0xff, 0xff, 0xff, 0xff, 0x91, 0x55, 0x55, 0x55,
    0x45, 0x45, 0x45, 0x15, 0x15, 0x54, 0x51, 0x45, 0x41, 0x44, 0x7d, 0x5b, 0xff, 0xff, 0xff, 0xff, 0xff, 0xff, 0xef, 0xff, 0xff, 0xff, 0xff, 0xfd,
    0x6f, 0x9b, 0xf4, 0x5b, 0xfe, 0x56, 0xbf, 0xea, 0x54, 0x55, 0x45, 0x15, 0x45, 0x55, 0x15, 0x15, 0x14, 0x51, 0x54, 0x55, 0x51, 0x51, 0x42, 0x90,
    0x14, 0x55, 0x04, 0x11, 0xbe, 0x55, 0xba, 0x05, 0x55, 0x51, 0x51, 0x54, 0x55, 0x55, 0x15, 0x55, 0x51, 0x55, 0x55, 0x55, 0x55, 0x15, 0x55, 0x55,
    0x15, 0x55, 0x55, 0x45, 0x55, 0x15, 0x15, 0x55, 0x15, 0x55, 0x5b, 0xf9, 0x41, 0x56, 0x95, 0x15, 0x6f, 0xfe, 0x55, 0x46, 0xf0, 0x55, 0x44, 0x54,
    0x50, 0x51, 0x55, 0x54, 0x51, 0x55, 0x51, 0x54, 0x6b, 0xff, 0xff, 0x19, 0x7f, 0xff, 0xd9, 0x54, 0x51, 0x45, 0x14, 0x51, 0x55, 0x40, 0x55, 0x55,
    0x45, 0x51, 0x55, 0x51, 0x50, 0x55, 0x05, 0x15, 0x41, 0x45, 0x55, 0x51, 0x54, 0x54, 0x45, 0x55, 0x55, 0x55, 0x05, 0x55, 0x55, 0x55, 0x55, 0x55,
    0x15, 0x5b, 0xff, 0xff, 0xea, 0xbf, 0xff, 0xff, 0xff, 0xfa, 0xff, 0xff, 0xff, 0xff, 0xff, 0xfd, 0x54, 0x55, 0x59, 0x55, 0x55, 0x55, 0x55, 0x55,
    0x55, 0x55, 0x55, 0x5b, 0xfe, 0xbe, 0x6f, 0xff, 0xff, 0xff, 0xff, 0xea, 0xab, 0xff, 0xf9, 0x54, 0x55, 0x45, 0x55, 0x50, 0x55, 0x45, 0x45, 0x65,
    0x6e, 0xbe, 0xbf, 0xff, 0xff, 0xff, 0xff, 0xbf, 0xff, 0xff, 0xff, 0xff, 0xff, 0xff, 0xff, 0xff, 0xff, 0xfa, 0xbf, 0xbf, 0xab, 0xff, 0xa5, 0x45,
    0x55, 0x45, 0x14, 0x55, 0x15, 0x51, 0x45, 0x55, 0x15, 0x54, 0x50, 0x55, 0x55, 0x4a, 0x51, 0x7d, 0x04, 0x6e, 0xab, 0xf4, 0x02, 0xff, 0x95, 0x15,
    0x15, 0x55, 0x14, 0x51, 0x05, 0x54, 0x55, 0x55, 0x55, 0x55, 0x55, 0x51, 0x51, 0x51, 0x45, 0x55, 0x55, 0x55, 0x55, 0x15, 0x51, 0x51, 0x15, 0x51,
    0x55, 0x5f, 0xff, 0xa6, 0xff, 0xf9, 0x66, 0xff, 0xff, 0xd5, 0x5b, 0xf0, 0x45, 0x44, 0x51, 0x45, 0x54, 0x14, 0x54, 0x55, 0x45, 0x55, 0x54, 0xab,
    0xff, 0xff, 0xaa, 0x5f, 0xff, 0xe9, 0x51, 0x55, 0x55, 0x54, 0x55, 0x05, 0x40, 0x55, 0x05, 0x54, 0x55, 0x45, 0x15, 0x55, 0x15, 0x54, 0x54, 0x55,
    0x14, 0x45, 0x15, 0x45, 0x51, 0x55, 0x45, 0x15, 0x15, 0x55, 0x55, 0x55, 0x55, 0x51, 0x45, 0x56, 0xbf, 0xff, 0xff, 0xff, 0xff, 0xff, 0xff, 0xff,
    0xff, 0xff, 0xff, 0xff, 0xff, 0xef, 0xff, 0xaa, 0x55, 0xbf, 0xe5, 0x15, 0x55, 0x55, 0x55, 0x55, 0xaa, 0x6b, 0xff, 0xff, 0xff, 0xff, 0xff, 0xff,
    0xff, 0xff, 0xff, 0xff, 0xff, 0xff, 0xf5, 0x51, 0x54, 0x51, 0x55, 0x45, 0x44, 0x50, 0xbf, 0xff, 0xff, 0xff, 0xff, 0xff, 0xff, 0xff, 0xfb, 0xef,
    0xff, 0xff, 0xff, 0xff, 0xfe, 0xff, 0xfb, 0xff, 0xff, 0xfb, 0xfb, 0xfe, 0xa9, 0x55, 0x15, 0x50, 0x55, 0x55, 0x55, 0x11, 0x51, 0x54, 0x55, 0x54,
    0x45, 0x55, 0x45, 0x15, 0x18, 0x02, 0xff, 0x95, 0xff, 0xfe, 0xe0, 0x00, 0xaf, 0xe1, 0x51, 0x54, 0x51, 0x55, 0x15, 0x54, 0x45, 0x45, 0x15, 0x55,
    0x45, 0x55, 0x15, 0x55, 0x15, 0x55, 0x45, 0x55, 0x51, 0x51, 0x51, 0x55, 0x55, 0x51, 0x55, 0x45, 0x6e, 0xff, 0xff, 0xff, 0xff, 0xff, 0xff, 0xff,
    0xfa, 0xff, 0xf0, 0x54, 0x55, 0x45, 0x14, 0x15, 0x55, 0x15, 0x14, 0x55, 0x45, 0x14, 0xa7, 0xff, 0xf5, 0xf5, 0xc7, 0xff, 0xe9, 0x55, 0x55, 0x50,
    0x55, 0x44, 0x51, 0x50, 0x05, 0x54, 0x51, 0x55, 0x54, 0x55, 0x15, 0x51, 0x55, 0x45, 0x54, 0x55, 0x51, 0x54, 0x55, 0x15, 0x14, 0x55, 0x55, 0x55,
    0x55, 0x55, 0x45, 0x55, 0x1a, 0x5a, 0xff, 0xff, 0xff, 0xff, 0xff, 0xff, 0xff, 0xff, 0xff, 0xff, 0xff, 0xff, 0xff, 0xfe, 0xff, 0xff, 0xff, 0xfb,
    0xff, 0xfa, 0xa5, 0x55, 0x55, 0x44, 0x5b, 0xff, 0xff, 0xff, 0xff, 0xff, 0xff, 0xea, 0xab, 0xff, 0xfa, 0xaa, 0xff, 0xff, 0xff, 0xf9, 0x45, 0x15,
    0x55, 0x15, 0x54, 0x54, 0x55, 0xbf, 0xff, 0xff, 0xfe, 0xfb, 0xff, 0xff, 0xef, 0xff, 0xfe, 0xff, 0xbf, 0xbf, 0xff, 0xef, 0xff, 0xff, 0xbe, 0xff,
    0xff, 0xfe, 0xa9, 0x54, 0x51, 0x51, 0x55, 0x51, 0x45, 0x15, 0x55, 0x55, 0x55, 0x44, 0x54, 0x55, 0x55, 0x55, 0x50, 0x20, 0x01, 0xff, 0xef, 0xaf,
    0xbf, 0xc0, 0x00, 0x06, 0xe1, 0x55, 0x45, 0x45, 0x05, 0x14, 0x55, 0x54, 0x55, 0x15, 0x14, 0x55, 0x15, 0x55, 0x45, 0x54, 0x55, 0x55, 0x15, 0x55,
    0x15, 0x55, 0x14, 0x54, 0x55, 0x55, 0x54, 0x7f, 0xff, 0xff, 0xff, 0xff, 0xff, 0xff, 0xff, 0xff, 0xff, 0xf0, 0x51, 0x55, 0x15, 0x15, 0x51, 0x41,
    0x41, 0x55, 0x51, 0x55, 0x54, 0x6b, 0xff, 0xf9, 0xfa, 0xeb, 0xff, 0xd9, 0x14, 0x55, 0x55, 0x45, 0x40, 0x05, 0x10, 0x01, 0x51, 0x45, 0x44, 0x55,
    0x54, 0x51, 0x45, 0x11, 0x55, 0x15, 0x45, 0x15, 0x45, 0x51, 0x54, 0x55, 0x15, 0x55, 0x55, 0x55, 0x51, 0x54, 0x50, 0x7f, 0xff, 0xff, 0xff, 0xff,
    0xff, 0xff, 0xff, 0xff, 0xff, 0xff, 0xff, 0xff, 0xff, 0xea, 0xa5, 0x56, 0xff, 0xff, 0xff, 0xff, 0xff, 0xf9, 0x15, 0xbf, 0xea, 0xaf, 0xff, 0xff,
    0xff, 0xfa, 0xbf, 0xfe, 0x95, 0x55, 0x5a, 0x95, 0x55, 0x56, 0xff, 0xff, 0xf9, 0x55, 0x51, 0x55, 0x50, 0x51, 0x55, 0x54, 0x6a, 0xaf, 0xfb, 0xff,
    0xff, 0xff, 0xff, 0xff, 0xfe, 0xff, 0xef, 0xff, 0xff, 0xff, 0xff, 0xef, 0xaf, 0xff, 0xef, 0xaa, 0x95, 0x51, 0x45, 0x55, 0x15, 0x15, 0x51, 0x54,
    0x51, 0x45, 0x45, 0x45, 0x55, 0x15, 0x55, 0x45, 0x14, 0x50, 0x40, 0x02, 0xed, 0x05, 0x06, 0xfb, 0x40, 0x00, 0x00, 0xb4, 0x54, 0x55, 0x45, 0x51,
    0x54, 0x51, 0x55, 0x51, 0x54, 0x55, 0x41, 0x51, 0x55, 0x55, 0x45, 0x55, 0x55, 0x51, 0x55, 0x55, 0x45, 0x55, 0x45, 0x45, 0x45, 0x15, 0x6f, 0xfb,
    0xff, 0xff, 0xfa, 0xff, 0xff, 0xff, 0xff, 0xff, 0xf0, 0x55, 0x14, 0x51, 0x51, 0x55, 0x15, 0x55, 0x41, 0x55, 0x14, 0x55, 0xab, 0xff, 0xff, 0xff,
    0xff, 0xff, 0xda, 0x51, 0x45, 0x55, 0x54, 0x14, 0x05, 0x41, 0x15, 0x45, 0x15, 0x45, 0x45, 0x54, 0x55, 0x14, 0x55, 0x15, 0x15, 0x55, 0x54, 0x55,
    0x15, 0x51, 0x45, 0x55, 0x51, 0x45, 0x54, 0x55, 0x15, 0x55, 0xbf, 0xff, 0xff, 0xff, 0xff, 0xff, 0xea, 0xbf, 0xff, 0xff, 0xef, 0xfa, 0xff, 0xfe,
    0x95, 0x55, 0x55, 0x7f, 0xfa, 0xff, 0xff, 0xff, 0xfe, 0x6b, 0xff, 0xff, 0xff, 0xff, 0xea, 0xbf, 0xe5, 0x5a, 0xe9, 0x55, 0x55, 0x51, 0x55, 0x15,
    0x55, 0x6b, 0xfa, 0x95, 0x51, 0x55, 0x05, 0x45, 0x55, 0x11, 0x45, 0x45, 0x56, 0xaf, 0xba, 0xae, 0xaf, 0xfa, 0xaa, 0xab, 0xff, 0xfe, 0xfe, 0xff,
    0xbf, 0xbf, 0xff, 0xff, 0xea, 0x55, 0x55, 0x55, 0x55, 0x55, 0x05, 0x55, 0x54, 0x55, 0x15, 0x55, 0x54, 0x54, 0x50, 0x51, 0x45, 0x14, 0x55, 0x45,
    0x45, 0x00, 0x02, 0xf4, 0x00, 0x00, 0x7f, 0x40, 0x00, 0x00, 0x28, 0x45, 0x51, 0x54, 0x55, 0x45, 0x51, 0x51, 0x55, 0x45, 0x55, 0x55, 0x45, 0x51,
    0x51, 0x55, 0x55, 0x15, 0x55, 0x15, 0x54, 0x55, 0x41, 0x55, 0x15, 0x45, 0x55, 0x5a, 0x95, 0x56, 0xaa, 0x55, 0x55, 0x95, 0x56, 0xba, 0xaa, 0xf0,
    0x55, 0x05, 0x51, 0x45, 0x05, 0x54, 0x54, 0x55, 0x05, 0x55, 0x54, 0xa7, 0xff, 0xff, 0xff, 0xff, 0xff, 0xd9, 0x51, 0x44, 0x55, 0x55, 0x04, 0x15,
    0x40, 0x55, 0x45, 0x15, 0x55, 0x54, 0x55, 0x45, 0x55, 0x55, 0x14, 0x50, 0x51, 0x45, 0x55, 0x55, 0x55, 0x15, 0x55, 0x55, 0x55, 0x14, 0x55, 0x55,
    0x45, 0x15, 0x5a, 0xff, 0xfe, 0xff, 0xfa, 0x55, 0x56, 0xaa, 0xab, 0xff, 0xe5, 0x6a, 0xa9, 0x55, 0x55, 0x55, 0x55, 0x55, 0x6f, 0xff, 0xff, 0xff,
    0xff, 0xff, 0xff, 0xff, 0xfe, 0x45, 0x1a, 0x95, 0x55, 0x55, 0x55, 0x55, 0x15, 0x56, 0xaa, 0x45, 0x55, 0x55, 0x55, 0x15, 0x15, 0x55, 0x55, 0x45,
    0x55, 0x45, 0x55, 0x54, 0x55, 0x55, 0x55, 0x55, 0x55, 0x50, 0x55, 0x6a, 0xaf, 0xff, 0xff, 0xff, 0xea, 0xaa, 0xaa, 0x55, 0x54, 0x50, 0x55, 0x14,
    0x51, 0x54, 0x51, 0x45, 0x45, 0x55, 0x14, 0x51, 0x45, 0x55, 0x55, 0x55, 0x15, 0x51, 0x55, 0x18, 0x00, 0x01, 0xe0, 0x00, 0x00, 0x1f, 0x40, 0x00,
    0x00, 0x04, 0x55, 0x15, 0x51, 0x45, 0x54, 0x15, 0x15, 0x05, 0x55, 0x14, 0x51, 0x54, 0x54, 0x15, 0x55, 0x55, 0x51, 0x45, 0x55, 0x15, 0x50, 0x55,
    0x15, 0x55, 0x55, 0x55, 0x55, 0x55, 0x55, 0x55, 0x55, 0x55, 0x55, 0x55, 0x55, 0x55, 0x50, 0x51, 0x51, 0x45, 0x55, 0x50, 0x45, 0x05, 0x55, 0x55,
    0x45, 0x44, 0xa7, 0xff, 0xff, 0xff, 0xff, 0xfe, 0xe9, 0x15, 0x15, 0x45, 0x41, 0x00, 0x04, 0x50, 0x01, 0x55, 0x54, 0x50, 0x55, 0x45, 0x55, 0x45,
    0x51, 0x45, 0x55, 0x55, 0x55, 0x45, 0x55, 0x45, 0x55, 0x15, 0x15, 0x55, 0x51, 0x51, 0x45, 0x55, 0x55, 0x54, 0x55, 0x55, 0x5a, 0x55, 0x55, 0x55,
    0x55, 0x55, 0x6a, 0x45, 0x55, 0x55, 0x55, 0x55, 0x55, 0x55, 0x55, 0x56, 0xff, 0xff, 0xff, 0xff, 0xff, 0xff, 0xff, 0xf9, 0x55, 0x55, 0x45, 0x15,
    0x51, 0xaa, 0x95, 0x54, 0x6b, 0xff, 0xd5, 0x55, 0x55, 0x55, 0x55, 0x15, 0x51, 0x15, 0x54, 0x54, 0x55, 0x54, 0x55, 0x55, 0x45, 0x51, 0x55, 0x55,
    0x55, 0x55, 0x15, 0x55, 0x5a, 0xaa, 0xaa, 0x55, 0x55, 0x54, 0x55, 0x55, 0x55, 0x41, 0x45, 0x15, 0x15, 0x55, 0x55, 0x15, 0x45, 0x54, 0x55, 0x45,
    0x15, 0x45, 0x15, 0x51, 0x55, 0x55, 0x24, 0x00, 0x01, 0xd0, 0x00, 0x00, 0x0b, 0x80, 0x00, 0x00, 0x00, 0x15, 0x55, 0x55, 0x15, 0x15, 0x55, 0x55,
    0x55, 0x15, 0x55, 0x55, 0x15, 0x55, 0x55, 0x51, 0x55, 0x55, 0x54, 0x55, 0x15, 0x55, 0x54, 0x54, 0x55, 0x15, 0x45, 0x55, 0x55, 0x55, 0x55, 0x55,
    0x55, 0x55, 0x55, 0x45, 0x55, 0x50, 0x51, 0x55, 0x14, 0x51, 0x55, 0x45, 0x51, 0x45, 0x41, 0x55, 0x54, 0xab, 0xff, 0xff, 0xff, 0xff, 0xff, 0xea,
    0x15, 0x51, 0x55, 0x55, 0x05, 0x00, 0x50, 0x00, 0x51, 0x45, 0x45, 0x55, 0x55, 0x15, 0x54, 0x51, 0x55, 0x45, 0x45, 0x14, 0x54, 0x51, 0x51, 0x55,
    0x15, 0x55, 0x54, 0x51, 0x55, 0x54, 0x51, 0x55, 0x55, 0x45, 0x55, 0x54, 0x55, 0x55, 0x55, 0x55, 0x55, 0x41, 0x55, 0x55, 0x55, 0x55, 0x55, 0x55,
    0x55, 0x55, 0x44, 0x7f, 0xff, 0xff, 0xff, 0xff, 0xff, 0xff, 0xf5, 0x55, 0x45, 0x5a, 0x55, 0x56, 0xff, 0xfe, 0xaa, 0xff, 0xff, 0xf5, 0x15, 0x15,
    0x59, 0x45, 0x55, 0x55, 0x55, 0x16, 0xa5, 0x51, 0x45, 0x45, 0x14, 0x55, 0x15, 0x55, 0x55, 0x45, 0x11, 0x55, 0x55, 0x45, 0x55, 0x55, 0x55, 0x14,
    0x55, 0x51, 0x55, 0x14, 0x55, 0x55, 0x51, 0x51, 0x45, 0x15, 0x55, 0x54, 0x55, 0x45, 0x55, 0x51, 0x55, 0x45, 0x55, 0x15, 0x54, 0x50, 0x00, 0x00,
    0x40, 0x00, 0x00, 0x0b, 0xe4, 0x00, 0x00, 0x00, 0x05, 0x54, 0x15, 0x51, 0x41, 0x44, 0x51, 0x55, 0x41, 0x45, 0x15, 0x51, 0x55, 0x55, 0x15, 0x54,
    0x55, 0x55, 0x51, 0xb9, 0x55, 0x15, 0x55, 0x51, 0x55, 0x54, 0x55, 0x14, 0x55, 0x15, 0x54, 0x55, 0x55, 0x55, 0x15, 0x15, 0x10, 0x55, 0x05, 0x14,
    0x51, 0x05, 0x14, 0x55, 0x54, 0x55, 0x15, 0x54, 0xab, 0xff, 0xff, 0xfe, 0x7f, 0xff, 0xd9, 0x54, 0x54, 0x14, 0x55, 0x50, 0x01, 0x55, 0x15, 0x51,
    0x45, 0x15, 0x45, 0x15, 0x10, 0x55, 0x45, 0x15, 0x54, 0x55, 0x55, 0x45, 0x55, 0x15, 0x55, 0x55, 0x55, 0x45, 0x55, 0x54, 0x55, 0x55, 0x51, 0x45,
    0x55, 0x55, 0x55, 0x55, 0x55, 0x55, 0x51, 0x55, 0x55, 0x55, 0x55, 0x55, 0x51, 0x5b, 0xfe, 0x54, 0x14, 0x55, 0x1f, 0xff, 0xff, 0xff, 0xff, 0xff,
    0xff, 0xf5, 0x5a, 0xa5, 0xbf, 0xe4, 0x5b, 0xff, 0xff, 0xff, 0xff, 0xff, 0xfe, 0xaa, 0xaf, 0x6f, 0x54, 0x54, 0x6b, 0xea, 0xab, 0xf4, 0x55, 0x55,
    0x55, 0x51, 0x51, 0x55, 0x41, 0x45, 0x55, 0x55, 0x45, 0x55, 0x54, 0x55, 0x55, 0x51, 0x55, 0x45, 0x15, 0x15, 0x14, 0x55, 0x14, 0x55, 0x55, 0x55,
    0x51, 0x54, 0x51, 0x45, 0x55, 0x11, 0x45, 0x11, 0x55, 0x45, 0x55, 0x50, 0x40, 0x00, 0x00, 0x00, 0x00, 0x00, 0x1f, 0xfd, 0x00, 0x00, 0x00, 0x00,
    0x55, 0x50, 0x51, 0x55, 0x45, 0x45, 0x10, 0x55, 0x55, 0x54, 0x55, 0x14, 0x55, 0x55, 0x14, 0x7e, 0x15, 0x16, 0xfe, 0x54, 0x55, 0x41, 0x55, 0x54,
    0x55, 0x55, 0x55, 0x55, 0x51, 0x55, 0x54, 0x54, 0x51, 0x55, 0x45, 0x50, 0x45, 0x51, 0x45, 0x15, 0x51, 0x54, 0x45, 0x45, 0x55, 0x51, 0x45, 0x6b,
    0xff, 0xff, 0xfe, 0x6a, 0xff, 0xd9, 0x51, 0x45, 0x65, 0x45, 0x50, 0x41, 0x54, 0x55, 0x15, 0x55, 0x51, 0x55, 0x55, 0x56, 0x91, 0x55, 0x54, 0x15,
    0x51, 0x51, 0x55, 0x55, 0x55, 0x55, 0x45, 0x55, 0x55, 0x15, 0x15, 0x55, 0x55, 0x55, 0x55, 0x55, 0x55, 0x55, 0x56, 0xe5, 0xaa, 0xa9, 0x55, 0x55,
    0x55, 0xaf, 0x55, 0x55, 0xbf, 0xff, 0xe5, 0xaa, 0x55, 0x47, 0xff, 0xff, 0xff, 0xff, 0xff, 0xff, 0xff, 0xff, 0xff, 0xff, 0xfa, 0xaf, 0xff, 0xff,
    0xff, 0xff, 0xff, 0xff, 0xff, 0xff, 0xfe, 0x55, 0x55, 0xbf, 0xff, 0xff, 0xe5, 0x45, 0x51, 0x45, 0x15, 0x55, 0x45, 0x55, 0x54, 0x51, 0x45, 0x51,
    0x45, 0x15, 0x45, 0x51, 0x55, 0x45, 0x51, 0x55, 0x11, 0x55, 0x41, 0x45, 0x45, 0x05, 0x14, 0x55, 0x14, 0x55, 0x54, 0x15, 0x14, 0x55, 0x55, 0x14,
    0x55, 0x55, 0x40, 0x00, 0x00, 0x00, 0x00, 0x00, 0x00, 0x1f, 0xff, 0x40, 0x00, 0x00, 0x00, 0x51, 0x55, 0x14, 0x14, 0x55, 0x55, 0x55, 0x55, 0x15,
    0x55, 0x45, 0x55, 0x14, 0x55, 0x55, 0xbf, 0x55, 0xbf, 0xff, 0x55, 0x45, 0x56, 0x45, 0x45, 0x51, 0x45, 0x55, 0x55, 0x55, 0x55, 0x16, 0x55, 0x55,
    0x55, 0x54, 0x50, 0x50, 0x55, 0x51, 0x44, 0x51, 0x45, 0x45, 0x55, 0x14, 0x55, 0x54, 0xab, 0xff, 0xff, 0xe6, 0x62, 0xff, 0xe9, 0x55, 0x15, 0xfe,
    0x65, 0x54, 0x05, 0x15, 0x55, 0x55, 0x51, 0x55, 0xa5, 0x11, 0xff, 0xd5, 0x55, 0x45, 0x51, 0x55, 0x15, 0x51, 0x45, 0x55, 0x55, 0x55, 0x54, 0x51,
    0x55, 0x51, 0x55, 0x45, 0x15, 0x55, 0x55, 0x45, 0x5b, 0xff, 0xff, 0xff, 0xfd, 0x54, 0x55, 0x55, 0xff, 0xe6, 0xff, 0xff, 0xff, 0xff, 0xff, 0x94,
    0x55, 0xaa, 0xaf, 0xef, 0xff, 0xff, 0xff, 0xff, 0xff, 0xff, 0xff, 0xff, 0xff, 0xff, 0xff, 0xff, 0xff, 0xff, 0xff, 0xff, 0xfa, 0xa9, 0x51, 0x45,
    0xbf, 0xff, 0xfa, 0x95, 0x55, 0x15, 0x55, 0x14, 0x45, 0x54, 0x54, 0x54, 0x51, 0x44, 0x15, 0x54, 0x55, 0x51, 0x55, 0x14, 0x55, 0x15, 0x45, 0x55,
    0x45, 0x15, 0x54, 0x51, 0x55, 0x45, 0x45, 0x51, 0x44, 0x15, 0x41, 0x54, 0x51, 0x45, 0x15, 0x55, 0x54, 0x00, 0x00, 0x00, 0x01, 0x80, 0x00, 0x00,
    0x1f, 0xff, 0x90, 0x00, 0x00, 0x00, 0x15, 0x15, 0x55, 0x45, 0x50, 0x54, 0x55, 0x55, 0x51, 0x51, 0x45, 0x45, 0x51, 0x54, 0x51, 0xff, 0xeb, 0xff,
    0xff, 0xea, 0x90, 0x6f, 0xd5, 0x55, 0xa5, 0x55, 0x14, 0x51, 0x50, 0x7e, 0xaf, 0xd5, 0x54, 0x41, 0x55, 0x50, 0x55, 0x05, 0x15, 0x45, 0x45, 0x14,
    0x54, 0x51, 0x55, 0x54, 0x54, 0x9b, 0xff, 0xff, 0xe2, 0x56, 0x97, 0xe9, 0x55, 0x56, 0xff, 0xfd, 0x55, 0x45, 0x05, 0x45, 0x55, 0x51, 0x05, 0xfe,
    0xaa, 0xff, 0xd5, 0x55, 0x55, 0x55, 0x55, 0x54, 0x55, 0x55, 0x55, 0x15, 0x15, 0x51, 0x55, 0x55, 0x55, 0x45, 0x55, 0x55, 0x55, 0x55, 0x55, 0x7f,
    0xff, 0xff, 0xff, 0xfe, 0x55, 0xa9, 0x57, 0xff, 0xff, 0xff, 0xff, 0xff, 0xff, 0xff, 0xd5, 0x54, 0x55, 0x56, 0xff, 0xff, 0xff, 0xff, 0xff, 0xff,
    0xff, 0xff, 0xff, 0xff, 0xff, 0xff, 0xff, 0xff, 0xff, 0xff, 0xea, 0xa5, 0x55, 0x55, 0x54, 0x59, 0x6f, 0xd5, 0x54, 0x51, 0x51, 0x41, 0x55, 0x54,
    0x51, 0x45, 0x45, 0x55, 0x15, 0x50, 0x55, 0x41, 0x55, 0x15, 0x54, 0x55, 0x50, 0x55, 0x45, 0x55, 0x14, 0x51, 0x55, 0x50, 0x55, 0x55, 0x55, 0x55,
    0x51, 0x55, 0x45, 0x55, 0x55, 0x51, 0x55, 0x44, 0x00, 0x00, 0x00, 0x07, 0x80, 0x00, 0x00, 0x1e, 0xfb, 0xf4, 0x00, 0x00, 0x00, 0x05, 0x51, 0x45,
    0x45, 0x15, 0x55, 0x54, 0x51, 0x55, 0x51, 0xa4, 0x55, 0x59, 0x55, 0x56, 0xff, 0xff, 0xff, 0xff, 0xff, 0xea, 0xff, 0xe5, 0x5b, 0xfe, 0x11, 0x56,
    0xaa, 0xaa, 0xbf, 0xff, 0xe5, 0x55, 0xa5, 0xaf, 0xe0, 0x45, 0x54, 0x54, 0x54, 0x54, 0x51, 0x55, 0x45, 0x45, 0x05, 0x45, 0x9b, 0xff, 0xff, 0xf1,
    0x5d, 0x9b, 0xd9, 0x51, 0x45, 0x6a, 0xf9, 0x51, 0x51, 0x45, 0x55, 0x41, 0x45, 0x55, 0x6a, 0xff, 0xfe, 0x95, 0x14, 0x51, 0x55, 0x51, 0x45, 0x54,
    0x55, 0x55, 0x6b, 0x85, 0x1a, 0x55, 0x45, 0x54, 0x51, 0x55, 0x55, 0x14, 0x55, 0x55, 0xff, 0xff, 0xff, 0xff, 0xff, 0x9b, 0xff, 0x9b, 0xff, 0xff,
    0xff, 0xff, 0xff, 0xff, 0xff, 0x91, 0x45, 0x55, 0x55, 0x55, 0x56, 0xaf, 0xff, 0xff, 0xff, 0xff, 0xfb, 0xff, 0xff, 0xff, 0xff, 0xff, 0xff, 0xe9,
    0x55, 0x55, 0x15, 0x51, 0x45, 0x15, 0x45, 0x45, 0x55, 0x55, 0x54, 0x51, 0x55, 0x45, 0x15, 0x51, 0x55, 0x55, 0x15, 0x51, 0x55, 0x45, 0x55, 0x15,
    0x50, 0x55, 0x05, 0x55, 0x51, 0x54, 0x51, 0x55, 0x51, 0x44, 0x15, 0x51, 0x51, 0x05, 0x15, 0x55, 0x54, 0x55, 0x14, 0x55, 0x55, 0x15, 0x50, 0x00,
    0x00, 0x00, 0x0b, 0x80, 0x00, 0x00, 0x0f, 0xff, 0xed, 0x00, 0x00, 0x00, 0x00, 0x55, 0x50, 0x55, 0x15, 0x15, 0x15, 0x15, 0x46, 0x5a, 0xfd, 0x51,
    0x6e, 0x95, 0x57, 0xff, 0xff, 0xff, 0xff, 0xff, 0xff, 0xff, 0xf9, 0xbf, 0xff, 0xaa, 0xff, 0xff, 0xff, 0xff, 0xff, 0xfe, 0xab, 0xff, 0xff, 0xf0,
    0x45, 0x45, 0x45, 0x15, 0x05, 0x45, 0x41, 0x55, 0x55, 0x55, 0x54, 0xab, 0xff, 0xff, 0xf9, 0x5a, 0x9f, 0xd9, 0x55, 0x55, 0x45, 0x51, 0x55, 0x55,
    0x46, 0x80, 0x5a, 0xa5, 0x11, 0x45, 0x6a, 0x55, 0x55, 0x55, 0x55, 0x14, 0x55, 0x55, 0x55, 0x45, 0x45, 0xbf, 0xe5, 0x6f, 0xe1, 0x54, 0x55, 0xb9,
    0x5b, 0xe5, 0x55, 0xba, 0xab, 0xff, 0xff, 0xff, 0xff, 0xff, 0xff, 0xff, 0xff, 0xff, 0xff, 0xff, 0xff, 0xff, 0xff, 0xfe, 0x55, 0x55, 0x14, 0x55,
    0x51, 0x51, 0x45, 0xaa, 0xaa, 0xff, 0xff, 0xff, 0xff, 0xff, 0xff, 0xff, 0xff, 0xfe, 0x95, 0x55, 0x55, 0x55, 0x15, 0x51, 0x45, 0x55, 0x55, 0x55,
    0x51, 0x45, 0x55, 0x55, 0x55, 0x55, 0x15, 0x11, 0x55, 0x51, 0x55, 0x15, 0x54, 0x55, 0x51, 0x55, 0x51, 0x55, 0x15, 0x15, 0x55, 0x15, 0x15, 0x15,
    0x55, 0x51, 0x54, 0x55, 0x51, 0x50, 0x54, 0x55, 0x11, 0x55, 0x14, 0x45, 0x14, 0x50, 0x00, 0x00, 0x00, 0x0f, 0x80, 0x00, 0x00, 0x0b, 0xee, 0x05,
    0x00, 0x00, 0x00, 0x00, 0x54, 0x15, 0x51, 0x45, 0x55, 0x55, 0x55, 0x2f, 0xff, 0xfd, 0x5a, 0xbf, 0xfe, 0xbf, 0xff, 0xff, 0xff, 0xff, 0xff, 0xff,
    0xff, 0xff, 0xff, 0xff, 0xff, 0xff, 0xff, 0xff, 0xff, 0xff, 0xff, 0xff, 0xff, 0xff, 0xf0, 0x50, 0x51, 0x45, 0x41, 0x54, 0x54, 0x55, 0x14, 0x51,
    0x54, 0x54, 0x9b, 0xff, 0xff, 0xf9, 0x5a, 0xaa, 0xe9, 0x54, 0x51, 0x55, 0x15, 0x45, 0x1d, 0x7f, 0xe5, 0xbf, 0xf9, 0x55, 0x55, 0x55, 0x55, 0x55,
    0x45, 0x55, 0xaa, 0x55, 0x55, 0x15, 0x55, 0x57, 0xff, 0xfb, 0xff, 0xf5, 0x1a, 0x42, 0xff, 0xff, 0xf9, 0x47, 0xff, 0xff, 0xff, 0xff, 0xff, 0xff,
    0xff, 0xff, 0xff, 0xff, 0xff, 0xff, 0xff, 0xff, 0xff, 0xff, 0xe9, 0x55, 0x51, 0x55, 0x15, 0x55, 0x55, 0x54, 0x45, 0x05, 0x5a, 0xaa, 0xaf, 0xff,
    0xff, 0xff, 0xfa, 0xaa, 0xa9, 0x55, 0x55, 0x45, 0x55, 0x54, 0x55, 0x45, 0x51, 0x51, 0x45, 0x15, 0x55, 0x15, 0x45, 0x51, 0x55, 0x55, 0x55, 0x51,
    0x55, 0x15, 0x45, 0x55, 0x45, 0x54, 0x55, 0x15, 0x51, 0x51, 0x54, 0x15, 0x45, 0x41, 0x54, 0x15, 0x14, 0x45, 0x45, 0x14, 0x55, 0x05, 0x41, 0x51,
    0x51, 0x51, 0x45, 0x55, 0x40, 0x00, 0x00, 0x00, 0x0b, 0x40, 0x00, 0x00, 0x0b, 0xf8, 0x00, 0x10, 0x00, 0x00, 0x00, 0x05, 0x55, 0x14, 0x54, 0x51,
    0x50, 0x51, 0x7f, 0xff, 0xfe, 0xbf, 0xff, 0xff, 0xff, 0xff, 0xff, 0xff, 0xff, 0xff, 0xff, 0xfe, 0xff, 0xff, 0xff, 0xff, 0xff, 0xff, 0xff, 0xff,
    0xff, 0xff, 0xff, 0xff, 0xff, 0xf0, 0x55, 0x14, 0x50, 0x54, 0x54, 0x55, 0x51, 0x55, 0x55, 0x55, 0x45, 0x9b, 0xff, 0xff, 0xf5, 0x9a, 0x98, 0xd9,
    0x54, 0x55, 0x51, 0x54, 0x55, 0x19, 0x7f, 0xff, 0xff, 0xf8, 0x54, 0x55, 0x55, 0x55, 0x51, 0x45, 0x46, 0xff, 0x94, 0x11, 0x50, 0x55, 0x5b, 0xff,
    0xff, 0xff, 0xf9, 0x7f, 0x97, 0xff, 0xff, 0xfe, 0x6f, 0xff, 0xff, 0xff, 0xff, 0xfe, 0xba, 0xff, 0xff, 0xff, 0xab, 0xfa, 0xaf, 0xea, 0xaf, 0xaa,
    0xaa, 0x55, 0x55, 0x55, 0x45, 0x51, 0x45, 0x05, 0x55, 0x55, 0x55, 0x51, 0x55, 0x55, 0x56, 0x55, 0xa5, 0x55, 0x55, 0x15, 0x54, 0x51, 0x55, 0x51,
    0x55, 0x55, 0x51, 0x54, 0x55, 0x55, 0x54, 0x55, 0x55, 0x54, 0x55, 0x15, 0x45, 0x05, 0x15, 0x14, 0x50, 0x54, 0x15, 0x54, 0x55, 0x45, 0x54, 0x55,
    0x54, 0x45, 0x51, 0x54, 0x55, 0x45, 0x51, 0x45, 0x55, 0x55, 0x15, 0x45, 0x55, 0x54, 0x55, 0x51, 0x45, 0x54, 0x51, 0x00, 0x00, 0x00, 0x00, 0x0b,
    0x00, 0x00, 0x00, 0x0b, 0xf0, 0x00, 0x04, 0x00, 0x00, 0x00, 0x05, 0x41, 0x45, 0x55, 0x55, 0x55, 0x54, 0x7f, 0xef, 0xef, 0xfb, 0xff, 0xff, 0xff,
    0xff, 0xbf, 0xff, 0xff, 0xff, 0xfe, 0xff, 0xff, 0xff, 0xff, 0xff, 0xff, 0xff, 0xff, 0xff, 0xeb, 0xff, 0xff, 0xff, 0xfe, 0xa0, 0x45, 0x54, 0x55,
    0x55, 0x45, 0x41, 0x55, 0x45, 0x45, 0x51, 0x54, 0xab, 0xff, 0xff, 0xfc, 0x9b, 0xe6, 0xd9, 0x51, 0x54, 0x50, 0x51, 0x51, 0x50, 0x19, 0x7e, 0xaa,
    0xe5, 0x45, 0x45, 0x54, 0x51, 0x51, 0x95, 0x5b, 0xff, 0xe6, 0xa5, 0x45, 0x51, 0x2f, 0xff, 0xff, 0xff, 0xff, 0xff, 0xff, 0xff, 0xff, 0xff, 0xff,
    0xff, 0xff, 0xff, 0xff, 0x95, 0x55, 0x56, 0xbf, 0xa9, 0x55, 0x55, 0x55, 0x55, 0x55, 0x55, 0x55, 0x51, 0x14, 0x55, 0x54, 0x55, 0x15, 0x55, 0x55,
    0x15, 0x55, 0x55, 0x55, 0x55, 0x55, 0x55, 0x55, 0x55, 0x55, 0x55, 0x15, 0x15, 0x15, 0x55, 0x55, 0x57, 0xa5, 0x45, 0x45, 0x15, 0x55, 0x55, 0x45,
    0x15, 0x55, 0x50, 0x55, 0x51, 0x51, 0x51, 0x55, 0x51, 0x41, 0x15, 0x51, 0x55, 0x45, 0x45, 0x05, 0x55, 0x51, 0x54, 0x54, 0x55, 0x14, 0x55, 0x54,
    0x51, 0x51, 0x45, 0x51, 0x55, 0x54, 0x55, 0x45, 0x51, 0x54, 0x00, 0x00, 0x00, 0x00, 0x05, 0x00, 0x00, 0x00, 0x0b, 0xe0, 0x00, 0x00, 0x40, 0x00,
    0x00, 0x11, 0x55, 0x51, 0x05, 0x15, 0x15, 0x05, 0x7f, 0xff, 0xfe, 0xff, 0xef, 0xbf, 0xbf, 0xef, 0xff, 0xff, 0xff, 0xff, 0xbf, 0xff, 0xeb, 0xfb,
    0xea, 0xaf, 0xff, 0xea, 0xa9, 0xaa, 0x55, 0x5a, 0xaa, 0xaa, 0x95, 0x50, 0x54, 0x45, 0x05, 0x14, 0x55, 0x54, 0x45, 0x54, 0x55, 0x15, 0x54, 0x9b,
    0xff, 0xff, 0xfd, 0x57, 0xff, 0xd9, 0x55, 0x45, 0x15, 0x45, 0x15, 0x05, 0x00, 0x55, 0x55, 0x45, 0x51, 0x54, 0x55, 0x55, 0x47, 0xfe, 0xff, 0xff,
    0xff, 0xfe, 0xab, 0xfa, 0xbf, 0xff, 0xff, 0xff, 0xff, 0xff, 0xff, 0xff, 0xff, 0xff, 0xff, 0xff, 0xff, 0xff, 0x95, 0x55, 0x55, 0x55, 0x55, 0x55,
    0x55, 0x55, 0x55, 0x55, 0x55, 0x55, 0x55, 0x5a, 0x55, 0x45, 0x15, 0x54, 0x51, 0x55, 0x15, 0x55, 0x51, 0x55, 0x45, 0x15, 0x55, 0x55, 0x45, 0x54,
    0x51, 0x51, 0x55, 0x15, 0x55, 0x46, 0x95, 0x1f, 0xfe, 0x55, 0x45, 0x54, 0x51, 0x55, 0x55, 0x51, 0x51, 0x55, 0x51, 0x55, 0x45, 0x05, 0x14, 0x51,
    0x55, 0x14, 0x15, 0x51, 0x55, 0x55, 0x55, 0x15, 0x15, 0x45, 0x55, 0x41, 0x55, 0x54, 0x55, 0x14, 0x54, 0x55, 0x51, 0x45, 0x15, 0x14, 0x55, 0x15,
    0x50, 0x00, 0x00, 0x00, 0x00, 0x04, 0x00, 0x00, 0x00, 0x07, 0xe0, 0x00, 0x01, 0xd0, 0x00, 0x00, 0x01, 0x54, 0x15, 0x55, 0x41, 0x55, 0x55, 0x2e,
    0xa6, 0xbf, 0xff, 0xff, 0xfb, 0xff, 0xfe, 0xff, 0xff, 0xea, 0xaf, 0xfa, 0xa5, 0x55, 0x55, 0x55, 0x55, 0x55, 0x55, 0x55, 0x54, 0x55, 0x45, 0x55,
    0x14, 0x55, 0x50, 0x51, 0x45, 0x51, 0x45, 0x14, 0x15, 0x45, 0x15, 0x51, 0x54, 0x54, 0x9b, 0xff, 0xff, 0xe6, 0xbf, 0xff, 0xdd, 0x14, 0x55, 0x55,
    0x45, 0x50, 0x40, 0x05, 0x55, 0x54, 0x54, 0x15, 0x55, 0x55, 0x54, 0x1f, 0xff, 0xff, 0xff, 0xff, 0xff, 0xff, 0xff, 0xff, 0xff, 0xff, 0xff, 0xff,
    0xff, 0xff, 0xff, 0xff, 0xff, 0xe9, 0x55, 0xaa, 0xa9, 0x55, 0x55, 0x55, 0x59, 0x55, 0x55, 0x55, 0x5a, 0x95, 0x55, 0x55, 0x55, 0x14, 0xbf, 0xe5,
    0x55, 0x55, 0x55, 0x55, 0x45, 0x55, 0x45, 0x15, 0x51, 0x55, 0x51, 0x55, 0x51, 0x55, 0x55, 0x55, 0x15, 0x45, 0x51, 0x50, 0x6f, 0xfe, 0x6f, 0xff,
    0xd5, 0x55, 0x45, 0x55, 0x51, 0x51, 0x55, 0x55, 0x15, 0x55, 0x05, 0x54, 0x55, 0x14, 0x54, 0x51, 0x51, 0x55, 0x15, 0x14, 0x51, 0x55, 0x41, 0x55,
    0x55, 0x41, 0x54, 0x55, 0x15, 0x05, 0x55, 0x55, 0x51, 0x55, 0x45, 0x51, 0x55, 0x51, 0x55, 0x40, 0x00, 0x00, 0x00, 0x00, 0x2c, 0x00, 0x00, 0x00,
    0x03, 0xe0, 0x00, 0x00, 0xb0, 0x00, 0x00, 0x00, 0x45, 0x55, 0x11, 0x55, 0x44, 0x55, 0x55, 0x14, 0x56, 0x66, 0xa9, 0x55, 0x6a, 0xa5, 0x55, 0x65,
    0x55, 0x55, 0x55, 0x51, 0x55, 0x55, 0x55, 0x55, 0x15, 0x55, 0x55, 0x55, 0x54, 0x55, 0x45, 0x55, 0x54, 0x50, 0x51, 0x54, 0x51, 0x55, 0x15, 0x45,
    0x15, 0x15, 0x15, 0x45, 0x55, 0x9b, 0xff, 0xff, 0xff, 0xff, 0xff, 0xd9, 0x55, 0x54, 0x54, 0x54, 0x50, 0x41, 0x05, 0x14, 0x55, 0x55, 0x55, 0x45,
    0x14, 0x15, 0x7f, 0xff, 0xff, 0xff, 0xff, 0xff, 0xff, 0xff, 0xff, 0xff, 0xff, 0xff, 0xff, 0xff, 0xff, 0xff, 0xff, 0xfa, 0x55, 0x55, 0x55, 0x55,
    0x55, 0x55, 0x55, 0xbf, 0x55, 0x55, 0x55, 0xbf, 0xe5, 0x46, 0xa4, 0x5a, 0x96, 0xff, 0xf5, 0x51, 0x54, 0x55, 0x54, 0x55, 0x45, 0x55, 0x54, 0x55,
    0x14, 0x55, 0x55, 0x55, 0x55, 0x45, 0x45, 0x55, 0x55, 0x55, 0x55, 0xbf, 0xff, 0xff, 0xfb, 0xd1, 0x51, 0x51, 0x54, 0x55, 0x15, 0x54, 0x45, 0x55,
    0x15, 0x55, 0x14, 0x55, 0x55, 0x45, 0x15, 0x45, 0x51, 0x55, 0x54, 0x54, 0x51, 0x55, 0x41, 0x51, 0x55, 0x15, 0x45, 0x51, 0x54, 0x55, 0x15, 0x15,
    0x14, 0x54, 0x55, 0x55, 0x15, 0x55, 0x04, 0x00, 0x00, 0x00, 0x00, 0xb8, 0x00, 0x00, 0x00, 0x02, 0xf4, 0x00, 0x00, 0xb8, 0x00, 0x00, 0x04, 0x55,
    0x14, 0x51, 0x55, 0x55, 0x45, 0x51, 0x55, 0x55, 0x11, 0x55, 0x55, 0x15, 0x05, 0x51, 0x45, 0x55, 0x51, 0x55, 0x15, 0x55, 0x55, 0x45, 0x55, 0x55,
    0x55, 0x54, 0x45, 0x55, 0x51, 0x44, 0x51, 0x45, 0x50, 0x15, 0x15, 0x14, 0x11, 0x51, 0x45, 0x51, 0x55, 0x15, 0x55, 0x44, 0xab, 0xff, 0xff, 0xff,
    0xff, 0xff, 0xe9, 0x55, 0x15, 0x55, 0x45, 0x05, 0x04, 0x15, 0x55, 0x15, 0x15, 0x51, 0x55, 0xaa, 0xaa, 0xff, 0xff, 0xff, 0xff, 0xff, 0xff, 0xff,
    0xff, 0xff, 0xff, 0xff, 0xff, 0xff, 0xff, 0xff, 0xff, 0xaa, 0x95, 0x51, 0x55, 0x55, 0x55, 0x55, 0x55, 0x57, 0xff, 0x95, 0xaa, 0xab, 0xff, 0xfe,
    0x6f, 0xf9, 0x6f, 0xfb, 0xff, 0x95, 0x15, 0x55, 0x45, 0x45, 0x51, 0x55, 0x55, 0x45, 0x55, 0x55, 0x55, 0x55, 0x54, 0x55, 0x54, 0x55, 0x45, 0x51,
    0x45, 0x6f, 0xff, 0xbf, 0xff, 0xef, 0x95, 0x14, 0x55, 0x55, 0x55, 0x55, 0x54, 0x55, 0x41, 0x54, 0x51, 0x55, 0x41, 0x41, 0x55, 0x14, 0x54, 0x55,
    0x41, 0x45, 0x45, 0x51, 0x54, 0x55, 0x15, 0x14, 0x51, 0x54, 0x55, 0x55, 0x55, 0x51, 0x45, 0x14, 0x55, 0x14, 0x51, 0x55, 0x44, 0x24, 0x00, 0x00,
    0x00, 0x00, 0x78, 0x00, 0x00, 0x00, 0x02, 0xf4, 0x00, 0x00, 0x7d, 0x00, 0x00, 0x05, 0x55, 0x54, 0x55, 0x05, 0x15, 0x45, 0x15, 0x51, 0x55, 0x55,
    0x45, 0x55, 0x55, 0x54, 0x55, 0x55, 0x51, 0x55, 0x14, 0x54, 0x51, 0x51, 0x55, 0x45, 0x55, 0x15, 0x15, 0xa9, 0x45, 0x15, 0x55, 0x55, 0x55, 0x10,
    0x55, 0x51, 0x45, 0x51, 0x45, 0x51, 0x45, 0x51, 0x51, 0x51, 0x54, 0x9b, 0xff, 0xff, 0xff, 0xff, 0xaf, 0xd9, 0x51, 0x55, 0x15, 0x15, 0x00, 0x04,
    0x15, 0x45, 0x51, 0x51, 0x51, 0x51, 0xff, 0xff, 0xff, 0xff, 0xff, 0xff, 0xff, 0xff, 0xff, 0xff, 0xff, 0xff, 0xff, 0xff, 0xff, 0xff, 0xfa, 0xa5,
    0x54, 0x55, 0x56, 0xaa, 0x95, 0x55, 0x6f, 0xea, 0xaf, 0xff, 0xeb, 0xff, 0xff, 0xff, 0xff, 0xff, 0xff, 0xff, 0xff, 0xe5, 0x55, 0x55, 0x55, 0x55,
    0x55, 0x15, 0x54, 0x55, 0x55, 0x14, 0x55, 0x15, 0x55, 0x55, 0x55, 0x55, 0x51, 0x55, 0x15, 0x55, 0xff, 0xfb, 0xff, 0xfe, 0xfe, 0x55, 0x15, 0x55,
    0x55, 0x55, 0x55, 0x55, 0x7a, 0xa9, 0x45, 0x45, 0x51, 0x55, 0x54, 0x51, 0x45, 0x15, 0x45, 0x15, 0x55, 0x54, 0x55, 0x14, 0x54, 0x51, 0x45, 0x55,
    0x15, 0x45, 0x15, 0x14, 0x50, 0x54, 0x55, 0x41, 0x55, 0x55, 0x51, 0x54, 0xb4, 0x00, 0x00, 0x00, 0x00, 0xbd, 0x00, 0x00, 0x00, 0x03, 0xe0, 0x00,
    0x00, 0x2f, 0x40, 0x00, 0x01, 0x15, 0x45, 0x45, 0x55, 0x45, 0x55, 0x54, 0x55, 0x10, 0x55, 0x54, 0x51, 0x45, 0x55, 0x45, 0x14, 0x55, 0x15, 0x55,
    0x45, 0x55, 0x15, 0x15, 0x55, 0x51, 0x95, 0x5b, 0xfe, 0x55, 0x44, 0x11, 0x14, 0x15, 0x50, 0x51, 0x54, 0x54, 0x55, 0x45, 0x15, 0x15, 0x55, 0x51,
    0x55, 0x54, 0xab, 0xff, 0xff, 0xff, 0xe9, 0x4b, 0xd9, 0x55, 0x55, 0x51, 0x51, 0x41, 0x45, 0x04, 0x55, 0x45, 0x55, 0x15, 0x55, 0x6a, 0xff, 0xff,
    0xff, 0xff, 0xff, 0xff, 0xff, 0xff, 0xff, 0xff, 0xff, 0xff, 0xff, 0xfe, 0xa9, 0x55, 0x55, 0x55, 0x55, 0x6f, 0xff, 0xfa, 0x55, 0xbf, 0xff, 0xff,
    0xff, 0xff, 0xff, 0xff, 0xff, 0xff, 0xff, 0xff, 0xff, 0xea, 0x55, 0x55, 0x55, 0x51, 0x55, 0x51, 0x54, 0x55, 0x55, 0x51, 0x55, 0x51, 0x55, 0x55,
    0x55, 0x55, 0x55, 0x55, 0x51, 0x55, 0x17, 0xff, 0xff, 0xa9, 0x6b, 0xe5, 0x51, 0x55, 0x15, 0x55, 0x51, 0x55, 0x45, 0xbf, 0xfe, 0x51, 0x55, 0x45,
    0x54, 0x15, 0x14, 0x55, 0x15, 0x45, 0x54, 0x14, 0x15, 0x45, 0x15, 0x45, 0x45, 0x55, 0x15, 0x55, 0x55, 0x51, 0x55, 0x55, 0x55, 0x55, 0x54, 0x55,
    0x55, 0x55, 0x42, 0xe0, 0x00, 0x00, 0x00, 0x00, 0xbd, 0x00, 0x00, 0x00, 0x03, 0xe0, 0x00, 0x00, 0x0b, 0x80, 0x00, 0x00, 0x11, 0x54, 0x54, 0x51,
    0x55, 0x14, 0x55, 0x45, 0x55, 0x51, 0x55, 0x55, 0x54, 0x51, 0x55, 0x55, 0x55, 0x14, 0x51, 0x55, 0x15, 0x55, 0x55, 0x54, 0x5b, 0xfe, 0xff, 0xff,
    0x54, 0x5a, 0xaa, 0x55, 0x54, 0x50, 0x55, 0x15, 0x14, 0x45, 0x14, 0x55, 0x14, 0x54, 0x55, 0x54, 0x54, 0xab, 0xff, 0xef, 0xfa, 0x95, 0xdb, 0xd9,
    0x14, 0x54, 0x55, 0x55, 0x55, 0x45, 0x05, 0x51, 0x54, 0x55, 0x54, 0x55, 0x15, 0x5a, 0xbf, 0xff, 0xff, 0xff, 0xff, 0xff, 0xff, 0xff, 0xff, 0xff,
    0xff, 0xff, 0xa9, 0x55, 0x55, 0x54, 0x51, 0x54, 0x7f, 0xff, 0xff, 0xbf, 0xff, 0xff, 0xff, 0xff, 0xff, 0xff, 0xff, 0xff, 0xff, 0xff, 0xef, 0xfa,
    0x55, 0x55, 0x55, 0x15, 0x55, 0x55, 0x55, 0x55, 0x55, 0x55, 0x55, 0x55, 0x55, 0x55, 0x55, 0x55, 0x55, 0x54, 0x55, 0x15, 0x15, 0x56, 0xe5, 0xa5,
    0x54, 0x51, 0x55, 0x15, 0x55, 0x55, 0x55, 0xa5, 0x54, 0x54, 0xbf, 0xff, 0xab, 0xfe, 0xa5, 0x15, 0x51, 0x55, 0x41, 0x51, 0x54, 0x55, 0x55, 0x51,
    0x55, 0x55, 0x54, 0x54, 0x51, 0x55, 0x55, 0x51, 0x55, 0x05, 0x15, 0x05, 0x14, 0x15, 0x51, 0x45, 0x15, 0x0b, 0xe0, 0x00, 0x00, 0x00, 0x02, 0xed,
    0x00, 0x00, 0x00, 0x02, 0xe0, 0x00, 0x00, 0x03, 0x80, 0x00, 0x00, 0x05, 0x15, 0x45, 0x55, 0x15, 0x45, 0x51, 0x55, 0x45, 0x15, 0x51, 0x54, 0x55,
    0x55, 0x14, 0x51, 0x51, 0x55, 0x55, 0x15, 0x51, 0x46, 0xaa, 0xf9, 0x6f, 0xff, 0xff, 0xff, 0xaa, 0xff, 0xff, 0xff, 0xfa, 0xa0, 0x45, 0x51, 0x55,
    0x54, 0x54, 0x51, 0x55, 0x45, 0x45, 0x15, 0x45, 0x9b, 0xeb, 0xd7, 0xfd, 0xe1, 0xdb, 0xdd, 0x55, 0x45, 0x54, 0x54, 0x14, 0x51, 0x55, 0x54, 0x51,
    0x55, 0x45, 0x45, 0x55, 0x51, 0x56, 0x9a, 0xab, 0xaa, 0x5a, 0xaa, 0xaa, 0xbe, 0xfa, 0xaa, 0xaa, 0xa9, 0x55, 0x55, 0x5b, 0xfa, 0xa9, 0x55, 0xbf,
    0xff, 0xff, 0xff, 0xff, 0xff, 0xff, 0xff, 0xff, 0xff, 0xfe, 0xab, 0xfa, 0xa5, 0x55, 0x55, 0x55, 0x55, 0x51, 0x55, 0x14, 0x51, 0x45, 0x55, 0x55,
    0x51, 0x55, 0x51, 0x54, 0x55, 0x55, 0x55, 0x55, 0x55, 0x45, 0x15, 0x51, 0x55, 0x55, 0x15, 0x45, 0x55, 0x51, 0x55, 0x56, 0xe5, 0x47, 0xfe, 0x6a,
    0x55, 0xbf, 0xff, 0xff, 0xff, 0xf5, 0x45, 0x55, 0x45, 0x15, 0x45, 0x15, 0x45, 0x45, 0x14, 0x51, 0x54, 0x15, 0x54, 0x55, 0x45, 0x54, 0x55, 0x05,
    0x55, 0x51, 0x51, 0x55, 0x55, 0x15, 0x55, 0x55, 0x1f, 0x90, 0x00, 0x00, 0x00, 0x07, 0xfd, 0x00, 0x00, 0x00, 0x01, 0xe0, 0x00, 0x00, 0x00, 0x90,
    0x00, 0x00, 0x01, 0x51, 0x55, 0x15, 0x54, 0x55, 0x15, 0x54, 0x55, 0x15, 0x55, 0x15, 0x51, 0x45, 0x54, 0x55, 0x15, 0x51, 0x45, 0x55, 0x5a, 0xaf,
    0xff, 0xff, 0xff, 0xff, 0xff, 0xff, 0xff, 0xff, 0xff, 0xff, 0xff, 0xf0, 0x54, 0x55, 0x41, 0x51, 0x45, 0x55, 0x55, 0x55, 0x55, 0x55, 0x54, 0x9b,
    0xf2, 0xe3, 0xfc, 0xa5, 0x6b, 0xdd, 0x15, 0x55, 0x15, 0x45, 0x55, 0x10, 0x40, 0x55, 0x55, 0x54, 0x55, 0x55, 0x55, 0x55, 0x51, 0x54, 0x15, 0x55,
    0x54, 0x54, 0x15, 0x55, 0x55, 0x55, 0x55, 0x55, 0x55, 0x51, 0x5f, 0xff, 0xff, 0x96, 0xff, 0xff, 0xff, 0xff, 0xff, 0xff, 0xff, 0xff, 0xff, 0xff,
    0xa5, 0x55, 0x55, 0x55, 0x55, 0x55, 0x55, 0x55, 0x55, 0x55, 0x55, 0x55, 0x55, 0x15, 0x45, 0x55, 0x55, 0x15, 0x55, 0x55, 0x51, 0x50, 0x55, 0x55,
    0x55, 0x41, 0x55, 0x15, 0x55, 0x54, 0x55, 0x15, 0x14, 0x54, 0x5b, 0xf9, 0x6f, 0xff, 0xff, 0xef, 0xfe, 0xfb, 0xfe, 0xfb, 0xf8, 0x54, 0x54, 0x51,
    0x50, 0x55, 0x51, 0x54, 0x55, 0x15, 0x15, 0x15, 0x55, 0x05, 0x45, 0x55, 0x55, 0x45, 0x55, 0x51, 0x55, 0x55, 0x45, 0x55, 0x15, 0x55, 0x54, 0x7f,
    0x40, 0x00, 0x00, 0x00, 0x0b, 0xfd, 0x00, 0x00, 0x00, 0x00, 0xe0, 0x00, 0x00, 0x00, 0x74, 0x00, 0x00, 0x00, 0x55, 0x15, 0x15, 0x54, 0x51, 0x55,
    0x55, 0x51, 0x51, 0x55, 0x51, 0x55, 0x55, 0x55, 0x45, 0x54, 0x55, 0x54, 0x54, 0x7f, 0xea, 0xfa, 0xab, 0xff, 0xff, 0xff, 0xff, 0xff, 0xff, 0xff,
    0xff, 0xff, 0xf0, 0x54, 0x51, 0x54, 0x51, 0x55, 0x05, 0x44, 0x51, 0x55, 0x51, 0x54, 0x9b, 0xf5, 0xe6, 0xbd, 0xa4, 0xa7, 0xd9, 0x51, 0x55, 0x51,
    0x55, 0x45, 0x04, 0x10, 0x51, 0x45, 0x15, 0x55, 0x15, 0x45, 0x55, 0x55, 0x55, 0x55, 0x55, 0x55, 0x55, 0x55, 0x55, 0x55, 0x55, 0x55, 0x55, 0x55,
    0x55, 0x5f, 0xff, 0xff, 0xff, 0xff, 0xff, 0xff, 0xff, 0xff, 0xff, 0xff, 0xff, 0xea, 0xa5, 0x55, 0x55, 0x55, 0x55, 0x55, 0x55, 0x55, 0x55, 0x45,
    0x55, 0x55, 0x15, 0x55, 0x55, 0x54, 0x54, 0x55, 0x55, 0x45, 0x15, 0x5a, 0x9a, 0x55, 0x55, 0x55, 0x55, 0x45, 0x55, 0x55, 0x55, 0x45, 0x51, 0x54,
    0xb9, 0x6f, 0xfe, 0xbf, 0xbe, 0xff, 0xff, 0xef, 0xff, 0xbf, 0xbe, 0xf5, 0x55, 0x14, 0x51, 0x55, 0x45, 0x15, 0x15, 0x51, 0x45, 0x15, 0x55, 0x55,
    0x51, 0x54, 0x15, 0x05, 0x55, 0x54, 0x55, 0x55, 0x54, 0x55, 0x15, 0x55, 0x54, 0x51, 0xfd, 0x00, 0x00, 0x00, 0x00, 0x1f, 0xf9, 0x00, 0x00, 0x00,
    0x00, 0x10, 0x00, 0x00, 0x00, 0x7e, 0x00, 0x00, 0x00, 0x54, 0x45, 0x51, 0x55, 0x55, 0x54, 0x51, 0x55, 0x55, 0x11, 0x55, 0x14, 0x51, 0x45, 0x54,
    0x55, 0x45, 0x55, 0x45, 0x69, 0x55, 0x55, 0x55, 0xaf, 0xff, 0xea, 0xaa, 0xef, 0xff, 0xfa, 0xbf, 0xff, 0xf0, 0x45, 0x55, 0x15, 0x45, 0x14, 0x54,
    0x55, 0x55, 0x15, 0x15, 0x54, 0x9a, 0xb5, 0x54, 0x7a, 0xd5, 0xa4, 0xe9, 0x55, 0x51, 0x45, 0x51, 0x51, 0x44, 0x51, 0x55, 0x55, 0x55, 0x55, 0x51,
    0x55, 0x54, 0x55, 0x55, 0x55, 0x51, 0x55, 0x55, 0x55, 0x55, 0x55, 0x55, 0x55, 0x55, 0x55, 0x55, 0x5a, 0xbf, 0xff, 0xff, 0xfa, 0xff, 0xff, 0xff,
    0xff, 0xaa, 0xfe, 0xa5, 0x55, 0x55, 0x55, 0x55, 0x55, 0x55, 0x55, 0xa9, 0x55, 0xa9, 0x56, 0xf9, 0x55, 0x55, 0x55, 0x55, 0x56, 0xaa, 0x55, 0x45,
    0x55, 0x6f, 0xbf, 0xff, 0x55, 0x55, 0x55, 0x55, 0x55, 0x54, 0x55, 0x15, 0x54, 0x51, 0x45, 0x7f, 0xff, 0xff, 0xff, 0xff, 0xef, 0xbf, 0xff, 0xff,
    0xfb, 0xff, 0x95, 0x15, 0x15, 0x54, 0x55, 0x55, 0x15, 0x15, 0x15, 0x55, 0x51, 0x45, 0x45, 0x55, 0x55, 0x55, 0x54, 0x55, 0x45, 0x15, 0x14, 0x55,
    0x51, 0x51, 0x54, 0x55, 0x43, 0xf4, 0x00, 0x00, 0x00, 0x00, 0x1f, 0xbc, 0x00, 0x00, 0x00, 0x00, 0x00, 0x00, 0x00, 0x00, 0x7f, 0x40, 0x00, 0x00,
    0x15, 0x54, 0x55, 0x05, 0x54, 0x55, 0x45, 0x54, 0x55, 0x55, 0x15, 0x55, 0x45, 0x55, 0x55, 0x45, 0x54, 0x55, 0x55, 0x45, 0x55, 0x15, 0x55, 0x56,
    0xaa, 0x50, 0x55, 0x56, 0xaa, 0x95, 0x56, 0xaa, 0xf0, 0x51, 0x45, 0x10, 0x55, 0x14, 0x55, 0x15, 0x15, 0x15, 0x54, 0x54, 0x9a, 0x75, 0xe5, 0x7a,
    0xa5, 0x49, 0xa9, 0x15, 0x55, 0x55, 0x54, 0x50, 0x54, 0x01, 0x45, 0x14, 0x55, 0x45, 0x55, 0x51, 0x45, 0x55, 0x55, 0x55, 0x55, 0x55, 0x55, 0x55,
    0x55, 0x55, 0x55, 0x55, 0x55, 0x55, 0x55, 0x55, 0x56, 0xff, 0xfe, 0x95, 0x5a, 0xa5, 0x5a, 0xa5, 0x55, 0x55, 0x55, 0x55, 0x55, 0x55, 0x55, 0x55,
    0x55, 0x56, 0xff, 0xef, 0xff, 0xff, 0xfe, 0x55, 0x54, 0x55, 0x6f, 0xff, 0xff, 0xfe, 0xa5, 0x56, 0xff, 0xff, 0xfa, 0x55, 0x55, 0x55, 0x55, 0x51,
    0x45, 0x55, 0x51, 0x15, 0x55, 0x55, 0x5a, 0xff, 0xea, 0xaf, 0xeb, 0xff, 0xfa, 0xaa, 0x5a, 0xaa, 0xa9, 0x55, 0x51, 0x55, 0x15, 0x45, 0x11, 0x51,
    0x51, 0x45, 0x15, 0x55, 0x54, 0x51, 0x14, 0x51, 0x41, 0x55, 0x45, 0x55, 0x15, 0x45, 0x45, 0x15, 0x55, 0x45, 0x45, 0x1b, 0xe0, 0x00, 0x00, 0x00,
    0x00, 0x2f, 0xfd, 0x00, 0x00, 0x00, 0x00, 0x00, 0x00, 0x00, 0x00, 0x3f, 0x40, 0x00, 0x00, 0x15, 0x54, 0x55, 0x55, 0x55, 0x45, 0x55, 0x45, 0x45,
    0x45, 0x51, 0x45, 0x14, 0x51, 0x55, 0x54, 0x55, 0x45, 0x51, 0x55, 0x05, 0x55, 0x15, 0x55, 0x55, 0x15, 0x55, 0x55, 0x55, 0x45, 0x55, 0x55, 0x50,
    0x51, 0x45, 0x54, 0x51, 0x45, 0x51, 0x51, 0x51, 0x51, 0x55, 0x54, 0x9a, 0x75, 0x81, 0x6f, 0x5a, 0xaf, 0xd9, 0x55, 0x55, 0x51, 0x45, 0x54, 0x15,
    0x40, 0x55, 0x55, 0x55, 0x55, 0x45, 0x55, 0x55, 0x45, 0x15, 0x55, 0x54, 0x55, 0x55, 0x55, 0x55, 0x55, 0x55, 0x55, 0x55, 0x55, 0x55, 0x55, 0x55,
    0x6a, 0xe9, 0x55, 0x55, 0x55, 0x55, 0x55, 0x55, 0x55, 0x55, 0x55, 0x59, 0x55, 0x55, 0x55, 0x54, 0x56, 0xff, 0xff, 0xff, 0xff, 0xff, 0x55, 0x6a,
    0x55, 0xff, 0xff, 0xff, 0xff, 0xff, 0xbf, 0xff, 0xfa, 0xa5, 0x55, 0x55, 0x55, 0x45, 0x55, 0x55, 0x55, 0x55, 0x51, 0x45, 0x55, 0x55, 0xaa, 0x95,
    0x55, 0x95, 0x6a, 0x55, 0x41, 0x15, 0x55, 0x51, 0x45, 0x51, 0x51, 0x55, 0x54, 0x55, 0x15, 0x55, 0x45, 0x55, 0x14, 0x55, 0x55, 0x51, 0x45, 0x55,
    0x15, 0x54, 0x51, 0x44, 0x55, 0x55, 0x54, 0x15, 0x45, 0x54, 0x2f, 0xe0, 0x00, 0x00, 0x00, 0x00, 0x3e, 0xfd, 0x00, 0x00, 0x00, 0x00, 0x00, 0x00,
    0x00, 0x00, 0x1f, 0x90, 0x00, 0x00, 0x05, 0x15, 0x14, 0x55, 0x45, 0x54, 0x55, 0x55, 0x14, 0x54, 0x55, 0x15, 0x55, 0x55, 0x14, 0x55, 0x45, 0x54,
    0x55, 0x55, 0x55, 0x55, 0x55, 0x55, 0x55, 0x55, 0x55, 0x55, 0x55, 0x55, 0x14, 0x55, 0x50, 0x55, 0x14, 0x55, 0x54, 0x51, 0x55, 0x51, 0x55, 0x55,
    0x45, 0x05, 0x99, 0x55, 0x82, 0xff, 0xff, 0xff, 0xdd, 0x54, 0x55, 0x55, 0x55, 0x14, 0x50, 0x14, 0x05, 0x45, 0x55, 0x55, 0x55, 0x55, 0x55, 0x55,
    0x55, 0x45, 0x55, 0x55, 0x55, 0x55, 0x55, 0x55, 0x55, 0x54, 0x55, 0x55, 0x54, 0x55, 0x55, 0x55, 0x55, 0x55, 0x55, 0x55, 0x55, 0x55, 0x55, 0x55,
    0x55, 0x55, 0x7f, 0xe5, 0xa9, 0x55, 0x45, 0x51, 0xff, 0xff, 0xff, 0xff, 0xff, 0xfb, 0xff, 0xeb, 0xff, 0xff, 0xff, 0xff, 0xff, 0xff, 0xfe, 0x95,
    0x05, 0x55, 0x45, 0x15, 0x65, 0x55, 0x55, 0x55, 0x45, 0x55, 0x55, 0x55, 0x55, 0x55, 0x55, 0x55, 0x55, 0x41, 0x55, 0x55, 0x55, 0x55, 0x55, 0x44,
    0x15, 0x15, 0x51, 0x45, 0x45, 0x14, 0x54, 0x55, 0x45, 0x55, 0x51, 0x54, 0x55, 0x14, 0x55, 0x51, 0x55, 0x55, 0x55, 0x51, 0x14, 0x55, 0x54, 0x55,
    0x54, 0xbf, 0xd0, 0x00, 0x00, 0x00, 0x00, 0x7f, 0xed, 0x00, 0x00, 0x00, 0x00, 0x00, 0x00, 0x00, 0x00, 0x06, 0xf0, 0x00, 0x00, 0x01, 0x51, 0x55,
    0x55, 0x54, 0x55, 0x45, 0x15, 0x51, 0x55, 0x45, 0x54, 0x51, 0x55, 0x55, 0x55, 0x55, 0x55, 0x55, 0x55, 0x55, 0x51, 0x55, 0x55, 0x51, 0x55, 0x55,
    0x55, 0x45, 0x51, 0x45, 0x45, 0x10, 0x54, 0x55, 0x11, 0x05, 0x51, 0x54, 0x55, 0x45, 0x15, 0x55, 0x54, 0x9a, 0x15, 0xd8, 0xbf, 0xff, 0xff, 0xd9,
    0x55, 0x51, 0x45, 0x11, 0x54, 0x14, 0x55, 0x14, 0x55, 0x45, 0x55, 0x55, 0x55, 0x55, 0x54, 0x55, 0x55, 0x55, 0x55, 0x55, 0x54, 0x54, 0x55, 0x55,
    0x55, 0xba, 0x55, 0x69, 0x55, 0x55, 0x55, 0x55, 0x55, 0x55, 0x6a, 0x54, 0x55, 0x55, 0x55, 0x55, 0x55, 0xbf, 0xff, 0xff, 0x95, 0x55, 0x56, 0xff,
    0xff, 0xff, 0xff, 0xff, 0xff, 0xff, 0xff, 0xff, 0xff, 0xff, 0xff, 0xff, 0xff, 0xe5, 0x55, 0x55, 0x55, 0x6a, 0xa6, 0xfe, 0x55, 0x55, 0x5a, 0x95,
    0x55, 0x55, 0x55, 0x55, 0x55, 0x55, 0x55, 0x15, 0x55, 0x51, 0x55, 0x51, 0x54, 0x54, 0x55, 0x55, 0x54, 0x54, 0x55, 0x55, 0x55, 0x45, 0x51, 0x51,
    0x45, 0x55, 0x15, 0x45, 0x55, 0x51, 0x51, 0x55, 0x55, 0x51, 0x55, 0x55, 0x41, 0x45, 0x55, 0x52, 0xff, 0x80, 0x00, 0x00, 0x00, 0x00, 0xbf, 0xf8,
    0x00, 0x00, 0x00, 0x00, 0x00, 0x00, 0x00, 0x00, 0x00, 0x79, 0x60, 0x00, 0x00, 0x55, 0x55, 0x51, 0x55, 0x55, 0x55, 0x51, 0x55, 0x15, 0x55, 0x55,
    0x55, 0x55, 0x55, 0x45, 0x55, 0x55, 0x55, 0x15, 0x46, 0xe5, 0x51, 0x45, 0x55, 0x55, 0x54, 0x54, 0x54, 0x55, 0x55, 0x45, 0x50, 0x45, 0x45, 0x15,
    0x54, 0x55, 0x45, 0x45, 0x45, 0x51, 0x51, 0x54, 0x9b, 0xa1, 0x6f, 0x5f, 0xff, 0xff, 0xdd, 0x15, 0x15, 0x55, 0x55, 0x45, 0x05, 0x05, 0x55, 0x55,
    0x55, 0x55, 0x14, 0x55, 0x45, 0x15, 0x55, 0x11, 0x54, 0x55, 0x15, 0x55, 0x56, 0xf9, 0x55, 0x55, 0xbf, 0xef, 0xff, 0x95, 0x55, 0x56, 0x55, 0x55,
    0x6a, 0xbf, 0x55, 0x55, 0x51, 0x55, 0x51, 0x52, 0xff, 0xff, 0xff, 0xff, 0xff, 0xbf, 0xff, 0xff, 0xff, 0xff, 0xff, 0xff, 0xff, 0xff, 0xff, 0xff,
    0xff, 0xff, 0xff, 0xa9, 0x55, 0x56, 0xf9, 0x6b, 0xff, 0xff, 0xff, 0xe5, 0x5a, 0xff, 0xf9, 0x55, 0x51, 0x45, 0x15, 0x55, 0x15, 0x15, 0x51, 0x45,
    0x15, 0x14, 0x55, 0x15, 0x45, 0x51, 0x45, 0x45, 0x55, 0x51, 0x54, 0x45, 0x55, 0x15, 0x55, 0x15, 0x45, 0x55, 0x55, 0x45, 0x15, 0x55, 0x54, 0x51,
    0x55, 0x54, 0x51, 0x55, 0x55, 0x45, 0x47, 0xfe, 0x40, 0x00, 0x00, 0x00, 0x02, 0xff, 0xf0, 0x00, 0x00, 0x00, 0x00, 0x00, 0x40, 0x00, 0x00, 0x00,
    0x0b, 0xfc, 0x00, 0x00, 0x55, 0x45, 0x15, 0x15, 0x54, 0x51, 0x55, 0x45, 0x51, 0x55, 0x15, 0x15, 0x45, 0x55, 0x55, 0x45, 0x55, 0x55, 0x51, 0x6f,
    0xfe, 0x96, 0x55, 0x55, 0x55, 0x15, 0x45, 0x55, 0x45, 0x54, 0x55, 0x50, 0x55, 0x51, 0x54, 0x55, 0x05, 0x45, 0x54, 0x54, 0x55, 0x54, 0x54, 0x9b,
    0xf9, 0xbf, 0x92, 0xff, 0xff, 0xd9, 0x55, 0x54, 0x51, 0x45, 0x55, 0x14, 0x05, 0x55, 0x54, 0x55, 0x55, 0x55, 0x51, 0x55, 0x15, 0x55, 0x55, 0x55,
    0x55, 0xbf, 0xeb, 0xff, 0xfd, 0x15, 0x56, 0xff, 0xff, 0xff, 0xe5, 0x15, 0x6f, 0xd5, 0x55, 0xbf, 0xff, 0x95, 0x45, 0x5a, 0x54, 0x5a, 0xab, 0xff,
    0xff, 0xff, 0xff, 0xff, 0xff, 0xff, 0xff, 0xff, 0xff, 0xff, 0xff, 0xff, 0xff, 0xff, 0xff, 0xff, 0xff, 0xfa, 0x55, 0x55, 0x5b, 0xff, 0xff, 0xff,
    0xff, 0xff, 0xff, 0xff, 0xff, 0xff, 0x55, 0x55, 0x6a, 0x95, 0x05, 0x6a, 0xaf, 0xa5, 0x55, 0x45, 0x54, 0x54, 0x51, 0x54, 0x15, 0x50, 0x55, 0x14,
    0x15, 0x14, 0x54, 0x51, 0x54, 0x54, 0x55, 0x55, 0x51, 0x54, 0x55, 0x55, 0x55, 0x15, 0x55, 0x15, 0x55, 0x55, 0x14, 0x55, 0x55, 0x1f, 0xbc, 0x00,
    0x00, 0x00, 0x00, 0x0b, 0xff, 0xe0, 0x00, 0x00, 0x00, 0x00, 0x02, 0xe0, 0x00, 0x00, 0x00, 0x07, 0xed, 0x00, 0x00, 0x14, 0x55, 0x55, 0x51, 0x45,
    0x55, 0x54, 0x55, 0x55, 0x15, 0x51, 0x54, 0x55, 0x55, 0x15, 0x55, 0x15, 0x15, 0x51, 0xbf, 0xff, 0xff, 0xf9, 0x55, 0x51, 0x6f, 0xe5, 0x55, 0x55,
    0x15, 0x55, 0x10, 0x50, 0x51, 0x51, 0x45, 0x54, 0x55, 0x15, 0x55, 0x45, 0x15, 0x45, 0x9b, 0xff, 0xff, 0xfb, 0xff, 0xff, 0xd9, 0x55, 0x45, 0x14,
    0x54, 0x15, 0x50, 0x15, 0x54, 0x55, 0x55, 0x55, 0x45, 0x55, 0x55, 0x55, 0x55, 0x54, 0x55, 0x42, 0xff, 0xff, 0xff, 0xfe, 0x5b, 0xff, 0xff, 0xff,
    0xff, 0xfa, 0xbf, 0xff, 0xe5, 0x6b, 0xff, 0xff, 0xea, 0x95, 0xbf, 0xea, 0xbf, 0xff, 0xff, 0xff, 0xff, 0xff, 0xff, 0xff, 0xff, 0xff, 0xff, 0xff,
    0xff, 0xff, 0xff, 0xff, 0xff, 0xff, 0xff, 0xff, 0xa5, 0x55, 0x55, 0x7f, 0xff, 0xff, 0xff, 0xff, 0xff, 0xff, 0xff, 0xff, 0xff, 0xe5, 0xff, 0xff,
    0xfe, 0xaa, 0xff, 0xff, 0xfd, 0x14, 0x55, 0x45, 0x54, 0x54, 0x15, 0x54, 0x55, 0x55, 0x55, 0x55, 0x45, 0x55, 0x55, 0x45, 0x45, 0x51, 0x15, 0x15,
    0x15, 0x55, 0x54, 0x15, 0x55, 0x15, 0x54, 0x55, 0x45, 0x55, 0x55, 0x54, 0x2f, 0xf8, 0x00, 0x00, 0x00, 0x00, 0x1f, 0xff, 0xe0, 0x00, 0x00, 0x00,
    0x00, 0x0b, 0xf8, 0x00, 0x00, 0x00, 0x02, 0xfe, 0x40, 0x00, 0x05, 0x55, 0x45, 0x55, 0x55, 0x14, 0x55, 0x45, 0x14, 0x50, 0x55, 0x45, 0x55, 0x45,
    0x55, 0x51, 0x55, 0x69, 0x5b, 0xff, 0xff, 0xff, 0xff, 0xee, 0xa6, 0xff, 0xf9, 0x55, 0x55, 0x51, 0x55, 0x50, 0x55, 0x55, 0x15, 0x44, 0x55, 0x15,
    0x51, 0x45, 0x55, 0x51, 0x54, 0x9b, 0xff, 0xe6, 0xff, 0xff, 0xff, 0xdd, 0x51, 0x55, 0x45, 0x55, 0x51, 0x41, 0x50, 0x55, 0x55, 0x54, 0x55, 0x55,
    0x55, 0x55, 0x45, 0x55, 0x55, 0xa5, 0x5b, 0xff, 0xff, 0xff, 0xff, 0xff, 0xff, 0xff, 0xff, 0xff, 0xff, 0xff, 0xff, 0xff, 0xff, 0xff, 0xff, 0xff,
    0xff, 0xff, 0xff, 0xff, 0xff, 0xff, 0xff, 0xff, 0xff, 0xff, 0xff, 0xff, 0xff, 0xff, 0xff, 0xff, 0xff, 0xff, 0xff, 0xff, 0xff, 0xff, 0xff, 0xaa,
    0xbe, 0xaa, 0xff, 0xff, 0xff, 0xff, 0xef, 0xff, 0xff, 0xff, 0xff, 0xbf, 0xff, 0xff, 0xff, 0xff, 0xff, 0xff, 0xfb, 0xf9, 0x55, 0x54, 0x51, 0x45,
    0x55, 0x51, 0x45, 0x45, 0x14, 0x51, 0x41, 0x55, 0x11, 0x55, 0x55, 0x55, 0x15, 0x55, 0x55, 0x55, 0x55, 0x55, 0x51, 0x55, 0x54, 0x55, 0x54, 0x55,
    0x55, 0x54, 0x54, 0xbb, 0xf4, 0x00, 0x00, 0x00, 0x00, 0x7f, 0xfb, 0xd0, 0x00, 0x00, 0x00, 0x00, 0x0b, 0xfd, 0x00, 0x00, 0x00, 0x02, 0xff, 0xd0,
    0x00, 0x01, 0x51, 0x55, 0x54, 0x55, 0x55, 0x45, 0x14, 0x54, 0x55, 0x14, 0x55, 0x55, 0x5a, 0x95, 0x1a, 0x56, 0xff, 0xbf, 0xff, 0xff, 0xff, 0xff,
    0xff, 0xff, 0xff, 0xff, 0x55, 0x55, 0x55, 0x54, 0x50, 0x45, 0x15, 0x45, 0x15, 0x15, 0x14, 0x55, 0x50, 0x51, 0x55, 0x54, 0xab, 0xff, 0xf6, 0xff,
    0xff, 0xff, 0xdd, 0x15, 0x50, 0x55, 0x45, 0x55, 0x04, 0x11, 0x45, 0x15, 0x15, 0x55, 0x55, 0x55, 0x54, 0x55, 0x55, 0x47, 0xff, 0xff, 0xff, 0xff,
    0xff, 0xff, 0xff, 0xff, 0xff, 0xff, 0xff, 0xff, 0xff, 0xff, 0xff, 0xff, 0xff, 0xff, 0xff, 0xff, 0xff, 0xff, 0xff, 0xff, 0xff, 0xff, 0xff, 0xff,
    0xff, 0xff, 0xff, 0xff, 0xff, 0xff, 0xfe, 0x96, 0xaa, 0xbf, 0xff, 0xff, 0xff, 0xff, 0xff, 0xff, 0xff, 0xff, 0xff, 0xff, 0xff, 0xff, 0xff, 0xff,
    0xff, 0xff, 0xff, 0xff, 0xef, 0xff, 0xfb, 0xff, 0xbf, 0xff, 0xa5, 0x45, 0x05, 0x55, 0x55, 0x14, 0x51, 0x45, 0x55, 0x15, 0x45, 0x55, 0x51, 0x55,
    0x14, 0x51, 0x51, 0x45, 0x45, 0x45, 0x55, 0x45, 0x45, 0x55, 0x55, 0x45, 0x55, 0x55, 0x51, 0x45, 0x15, 0x40, 0xbf, 0xe0, 0x00, 0x00, 0x00, 0x01,
    0xbf, 0xff, 0x80, 0x00, 0x00, 0x00, 0x00, 0x07, 0xb8, 0x00, 0x00, 0x00, 0x00, 0xbb, 0xe0, 0x08, 0x00, 0x55, 0x15, 0x55, 0x05, 0x45, 0x54, 0x54,
    0x55, 0x55, 0x55, 0x54, 0x45, 0xbf, 0xf9, 0xbf, 0xff, 0xff, 0xff, 0xff, 0xff, 0xff, 0xff, 0xff, 0xff, 0xff, 0xff, 0xea, 0xaf, 0xe5, 0x05, 0x50,
    0x54, 0x50, 0x54, 0x51, 0x51, 0x45, 0x45, 0x15, 0x45, 0x45, 0x54, 0x9b, 0xfb, 0xf5, 0xbf, 0xff, 0xff, 0xd9, 0x55, 0x55, 0x54, 0x54, 0x50, 0x14,
    0x05, 0x55, 0x55, 0x55, 0x55, 0x55, 0x55, 0x55, 0x55, 0x45, 0x56, 0xbf, 0xff, 0xff, 0xff, 0xff, 0xff, 0xff, 0xff, 0xff, 0xff, 0xff, 0xff, 0xff,
    0xff, 0xff, 0xff, 0xff, 0xff, 0xff, 0xff, 0xfe, 0xff, 0xff, 0xff, 0xff, 0xff, 0xff, 0xff, 0xff, 0xff, 0xaa, 0x55, 0x5a, 0xae, 0x95, 0x55, 0x55,
    0x55, 0x6a, 0xa5, 0xaa, 0xaa, 0xaf, 0xff, 0xff, 0xff, 0xff, 0xff, 0xff, 0xff, 0xfb, 0xfb, 0xfb, 0xfb, 0xff, 0xbe, 0xff, 0xef, 0xbf, 0xff, 0xfe,
    0xaa, 0x55, 0x55, 0x55, 0x14, 0x51, 0x55, 0x55, 0x14, 0x51, 0x45, 0x55, 0x14, 0x55, 0x45, 0x45, 0x55, 0x15, 0x54, 0x54, 0x54, 0x55, 0x55, 0x54,
    0x55, 0x45, 0x55, 0x55, 0x55, 0x15, 0x55, 0x54, 0x00, 0x6f, 0x80, 0x00, 0x00, 0x00, 0x03, 0xff, 0xef, 0x40, 0x00, 0x00, 0x00, 0x00, 0x01, 0xf4,
    0x00, 0x00, 0x00, 0x00, 0x1f, 0xf4, 0x0e, 0x00, 0x15, 0x54, 0x51, 0x55, 0x14, 0x55, 0x55, 0x45, 0x55, 0x45, 0x15, 0x5b, 0xff, 0xff, 0xff, 0xff,
    0xff, 0xff, 0xff, 0xff, 0xff, 0xff, 0xff, 0xff, 0xff, 0xff, 0xff, 0xff, 0xfe, 0xab, 0xa0, 0x51, 0x55, 0x51, 0x55, 0x51, 0x55, 0x55, 0x15, 0x55,
    0x55, 0x14, 0x9b, 0xa5, 0x95, 0xaf, 0xff, 0xff, 0xd9, 0x55, 0x15, 0x45, 0x15, 0x54, 0x10, 0x45, 0x51, 0x45, 0x55, 0x55, 0x55, 0x55, 0x55, 0x54,
    0x55, 0x55, 0x5a, 0xff, 0xea, 0xaa, 0xaa, 0xbf, 0xff, 0xff, 0xff, 0xff, 0xff, 0xff, 0xff, 0xff, 0xff, 0xff, 0xff, 0xea, 0x95, 0x6a, 0xff, 0xaa,
    0xbf, 0xef, 0xff, 0xfe, 0xaf, 0xff, 0xaa, 0xa5, 0x55, 0x55, 0x55, 0x55, 0x55, 0x55, 0x55, 0x55, 0x55, 0x55, 0x55, 0x55, 0x55, 0x56, 0xbf, 0xff,
    0xff, 0xff, 0xff, 0xfe, 0xff, 0xff, 0xff, 0xff, 0xff, 0xff, 0xea, 0xbf, 0xff, 0xea, 0x95, 0x55, 0x54, 0x54, 0x55, 0x15, 0x55, 0x55, 0x45, 0x55,
    0x51, 0x54, 0x51, 0x51, 0x45, 0x45, 0x51, 0x55, 0x54, 0x51, 0x55, 0x55, 0x55, 0x55, 0x55, 0x45, 0x55, 0x55, 0x45, 0x51, 0x54, 0x51, 0x50, 0x00,
    0x01, 0x00, 0x00, 0x00, 0x00, 0x0b, 0xef, 0xfd, 0x00, 0x00, 0x00, 0x00, 0x00, 0x00, 0xb4, 0x00, 0x00, 0x00, 0x00, 0x0b, 0xb8, 0x07, 0x00, 0x15,
    0x45, 0x55, 0x51, 0x55, 0x45, 0x51, 0x45, 0x14, 0x55, 0x51, 0x7f, 0xff, 0xff, 0xff, 0xff, 0xff, 0xff, 0xff, 0xff, 0xff, 0xfe, 0xbf, 0xaa, 0xaf,
    0xef, 0xff, 0xff, 0xff, 0xff, 0xf0, 0x55, 0x15, 0x51, 0x54, 0x15, 0x14, 0x51, 0x54, 0x54, 0x51, 0x55, 0x9a, 0x29, 0xa5, 0x6f, 0xff, 0xff, 0xdd,
    0x51, 0x50, 0x55, 0x55, 0x15, 0x45, 0x05, 0x55, 0x55, 0x55, 0x55, 0x55, 0x55, 0x54, 0x6a, 0x50, 0x54, 0x55, 0x55, 0x55, 0x55, 0x15, 0x5a, 0xff,
    0xff, 0xff, 0xfa, 0x5a, 0xfe, 0xbb, 0xbf, 0xff, 0xa9, 0x55, 0x55, 0x55, 0x55, 0x59, 0x55, 0x56, 0x55, 0x56, 0xa5, 0x55, 0x55, 0x55, 0x55, 0x55,
    0x55, 0x55, 0x55, 0x55, 0x6a, 0x69, 0x55, 0x55, 0x55, 0x55, 0x55, 0x55, 0x55, 0x1f, 0xff, 0xff, 0xff, 0xea, 0xff, 0xef, 0xaa, 0xaa, 0xaa, 0x95,
    0x55, 0x55, 0x56, 0xa9, 0x55, 0x55, 0x55, 0x45, 0x55, 0x51, 0x55, 0x45, 0x55, 0x54, 0x51, 0x55, 0x15, 0x45, 0x55, 0x51, 0x54, 0x14, 0x51, 0x45,
    0x55, 0x41, 0x51, 0x54, 0x55, 0x55, 0x55, 0x15, 0x55, 0x55, 0x15, 0x54, 0x55, 0x00, 0x00, 0x00, 0x00, 0x00, 0x00, 0x05, 0x1f, 0x8b, 0xf8, 0x00,
    0x00, 0x00, 0x00, 0x00, 0x00, 0x74, 0x00, 0x00, 0x00, 0x00, 0x02, 0xfe, 0x03, 0x80, 0x05, 0x55, 0x55, 0x55, 0x45, 0x54, 0x55, 0x55, 0x55, 0x55,
    0x55, 0x7f, 0xfe, 0xff, 0xff, 0xff, 0xff, 0xff, 0xff, 0xff, 0xff, 0xe5, 0x55, 0x50, 0x55, 0x56, 0xff, 0xff, 0xff, 0xff, 0xf0, 0x45, 0x50, 0x54,
    0x51, 0x55, 0x55, 0x55, 0x45, 0x45, 0x55, 0x44, 0x9b, 0x55, 0xa5, 0x5b, 0xff, 0xff, 0xdd, 0x15, 0x55, 0x54, 0x45, 0x55, 0x01, 0x41, 0x45, 0x55,
    0x55, 0x55, 0x57, 0xfa, 0x5a, 0xff, 0xe6, 0xaa, 0x55, 0x55, 0x55, 0x59, 0x55, 0x55, 0x5a, 0xaa, 0xaa, 0x55, 0x55, 0x55, 0x55, 0x55, 0xa9, 0x55,
    0x55, 0x55, 0x55, 0x55, 0x55, 0x55, 0x55, 0x55, 0x55, 0x55, 0x55, 0x55, 0x55, 0x55, 0x55, 0x55, 0x55, 0x55, 0x56, 0xff, 0xff, 0x95, 0x55, 0x15,
    0x55, 0x55, 0x55, 0x55, 0x6f, 0xff, 0xff, 0xea, 0x55, 0x55, 0x55, 0x55, 0x55, 0x55, 0x45, 0x55, 0x55, 0x55, 0x45, 0x55, 0x55, 0x55, 0x55, 0x55,
    0x55, 0x55, 0x55, 0x40, 0x51, 0x54, 0x14, 0x51, 0x55, 0x44, 0x55, 0x15, 0x55, 0x15, 0x55, 0x14, 0x55, 0x55, 0x55, 0x51, 0x45, 0x51, 0x55, 0x45,
    0x51, 0x55, 0x55, 0x54, 0x00, 0x00, 0x00, 0x00, 0x00, 0x00, 0x0e, 0x6f, 0x07, 0xf8, 0x00, 0x00, 0x00, 0x00, 0x00, 0x00, 0xb8, 0x00, 0x00, 0x00,
    0x00, 0x01, 0xff, 0x46, 0xf0, 0x01, 0x55, 0x54, 0x55, 0x55, 0x15, 0x55, 0x55, 0x51, 0x55, 0x55, 0x6f, 0xff, 0xff, 0xff, 0xff, 0xff, 0xff, 0xff,
    0xfa, 0x95, 0x55, 0x55, 0x55, 0x55, 0x55, 0xbf, 0xea, 0xfa, 0xaa, 0xa0, 0x54, 0x55, 0x05, 0x55, 0x51, 0x45, 0x05, 0x55, 0x55, 0x14, 0x54, 0x9b,
    0x59, 0x95, 0x6f, 0xff, 0xff, 0xd9, 0x54, 0x55, 0x45, 0x45, 0x40, 0x14, 0x00, 0x55, 0x55, 0x54, 0x55, 0x5f, 0xff, 0xff, 0xff, 0xff, 0xff, 0x95,
    0x55, 0x55, 0xbf, 0x95, 0x15, 0x54, 0x54, 0x55, 0x55, 0x55, 0x55, 0x55, 0x55, 0x55, 0x55, 0x55, 0x55, 0x55, 0x55, 0x55, 0x55, 0x55, 0x55, 0x55,
    0x55, 0x55, 0x55, 0x55, 0x55, 0x55, 0x6e, 0x96, 0xfa, 0xab, 0xff, 0xff, 0xe5, 0x51, 0x55, 0x69, 0x6a, 0xab, 0xea, 0xaa, 0xaa, 0x95, 0x55, 0x55,
    0x55, 0x55, 0x55, 0x55, 0x55, 0x55, 0x55, 0x54, 0x55, 0x55, 0x55, 0x55, 0x51, 0x55, 0x55, 0x15, 0x14, 0x15, 0x5a, 0x55, 0x15, 0x45, 0x55, 0x14,
    0x55, 0x45, 0x51, 0x45, 0x54, 0x55, 0x51, 0x54, 0x55, 0x55, 0x55, 0x55, 0x55, 0x55, 0x55, 0x55, 0x55, 0x45, 0x40, 0x00, 0x00, 0x00, 0x01, 0x00,
    0x00, 0x1f, 0xfd, 0x03, 0xf8, 0x00, 0x00, 0x00, 0x00, 0x00, 0x01, 0xfd, 0x00, 0x00, 0x00, 0x00, 0x01, 0xff, 0xef, 0xb8, 0x01, 0x45, 0x45, 0x45,
    0x51, 0x55, 0x14, 0x55, 0x55, 0x10, 0x51, 0x5a, 0xfa, 0xaa, 0xaa, 0x9a, 0xaa, 0xa5, 0x56, 0x55, 0x55, 0x55, 0x55, 0x55, 0x55, 0x55, 0x59, 0x55,
    0x55, 0x05, 0x50, 0x14, 0x55, 0x51, 0x45, 0x15, 0x54, 0x54, 0x54, 0x51, 0x51, 0x54, 0xab, 0x58, 0x96, 0x3f, 0xff, 0xff, 0xd9, 0x55, 0x45, 0x51,
    0x54, 0x54, 0x01, 0x54, 0x14, 0x51, 0x55, 0xaa, 0xbf, 0xff, 0xff, 0xff, 0xff, 0xff, 0xfe, 0xaa, 0xaa, 0xff, 0xea, 0x81, 0x55, 0x55, 0x55, 0x55,
    0x55, 0x55, 0x55, 0x55, 0x55, 0x55, 0x55, 0x55, 0x55, 0x6f, 0x95, 0x55, 0x55, 0x55, 0x55, 0x55, 0x55, 0x55, 0x55, 0x15, 0x54, 0xbf, 0xef, 0xff,
    0xff, 0xff, 0xff, 0xf9, 0x5a, 0xea, 0xff, 0xff, 0xff, 0xfe, 0x55, 0x55, 0x55, 0x55, 0x55, 0x55, 0x55, 0x55, 0x55, 0x55, 0x55, 0x55, 0x55, 0x55,
    0x55, 0x55, 0x55, 0x15, 0x55, 0x55, 0x6a, 0x56, 0x96, 0xbf, 0xe5, 0x51, 0x55, 0x15, 0x55, 0x51, 0x54, 0x55, 0x54, 0x55, 0x45, 0x15, 0x45, 0x45,
    0x15, 0x55, 0x55, 0x15, 0x15, 0x15, 0x15, 0x55, 0x55, 0x40, 0x00, 0x00, 0x00, 0x0b, 0x80, 0x00, 0x1f, 0xf4, 0x03, 0xf4, 0x00, 0x00, 0x00, 0x00,
    0x00, 0x01, 0xfd, 0x00, 0x00, 0x00, 0x00, 0x01, 0xff, 0xff, 0x48, 0x00, 0x14, 0x55, 0x54, 0x55, 0x55, 0x55, 0x15, 0x15, 0x55, 0x55, 0x45, 0x55,
    0x55, 0x50, 0x55, 0x55, 0x55, 0x55, 0x55, 0x55, 0x55, 0x45, 0x11, 0x51, 0x45, 0x54, 0x55, 0x45, 0x54, 0x50, 0x55, 0x41, 0x55, 0x15, 0x45, 0x15,
    0x54, 0x45, 0x45, 0x51, 0x55, 0x9b, 0x9a, 0xe6, 0x2f, 0xff, 0xff, 0xdd, 0x15, 0x55, 0x15, 0x55, 0x54, 0x14, 0x14, 0x6a, 0x95, 0x6f, 0xff, 0xff,
    0xff, 0xff, 0xff, 0xff, 0xff, 0xff, 0xff, 0xff, 0xff, 0xff, 0xd5, 0x15, 0x55, 0x55, 0x55, 0x55, 0x55, 0x55, 0x55, 0x55, 0x55, 0x55, 0x6e, 0x55,
    0xbf, 0xf9, 0x55, 0x55, 0x95, 0x55, 0x55, 0x5a, 0x6f, 0x95, 0xaa, 0x56, 0xff, 0xff, 0xff, 0xff, 0xff, 0xff, 0xff, 0xff, 0xff, 0xff, 0xff, 0xfa,
    0xa5, 0x55, 0x55, 0x55, 0x55, 0x55, 0x55, 0x55, 0x55, 0x55, 0x55, 0x55, 0x51, 0x55, 0x55, 0x55, 0x45, 0x55, 0x55, 0x55, 0x46, 0xff, 0xff, 0xff,
    0xff, 0xe5, 0x55, 0x15, 0x11, 0x45, 0x15, 0x55, 0x44, 0x15, 0x45, 0x55, 0x55, 0x45, 0x45, 0x55, 0x45, 0x51, 0x55, 0x51, 0x55, 0x55, 0x55, 0x51,
    0x00, 0x00, 0x00, 0x00, 0x1f, 0x40, 0x00, 0x2e, 0x40, 0x07, 0xe0, 0x00, 0x00, 0x00, 0x00, 0x00, 0x00, 0xfe, 0x00, 0x00, 0x00, 0x00, 0x01, 0xfb,
    0xfb, 0x40, 0x00, 0x15, 0x55, 0x14, 0x50, 0x50, 0x51, 0x51, 0x51, 0x55, 0x05, 0x55, 0x55, 0x55, 0x55, 0x55, 0x55, 0x55, 0x55, 0x55, 0x54, 0x55,
    0x55, 0x51, 0x55, 0x55, 0x55, 0x55, 0x55, 0x55, 0x50, 0x45, 0x55, 0x05, 0x15, 0x51, 0x45, 0x15, 0x55, 0x15, 0x15, 0x54, 0x9b, 0xff, 0xe6, 0x6f,
    0xff, 0xff, 0xd9, 0x55, 0x55, 0x54, 0x55, 0x54, 0x50, 0x10, 0xff, 0xff, 0xff, 0xff, 0xff, 0xff, 0xff, 0xff, 0xff, 0xff, 0xff, 0xff, 0xff, 0xff,
    0xfe, 0x55, 0x55, 0x6a, 0x55, 0x54, 0x6b, 0xd5, 0x45, 0x55, 0x55, 0x55, 0x4b, 0xff, 0xfb, 0xff, 0xfe, 0x96, 0xab, 0xff, 0xff, 0xfa, 0xff, 0xff,
    0xff, 0xff, 0xfb, 0xff, 0xff, 0xff, 0xff, 0xff, 0xff, 0xff, 0xff, 0xff, 0xff, 0xfa, 0x95, 0x55, 0x55, 0x55, 0x55, 0x55, 0x55, 0x55, 0x55, 0x54,
    0x14, 0x51, 0x55, 0x55, 0x55, 0x55, 0x56, 0xa5, 0x55, 0x55, 0x55, 0x5b, 0xff, 0xff, 0xff, 0xfb, 0xe5, 0x45, 0x51, 0x55, 0x54, 0x55, 0x45, 0x15,
    0x55, 0x54, 0x51, 0x51, 0x55, 0x54, 0x51, 0x55, 0x55, 0x54, 0x55, 0x55, 0x55, 0x55, 0x54, 0x00, 0x00, 0x00, 0x00, 0x6e, 0x00, 0x00, 0x7e, 0x00,
    0x07, 0xe0, 0x00, 0x00, 0x00, 0x00, 0x00, 0x00, 0xbb, 0xd0, 0x00, 0x00, 0x00, 0x00, 0x7f, 0xff, 0x80, 0x00, 0x01, 0x45, 0x55, 0x45, 0x45, 0x55,
    0x15, 0x55, 0x15, 0x55, 0x51, 0x55, 0x15, 0x45, 0x55, 0x55, 0x55, 0x55, 0x54, 0x55, 0x56, 0xbf, 0x55, 0x55, 0x51, 0x51, 0x55, 0x55, 0x51, 0x50,
    0x55, 0x14, 0x54, 0x51, 0x54, 0x55, 0x55, 0x15, 0x51, 0x54, 0x14, 0x9f, 0xff, 0xd5, 0x2f, 0xff, 0xff, 0xd9, 0x55, 0x51, 0x45, 0x54, 0x50, 0x41,
    0x51, 0xff, 0xff, 0xff, 0xff, 0xff, 0xff, 0xff, 0xff, 0xff, 0xff, 0xff, 0xff, 0xff, 0xea, 0x95, 0x55, 0x55, 0xbf, 0xe9, 0x56, 0xff, 0xe5, 0xa9,
    0x55, 0x55, 0x55, 0x6f, 0xff, 0xff, 0xff, 0xff, 0xff, 0xff, 0xff, 0xff, 0xff, 0xff, 0xff, 0xff, 0xff, 0xff, 0xff, 0xff, 0xff, 0xff, 0xff, 0xff,
    0xff, 0xff, 0xff, 0xfa, 0xa5, 0x55, 0x55, 0x51, 0xba, 0xaa, 0xfa, 0xaa, 0xfe, 0xaa, 0x95, 0xaa, 0xaa, 0x55, 0x5a, 0xaa, 0xaa, 0xff, 0xff, 0xea,
    0xaa, 0xab, 0xff, 0xff, 0xff, 0xef, 0xbf, 0xd5, 0x54, 0x51, 0x45, 0x15, 0x51, 0x51, 0x55, 0x51, 0x55, 0x55, 0x55, 0x55, 0x15, 0x55, 0x55, 0x15,
    0x55, 0x55, 0x55, 0x55, 0x55, 0x54, 0x00, 0x00, 0x00, 0x00, 0x79, 0x00, 0x01, 0xb8, 0x00, 0x1b, 0xd0, 0x00, 0x00, 0x00, 0x00, 0x00, 0x00, 0x7f,
    0xe0, 0x00, 0x00, 0x00, 0x00, 0x1f, 0xef, 0xd0, 0x00, 0x01, 0x54, 0x51, 0x55, 0x55, 0x05, 0x54, 0x55, 0x50, 0x51, 0x55, 0x15, 0x55, 0x45, 0x05,
    0x54, 0x55, 0x15, 0x15, 0x5b, 0xff, 0xff, 0xe5, 0x55, 0x5b, 0xa9, 0x14, 0x54, 0x51, 0x40, 0x51, 0x51, 0x54, 0x51, 0x45, 0x50, 0x55, 0x14, 0x55,
    0x45, 0x54, 0x9b, 0xff, 0xe6, 0x6f, 0xff, 0xff, 0xd9, 0x54, 0x55, 0x55, 0x15, 0x50, 0x54, 0x05, 0xbf, 0xff, 0xff, 0xff, 0xff, 0xff, 0xff, 0xff,
    0xff, 0xff, 0xff, 0xff, 0xfa, 0x95, 0x55, 0x55, 0x55, 0xbf, 0xff, 0xff, 0xff, 0xfe, 0xff, 0x95, 0x45, 0x56, 0xff, 0xff, 0xff, 0xff, 0xff, 0xff,
    0xff, 0xff, 0xff, 0xff, 0xff, 0xff, 0xff, 0xff, 0xff, 0xff, 0xff, 0xff, 0xff, 0xff, 0xff, 0xff, 0xfa, 0xaa, 0x95, 0x55, 0x55, 0x5b, 0xab, 0xff,
    0xff, 0xff, 0xff, 0xff, 0xff, 0xff, 0xff, 0xff, 0xff, 0xff, 0xff, 0xff, 0xff, 0xff, 0xff, 0xff, 0xff, 0xff, 0xff, 0xbe, 0xff, 0xfa, 0x54, 0x51,
    0x55, 0x45, 0x51, 0x55, 0x15, 0x45, 0x55, 0x15, 0x14, 0x55, 0x51, 0x55, 0x55, 0x55, 0x55, 0x55, 0x55, 0x55, 0x15, 0x55, 0x40, 0x00, 0x00, 0x00,
    0x00, 0x28, 0x00, 0x07, 0x90, 0x00, 0x2f, 0xd0, 0x00, 0x00, 0x00, 0x00, 0x00, 0x00, 0x7f, 0xe0, 0x00, 0x00, 0x00, 0x00, 0x0b, 0xff, 0xf4, 0x00,
    0x00, 0x55, 0x55, 0x14, 0x51, 0x55, 0x45, 0x55, 0x45, 0x55, 0x14, 0x51, 0x51, 0xa5, 0x69, 0x55, 0x55, 0x51, 0x55, 0x7f, 0xff, 0xff, 0xfe, 0xaa,
    0xff, 0xfe, 0x55, 0xaa, 0xaa, 0x50, 0x55, 0x45, 0x15, 0x55, 0x55, 0x15, 0x41, 0x55, 0x45, 0x45, 0x54, 0x9b, 0xff, 0xff, 0xff, 0xff, 0xff, 0x99,
    0x55, 0x54, 0x55, 0x55, 0x51, 0x55, 0x55, 0x5b, 0xff, 0xff, 0xff, 0xff, 0xff, 0xa9, 0xaa, 0xa5, 0x5a, 0xaa, 0x55, 0x55, 0x55, 0x55, 0x55, 0x55,
    0xbf, 0xff, 0xff, 0xff, 0xff, 0xff, 0xfa, 0xa5, 0x4b, 0xff, 0xff, 0xff, 0xff, 0xff, 0xff, 0xff, 0xff, 0xff, 0xff, 0xff, 0xff, 0xff, 0xfb, 0xff,
    0xbe, 0xff, 0xff, 0xff, 0xfe, 0xa9, 0xaa, 0x55, 0x55, 0x55, 0x55, 0x55, 0x6f, 0xff, 0xff, 0xff, 0xff, 0xff, 0xff, 0xff, 0xff, 0xff, 0xff, 0xff,
    0xfe, 0xff, 0xff, 0xff, 0xff, 0xff, 0xff, 0xff, 0xff, 0xef, 0xff, 0xfe, 0x55, 0x55, 0x15, 0x14, 0x55, 0x55, 0x45, 0x55, 0x55, 0x45, 0x51, 0x55,
    0x55, 0x15, 0x54, 0x51, 0x55, 0x54, 0x55, 0x55, 0x15, 0x55, 0x54, 0x00, 0x00, 0x00, 0x00, 0x00, 0x00, 0x00, 0x2f, 0x40, 0x00, 0x6f, 0xe4, 0x00,
    0x00, 0x00, 0x00, 0x00, 0x00, 0xbf, 0xe0, 0x00, 0x00, 0x00, 0x00, 0x07, 0xff, 0xfd, 0x00, 0x00, 0x15, 0x55, 0x55, 0x45, 0x51, 0x55, 0x54, 0x55,
    0x45, 0x55, 0x55, 0x57, 0xff, 0xff, 0xab, 0xe9, 0x55, 0x55, 0xbf, 0xff, 0xff, 0xff, 0xff, 0xff, 0xff, 0x9b, 0xff, 0xff, 0xf0, 0x45, 0x45, 0x51,
    0x45, 0x15, 0x55, 0x15, 0x45, 0x54, 0x54, 0x54, 0x9b, 0xff, 0xff, 0xff, 0xff, 0xff, 0xd9, 0x45, 0x45, 0x45, 0x54, 0x51, 0x55, 0x55, 0x55, 0xaf,
    0xfb, 0xff, 0xe9, 0x65, 0x55, 0x55, 0x55, 0x55, 0x55, 0x55, 0x55, 0x55, 0x55, 0x55, 0x55, 0xbf, 0xff, 0xff, 0xff, 0xff, 0xff, 0xff, 0xfa, 0x6f,
    0xff, 0xff, 0xff, 0xff, 0xff, 0xff, 0xff, 0xff, 0xff, 0xff, 0xff, 0xff, 0xff, 0xbf, 0xea, 0x55, 0x55, 0x55, 0x55, 0x55, 0x55, 0x05, 0x55, 0x55,
    0x55, 0x55, 0x55, 0x7f, 0xff, 0xff, 0xff, 0xff, 0xff, 0xff, 0xff, 0xff, 0xff, 0xff, 0xff, 0xff, 0xff, 0xff, 0xfb, 0xff, 0xbf, 0xfe, 0xfb, 0xfb,
    0xff, 0xff, 0xe5, 0x55, 0x55, 0x51, 0x55, 0x51, 0x45, 0x55, 0x55, 0x55, 0x55, 0x55, 0x55, 0x55, 0x55, 0x45, 0x55, 0x55, 0x55, 0x55, 0x55, 0x55,
    0x55, 0x40, 0x00, 0x00, 0x00, 0x00, 0x00, 0x00, 0x00, 0x7e, 0x00, 0x00, 0x7f, 0xf8, 0x00, 0x00, 0x00, 0x00, 0x00, 0x00, 0xbf, 0xf4, 0x00, 0x00,
    0x00, 0x00, 0x02, 0xee, 0x6a, 0x00, 0x00, 0x05, 0x15, 0x45, 0x54, 0x55, 0x54, 0x55, 0x55, 0x55, 0x45, 0x55, 0x47, 0xff, 0xff, 0xff, 0xff, 0xef,
    0xff, 0xff, 0xff, 0xff, 0xff, 0xff, 0xff, 0xff, 0xff, 0xff, 0xff, 0xf0, 0x54, 0x54, 0x54, 0x55, 0x51, 0x45, 0x15, 0x44, 0x54, 0x54, 0x54, 0x9f,
    0xff, 0xff, 0xff, 0xff, 0xff, 0xd9, 0x55, 0x55, 0x55, 0x15, 0x41, 0x45, 0x51, 0x55, 0x55, 0x55, 0x69, 0x55, 0x55, 0x55, 0x55, 0x55, 0x55, 0x55,
    0x55, 0x55, 0x55, 0x55, 0x56, 0xfb, 0xff, 0xff, 0xff, 0xff, 0xff, 0xff, 0xff, 0xff, 0xff, 0xff, 0xff, 0xff, 0xff, 0xff, 0xff, 0xff, 0xff, 0xff,
    0xff, 0xff, 0xff, 0xbf, 0xfa, 0x55, 0x55, 0x55, 0x55, 0x55, 0x55, 0x55, 0x55, 0x55, 0x55, 0x55, 0x55, 0x55, 0xbf, 0xff, 0xff, 0xff, 0xff, 0xff,
    0xfb, 0xff, 0xfb, 0xff, 0xfe, 0xff, 0xff, 0xfe, 0xff, 0xff, 0xef, 0xff, 0xff, 0xff, 0xbf, 0xfe, 0xaa, 0x55, 0x55, 0x14, 0x55, 0x45, 0x55, 0x55,
    0x15, 0x11, 0x45, 0x55, 0x14, 0x55, 0x55, 0x54, 0x55, 0x45, 0x54, 0x55, 0x55, 0x45, 0x45, 0x55, 0x00, 0x00, 0x00, 0x00, 0x00, 0x00, 0x00, 0x01,
    0xfe, 0x00, 0x00, 0xbe, 0xf8, 0x00, 0x00, 0x00, 0x00, 0x00, 0x01, 0xff, 0xf8, 0x00, 0x00, 0x00, 0x00, 0x01, 0xfe, 0x01, 0x00, 0x00, 0x01, 0x55,
    0x14, 0x55, 0x45, 0x15, 0x45, 0x15, 0x51, 0x55, 0x55, 0x55, 0xbf, 0xfa, 0xff, 0xfa, 0xfe, 0xaa, 0xff, 0xff, 0xff, 0xff, 0xff, 0xff, 0xff, 0xff,
    0xff, 0xff, 0xf0, 0x55, 0x54, 0x54, 0x50, 0x55, 0x45, 0x51, 0x55, 0x45, 0x45, 0x45, 0x9a, 0xaa, 0xaa, 0xaa, 0xaa, 0xbe, 0x99, 0x51, 0x55, 0x55,
    0x55, 0x45, 0x54, 0x00, 0x55, 0x55, 0x55, 0x55, 0x55, 0x55, 0x54, 0x55, 0x55, 0x55, 0x55, 0x55, 0x55, 0xa6, 0xf9, 0x5b, 0xff, 0xff, 0xff, 0xff,
    0xff, 0xff, 0xff, 0xff, 0xff, 0xff, 0xff, 0xff, 0xff, 0xff, 0xff, 0xff, 0xff, 0xff, 0xff, 0xff, 0xff, 0xa5, 0x56, 0x55, 0x55, 0x55, 0x55, 0x55,
    0x55, 0x55, 0x55, 0x55, 0x55, 0x55, 0x55, 0x55, 0x5a, 0xff, 0xff, 0xfe, 0xff, 0xff, 0xff, 0xff, 0xef, 0xff, 0xff, 0xff, 0xea, 0xaa, 0xff, 0xff,
    0xbe, 0xff, 0xea, 0x6a, 0xb9, 0x55, 0xa5, 0x51, 0x55, 0x51, 0x55, 0x54, 0x55, 0x55, 0x55, 0x55, 0x54, 0x55, 0x41, 0x55, 0x55, 0x55, 0x15, 0x55,
    0x55, 0x55, 0x55, 0x55, 0x55, 0x5a, 0xfd, 0x00, 0x00, 0x00, 0x00, 0x00, 0x00, 0x00, 0x0b, 0xfd, 0x00, 0x00, 0xbf, 0xf8, 0x00, 0x00, 0x00, 0x00,
    0x00, 0x01, 0xff, 0xbd, 0x00, 0x00, 0x00, 0x00, 0x00, 0xbd, 0x00, 0x00, 0x00, 0x01, 0x55, 0x15, 0x45, 0x55, 0x55, 0x55, 0x45, 0x15, 0x55, 0x15,
    0x54, 0x56, 0x55, 0x5a, 0x95, 0x55, 0x54, 0x6a, 0xea, 0xaf, 0xff, 0xff, 0xff, 0xff, 0xe9, 0x5a, 0xff, 0xa0, 0x45, 0x15, 0x45, 0x45, 0x45, 0x51,
    0x45, 0x15, 0x15, 0x55, 0x54, 0xa6, 0x5a, 0x96, 0xa5, 0xa5, 0x69, 0x6c, 0x15, 0x55, 0x55, 0x45, 0x44, 0x01, 0x54, 0x55, 0x55, 0x55, 0x55, 0x55,
    0x55, 0xaa, 0xbf, 0xab, 0xf9, 0x11, 0x55, 0x56, 0xff, 0xfe, 0xbf, 0xff, 0xff, 0xff, 0xff, 0xff, 0xff, 0xff, 0xff, 0xff, 0xff, 0xff, 0xff, 0xff,
    0xff, 0xff, 0xff, 0xff, 0xff, 0xff, 0xff, 0xa9, 0x55, 0x55, 0x55, 0x55, 0x55, 0x55, 0x55, 0x55, 0x55, 0x55, 0x55, 0x55, 0x56, 0xaf, 0xff, 0xff,
    0xff, 0xff, 0xff, 0xea, 0x6a, 0x6a, 0xa9, 0x56, 0xaa, 0x5a, 0xaa, 0x55, 0x55, 0x5a, 0xa9, 0x55, 0x69, 0x55, 0x45, 0x55, 0x55, 0x55, 0x55, 0x55,
    0x15, 0x51, 0x55, 0x51, 0x51, 0x51, 0x51, 0x45, 0x55, 0x55, 0x55, 0x55, 0x45, 0x55, 0x15, 0x51, 0x45, 0x15, 0x55, 0x56, 0xbf, 0xf4, 0x00, 0x00,
    0x00, 0x00, 0x00, 0x00, 0x08, 0x1f, 0xb8, 0x00, 0x00, 0x7f, 0xf4, 0x00, 0x00, 0x00, 0x00, 0x00, 0x01, 0xff, 0xfd, 0x00, 0x00, 0x00, 0x00, 0x00,
    0x3e, 0x00, 0x00, 0x00, 0x00, 0x55, 0x55, 0x14, 0x51, 0x55, 0x51, 0x55, 0x55, 0x55, 0x51, 0x55, 0x55, 0x55, 0x54, 0x55, 0x55, 0x55, 0x54, 0x55,
    0x55, 0xab, 0xfe, 0xa5, 0x6a, 0x55, 0x55, 0x55, 0x50, 0x54, 0x51, 0x55, 0x55, 0x54, 0x15, 0x05, 0x41, 0x51, 0x50, 0x50, 0xaa, 0xaa, 0xaa, 0xae,
    0xbb, 0xaa, 0xa9, 0x55, 0x51, 0x54, 0x54, 0x40, 0x55, 0x50, 0x55, 0x55, 0x55, 0x55, 0x55, 0x5b, 0xff, 0xff, 0xff, 0xff, 0xa6, 0x95, 0x57, 0xff,
    0xff, 0xff, 0xff, 0xff, 0xff, 0xff, 0xff, 0xff, 0xff, 0xff, 0xff, 0xff, 0xff, 0xff, 0xff, 0xff, 0xff, 0xff, 0xff, 0xff, 0xfe, 0xa9, 0x55, 0x55,
    0x55, 0x55, 0x55, 0x55, 0x6a, 0x55, 0xa9, 0x55, 0x55, 0x55, 0x55, 0x57, 0xff, 0xff, 0xff, 0xff, 0xea, 0x56, 0x55, 0x55, 0x55, 0x55, 0x55, 0x55,
    0x55, 0x55, 0x55, 0x55, 0x55, 0x55, 0x55, 0x55, 0x55, 0x55, 0x55, 0x55, 0x55, 0x55, 0x55, 0x55, 0x15, 0x55, 0x55, 0x55, 0x15, 0x55, 0x55, 0x55,
    0x55, 0x55, 0x14, 0x55, 0x55, 0x50, 0x6a, 0x95, 0xaf, 0xaa, 0xaf, 0xfe, 0xe0, 0x00, 0x00, 0x00, 0x00, 0x00, 0x00, 0x1e, 0x6f, 0xe0, 0x00, 0x00,
    0x7b, 0x90, 0x00, 0x00, 0x00, 0x00, 0x00, 0x00, 0xbf, 0xff, 0x40, 0x00, 0x00, 0x00, 0x00, 0x1b, 0x40, 0x00, 0x00, 0x00, 0x54, 0x55, 0x55, 0x55,
    0x15, 0x15, 0x15, 0x41, 0x51, 0x55, 0x55, 0x55, 0x51, 0x55, 0x55, 0x55, 0x55, 0x55, 0x55, 0x55, 0x15, 0x55, 0x55, 0x55, 0x55, 0x15, 0x55, 0x50,
    0x55, 0x45, 0x14, 0x14, 0x55, 0x55, 0x50, 0x55, 0x45, 0x15, 0x55, 0x00, 0x51, 0x05, 0x05, 0x14, 0x51, 0x40, 0x55, 0x55, 0x55, 0x51, 0x51, 0x55,
    0x45, 0x55, 0x55, 0x55, 0x55, 0x5b, 0xff, 0xff, 0xff, 0xff, 0xff, 0xff, 0xfe, 0xbf, 0xff, 0xff, 0xff, 0xff, 0xff, 0xff, 0xff, 0xff, 0xff, 0xff,
    0xff, 0xff, 0xff, 0xff, 0xff, 0xff, 0xff, 0xff, 0xff, 0xff, 0xaa, 0x95, 0x55, 0x55, 0x55, 0x55, 0x55, 0x55, 0x55, 0xbf, 0xff, 0xfe, 0x95, 0x65,
    0x55, 0x55, 0x5b, 0xff, 0xff, 0xe9, 0x5a, 0x55, 0x55, 0x55, 0x55, 0x55, 0x55, 0x55, 0x55, 0x55, 0x55, 0x55, 0x55, 0x55, 0x55, 0x55, 0x55, 0x55,
    0x15, 0x55, 0x55, 0x55, 0x55, 0x54, 0x55, 0x55, 0x45, 0x14, 0x55, 0x55, 0x54, 0x55, 0x55, 0x55, 0x15, 0xaa, 0x55, 0x55, 0x5a, 0xff, 0xff, 0xff,
    0xff, 0xff, 0xff, 0x80, 0x00, 0x00, 0x00, 0x00, 0x00, 0x00, 0x1f, 0xfe, 0x40, 0x00, 0x00, 0x2e, 0x00, 0x00, 0x00, 0x00, 0x00, 0x00, 0x00, 0xbf,
    0xfb, 0x80, 0x00, 0x00, 0x00, 0x00, 0x06, 0x80, 0x00, 0x00, 0x00, 0x15, 0x51, 0x45, 0x51, 0x55, 0x45, 0x55, 0x1a, 0x55, 0x55, 0x55, 0x15, 0x55,
    0x55, 0x45, 0xbf, 0x85, 0x15, 0x55, 0x55, 0x55, 0x55, 0x55, 0x55, 0x45, 0x55, 0x54, 0x50, 0x45, 0x54, 0x55, 0x45, 0x45, 0x51, 0x55, 0x54, 0x55,
    0x55, 0x15, 0x55, 0x55, 0x55, 0x55, 0x55, 0x55, 0x55, 0x55, 0x55, 0x51, 0x56, 0x55, 0x51, 0x2f, 0xe6, 0xff, 0x95, 0x55, 0xbf, 0xff, 0xff, 0xff,
    0xff, 0xff, 0xff, 0xff, 0xff, 0xff, 0xff, 0xff, 0xff, 0xff, 0xff, 0xff, 0xff, 0xff, 0xff, 0xff, 0xff, 0xff, 0xff, 0xff, 0xfa, 0xaa, 0xaa, 0xa9,
    0x55, 0x55, 0x55, 0x55, 0x55, 0x55, 0x55, 0x55, 0x55, 0x56, 0xff, 0xff, 0xff, 0xff, 0xff, 0xaa, 0xbe, 0xbf, 0xfa, 0xaa, 0x95, 0x55, 0x55, 0x55,
    0x55, 0x55, 0x55, 0x55, 0x55, 0x55, 0x55, 0x55, 0x55, 0x55, 0x55, 0x55, 0x55, 0x55, 0x55, 0x55, 0x55, 0x55, 0x55, 0x55, 0x55, 0x55, 0x55, 0x55,
    0x55, 0x45, 0x54, 0x55, 0x51, 0x55, 0x55, 0x6f, 0xff, 0xeb, 0xfa, 0xff, 0xff, 0xff, 0xff, 0xff, 0xff, 0xef, 0x00, 0x00, 0x00, 0x00, 0x00, 0x00,
    0x00, 0x1e, 0xfe, 0x00, 0x00, 0x00, 0x2c, 0x00, 0x00, 0x00, 0x00, 0x00, 0x00, 0x00, 0xbf, 0xff, 0x80, 0x00, 0x00, 0x00, 0x00, 0x02, 0x80, 0x00,
    0x00, 0x04, 0x05, 0x55, 0x54, 0x55, 0x54, 0x55, 0x55, 0x7f, 0xe4, 0x50, 0x55, 0x55, 0x55, 0x54, 0x5b, 0xff, 0xe5, 0x54, 0x51, 0x45, 0x55, 0x55,
    0x55, 0x55, 0x54, 0x51, 0x45, 0x50, 0x54, 0x55, 0x45, 0x55, 0x14, 0x55, 0x15, 0x55, 0x15, 0x41, 0x50, 0x55, 0x55, 0x55, 0x55, 0x55, 0x55, 0x55,
    0x55, 0x54, 0x55, 0x5f, 0xd5, 0x55, 0xbf, 0xff, 0xff, 0xea, 0xff, 0xff, 0xff, 0xff, 0xff, 0xff, 0xff, 0xff, 0xff, 0xff, 0xff, 0xff, 0xff, 0xff,
    0xff, 0xff, 0xff, 0xff, 0xff, 0xff, 0xff, 0xff, 0xff, 0xea, 0xea, 0x95, 0x50, 0x41, 0x45, 0x55, 0x55, 0x55, 0x55, 0x55, 0x55, 0x55, 0x55, 0x55,
    0x56, 0xff, 0xff, 0xff, 0xff, 0xff, 0xff, 0xff, 0xff, 0x95, 0x15, 0x55, 0x55, 0x55, 0xbf, 0xe9, 0x55, 0x69, 0x55, 0x65, 0x55, 0x15, 0x55, 0x55,
    0x55, 0x55, 0x55, 0x55, 0x55, 0x55, 0x55, 0x55, 0x55, 0x55, 0x55, 0x55, 0x55, 0x55, 0x14, 0x55, 0x55, 0x15, 0x45, 0x55, 0x5a, 0xaa, 0xbf, 0xff,
    0xff, 0xff, 0xfb, 0xff, 0xff, 0xff, 0xff, 0xff, 0xfc, 0x00, 0x00, 0x00, 0x00, 0x00, 0x00, 0x00, 0x1f, 0xed, 0x00, 0x00, 0x00, 0x2c, 0x00, 0x00,
    0x00, 0x00, 0x00, 0x00, 0x00, 0xfb, 0xff, 0x80, 0x00, 0x00, 0x02, 0x00, 0x01, 0xd0, 0x00, 0x00, 0x00, 0x01, 0x54, 0x6e, 0x56, 0xaa, 0xbe, 0x45,
    0xff, 0xf9, 0x56, 0x55, 0x5a, 0x95, 0x55, 0x7f, 0xff, 0xf4, 0x55, 0x55, 0x95, 0x51, 0x45, 0x15, 0x45, 0x55, 0x95, 0x55, 0x50, 0x51, 0x45, 0x14,
    0x51, 0x51, 0x55, 0x50, 0x51, 0x54, 0x55, 0x51, 0x05, 0x55, 0x55, 0x55, 0x15, 0x55, 0x55, 0x55, 0x55, 0x45, 0x6f, 0xe5, 0x46, 0xab, 0xff, 0xff,
    0xff, 0xff, 0xff, 0xff, 0xff, 0xff, 0xff, 0xff, 0xff, 0xff, 0xff, 0xff, 0xff, 0xff, 0xff, 0xff, 0xff, 0xff, 0xff, 0xff, 0xff, 0xff, 0xfe, 0xa9,
    0x55, 0x55, 0x55, 0x55, 0x55, 0x55, 0x55, 0x55, 0x55, 0x55, 0x55, 0x55, 0x56, 0xa9, 0x55, 0x5b, 0xff, 0xff, 0xff, 0xff, 0xff, 0xff, 0xff, 0xfe,
    0x55, 0x55, 0x95, 0x5a, 0xab, 0xff, 0xff, 0xab, 0xff, 0xab, 0xfe, 0x6a, 0x95, 0x55, 0x55, 0x55, 0x55, 0x51, 0x55, 0x55, 0x15, 0x55, 0x55, 0x55,
    0x55, 0x55, 0x55, 0x55, 0x51, 0x55, 0x51, 0x55, 0x15, 0x55, 0xaf, 0xff, 0xff, 0xfe, 0xfa, 0xbf, 0xbf, 0xff, 0xff, 0xff, 0xff, 0xff, 0xef, 0xb4,
    0x00, 0x00, 0x00, 0x00, 0x00, 0x00, 0x00, 0x1f, 0xe4, 0x00, 0x00, 0x00, 0x2c, 0x00, 0x00, 0x00, 0x00, 0x00, 0x00, 0x11, 0xbf, 0xbf, 0xd0, 0x00,
    0x00, 0x03, 0x80, 0x00, 0x78, 0x00, 0x00, 0x10, 0x00, 0x16, 0xff, 0xef, 0xff, 0xff, 0xab, 0xff, 0xff, 0xff, 0xea, 0xbf, 0xfa, 0xeb, 0xff, 0xff,
    0xfe, 0x6f, 0xaf, 0xf5, 0x55, 0x55, 0x51, 0x55, 0x4b, 0xe4, 0x14, 0x50, 0x51, 0x55, 0x51, 0x55, 0x55, 0x14, 0x55, 0x55, 0x45, 0x55, 0x15, 0x55,
    0x14, 0x55, 0x45, 0x55, 0x55, 0x55, 0x55, 0x55, 0x55, 0xbf, 0xf5, 0x09, 0x51, 0xff, 0xff, 0xff, 0xff, 0xff, 0xff, 0xff, 0xff, 0xff, 0xff, 0xff,
    0xff, 0xff, 0xff, 0xff, 0xff, 0xff, 0xfa, 0xab, 0xaa, 0xa6, 0xaa, 0xaa, 0x95, 0x55, 0x55, 0x55, 0x55, 0x55, 0x55, 0x55, 0x55, 0x55, 0x55, 0x56,
    0xfe, 0x55, 0x55, 0xbf, 0xff, 0xeb, 0xff, 0xff, 0xff, 0xff, 0xff, 0xff, 0xff, 0xff, 0xff, 0x55, 0x5b, 0xfe, 0xff, 0xff, 0xff, 0xff, 0xff, 0xff,
    0xff, 0xff, 0xff, 0xd5, 0x55, 0x54, 0x55, 0x55, 0x55, 0x55, 0x55, 0x55, 0x5a, 0x69, 0xaa, 0x55, 0x45, 0x55, 0x15, 0x55, 0x55, 0x55, 0x55, 0x55,
    0x51, 0xbf, 0xff, 0xff, 0xff, 0x95, 0x56, 0xff, 0xfe, 0xaf, 0xff, 0xff, 0xff, 0xff, 0xd0, 0x00, 0x00, 0x00, 0x00, 0x00, 0x10, 0x00, 0x1f, 0x90,
    0x00, 0x00, 0x00, 0x28, 0x00, 0x00, 0x00, 0x00, 0x00, 0x00, 0x12, 0xff, 0xfb, 0xe0, 0x00, 0x00, 0x02, 0xc0, 0x00, 0x0d, 0x00, 0x00, 0x00, 0x00,
    0x1b, 0xff, 0xff, 0xff, 0xff, 0xff, 0xff, 0xff, 0xff, 0xff, 0xff, 0xff, 0xff, 0xff, 0xff, 0xff, 0xff, 0xff, 0xfd, 0x55, 0x51, 0x45, 0x54, 0x5f,
    0xfa, 0xaa, 0xa0, 0x55, 0x14, 0x55, 0x54, 0x55, 0x45, 0x54, 0x55, 0x55, 0x15, 0x55, 0x45, 0x55, 0x55, 0x55, 0x45, 0x15, 0x15, 0x51, 0x5a, 0xef,
    0xff, 0xf8, 0x61, 0xd1, 0xbf, 0xff, 0xff, 0xff, 0xff, 0xff, 0xff, 0xff, 0xff, 0xff, 0xff, 0xff, 0xff, 0xff, 0xff, 0xff, 0xfa, 0x55, 0x55, 0x55,
    0x55, 0x15, 0x55, 0x55, 0x55, 0x55, 0x55, 0x55, 0x55, 0x55, 0x55, 0x55, 0x55, 0x6a, 0xef, 0xff, 0xaa, 0xaf, 0xff, 0xff, 0xff, 0xff, 0xff, 0xff,
    0xff, 0xff, 0xff, 0xff, 0xff, 0xff, 0xd5, 0x1f, 0xff, 0xff, 0xff, 0xea, 0xbf, 0xff, 0xff, 0xff, 0xeb, 0xe9, 0x55, 0x55, 0x56, 0x55, 0x55, 0x55,
    0x55, 0x55, 0xaa, 0xff, 0xff, 0xff, 0xea, 0xa9, 0x55, 0x55, 0x55, 0x55, 0x54, 0x15, 0x45, 0x55, 0x7f, 0xbf, 0xea, 0xa9, 0x55, 0x55, 0x6a, 0xa5,
    0x56, 0xaa, 0xff, 0xff, 0xff, 0x80, 0x00, 0x00, 0x00, 0x00, 0x00, 0x00, 0x00, 0x0a, 0x40, 0x00, 0x00, 0x00, 0x74, 0x00, 0x00, 0x00, 0x00, 0x00,
    0x00, 0x06, 0xfe, 0xbf, 0xf8, 0x00, 0x00, 0x01, 0xd0, 0x00, 0x0a, 0x00, 0x41, 0x00, 0x10, 0x1b, 0xfb, 0xff, 0xff, 0xfe, 0xff, 0xff, 0xff, 0xfa,
    0xbf, 0xef, 0xff, 0xff, 0xff, 0xff, 0xff, 0xff, 0xff, 0xfe, 0x51, 0x15, 0x6b, 0xfa, 0xbf, 0xff, 0xff, 0xf0, 0x45, 0x45, 0x45, 0x05, 0x51, 0x55,
    0x15, 0x51, 0x15, 0x55, 0x45, 0x55, 0x45, 0x15, 0x55, 0x55, 0x55, 0x55, 0x15, 0x6f, 0xff, 0xfe, 0xf8, 0x51, 0x5f, 0xff, 0xff, 0xff, 0xff, 0xff,
    0xff, 0xff, 0xff, 0xff, 0xff, 0xff, 0xff, 0xff, 0xff, 0xff, 0xfa, 0x55, 0x55, 0x55, 0x55, 0x55, 0x55, 0x55, 0x55, 0x55, 0x55, 0x55, 0x55, 0x55,
    0x55, 0x55, 0x55, 0x55, 0x6f, 0xff, 0xff, 0xff, 0xff, 0xff, 0xff, 0xff, 0xff, 0xff, 0xff, 0xff, 0xff, 0xff, 0xff, 0xe5, 0x55, 0x55, 0x56, 0xa5,
    0x5a, 0xa9, 0x55, 0x56, 0xaa, 0xa5, 0xa9, 0x55, 0x55, 0x51, 0x55, 0x6f, 0xff, 0x95, 0x55, 0x55, 0x56, 0xff, 0xff, 0xff, 0xff, 0xff, 0xff, 0xeb,
    0xea, 0xaa, 0x55, 0x56, 0x95, 0x55, 0x55, 0xbf, 0xea, 0x95, 0x55, 0x55, 0x55, 0x55, 0x55, 0x55, 0x55, 0x6e, 0xfe, 0xfe, 0x00, 0x00, 0x00, 0x00,
    0x00, 0x41, 0x00, 0x00, 0x04, 0x00, 0x00, 0x00, 0x00, 0xb0, 0x00, 0x00, 0x00, 0x00, 0x00, 0x01, 0x0b, 0xf4, 0x1b, 0xed, 0x00, 0x00, 0x01, 0xa1,
    0x00, 0x06, 0x10, 0x00, 0x10, 0x00, 0x02, 0xff, 0xbe, 0xff, 0xff, 0xff, 0xff, 0xff, 0x95, 0x55, 0x55, 0xaa, 0xaa, 0xaa, 0xaf, 0xff, 0xfa, 0xaf,
    0xff, 0xea, 0xaf, 0xff, 0xff, 0xff, 0xff, 0xff, 0xf0, 0x54, 0x55, 0x11, 0x55, 0x15, 0x15, 0x55, 0x15, 0x55, 0x45, 0x55, 0x14, 0x55, 0x55, 0x14,
    0x55, 0x55, 0x6a, 0x95, 0xbf, 0xff, 0xff, 0xfd, 0x40, 0x7a, 0xff, 0xff, 0xff, 0xff, 0xff, 0xff, 0xff, 0xff, 0xff, 0xff, 0xff, 0xff, 0xff, 0xff,
    0xfe, 0x95, 0x55, 0x55, 0x55, 0x55, 0x55, 0x55, 0x55, 0x55, 0x55, 0x55, 0x55, 0x55, 0x55, 0x55, 0x55, 0x55, 0x55, 0x5b, 0xff, 0xfb, 0xff, 0xff,
    0xff, 0xff, 0xff, 0xff, 0xfe, 0xff, 0xff, 0xff, 0xff, 0xff, 0x95, 0x55, 0x55, 0x55, 0x55, 0x55, 0x55, 0x55, 0x55, 0x55, 0x55, 0x55, 0x55, 0x55,
    0x5a, 0x95, 0xbf, 0xff, 0xe5, 0x55, 0x55, 0x5b, 0xff, 0xff, 0xff, 0xff, 0xff, 0xff, 0xff, 0xff, 0xff, 0xea, 0xaf, 0xff, 0xff, 0xbf, 0xea, 0x55,
    0x55, 0x55, 0x55, 0x55, 0x55, 0x55, 0x54, 0x55, 0x55, 0x6f, 0xfd, 0x00, 0x00, 0x00, 0x00, 0x04, 0x00, 0x00, 0x00, 0x00, 0x00, 0x00, 0x00, 0x01,
    0xe0, 0x00, 0x00, 0x00, 0x00, 0x00, 0x41, 0x0b, 0xb0, 0x02, 0xfd, 0x00, 0x00, 0x00, 0xb4, 0x00, 0x02, 0x80, 0x04, 0x00, 0x00, 0x00, 0xbf, 0xff,
    0xef, 0xbf, 0xff, 0xff, 0xe9, 0x55, 0x55, 0x55, 0x55, 0x54, 0x55, 0x56, 0xab, 0x95, 0x55, 0x55, 0x6b, 0xea, 0xff, 0xff, 0xff, 0xff, 0xff, 0xf0,
    0x51, 0x45, 0x15, 0x55, 0x55, 0xa5, 0x15, 0x55, 0x51, 0x6a, 0x95, 0x55, 0x55, 0x55, 0x55, 0x55, 0x46, 0xff, 0xff, 0xff, 0xff, 0xff, 0xfe, 0xd0,
    0xb4, 0x7f, 0xff, 0xff, 0xff, 0xff, 0xff, 0xff, 0xff, 0xff, 0xff, 0xff, 0xff, 0xff, 0xff, 0xa5, 0x55, 0x55, 0x55, 0x55, 0x55, 0x55, 0x55, 0x55,
    0x95, 0x55, 0x55, 0x55, 0x55, 0x55, 0x55, 0x55, 0x55, 0x55, 0x55, 0xab, 0xff, 0xff, 0xff, 0xbf, 0xff, 0xff, 0xbf, 0xff, 0xff, 0xff, 0xff, 0xff,
    0xff, 0x55, 0x55, 0x51, 0x55, 0x55, 0x59, 0x55, 0x56, 0x95, 0x55, 0x55, 0x55, 0x55, 0x55, 0xbf, 0xff, 0xff, 0xff, 0xfa, 0xaa, 0xfe, 0xbf, 0xff,
    0xff, 0xff, 0xff, 0xff, 0xff, 0xff, 0xff, 0xff, 0xff, 0xff, 0xff, 0xff, 0xff, 0x95, 0x15, 0x55, 0x55, 0x55, 0x56, 0x55, 0x95, 0x55, 0x55, 0x55,
    0x7f, 0xf8, 0x00, 0x00, 0x00, 0x04, 0x00, 0x00, 0x40, 0x00, 0x00, 0x00, 0x00, 0x01, 0x01, 0xd0, 0x00, 0x00, 0x00, 0x00, 0x00, 0x00, 0x0b, 0xe0,
    0x02, 0xee, 0x00, 0x00, 0x02, 0xfd, 0x00, 0x01, 0xea, 0x40, 0x00, 0x00, 0x00, 0x6a, 0xaa, 0x95, 0x56, 0xaa, 0xaa, 0x55, 0x55, 0x51, 0x55, 0x55,
    0x55, 0x55, 0x55, 0x55, 0x55, 0x55, 0x55, 0x55, 0x55, 0x56, 0xbf, 0xf9, 0x6a, 0xa5, 0x50, 0x55, 0x54, 0x54, 0x55, 0x56, 0xfe, 0x6e, 0xab, 0xaa,
    0xff, 0xe5, 0x41, 0x51, 0x45, 0x55, 0x55, 0x57, 0xff, 0xff, 0xfe, 0xff, 0xff, 0xef, 0x80, 0x6d, 0x2f, 0xff, 0xff, 0xff, 0xff, 0xff, 0xff, 0xff,
    0xff, 0xff, 0xff, 0xff, 0xff, 0xe9, 0x55, 0x55, 0x55, 0x55, 0x55, 0x55, 0x55, 0x5b, 0xff, 0xf9, 0x5b, 0xf9, 0x55, 0x55, 0x55, 0x55, 0x55, 0x55,
    0x55, 0x55, 0x56, 0xbf, 0xef, 0xff, 0xff, 0xfe, 0xa5, 0x55, 0x55, 0x6a, 0xff, 0xff, 0xff, 0xff, 0xea, 0xaf, 0xaa, 0xa9, 0x55, 0xbf, 0xfa, 0xaf,
    0xf9, 0x55, 0x45, 0x69, 0x55, 0x5b, 0xff, 0xff, 0xff, 0xff, 0xff, 0xff, 0xff, 0xff, 0xff, 0xff, 0xff, 0xff, 0xff, 0xbf, 0xfe, 0xff, 0xff, 0xff,
    0xff, 0x96, 0x55, 0xaa, 0x55, 0x5b, 0xaf, 0xfa, 0xea, 0x6f, 0xeb, 0xfe, 0xba, 0xea, 0x95, 0x7a, 0xa0, 0x00, 0x00, 0x01, 0x00, 0x10, 0x40, 0x00,
    0x1a, 0x00, 0x00, 0x10, 0x00, 0x41, 0xe0, 0x00, 0x00, 0x00, 0x00, 0x01, 0x00, 0x0b, 0x80, 0x01, 0xfe, 0x00, 0x01, 0x07, 0xff, 0x80, 0x00, 0x7f,
    0x80, 0x00, 0x00, 0x40, 0x15, 0x55, 0x51, 0x54, 0x15, 0x55, 0x55, 0x55, 0x19, 0x55, 0x55, 0x55, 0x55, 0x55, 0x54, 0x55, 0x55, 0x55, 0x45, 0x55,
    0x51, 0x5a, 0x95, 0x55, 0x55, 0x50, 0x55, 0x14, 0x51, 0x51, 0x0b, 0xef, 0xff, 0xff, 0xff, 0xef, 0xe5, 0x55, 0x55, 0x54, 0x55, 0x55, 0x57, 0xff,
    0xfe, 0xff, 0xfb, 0xef, 0xff, 0xd4, 0xbf, 0xbf, 0xff, 0xff, 0xff, 0xff, 0xff, 0xff, 0xff, 0xff, 0xff, 0xff, 0xff, 0xfa, 0x55, 0x55, 0x55, 0x55,
    0x55, 0x55, 0x95, 0x55, 0xbf, 0xff, 0xff, 0xff, 0xfe, 0x55, 0x55, 0x55, 0x55, 0x5a, 0xa5, 0x65, 0x55, 0x55, 0x55, 0x55, 0xa9, 0x56, 0x95, 0x55,
    0x55, 0x55, 0x55, 0x6f, 0xff, 0xff, 0xff, 0xff, 0xff, 0xff, 0xfe, 0xab, 0xff, 0xff, 0xff, 0xff, 0xa6, 0xaa, 0xff, 0xa9, 0x6f, 0xff, 0xff, 0xff,
    0xff, 0xff, 0xff, 0xff, 0xff, 0xff, 0xff, 0xff, 0xff, 0xfb, 0xff, 0xef, 0xfb, 0xef, 0xff, 0xe9, 0x55, 0x55, 0x55, 0x55, 0x6f, 0xff, 0xff, 0xff,
    0xff, 0xea, 0x6a, 0xa9, 0x69, 0x95, 0x55, 0x00, 0x00, 0x01, 0x00, 0x00, 0x00, 0x10, 0x10, 0x7d, 0x00, 0x00, 0x00, 0x10, 0x01, 0xe0, 0x00, 0x00,
    0x04, 0x10, 0x40, 0x04, 0x0b, 0x40, 0x41, 0xfe, 0x00, 0x01, 0x0b, 0xff, 0x80, 0x10, 0x2e, 0xd0, 0x00, 0x40, 0x01, 0x05, 0x55, 0x55, 0x55, 0x55,
    0x55, 0x55, 0x55, 0x5f, 0xab, 0xff, 0x95, 0x55, 0x55, 0x5a, 0x55, 0x51, 0x45, 0x95, 0x15, 0x55, 0x55, 0x55, 0x55, 0x05, 0x50, 0x45, 0x15, 0x45,
    0x15, 0x6f, 0xff, 0xfb, 0xfe, 0xfe, 0xff, 0xfe, 0x55, 0x15, 0x55, 0x55, 0x55, 0x55, 0x5a, 0x5b, 0xff, 0xff, 0xff, 0xfb, 0xf4, 0x2f, 0xfb, 0xfb,
    0xff, 0xff, 0xff, 0xfe, 0xba, 0xba, 0xaa, 0xbe, 0xfa, 0xaa, 0x95, 0x55, 0x55, 0x55, 0x55, 0x55, 0x5b, 0xf9, 0x56, 0xff, 0xff, 0xff, 0xff, 0xff,
    0x55, 0xaa, 0xa5, 0x5a, 0xff, 0xfa, 0xfe, 0x55, 0x55, 0x55, 0x55, 0x45, 0x55, 0x15, 0x55, 0x55, 0x55, 0x55, 0x56, 0xba, 0xea, 0xaa, 0xbf, 0xff,
    0xff, 0xff, 0xff, 0xff, 0xff, 0xff, 0xff, 0xff, 0xff, 0xff, 0xff, 0xff, 0xff, 0xff, 0xff, 0xfe, 0xfe, 0xff, 0xff, 0xff, 0xfa, 0x95, 0x6a, 0xa9,
    0x55, 0x55, 0x55, 0x55, 0x55, 0x55, 0x55, 0x55, 0x55, 0x55, 0x55, 0x56, 0xaa, 0x5a, 0xbe, 0xa5, 0x55, 0x55, 0x55, 0x55, 0x55, 0x54, 0x00, 0x00,
    0x00, 0x04, 0x04, 0x04, 0x01, 0x01, 0xb8, 0x00, 0x00, 0x40, 0x10, 0x11, 0xd0, 0x10, 0x00, 0x40, 0x00, 0x00, 0x00, 0x1d, 0x00, 0x00, 0xbd, 0x00,
    0x00, 0x07, 0xef, 0x90, 0x00, 0x1e, 0xe0, 0x04, 0x01, 0x00, 0x01, 0x54, 0x55, 0x15, 0x45, 0x55, 0x55, 0x50, 0x6f, 0xff, 0xff, 0x95, 0x55, 0x55,
    0x6f, 0x95, 0x5a, 0xab, 0xe5, 0x54, 0x55, 0x55, 0x55, 0x51, 0x65, 0x50, 0x54, 0x51, 0x45, 0x52, 0xff, 0xbf, 0xff, 0xbf, 0xff, 0xfe, 0xff, 0x95,
    0x55, 0x45, 0x51, 0x55, 0x55, 0x55, 0x55, 0xaa, 0xaa, 0xa9, 0x56, 0x81, 0x55, 0xbf, 0xff, 0xff, 0xff, 0xfe, 0x95, 0x55, 0x55, 0x55, 0x55, 0x55,
    0x55, 0x55, 0x55, 0x55, 0x55, 0x55, 0x56, 0xaf, 0xff, 0xeb, 0xff, 0xff, 0xff, 0xff, 0xff, 0xff, 0xff, 0xfa, 0xbf, 0xff, 0xff, 0xff, 0x95, 0xa5,
    0x55, 0x55, 0x55, 0x55, 0x55, 0x55, 0x55, 0x55, 0x55, 0x55, 0x55, 0x55, 0x55, 0x5b, 0xff, 0xff, 0xff, 0xff, 0xff, 0xff, 0xff, 0xff, 0xff, 0xff,
    0xff, 0xff, 0xff, 0xff, 0xff, 0xff, 0xff, 0xff, 0xff, 0xe9, 0x69, 0x65, 0x55, 0x51, 0x55, 0x55, 0x55, 0x55, 0x55, 0x55, 0x55, 0x55, 0x55, 0x55,
    0x55, 0x55, 0x55, 0x55, 0x55, 0x55, 0x55, 0x55, 0x55, 0x55, 0x55, 0x55, 0x50, 0x40, 0x04, 0x10, 0x40, 0x04, 0x00, 0x40, 0x01, 0xe0, 0x01, 0x40,
    0x04, 0x01, 0x07, 0xd0, 0x00, 0x10, 0x00, 0x41, 0x00, 0x10, 0x28, 0x00, 0x10, 0x7d, 0x00, 0x40, 0x01, 0xbf, 0xe0, 0x00, 0x0b, 0xf9, 0x00, 0x00,
    0x40, 0x40, 0x55, 0x45, 0x55, 0x55, 0x41, 0x05, 0x56, 0xbf, 0xff, 0xff, 0xd5, 0x51, 0x55, 0x7f, 0xe6, 0xbf, 0xff, 0xf4, 0x55, 0x45, 0x45, 0x45,
    0x16, 0xfe, 0xb0, 0x55, 0x55, 0x14, 0x51, 0xbf, 0xfe, 0xef, 0xfb, 0xef, 0xaf, 0xef, 0xd5, 0x55, 0x55, 0x55, 0x55, 0x55, 0x55, 0x55, 0x51, 0x45,
    0x54, 0x54, 0x04, 0x55, 0x5a, 0xae, 0x95, 0x6a, 0x95, 0x55, 0x55, 0x55, 0x55, 0x55, 0x55, 0x55, 0x55, 0x55, 0x55, 0x55, 0x55, 0xbf, 0xff, 0xff,
    0xff, 0xff, 0xff, 0xff, 0xff, 0xff, 0xff, 0xff, 0xff, 0xff, 0xff, 0xff, 0xff, 0xff, 0xf9, 0x55, 0x55, 0x55, 0x55, 0x55, 0x55, 0x55, 0x55, 0x55,
    0x55, 0x55, 0x55, 0x55, 0x55, 0x55, 0x5a, 0xab, 0xff, 0xff, 0xff, 0xff, 0xff, 0xff, 0xff, 0xff, 0xff, 0xff, 0xff, 0xff, 0xff, 0xfa, 0xab, 0xaa,
    0x55, 0x55, 0x55, 0x55, 0x55, 0x55, 0x55, 0x55, 0x55, 0x55, 0x55, 0x55, 0x55, 0x56, 0x55, 0x55, 0x55, 0x45, 0x55, 0x55, 0x55, 0x55, 0x55, 0x52,
    0xff, 0x95, 0x54, 0x14, 0x00, 0x40, 0x00, 0x10, 0x40, 0x10, 0x00, 0x02, 0x80, 0x40, 0x04, 0x00, 0x41, 0x0b, 0xe0, 0x04, 0x01, 0x00, 0x00, 0x04,
    0x01, 0x2c, 0x00, 0x00, 0x7e, 0x00, 0x04, 0x10, 0x7f, 0xe4, 0x41, 0x02, 0xfe, 0x00, 0x04, 0x00, 0x40, 0x15, 0x54, 0x54, 0x55, 0x55, 0x6b, 0xff,
    0xff, 0xff, 0xff, 0xe1, 0x55, 0x55, 0xbf, 0xff, 0xff, 0xff, 0xfd, 0x41, 0x6a, 0x95, 0x1a, 0xaf, 0xff, 0xf0, 0x45, 0x05, 0x15, 0x55, 0x55, 0xaf,
    0xff, 0xfe, 0xff, 0xff, 0xea, 0x94, 0x55, 0x55, 0x55, 0x55, 0x55, 0x55, 0x55, 0x55, 0x55, 0x15, 0x55, 0x50, 0x55, 0x55, 0x55, 0x55, 0x55, 0x55,
    0x55, 0x55, 0x55, 0x55, 0x55, 0x55, 0x55, 0x55, 0x55, 0x55, 0x55, 0x56, 0xff, 0xff, 0xff, 0xff, 0xff, 0xff, 0xff, 0xff, 0xff, 0xff, 0xff, 0xff,
    0xff, 0xff, 0xff, 0xff, 0xff, 0xfe, 0x95, 0x55, 0x55, 0x55, 0x55, 0x55, 0x55, 0x55, 0x55, 0x55, 0x55, 0x55, 0x55, 0x55, 0x55, 0x55, 0x55, 0x55,
    0xaa, 0xbf, 0xff, 0xff, 0xff, 0xff, 0xff, 0xef, 0xff, 0xfa, 0xaa, 0xaa, 0x55, 0x55, 0x55, 0x55, 0x55, 0x55, 0x55, 0x55, 0x55, 0x56, 0x95, 0x55,
    0x55, 0x55, 0x55, 0x6e, 0xbf, 0xfa, 0x55, 0x55, 0x59, 0x55, 0x55, 0x55, 0x55, 0x55, 0x1b, 0xff, 0xfe, 0x91, 0x90, 0x00, 0x01, 0x41, 0x04, 0x10,
    0x41, 0x00, 0x46, 0x00, 0x04, 0x04, 0x10, 0x00, 0x1f, 0xe0, 0x00, 0x40, 0x01, 0x00, 0x40, 0x40, 0x2d, 0x04, 0x04, 0x2e, 0x41, 0x00, 0x00, 0x6f,
    0xfd, 0x01, 0x01, 0xbf, 0x40, 0x40, 0x04, 0x11, 0x0a, 0xaa, 0xaa, 0x54, 0x6f, 0xff, 0xff, 0xff, 0xff, 0xff, 0xf5, 0x55, 0x55, 0xff, 0xff, 0xff,
    0xff, 0xff, 0xa6, 0xff, 0xfa, 0xbf, 0xff, 0xff, 0xf0, 0x55, 0x51, 0x51, 0x45, 0x54, 0x5a, 0xaa, 0xaf, 0xfa, 0xaa, 0x55, 0x55, 0x45, 0x55, 0x55,
    0x55, 0x55, 0x14, 0x55, 0x45, 0x55, 0x55, 0x45, 0x51, 0x55, 0x55, 0x55, 0x55, 0x55, 0x55, 0x55, 0x55, 0x55, 0x55, 0x55, 0x55, 0x55, 0x55, 0xa9,
    0x55, 0x5a, 0xaf, 0xff, 0xff, 0xff, 0xff, 0xff, 0xff, 0xff, 0xff, 0xff, 0xff, 0xff, 0xff, 0xff, 0xff, 0xff, 0xff, 0xbf, 0xff, 0xf5, 0x55, 0x55,
    0x55, 0x55, 0x55, 0x55, 0x55, 0x55, 0x55, 0x55, 0x55, 0x55, 0x55, 0x55, 0x55, 0x55, 0x55, 0x55, 0x5a, 0xbe, 0xaa, 0xfa, 0xa5, 0xa9, 0x55, 0x55,
    0x55, 0x54, 0x55, 0x55, 0x55, 0x55, 0x55, 0x55, 0x55, 0x55, 0x55, 0x55, 0x6f, 0xfb, 0xff, 0x5a, 0xa5, 0x55, 0xff, 0xff, 0xff, 0xff, 0xff, 0xff,
    0xaa, 0x69, 0x55, 0x55, 0x55, 0xaf, 0xff, 0xff, 0x9a, 0x41, 0x04, 0x10, 0x00, 0x04, 0x00, 0x00, 0x04, 0x19, 0x01, 0x00, 0x00, 0x01, 0x04, 0x1f,
    0xf4, 0x10, 0x04, 0x10, 0x10, 0x00, 0x04, 0x1d, 0x01, 0x40, 0x2e, 0x40, 0x10, 0x41, 0x1f, 0xff, 0x40, 0x04, 0xbb, 0x40, 0x01, 0x04, 0x00, 0x42,
    0xff, 0xff, 0xea, 0xff, 0xff, 0xff, 0xff, 0xff, 0xff, 0xfa, 0xbf, 0xaa, 0xff, 0xff, 0xff, 0xff, 0xff, 0xff, 0xff, 0xff, 0xff, 0xff, 0xff, 0xf0,
    0x51, 0x55, 0x15, 0x55, 0x55, 0x55, 0x41, 0x55, 0x55, 0x55, 0x15, 0x45, 0x54, 0x15, 0x55, 0x5b, 0x95, 0x69, 0x54, 0x55, 0x55, 0x45, 0x54, 0x50,
    0x51, 0x45, 0x55, 0x55, 0x54, 0x54, 0x54, 0x54, 0x51, 0x55, 0x45, 0x15, 0x55, 0x56, 0xff, 0x9b, 0xff, 0xff, 0xff, 0xff, 0xff, 0xff, 0xff, 0xff,
    0xff, 0xff, 0xff, 0xff, 0xff, 0xff, 0xff, 0xff, 0xff, 0xff, 0xff, 0xfa, 0x55, 0x51, 0x55, 0x55, 0x55, 0x55, 0x55, 0x55, 0x55, 0x55, 0x55, 0x55,
    0x55, 0x55, 0x5a, 0x95, 0x55, 0x55, 0x55, 0x55, 0x55, 0x55, 0x55, 0x55, 0x55, 0x55, 0x55, 0x55, 0x55, 0x55, 0x55, 0x55, 0x55, 0x55, 0x55, 0x45,
    0x55, 0x45, 0x56, 0xff, 0xff, 0xff, 0xff, 0xfe, 0xab, 0xff, 0xff, 0xff, 0xff, 0xff, 0xff, 0xff, 0xff, 0xaa, 0xaa, 0xbf, 0xff, 0xff, 0xfd, 0x10,
    0x00, 0x04, 0x00, 0x14, 0x00, 0x41, 0x04, 0x00, 0x14, 0x10, 0x10, 0x10, 0x40, 0x10, 0x5f, 0xb8, 0x01, 0x00, 0x50, 0x41, 0x00, 0x00, 0x18, 0x10,
    0x01, 0x2f, 0x00, 0x00, 0x10, 0x1a, 0xaf, 0xd0, 0x50, 0x6f, 0x41, 0x01, 0x00, 0x04, 0x11, 0xff, 0xff, 0xff, 0xff, 0xff, 0xff, 0xff, 0xff, 0xff,
    0xff, 0xff, 0xff, 0xff, 0xff, 0xff, 0xeb, 0xff, 0xff, 0xff, 0xff, 0xff, 0xff, 0xff, 0xf0, 0x55, 0x05, 0x55, 0x14, 0x51, 0x51, 0x55, 0x55, 0x45,
    0x51, 0x55, 0x15, 0x51, 0x55, 0x45, 0x2f, 0xeb, 0xff, 0x85, 0x55, 0x55, 0x55, 0x55, 0x55, 0x54, 0x54, 0x55, 0x55, 0x45, 0x55, 0x45, 0x55, 0x55,
    0x45, 0x55, 0xbe, 0xab, 0xff, 0xff, 0xff, 0xff, 0xff, 0xff, 0xff, 0xff, 0xff, 0xff, 0xff, 0xff, 0xff, 0xff, 0xff, 0xff, 0xff, 0xff, 0xff, 0xff,
    0xfe, 0xaa, 0x95, 0x55, 0x55, 0x55, 0x55, 0x55, 0x55, 0x55, 0xbe, 0x55, 0x55, 0x55, 0x55, 0x55, 0x55, 0xbf, 0xfa, 0x95, 0x55, 0x55, 0x55, 0x55,
    0x55, 0x55, 0x55, 0x55, 0x55, 0x55, 0x55, 0x55, 0x55, 0x55, 0x45, 0x55, 0x55, 0x95, 0x6b, 0xfe, 0xaa, 0xbf, 0xff, 0xff, 0xff, 0xff, 0xff, 0xff,
    0xff, 0xff, 0xff, 0xff, 0xff, 0xff, 0xfb, 0xff, 0xff, 0xff, 0xff, 0xff, 0xff, 0xf8, 0x00, 0x10, 0x40, 0x41, 0x01, 0x41, 0x04, 0x10, 0x41, 0x00,
    0x00, 0x01, 0x04, 0x04, 0x10, 0x2f, 0xf8, 0x04, 0x10, 0x00, 0x00, 0x10, 0x10, 0x28, 0x01, 0x00, 0x2f, 0x94, 0x01, 0x00, 0x1d, 0x1e, 0xd0, 0x00,
    0x1e, 0x40, 0x50, 0x10, 0x41, 0x04, 0x7f, 0xff, 0xff, 0xff, 0xff, 0xff, 0xfe, 0xab, 0xfe, 0xff, 0xff, 0xff, 0xa9, 0x6a, 0xa9, 0x55, 0xaf, 0xff,
    0xff, 0xff, 0xff, 0xff, 0xff, 0xf0, 0x45, 0x55, 0x45, 0x51, 0x55, 0x15, 0x14, 0x15, 0x54, 0x55, 0x55, 0x55, 0x57, 0xff, 0x95, 0xbf, 0xff, 0xff,
    0x95, 0x55, 0x54, 0x51, 0x55, 0x55, 0x05, 0x55, 0x55, 0x54, 0x55, 0x15, 0x55, 0x55, 0x55, 0x55, 0x52, 0xff, 0xff, 0xff, 0xff, 0xff, 0xff, 0xff,
    0xff, 0xff, 0xff, 0xff, 0xff, 0xff, 0xff, 0xff, 0xff, 0xaa, 0xba, 0x56, 0xab, 0xff, 0xfe, 0xe5, 0x55, 0x55, 0x55, 0x55, 0x55, 0x55, 0x55, 0x5a,
    0xab, 0xff, 0xe5, 0x55, 0x55, 0x55, 0x56, 0xff, 0xff, 0xff, 0xf9, 0xaa, 0xfe, 0xa6, 0xae, 0x55, 0x55, 0x55, 0x55, 0x55, 0x55, 0x55, 0xaa, 0x95,
    0x55, 0x55, 0x15, 0x5b, 0xff, 0xff, 0xff, 0xff, 0xff, 0xff, 0xff, 0xff, 0xff, 0xff, 0xff, 0xff, 0xff, 0xff, 0xff, 0xfb, 0xff, 0xff, 0xff, 0xff,
    0xff, 0xff, 0xff, 0xff, 0xe2, 0x04, 0x05, 0x04, 0x10, 0x40, 0x10, 0x10, 0x00, 0x0a, 0x14, 0x41, 0x40, 0x41, 0x01, 0x04, 0x7f, 0xf8, 0x40, 0x01,
    0x01, 0x04, 0x01, 0x01, 0x18, 0x00, 0x14, 0x1b, 0xf8, 0x10, 0x14, 0x1d, 0x0b, 0xe0, 0x10, 0x4b, 0x04, 0x04, 0x00, 0x00, 0x01, 0x19, 0x6a, 0xaa,
    0xa9, 0x6a, 0xaa, 0xa5, 0x55, 0x55, 0x55, 0x6a, 0xa5, 0x55, 0x45, 0x45, 0x55, 0x56, 0xfe, 0xaa, 0xfa, 0xff, 0xff, 0xbe, 0xf0, 0x54, 0x51, 0x45,
    0x15, 0x55, 0x55, 0x55, 0x51, 0x55, 0x45, 0x51, 0x55, 0x56, 0xfb, 0xfb, 0xff, 0xff, 0xfb, 0x95, 0x54, 0x51, 0x55, 0x55, 0x11, 0x55, 0x55, 0x55,
    0x15, 0x55, 0x55, 0x55, 0x51, 0x45, 0x51, 0x55, 0xbf, 0xff, 0xff, 0xff, 0xff, 0xff, 0xff, 0xff, 0xff, 0xff, 0xff, 0xfb, 0xff, 0xff, 0xff, 0xfa,
    0x55, 0x55, 0x55, 0x55, 0x55, 0x55, 0x55, 0x55, 0x55, 0x55, 0x55, 0x55, 0x55, 0x55, 0xbf, 0xff, 0xff, 0xff, 0xa5, 0x6a, 0x95, 0x5b, 0xff, 0xff,
    0xff, 0xff, 0xff, 0xff, 0xff, 0xff, 0x5b, 0xfd, 0x55, 0x55, 0x55, 0x55, 0x6b, 0xff, 0xf5, 0x51, 0x55, 0x55, 0x5f, 0xff, 0xff, 0xff, 0xff, 0xff,
    0xff, 0xff, 0xff, 0xff, 0xff, 0xea, 0xab, 0xff, 0xaa, 0x6a, 0xaa, 0xaa, 0xaf, 0xfe, 0xa5, 0x5a, 0xaa, 0xab, 0xff, 0x8a, 0x10, 0x40, 0x10, 0x14,
    0x44, 0x10, 0x40, 0x5a, 0xb9, 0x00, 0x10, 0x04, 0x00, 0x11, 0x40, 0x7f, 0xb8, 0x01, 0x00, 0x10, 0x41, 0x00, 0x00, 0x18, 0x10, 0x41, 0x0b, 0xfd,
    0x04, 0x01, 0x09, 0x02, 0xf4, 0x01, 0x07, 0x00, 0x00, 0x40, 0x10, 0x40, 0x05, 0x41, 0x55, 0x15, 0x51, 0x55, 0x55, 0x55, 0x55, 0x55, 0x05, 0x15,
    0x55, 0x55, 0x55, 0x55, 0x15, 0x55, 0x55, 0x55, 0x55, 0x55, 0x55, 0x50, 0x55, 0x51, 0x55, 0x54, 0x54, 0x51, 0x51, 0x55, 0x45, 0x55, 0x15, 0x15,
    0x55, 0xbf, 0xff, 0xbe, 0xfb, 0xff, 0x45, 0x55, 0x55, 0x54, 0x51, 0x55, 0x55, 0x51, 0x51, 0x51, 0x55, 0x55, 0x45, 0x15, 0x54, 0x55, 0x55, 0x6b,
    0xff, 0xff, 0xff, 0xff, 0xff, 0xff, 0xff, 0xff, 0xea, 0xaa, 0x55, 0x6b, 0xea, 0xaa, 0xa5, 0x55, 0x55, 0x55, 0x55, 0x55, 0x55, 0x55, 0x55, 0x55,
    0x55, 0x55, 0x55, 0x55, 0x9b, 0xff, 0xff, 0xff, 0xff, 0xff, 0xff, 0xff, 0xff, 0xff, 0xff, 0xff, 0xff, 0xff, 0xff, 0xff, 0xff, 0xff, 0xfe, 0x65,
    0xaa, 0xaa, 0xff, 0xff, 0xff, 0xfe, 0x55, 0x55, 0x54, 0x5f, 0xff, 0xff, 0xff, 0xff, 0xff, 0xff, 0xff, 0xff, 0xff, 0xe9, 0x55, 0x15, 0x69, 0x55,
    0x55, 0x55, 0x55, 0x55, 0x55, 0x55, 0x55, 0x55, 0x55, 0xaa, 0x2e, 0x01, 0x41, 0x01, 0x01, 0x00, 0x41, 0x04, 0xbf, 0xe4, 0x01, 0x00, 0x00, 0x14,
    0x10, 0x11, 0xbe, 0xf8, 0x10, 0x50, 0x00, 0x41, 0x04, 0x14, 0x09, 0x00, 0x00, 0x47, 0xfd, 0x00, 0x40, 0x0a, 0x00, 0x78, 0x00, 0x07, 0x40, 0x10,
    0x41, 0x00, 0x04, 0x01, 0x55, 0x55, 0x51, 0x55, 0x55, 0x55, 0x55, 0x55, 0x55, 0x55, 0x55, 0x55, 0x54, 0x54, 0x51, 0x55, 0x15, 0x55, 0x45, 0x45,
    0x51, 0x51, 0x10, 0x51, 0x54, 0x50, 0x55, 0x55, 0x45, 0x15, 0x14, 0x54, 0x11, 0x55, 0x55, 0x45, 0x55, 0x5b, 0xff, 0xff, 0xef, 0x55, 0x55, 0x14,
    0x55, 0x15, 0x55, 0x15, 0x15, 0x55, 0x15, 0x55, 0x14, 0x55, 0x54, 0x55, 0x55, 0x55, 0x55, 0x5a, 0xff, 0xff, 0xff, 0xff, 0xff, 0xff, 0xff, 0x95,
    0x55, 0x55, 0x55, 0x55, 0x55, 0x55, 0x55, 0x55, 0x55, 0x55, 0x55, 0x55, 0x55, 0x55, 0x55, 0x55, 0x45, 0x55, 0x5b, 0xff, 0xff, 0xff, 0xff, 0xff,
    0xff, 0xff, 0xff, 0xff, 0xff, 0xff, 0xff, 0xff, 0xff, 0xff, 0xff, 0xff, 0xff, 0xff, 0xff, 0xff, 0xff, 0xff, 0xff, 0xff, 0xff, 0xff, 0x94, 0x55,
    0x5b, 0xfe, 0xaf, 0xaa, 0x96, 0xae, 0xa9, 0xaf, 0xff, 0xea, 0x55, 0x55, 0x55, 0x55, 0x55, 0x55, 0x55, 0x55, 0x55, 0x55, 0x55, 0x55, 0x55, 0x55,
    0x54, 0xbd, 0x04, 0x04, 0x10, 0x10, 0x10, 0x41, 0x11, 0xfe, 0xd1, 0x10, 0x45, 0x14, 0x10, 0x41, 0x01, 0xe5, 0x78, 0x10, 0x05, 0x05, 0x00, 0x40,
    0x00, 0x09, 0x05, 0x14, 0x07, 0xed, 0x00, 0x04, 0x47, 0x90, 0x14, 0x10, 0x43, 0xd0, 0x10, 0x00, 0x04, 0x10, 0x41, 0x55, 0x45, 0x55, 0x14, 0x55,
    0x55, 0x54, 0x55, 0x51, 0x55, 0x45, 0x15, 0x05, 0x55, 0x15, 0x55, 0x55, 0x55, 0x54, 0x54, 0x55, 0x55, 0x10, 0x51, 0x55, 0x55, 0x14, 0x15, 0x54,
    0x55, 0x15, 0x15, 0x55, 0x45, 0x45, 0x55, 0x55, 0x55, 0x6a, 0x6a, 0xe9, 0x55, 0x51, 0x55, 0x45, 0x55, 0x51, 0x55, 0x55, 0x55, 0x55, 0x55, 0x55,
    0x45, 0x55, 0x55, 0x14, 0x55, 0x55, 0x55, 0x6a, 0xaf, 0xff, 0xff, 0xff, 0xff, 0xf9, 0x55, 0x55, 0x55, 0x55, 0x55, 0x55, 0x55, 0x55, 0x55, 0x55,
    0x55, 0x55, 0x55, 0x55, 0x55, 0x55, 0x55, 0x6e, 0xa5, 0x5f, 0xff, 0xff, 0xff, 0xff, 0xff, 0xff, 0xff, 0xff, 0xff, 0xff, 0xff, 0xff, 0xff, 0xff,
    0xff, 0xff, 0xff, 0xff, 0xff, 0xff, 0xff, 0xff, 0xff, 0xff, 0xff, 0xff, 0xff, 0xf9, 0x51, 0x55, 0x55, 0x55, 0x55, 0x54, 0x55, 0x55, 0x55, 0x55,
    0x55, 0x55, 0x55, 0x55, 0x55, 0x55, 0x55, 0x55, 0x55, 0x55, 0x55, 0x55, 0x55, 0x55, 0x15, 0x42, 0xfd, 0x00, 0x04, 0x11, 0x04, 0x10, 0x10, 0x52,
    0xff, 0xd0, 0x10, 0x40, 0x11, 0x41, 0x04, 0x50, 0x80, 0x38, 0x41, 0x00, 0x40, 0x14, 0x05, 0x01, 0x18, 0x01, 0x01, 0x06, 0xfd, 0x14, 0x10, 0x46,
    0xe0, 0x40, 0x10, 0x07, 0xe0, 0x01, 0x04, 0x40, 0x00, 0x40, 0x55, 0x55, 0x55, 0x55, 0x55, 0x55, 0x55, 0x55, 0x55, 0x15, 0x55, 0x55, 0xa5, 0x55,
    0x55, 0x51, 0x54, 0x51, 0x55, 0x55, 0x54, 0x55, 0x50, 0x45, 0x45, 0x05, 0x51, 0x54, 0x55, 0x45, 0x51, 0x55, 0x44, 0x54, 0x55, 0x15, 0x55, 0x55,
    0x55, 0x55, 0x55, 0x55, 0x55, 0x55, 0x55, 0x54, 0x55, 0x45, 0x45, 0x54, 0x55, 0x45, 0x45, 0x55, 0x55, 0x15, 0x55, 0x55, 0x55, 0x55, 0x55, 0x55,
    0xaa, 0xaa, 0xba, 0x56, 0x95, 0x55, 0x55, 0x55, 0x55, 0x55, 0x55, 0x55, 0x55, 0x55, 0x55, 0x55, 0x55, 0x55, 0x65, 0x55, 0x55, 0xaa, 0xbf, 0xfa,
    0xbf, 0xff, 0xff, 0xff, 0xff, 0xff, 0xff, 0xff, 0xff, 0xff, 0xff, 0xff, 0xff, 0xff, 0xff, 0xff, 0xff, 0xff, 0xff, 0xff, 0xff, 0xff, 0xff, 0xff,
    0xff, 0xff, 0xff, 0xff, 0xf9, 0x55, 0x54, 0x55, 0x55, 0x55, 0x55, 0x55, 0x55, 0x55, 0x55, 0x55, 0x55, 0x55, 0x55, 0x55, 0x55, 0x55, 0x6a, 0x55,
    0x55, 0x55, 0x55, 0x55, 0x55, 0x55, 0x0b, 0xf4, 0x11, 0x41, 0x41, 0x44, 0x41, 0x14, 0x0b, 0xeb, 0x44, 0x14, 0x10, 0x40, 0x41, 0x14, 0x02, 0x44,
    0x68, 0x41, 0x14, 0x10, 0x41, 0x40, 0x50, 0x19, 0x50, 0x41, 0x12, 0xfe, 0x05, 0x01, 0x01, 0xa4, 0x05, 0x01, 0x1b, 0xf4, 0x40, 0x10, 0x41, 0x04,
    0x10, 0x55, 0x51, 0x55, 0x45, 0x54, 0x55, 0x5b, 0xe5, 0x45, 0x51, 0x52, 0xe6, 0xfd, 0x55, 0x55, 0x55, 0x45, 0x55, 0x51, 0x41, 0x55, 0x50, 0x50,
    0x54, 0x54, 0x54, 0x55, 0x55, 0x45, 0x54, 0x55, 0x51, 0x54, 0x55, 0x55, 0x54, 0x55, 0x55, 0x55, 0x55, 0x55, 0x54, 0x55, 0x51, 0x54, 0x55, 0x55,
    0x55, 0x45, 0x15, 0x45, 0x45, 0x55, 0x55, 0x51, 0x55, 0x55, 0x55, 0x55, 0x55, 0x55, 0x55, 0x55, 0x55, 0x55, 0x55, 0x55, 0x55, 0x5b, 0x95, 0x55,
    0x55, 0x55, 0x55, 0x55, 0x55, 0x55, 0x55, 0x55, 0x55, 0xb9, 0x55, 0x57, 0xff, 0xff, 0xff, 0xff, 0xff, 0xff, 0xff, 0xff, 0xff, 0xff, 0xff, 0xff,
    0xff, 0xff, 0xff, 0xfb, 0xff, 0xfe, 0xaa, 0xff, 0xfe, 0xbf, 0xff, 0xff, 0xff, 0xfa, 0xaa, 0x95, 0x99, 0x5a, 0xff, 0xa5, 0x55, 0x55, 0x55, 0x55,
    0x55, 0x55, 0x54, 0x55, 0x55, 0x55, 0x55, 0x55, 0x55, 0x55, 0x55, 0x55, 0x55, 0xbf, 0xfe, 0x55, 0x55, 0x55, 0x51, 0x45, 0x54, 0x3f, 0xe4, 0x50,
    0x50, 0x04, 0x40, 0x45, 0x05, 0x6f, 0xfe, 0x04, 0x41, 0x05, 0x04, 0x14, 0x11, 0x46, 0x50, 0x78, 0x10, 0x41, 0x05, 0x00, 0x50, 0x01, 0x1e, 0x04,
    0x14, 0x10, 0xbf, 0x40, 0x45, 0x10, 0x74, 0x00, 0x44, 0x1b, 0xb9, 0x04, 0x11, 0x01, 0x04, 0x10, 0x15, 0x55, 0x51, 0x69, 0x55, 0x55, 0x6f, 0xf5,
    0x55, 0x55, 0x1b, 0xff, 0xff, 0x91, 0x6b, 0xfd, 0x15, 0x44, 0x55, 0x55, 0x15, 0x15, 0x40, 0x55, 0x55, 0x55, 0x45, 0x15, 0x55, 0x55, 0x45, 0x15,
    0x15, 0x45, 0x55, 0x55, 0x55, 0x55, 0x55, 0x55, 0x55, 0x55, 0x45, 0x55, 0x55, 0x55, 0x55, 0x51, 0x55, 0x51, 0x54, 0x55, 0x55, 0x15, 0x15, 0x55,
    0x55, 0x55, 0x55, 0x55, 0x55, 0x55, 0x55, 0x55, 0x55, 0x55, 0x55, 0x55, 0x6f, 0xe9, 0x55, 0x55, 0x55, 0x55, 0x55, 0x55, 0x55, 0x55, 0xaa, 0xaa,
    0xf9, 0x55, 0x5b, 0xff, 0xff, 0xff, 0xff, 0xff, 0xff, 0xff, 0xff, 0xff, 0xff, 0xff, 0xff, 0xff, 0xfa, 0xa9, 0x55, 0x55, 0x95, 0x55, 0x55, 0x55,
    0x56, 0xaf, 0xaa, 0xaa, 0x95, 0x55, 0x55, 0x55, 0x55, 0x55, 0x55, 0x15, 0x55, 0x55, 0x55, 0x55, 0x55, 0x15, 0x51, 0x55, 0x55, 0x55, 0x55, 0x55,
    0x51, 0x55, 0x55, 0x57, 0xff, 0xff, 0x95, 0x55, 0x55, 0x55, 0x55, 0x50, 0xff, 0xd1, 0x04, 0x05, 0x10, 0x51, 0x04, 0x40, 0x7f, 0xf4, 0x41, 0x41,
    0x01, 0x14, 0x04, 0x10, 0x1a, 0x01, 0x24, 0x14, 0x40, 0x40, 0x14, 0x11, 0x41, 0x1e, 0x44, 0x00, 0x44, 0x7b, 0x80, 0x40, 0x10, 0x14, 0x10, 0x41,
    0x06, 0xfe, 0x90, 0x41, 0x10, 0x41, 0x05, 0x05, 0x54, 0x56, 0xff, 0xab, 0xfa, 0xff, 0xf4, 0x56, 0xea, 0xaf, 0xff, 0xff, 0xfa, 0xff, 0xfe, 0x54,
    0x55, 0x45, 0x15, 0x51, 0x55, 0x10, 0x45, 0x11, 0x41, 0x55, 0x51, 0x51, 0x45, 0x55, 0x55, 0x45, 0x54, 0x54, 0x55, 0x55, 0x55, 0x55, 0x55, 0x55,
    0x11, 0x54, 0x54, 0x51, 0x55, 0x45, 0x55, 0x15, 0x55, 0x55, 0x54, 0x55, 0x55, 0x55, 0x55, 0x45, 0x45, 0x55, 0x55, 0x55, 0x55, 0x55, 0x55, 0x55,
    0x55, 0x55, 0x55, 0x7f, 0xff, 0x95, 0x55, 0x55, 0x55, 0x55, 0x55, 0x55, 0x56, 0xff, 0xff, 0xfe, 0xbf, 0xff, 0xff, 0xff, 0xff, 0xff, 0xff, 0xff,
    0xff, 0xff, 0xff, 0xff, 0xff, 0xff, 0xfa, 0x55, 0x55, 0x55, 0x55, 0x55, 0x55, 0x55, 0x55, 0x55, 0x55, 0x55, 0x55, 0x55, 0x55, 0x55, 0x55, 0x55,
    0x55, 0x55, 0x55, 0x45, 0x55, 0x55, 0x45, 0x15, 0x55, 0x55, 0x55, 0x55, 0x55, 0x51, 0x51, 0x57, 0x95, 0x55, 0x1b, 0xff, 0xff, 0xe5, 0x6f, 0xe5,
    0x15, 0x55, 0x47, 0xff, 0x91, 0x04, 0x10, 0x51, 0x05, 0x10, 0x51, 0xff, 0x90, 0x50, 0x10, 0x51, 0x01, 0x41, 0x45, 0xb9, 0x14, 0x29, 0x04, 0x14,
    0x14, 0x11, 0x04, 0x14, 0x1f, 0x81, 0x44, 0x41, 0x6f, 0x85, 0x10, 0x45, 0x01, 0x41, 0x10, 0x41, 0x6f, 0xd1, 0x40, 0x50, 0x41, 0x04, 0x01, 0x55,
    0x2f, 0xef, 0xff, 0xff, 0xff, 0xfe, 0x6f, 0xff, 0xff, 0xff, 0xff, 0xff, 0xff, 0xfe, 0x55, 0x51, 0x55, 0x11, 0x45, 0x51, 0x50, 0x51, 0x51, 0x54,
    0x14, 0x55, 0x15, 0x54, 0x51, 0x45, 0x54, 0x51, 0x45, 0x54, 0x55, 0x55, 0x55, 0x55, 0x55, 0x55, 0x15, 0x55, 0x15, 0x55, 0x54, 0x54, 0x55, 0x55,
    0x51, 0x55, 0x55, 0x55, 0x55, 0x55, 0x55, 0x55, 0x55, 0x55, 0x55, 0x15, 0x55, 0x55, 0x55, 0x55, 0x56, 0x9a, 0xbf, 0xff, 0xe6, 0xa5, 0x55, 0x95,
    0x55, 0x6a, 0xa5, 0x5b, 0xff, 0xff, 0xff, 0xff, 0xff, 0xff, 0xff, 0xff, 0xff, 0xff, 0xff, 0xff, 0xff, 0xff, 0xff, 0xff, 0x9a, 0x55, 0x55, 0x55,
    0x55, 0x55, 0x55, 0x55, 0x55, 0x55, 0x55, 0x55, 0x55, 0x55, 0x55, 0x55, 0x55, 0x55, 0x55, 0x55, 0x55, 0x55, 0x55, 0x45, 0x55, 0x55, 0x51, 0x51,
    0x55, 0x55, 0x55, 0x6a, 0xa5, 0x5b, 0xff, 0xf9, 0xaa, 0xbf, 0xff, 0xff, 0xff, 0xff, 0xfa, 0x95, 0x54, 0x1f, 0xfe, 0x10, 0x41, 0x45, 0x05, 0x04,
    0x51, 0x16, 0xf9, 0x05, 0x05, 0x14, 0x41, 0x45, 0x11, 0x46, 0xe5, 0x04, 0x68, 0x41, 0x05, 0x05, 0x01, 0x45, 0x41, 0x4b, 0xd1, 0x04, 0x10, 0x1f,
    0x81, 0x14, 0x41, 0x41, 0xd1, 0x04, 0x50, 0x1b, 0x91, 0x04, 0x04, 0x10, 0x50, 0x50, 0x15, 0x2f, 0xbf, 0xff, 0xff, 0xff, 0xef, 0xff, 0xff, 0xff,
    0xff, 0xff, 0xff, 0xff, 0xfe, 0x55, 0x15, 0x15, 0x55, 0x14, 0x55, 0x40, 0x51, 0x55, 0x55, 0x54, 0x55, 0x54, 0x55, 0x45, 0x51, 0x15, 0x55, 0x55,
    0x55, 0x54, 0x55, 0x55, 0x15, 0x55, 0x55, 0x55, 0x55, 0x55, 0x55, 0x15, 0x55, 0x51, 0x51, 0x15, 0x55, 0x55, 0x55, 0x55, 0x55, 0x55, 0x55, 0x55,
    0x55, 0x55, 0x55, 0x55, 0x55, 0x55, 0x55, 0x5b, 0xff, 0xff, 0xff, 0xff, 0xfe, 0xab, 0xfe, 0xab, 0xff, 0xfe, 0xbf, 0xff, 0xff, 0xff, 0xff, 0xff,
    0xff, 0xff, 0xff, 0xff, 0xff, 0xa5, 0x6a, 0xff, 0xff, 0xff, 0xa9, 0x55, 0x55, 0x55, 0x59, 0x55, 0x5a, 0x95, 0x55, 0x55, 0x55, 0xa9, 0x55, 0x55,
    0x55, 0x55, 0x55, 0x55, 0x55, 0x55, 0x55, 0x55, 0x55, 0x51, 0x55, 0x51, 0x55, 0x55, 0x55, 0x51, 0x55, 0x56, 0xff, 0xff, 0xff, 0xff, 0xff, 0xff,
    0xff, 0xff, 0xfe, 0xff, 0xfb, 0xff, 0xf8, 0x41, 0xff, 0xfd, 0x04, 0x54, 0x14, 0x50, 0x50, 0x45, 0x1b, 0xf4, 0x50, 0x45, 0x04, 0x14, 0x50, 0x14,
    0x0b, 0x90, 0x41, 0x68, 0x41, 0x40, 0x41, 0x14, 0x40, 0x41, 0x0b, 0xd0, 0x51, 0x04, 0x1b, 0x80, 0x41, 0x04, 0x15, 0xe0, 0x44, 0x14, 0x42, 0xf4,
    0x14, 0x44, 0x14, 0x05, 0x05, 0x05, 0x55, 0xa9, 0x5a, 0xbb, 0xff, 0xff, 0xff, 0xff, 0xff, 0xff, 0xff, 0xff, 0xff, 0xef, 0x45, 0x55, 0x54, 0x55,
    0x55, 0x45, 0x40, 0x54, 0x55, 0x14, 0x55, 0x51, 0x55, 0x51, 0x55, 0x15, 0x51, 0x45, 0x15, 0x45, 0x15, 0x55, 0x55, 0x55, 0x51, 0x45, 0x55, 0x15,
    0x51, 0x51, 0x55, 0x45, 0x51, 0x55, 0x55, 0x55, 0x54, 0x55, 0x45, 0x55, 0x55, 0x55, 0x55, 0x55, 0x55, 0x55, 0x55, 0x55, 0x55, 0x55, 0x6f, 0xff,
    0xff, 0xff, 0xff, 0xff, 0xff, 0xff, 0xff, 0xff, 0xff, 0xff, 0xff, 0xff, 0xff, 0xff, 0xff, 0xff, 0xff, 0xff, 0xff, 0xfa, 0x55, 0x55, 0x56, 0x95,
    0x55, 0x55, 0x55, 0x55, 0x55, 0xbf, 0x95, 0xaf, 0xf9, 0xb5, 0x55, 0x5b, 0xff, 0x95, 0x6f, 0xa5, 0x55, 0x55, 0xa5, 0x55, 0x55, 0x55, 0x55, 0x55,
    0x56, 0x95, 0x56, 0x55, 0x55, 0x55, 0x55, 0x55, 0x5b, 0xff, 0xff, 0xff, 0xff, 0xff, 0xff, 0xff, 0xff, 0xff, 0xff, 0xff, 0xff, 0xfe, 0x5b, 0xff,
    0xf9, 0x45, 0x04, 0x50, 0x50, 0x51, 0x44, 0x7f, 0xe1, 0x41, 0x40, 0x45, 0x04, 0x14, 0x44, 0x5b, 0x85, 0x50, 0x78, 0x14, 0x14, 0x50, 0x40, 0x50,
    0x50, 0x5a, 0xe0, 0x41, 0x41, 0x47, 0x84, 0x41, 0x04, 0x50, 0xa0, 0x41, 0x04, 0x40, 0x7e, 0x01, 0x41, 0x41, 0x04, 0x10, 0x41, 0x54, 0x54, 0x55,
    0x55, 0x56, 0xaa, 0x6a, 0xbe, 0xaa, 0xfe, 0xff, 0xfe, 0xab, 0xfa, 0x54, 0x54, 0x55, 0x45, 0x45, 0x51, 0x50, 0x45, 0x05, 0x15, 0x45, 0x15, 0x55,
    0x15, 0x55, 0x55, 0x55, 0x55, 0x15, 0x55, 0x55, 0x55, 0x55, 0x51, 0x56, 0xa5, 0x51, 0x55, 0x55, 0x55, 0x54, 0x55, 0x55, 0x14, 0x55, 0x55, 0x15,
    0x55, 0x55, 0x54, 0x55, 0x15, 0x55, 0x55, 0x55, 0x55, 0x55, 0x55, 0x55, 0x55, 0x6f, 0xff, 0xff, 0xff, 0xff, 0xff, 0xff, 0xff, 0xff, 0xff, 0xff,
    0xff, 0xff, 0xff, 0xff, 0xff, 0xff, 0xff, 0xff, 0xff, 0xff, 0xa5, 0x55, 0x55, 0x55, 0x55, 0x55, 0x55, 0x55, 0x55, 0x55, 0xff, 0xff, 0xff, 0xff,
    0xfe, 0x55, 0x6f, 0xff, 0xfa, 0xff, 0xfa, 0x5a, 0xaa, 0xfe, 0x55, 0x55, 0x55, 0x55, 0x55, 0x6f, 0xfa, 0xff, 0xeb, 0xe9, 0x55, 0x55, 0x55, 0x7f,
    0xff, 0xff, 0xff, 0xff, 0xff, 0xff, 0xff, 0xff, 0xe6, 0xaa, 0xaf, 0xff, 0xfe, 0x7f, 0xff, 0xfd, 0x10, 0x50, 0x41, 0x05, 0x05, 0x05, 0xbf, 0x94,
    0x14, 0x14, 0x50, 0x51, 0x04, 0x41, 0x1e, 0x44, 0x04, 0x34, 0x41, 0x04, 0x14, 0x14, 0x14, 0x14, 0x1b, 0xe5, 0x04, 0x11, 0x47, 0x84, 0x14, 0x50,
    0x14, 0x91, 0x14, 0x40, 0x55, 0x1f, 0x80, 0x11, 0x14, 0x50, 0x50, 0x50, 0x15, 0x55, 0x51, 0x55, 0x50, 0x55, 0x51, 0x55, 0x54, 0x55, 0x55, 0xa5,
    0x55, 0x55, 0x55, 0x55, 0x51, 0x50, 0x54, 0x55, 0x50, 0x51, 0x55, 0x51, 0x45, 0x55, 0x55, 0x55, 0x55, 0x55, 0x55, 0x51, 0x55, 0x15, 0x55, 0x51,
    0x55, 0x57, 0xff, 0xf9, 0x55, 0x55, 0x55, 0x55, 0x55, 0x55, 0x45, 0x55, 0x54, 0x55, 0x55, 0x55, 0x55, 0x45, 0x55, 0x55, 0x55, 0x55, 0x55, 0x55,
    0x55, 0x55, 0x55, 0x55, 0x6f, 0xff, 0xff, 0xff, 0xff, 0xff, 0xff, 0xff, 0xff, 0xff, 0xff, 0xff, 0xff, 0xff, 0xff, 0xff, 0xff, 0xff, 0xff, 0xff,
    0xe9, 0x55, 0x55, 0x55, 0x55, 0x55, 0x55, 0x56, 0xa9, 0x55, 0x56, 0xff, 0xff, 0xff, 0xff, 0xff, 0xef, 0xff, 0xff, 0xff, 0xff, 0xff, 0xff, 0xff,
    0xed, 0x55, 0x51, 0x55, 0x56, 0xab, 0xff, 0xff, 0xff, 0xff, 0xfe, 0x55, 0x45, 0x41, 0xff, 0xff, 0xff, 0xff, 0xff, 0xff, 0xff, 0xff, 0xfe, 0x55,
    0x45, 0x1a, 0xaa, 0xad, 0xbf, 0xff, 0xfe, 0x50, 0x45, 0x15, 0x51, 0x45, 0x11, 0xff, 0x45, 0x04, 0x50, 0x41, 0x11, 0x41, 0x11, 0x29, 0x10, 0x45,
    0x15, 0x41, 0x45, 0x05, 0x05, 0x05, 0x41, 0x47, 0xf8, 0x54, 0x14, 0x16, 0x85, 0x04, 0x11, 0x40, 0x91, 0x00, 0x54, 0x01, 0x1a, 0xd1, 0x10, 0x10,
    0x51, 0x05, 0x14, 0x05, 0x55, 0x55, 0x15, 0x55, 0x55, 0x55, 0x55, 0x55, 0x55, 0x51, 0x45, 0x55, 0x15, 0x15, 0x15, 0x55, 0x55, 0x55, 0x55, 0x40,
    0x55, 0x14, 0x51, 0x54, 0x51, 0x54, 0x51, 0x51, 0x50, 0x55, 0x45, 0x55, 0x55, 0x51, 0x55, 0x55, 0x55, 0xaa, 0xbe, 0x55, 0x55, 0x55, 0x51, 0x55,
    0x55, 0x55, 0x51, 0x55, 0x55, 0x55, 0x55, 0x51, 0x55, 0x55, 0x55, 0x55, 0x55, 0x55, 0x55, 0x55, 0x55, 0x55, 0x55, 0x6f, 0xeb, 0xff, 0xbf, 0xff,
    0xff, 0xff, 0xff, 0xff, 0xff, 0xff, 0xff, 0xff, 0xab, 0xaa, 0xaa, 0xbe, 0xe9, 0x55, 0x55, 0x55, 0x55, 0x55, 0xa9, 0x55, 0x6f, 0xfa, 0xaf, 0xff,
    0xe5, 0x5b, 0xff, 0xff, 0xff, 0xff, 0xff, 0xff, 0xff, 0xff, 0xff, 0xff, 0xff, 0xfa, 0xaa, 0x55, 0x55, 0x5a, 0x95, 0x6f, 0xff, 0xff, 0xff, 0xff,
    0xff, 0xff, 0x94, 0x59, 0x5b, 0xff, 0xff, 0xff, 0xff, 0xff, 0xff, 0xff, 0xff, 0xe5, 0x55, 0x55, 0x55, 0x55, 0x56, 0xeb, 0xff, 0xa5, 0x05, 0x05,
    0x10, 0x50, 0x50, 0x52, 0xf9, 0x51, 0x41, 0x05, 0x14, 0x10, 0x51, 0x10, 0x54, 0x11, 0x01, 0x04, 0x14, 0x10, 0x41, 0x41, 0x41, 0x45, 0x12, 0xf9,
    0x01, 0x40, 0x01, 0x80, 0x41, 0x14, 0x45, 0xa1, 0x45, 0x05, 0x10, 0x5b, 0xe4, 0x15, 0x05, 0x01, 0x05, 0x05, 0x40, 0x51, 0x45, 0x55, 0x45, 0x51,
    0x55, 0x55, 0x55, 0x55, 0x55, 0x55, 0x51, 0x55, 0x51, 0x51, 0x54, 0x55, 0x15, 0x15, 0x50, 0x14, 0x51, 0x45, 0x55, 0x54, 0x55, 0x15, 0x15, 0x55,
    0x54, 0x55, 0x54, 0x55, 0x55, 0x15, 0x55, 0x55, 0x51, 0x69, 0x55, 0x51, 0x54, 0x55, 0x45, 0x55, 0x55, 0x15, 0x55, 0x55, 0x15, 0x54, 0x55, 0x55,
    0x45, 0x55, 0x55, 0x55, 0x55, 0x55, 0x55, 0x55, 0x55, 0x55, 0x59, 0x55, 0x55, 0x5b, 0xff, 0xff, 0xff, 0xff, 0xfa, 0xab, 0xea, 0xaa, 0xa9, 0x55,
    0x55, 0x55, 0x55, 0x55, 0x55, 0x55, 0x55, 0x55, 0x51, 0xff, 0x95, 0xbf, 0xff, 0xff, 0xff, 0xff, 0xff, 0xff, 0xff, 0xff, 0xff, 0xff, 0xff, 0xff,
    0xff, 0xff, 0xff, 0xff, 0xe5, 0x51, 0x55, 0x6e, 0xff, 0xfa, 0xbf, 0xff, 0xff, 0xff, 0xff, 0xff, 0xff, 0xe6, 0xbf, 0xff, 0xff, 0xff, 0xff, 0xff,
    0xff, 0xff, 0xff, 0x95, 0x55, 0x55, 0x51, 0x55, 0x55, 0x56, 0x41, 0xfb, 0x41, 0x45, 0x14, 0x51, 0x05, 0x14, 0x52, 0xf4, 0x50, 0x51, 0x45, 0x04,
    0x50, 0x50, 0x44, 0x04, 0x41, 0x10, 0x50, 0x04, 0x14, 0x50, 0x50, 0x50, 0x14, 0x11, 0xf9, 0x14, 0x14, 0x51, 0x44, 0x51, 0x04, 0x51, 0xb4, 0x44,
    0x11, 0x14, 0x41, 0xf8, 0x41, 0x40, 0x50, 0x50, 0x40, 0x50, 0x15, 0x55, 0x45, 0x15, 0x15, 0x54, 0x55, 0x55, 0x14, 0x54, 0x51, 0x55, 0x54, 0x55,
    0x55, 0x15, 0x45, 0x45, 0x51, 0x50, 0x50, 0x51, 0x45, 0x45, 0x55, 0x45, 0x55, 0x55, 0x45, 0x55, 0x55, 0x45, 0x45, 0x45, 0x55, 0x45, 0x55, 0x55,
    0x54, 0x51, 0x55, 0x55, 0x55, 0x55, 0x14, 0x55, 0x55, 0x45, 0x15, 0x55, 0x15, 0x45, 0x55, 0x55, 0x55, 0x55, 0x55, 0x55, 0x55, 0x55, 0x55, 0x55,
    0x55, 0x55, 0x55, 0x55, 0x55, 0xaa, 0xea, 0xa5, 0x99, 0x55, 0x55, 0x55, 0x55, 0x55, 0x55, 0x55, 0x55, 0x55, 0x55, 0x55, 0x55, 0x55, 0x55, 0x55,
    0x6f, 0xef, 0xff, 0xff, 0xff, 0xff, 0xff, 0xff, 0xff, 0xff, 0xff, 0xff, 0xff, 0xff, 0xff, 0xff, 0xff, 0xff, 0xff, 0xfa, 0x69, 0xab, 0xff, 0xff,
    0xff, 0xff, 0xff, 0xff, 0xbf, 0xff, 0xff, 0xff, 0xff, 0xff, 0xff, 0xff, 0xff, 0xff, 0xff, 0xff, 0xfa, 0x59, 0x55, 0x55, 0x51, 0x55, 0x54, 0x55,
    0x59, 0x14, 0xbe, 0x54, 0x41, 0x41, 0x05, 0x45, 0x05, 0x16, 0xd1, 0x05, 0x14, 0x50, 0x50, 0x45, 0x04, 0x41, 0x50, 0x54, 0x50, 0x41, 0x45, 0x44,
    0x14, 0x14, 0x14, 0x50, 0x51, 0xf8, 0x14, 0x10, 0x04, 0x10, 0x10, 0x50, 0x51, 0xb8, 0x10, 0x51, 0x05, 0x04, 0xb9, 0x40, 0x54, 0x14, 0x41, 0x44,
    0x05, 0x05, 0x55, 0x55, 0x55, 0x54, 0x54, 0x51, 0x51, 0x55, 0x45, 0x15, 0x15, 0x15, 0x45, 0x15, 0x51, 0x51, 0x54, 0x55, 0x50, 0x55, 0x45, 0x55,
    0x54, 0x55, 0x55, 0x54, 0x55, 0x55, 0x51, 0x54, 0x55, 0x55, 0x55, 0x55, 0x55, 0x55, 0x55, 0x55, 0x55, 0x55, 0x55, 0x45, 0x51, 0x55, 0x55, 0x54,
    0x55, 0x55, 0x55, 0x55, 0x55, 0x55, 0x55, 0x54, 0x55, 0x55, 0x55, 0x55, 0x5a, 0x55, 0x55, 0x55, 0x55, 0x55, 0x55, 0x55, 0x55, 0x55, 0x55, 0x55,
    0x55, 0x55, 0x55, 0x55, 0x55, 0x55, 0x55, 0x55, 0x55, 0x55, 0x55, 0x55, 0x55, 0x55, 0x55, 0x55, 0x5a, 0xff, 0xff, 0xff, 0xff, 0xff, 0xff, 0xff,
    0xff, 0xff, 0xff, 0xff, 0xff, 0xff, 0xff, 0xff, 0xff, 0xff, 0xff, 0xff, 0xff, 0xff, 0xff, 0xff, 0xff, 0xff, 0xff, 0xff, 0xff, 0xff, 0xff, 0xff,
    0xff, 0xff, 0xfa, 0xff, 0xff, 0xff, 0xff, 0xe5, 0x55, 0x55, 0x55, 0x55, 0x55, 0x45, 0x55, 0x24, 0x50, 0xbd, 0x14, 0x50, 0x51, 0x50, 0x50, 0x51,
    0x46, 0x45, 0x14, 0x14, 0x14, 0x51, 0x44, 0x14, 0x17, 0x55, 0x04, 0x45, 0x05, 0x10, 0x41, 0x41, 0x41, 0x41, 0x45, 0x16, 0xe4, 0x41, 0x41, 0x44,
    0x11, 0x05, 0x15, 0x04, 0xb9, 0x11, 0x04, 0x50, 0x55, 0x7f, 0x44, 0x05, 0x05, 0x05, 0x14, 0x41, 0x05, 0x15, 0x51, 0x54, 0x55, 0x45, 0x55, 0x55,
    0x45, 0x55, 0x15, 0x15, 0x51, 0x55, 0x15, 0x54, 0x15, 0x15, 0x45, 0x10, 0x45, 0x14, 0x55, 0x15, 0x45, 0x55, 0x15, 0x55, 0x15, 0x15, 0x55, 0x51,
    0x51, 0x55, 0x51, 0x55, 0x55, 0x55, 0x55, 0x45, 0x55, 0x14, 0x55, 0x15, 0x55, 0x55, 0x55, 0x55, 0x55, 0x55, 0x55, 0x55, 0x55, 0x55, 0x55, 0x55,
    0x55, 0x55, 0x6a, 0xaf, 0xe9, 0x55, 0x55, 0x55, 0x55, 0x55, 0x55, 0x55, 0x59, 0x56, 0x55, 0x55, 0x55, 0x55, 0x55, 0x55, 0x55, 0x55, 0x55, 0x55,
    0x56, 0xfe, 0x55, 0x55, 0x55, 0x55, 0x55, 0x55, 0x6b, 0xff, 0xff, 0xff, 0xff, 0xff, 0xff, 0xff, 0xff, 0xff, 0xff, 0xff, 0xff, 0xff, 0xff, 0xff,
    0xff, 0xff, 0xff, 0xff, 0xff, 0xff, 0xff, 0xff, 0xff, 0xff, 0xff, 0xef, 0xff, 0xff, 0xff, 0xff, 0xaa, 0x55, 0x55, 0xaa, 0x95, 0x6a, 0x55, 0x55,
    0x55, 0x51, 0x45, 0x55, 0x55, 0x50, 0x65, 0x15, 0xb9, 0x41, 0x14, 0x14, 0x51, 0x15, 0x14, 0x5a, 0x14, 0x51, 0x41, 0x45, 0x05, 0x04, 0x51, 0x2e,
    0x01, 0x44, 0x04, 0x14, 0x14, 0x51, 0x04, 0x41, 0x14, 0x05, 0x07, 0xf8, 0x50, 0x44, 0x11, 0x41, 0x45, 0x01, 0x44, 0x7e, 0x15, 0x04, 0x10, 0x41,
    0x6f, 0x95, 0x01, 0x45, 0x14, 0x11, 0x44, 0x50, 0x55, 0x55, 0x15, 0x51, 0x55, 0x15, 0x54, 0x55, 0x11, 0x51, 0x54, 0x55, 0x55, 0x50, 0x55, 0x55,
    0x15, 0x15, 0x50, 0x55, 0x55, 0x55, 0x51, 0x55, 0x51, 0x55, 0x51, 0x55, 0x15, 0x45, 0x15, 0x55, 0x55, 0x15, 0x51, 0x55, 0x45, 0x15, 0x55, 0x55,
    0x55, 0x55, 0x55, 0x55, 0x55, 0x55, 0x55, 0x15, 0x55, 0x55, 0x55, 0x6a, 0xa9, 0xa5, 0x55, 0x55, 0x06, 0xff, 0xff, 0xff, 0xa9, 0x69, 0x55, 0x55,
    0x55, 0x5b, 0x95, 0x7f, 0xff, 0xe5, 0x56, 0xfa, 0x55, 0x6a, 0x5a, 0xa5, 0xa9, 0x55, 0x5b, 0xff, 0xfe, 0x55, 0x55, 0x55, 0x55, 0x55, 0x55, 0x55,
    0x5a, 0xab, 0xff, 0xff, 0xff, 0xff, 0xff, 0xff, 0xff, 0xff, 0xff, 0xff, 0xff, 0xff, 0xff, 0xff, 0xff, 0xff, 0xff, 0xff, 0xff, 0xff, 0xff, 0xfe,
    0xaa, 0xa5, 0x55, 0x6f, 0xff, 0xff, 0xfe, 0x55, 0x55, 0x55, 0x55, 0x55, 0x55, 0x55, 0x55, 0x51, 0x55, 0x55, 0x55, 0x55, 0x42, 0x95, 0x01, 0xf9,
    0x45, 0x15, 0x44, 0x45, 0x05, 0x14, 0x69, 0x50, 0x41, 0x45, 0x05, 0x04, 0x51, 0x41, 0x78, 0x50, 0x41, 0x44, 0x50, 0x44, 0x14, 0x50, 0x54, 0x14,
    0x51, 0x56, 0xf9, 0x14, 0x54, 0x11, 0x14, 0x50, 0x50, 0x54, 0x7e, 0x01, 0x51, 0x45, 0x14, 0x1b, 0xe1, 0x50, 0x50, 0x51, 0x41, 0x14, 0x40, 0x55,
    0x55, 0x51, 0x55, 0x55, 0x51, 0x45, 0x51, 0x55, 0x55, 0x55, 0x45, 0x14, 0x55, 0x45, 0x55, 0x55, 0x14, 0x50, 0x51, 0x41, 0x15, 0x15, 0x15, 0x15,
    0x55, 0x15, 0x55, 0x55, 0x55, 0x55, 0x55, 0x55, 0x54, 0x65, 0x55, 0x5a, 0x95, 0x55, 0x45, 0x45, 0x44, 0x55, 0x55, 0x55, 0x55, 0x55, 0x55, 0x55,
    0x56, 0xba, 0xff, 0xff, 0xfd, 0x5b, 0xea, 0xaf, 0xff, 0xff, 0xff, 0xff, 0xff, 0xe5, 0x55, 0x55, 0xbf, 0xea, 0xff, 0xff, 0xfe, 0xbf, 0xff, 0xeb,
    0xff, 0xff, 0xff, 0xf9, 0x55, 0x57, 0xff, 0xfe, 0x55, 0x55, 0x55, 0x55, 0x69, 0x55, 0x55, 0x55, 0x56, 0xbf, 0xff, 0xff, 0xff, 0xff, 0xff, 0xff,
    0xfe, 0xaa, 0xaa, 0x6a, 0xaf, 0xff, 0xff, 0xff, 0xff, 0xff, 0xff, 0xff, 0xaa, 0x55, 0x55, 0x55, 0x55, 0x55, 0x56, 0xff, 0xaa, 0xa5, 0x55, 0x55,
    0x45, 0x55, 0x55, 0x55, 0x55, 0x55, 0x55, 0x15, 0x55, 0x55, 0x14, 0x1e, 0x50, 0x51, 0xf4, 0x50, 0x50, 0x54, 0x54, 0x50, 0x50, 0xb4, 0x51, 0x04,
    0x51, 0x50, 0x50, 0x51, 0x14, 0x78, 0x54, 0x51, 0x45, 0x05, 0x45, 0x04, 0x51, 0x05, 0x41, 0x44, 0x16, 0xed, 0x05, 0x05, 0x45, 0x10, 0x45, 0x14,
    0x14, 0xbf, 0x44, 0x11, 0x45, 0x14, 0x56, 0xf4, 0x54, 0x14, 0x41, 0x45, 0x11, 0x45, 0x01, 0x55, 0x55, 0x55, 0x55, 0x55, 0x55, 0x55, 0x45, 0x44,
    0x11, 0x55, 0x55, 0x45, 0x54, 0x50, 0x51, 0x55, 0x40, 0x55, 0x15, 0x51, 0x55, 0x55, 0x55, 0x55, 0x55, 0x55, 0x41, 0x55, 0x45, 0x55, 0x55, 0x56,
    0xff, 0xfa, 0xbf, 0xfa, 0x55, 0x5a, 0xa5, 0x55, 0x55, 0x45, 0x55, 0x55, 0x55, 0x55, 0x55, 0x5b, 0xff, 0xff, 0xff, 0xfe, 0xbf, 0xff, 0xff, 0xff,
    0xff, 0xff, 0xff, 0xff, 0xfa, 0xae, 0x96, 0xff, 0xff, 0xff, 0xff, 0xff, 0xff, 0xff, 0xff, 0xff, 0xff, 0xfa, 0x95, 0x55, 0x55, 0xaa, 0xa9, 0x55,
    0x55, 0x55, 0x55, 0xbf, 0xe9, 0x55, 0x55, 0x55, 0x55, 0xaa, 0xfa, 0xfa, 0xba, 0xbf, 0xea, 0x95, 0x55, 0x51, 0x55, 0x55, 0x56, 0xaa, 0xfb, 0xaa,
    0xa5, 0x55, 0x55, 0x55, 0x55, 0x55, 0x55, 0x55, 0x55, 0x55, 0x69, 0x55, 0x55, 0x55, 0x55, 0x55, 0x55, 0x55, 0x55, 0x55, 0x55, 0x55, 0x55, 0x55,
    0x55, 0x54, 0xb9, 0x45, 0x51, 0xf5, 0x15, 0x45, 0x05, 0x04, 0x51, 0x45, 0xe5, 0x05, 0x54, 0x10, 0x50, 0x51, 0x04, 0x14, 0x78, 0x05, 0x14, 0x11,
    0x44, 0x11, 0x51, 0x05, 0x10, 0x51, 0x05, 0x12, 0xfe, 0x41, 0x41, 0x04, 0x11, 0x41, 0x05, 0x41, 0xbf, 0x45, 0x14, 0x10, 0x41, 0x01, 0xb4, 0x45,
    0x05, 0x44, 0x14, 0x51, 0x14, 0x11, 0x55, 0x45, 0x51, 0x54, 0x54, 0x55, 0x45, 0x54, 0x55, 0x55, 0x14, 0x55, 0x55, 0x55, 0x15, 0x51, 0x45, 0x50,
    0x54, 0x54, 0x55, 0x45, 0x45, 0x55, 0x55, 0x55, 0x51, 0x55, 0x51, 0x55, 0x45, 0x15, 0x5b, 0xff, 0xff, 0xff, 0xff, 0xea, 0xbf, 0xf4, 0x55, 0x55,
    0x55, 0x51, 0x69, 0x15, 0x55, 0x55, 0x5f, 0xff, 0xff, 0xff, 0xff, 0xff, 0xff, 0xff, 0xff, 0xff, 0xff, 0xff, 0xff, 0xff, 0xff, 0xff, 0xff, 0xff,
    0xff, 0xff, 0xff, 0xff, 0xff, 0xff, 0xff, 0xfa, 0x95, 0x55, 0x6a, 0x55, 0x55, 0x55, 0x57, 0xe9, 0x55, 0xaf, 0xff, 0xff, 0xd5, 0x55, 0x55, 0x55,
    0x55, 0x55, 0x55, 0x55, 0x55, 0x55, 0x55, 0x55, 0x55, 0x55, 0x55, 0x55, 0x55, 0x55, 0x55, 0x55, 0x55, 0x55, 0x55, 0x55, 0x55, 0x55, 0x55, 0x51,
    0x55, 0x55, 0x55, 0x55, 0x55, 0x55, 0x55, 0x55, 0x55, 0x55, 0x55, 0x14, 0x55, 0x55, 0x55, 0x55, 0x52, 0xe5, 0x05, 0x05, 0x91, 0x41, 0x45, 0x51,
    0x55, 0x05, 0x15, 0x91, 0x44, 0x11, 0x45, 0x05, 0x05, 0x45, 0x41, 0xb4, 0x51, 0x05, 0x50, 0x51, 0x50, 0x51, 0x44, 0x14, 0x15, 0x14, 0x57, 0xbd,
    0x50, 0x51, 0x11, 0x45, 0x10, 0x51, 0x55, 0xfe, 0x11, 0x45, 0x14, 0x51, 0x51, 0x69, 0x05, 0x41, 0x54, 0x50, 0x50, 0x41, 0x50, 0x51, 0x55, 0x15,
    0x45, 0x45, 0x51, 0x54, 0x15, 0x51, 0x45, 0x55, 0x45, 0x54, 0x51, 0x55, 0x14, 0x54, 0x50, 0x45, 0x55, 0x45, 0x50, 0x55, 0x55, 0x55, 0x54, 0x56,
    0xfe, 0x96, 0xa5, 0x54, 0x6a, 0xbf, 0xff, 0xff, 0xff, 0xff, 0xff, 0xfe, 0x95, 0x54, 0x54, 0x55, 0x6a, 0xfe, 0x55, 0x6a, 0x94, 0x7f, 0xff, 0xfb,
    0xff, 0xff, 0xff, 0xff, 0xff, 0xff, 0xff, 0xff, 0xff, 0xff, 0xff, 0xff, 0xff, 0xff, 0xff, 0xff, 0xff, 0xff, 0xff, 0xfa, 0xab, 0xff, 0xd5, 0x55,
    0x55, 0xff, 0x95, 0x5a, 0x55, 0x5f, 0xff, 0xab, 0xff, 0xff, 0xff, 0xf5, 0x55, 0x55, 0x55, 0x55, 0x55, 0x55, 0x55, 0x55, 0x55, 0x55, 0x55, 0x55,
    0x55, 0x55, 0x55, 0x55, 0x55, 0x55, 0x55, 0x55, 0x55, 0x55, 0x55, 0x15, 0x55, 0x55, 0x15, 0x55, 0x55, 0x55, 0x55, 0x55, 0x55, 0x45, 0x55, 0x55,
    0x51, 0x55, 0x55, 0x45, 0x0b, 0xa9, 0x55, 0x47, 0xe1, 0x51, 0x45, 0x14, 0x50, 0x50, 0x50, 0x51, 0x54, 0x52, 0x81, 0x45, 0x14, 0x51, 0x45, 0x14,
    0x50, 0x51, 0xa5, 0x41, 0x41, 0x45, 0x11, 0x45, 0x04, 0x51, 0x45, 0x10, 0x50, 0x5b, 0xfd, 0x14, 0x10, 0x51, 0x44, 0x14, 0x50, 0x15, 0xed, 0x10,
    0x41, 0x45, 0x05, 0x14, 0x2e, 0x10, 0x54, 0x11, 0x45, 0x05, 0x45, 0x04, 0x15, 0x55, 0x54, 0x55, 0x55, 0x55, 0x55, 0x55, 0x15, 0x54, 0x51, 0x54,
    0x55, 0x55, 0x45, 0x55, 0x55, 0x50, 0x55, 0x15, 0x51, 0x51, 0x50, 0x55, 0x05, 0x55, 0x5f, 0xff, 0xff, 0xfe, 0x56, 0xff, 0xff, 0xff, 0xff, 0xff,
    0xff, 0xf5, 0x55, 0x45, 0x55, 0x56, 0x5a, 0xff, 0xff, 0xe6, 0xff, 0xea, 0xbf, 0xff, 0xbf, 0xff, 0xff, 0xff, 0xff, 0xff, 0xff, 0xff, 0xff, 0xff,
    0xff, 0xff, 0xff, 0xff, 0xff, 0xff, 0xff, 0xea, 0x55, 0xaa, 0x95, 0x55, 0x6e, 0x55, 0x55, 0x5b, 0xff, 0xff, 0xff, 0xfa, 0xbf, 0xff, 0xff, 0xff,
    0xff, 0xff, 0xfd, 0x55, 0x55, 0x55, 0x55, 0x55, 0x55, 0x55, 0x55, 0x55, 0x55, 0x55, 0x55, 0x55, 0x15, 0x55, 0x55, 0x55, 0x55, 0x56, 0xa9, 0x55,
    0x56, 0xbe, 0x95, 0x55, 0x15, 0x55, 0x55, 0x55, 0x55, 0x55, 0x55, 0x55, 0x55, 0x55, 0x47, 0xa9, 0x45, 0x46, 0xa5, 0x6f, 0xfe, 0x55, 0x2f, 0x94,
    0x51, 0x41, 0x45, 0x15, 0x14, 0x45, 0x10, 0x51, 0x5b, 0x54, 0x51, 0x45, 0x14, 0x50, 0x50, 0x15, 0x11, 0xd1, 0x14, 0x50, 0x45, 0x14, 0x11, 0x44,
    0x11, 0x05, 0x15, 0x45, 0x1f, 0xf9, 0x05, 0x14, 0x14, 0x10, 0x45, 0x05, 0x14, 0xbd, 0x54, 0x50, 0x41, 0x45, 0x05, 0x5b, 0x95, 0x05, 0x11, 0x05,
    0x14, 0x54, 0x55, 0x05, 0x54, 0x55, 0x54, 0x55, 0x15, 0x51, 0x45, 0x54, 0x15, 0x55, 0x15, 0x55, 0x14, 0x54, 0x51, 0x05, 0x10, 0x51, 0x50, 0x55,
    0x1a, 0xaa, 0x6a, 0xa5, 0xaf, 0xff, 0xff, 0xff, 0xff, 0xef, 0xff, 0xff, 0xff, 0xff, 0xff, 0xff, 0xd5, 0x55, 0x55, 0x55, 0x6f, 0xff, 0xff, 0xff,
    0xff, 0xff, 0xff, 0xff, 0xff, 0xff, 0xff, 0xff, 0xff, 0xff, 0xff, 0xff, 0xff, 0xff, 0xff, 0xff, 0xff, 0xff, 0xff, 0xff, 0xff, 0xbf, 0x95, 0x55,
    0x55, 0x55, 0x55, 0x55, 0x55, 0x5a, 0xff, 0xff, 0xff, 0xff, 0xff, 0xff, 0xff, 0xff, 0xff, 0xff, 0xff, 0xfe, 0xa5, 0x55, 0x51, 0x55, 0x55, 0x55,
    0x55, 0x55, 0x55, 0x57, 0xff, 0xaa, 0xaa, 0xae, 0x55, 0x55, 0x55, 0x55, 0x6f, 0xfe, 0xa5, 0xaf, 0xff, 0xea, 0xbe, 0x55, 0x55, 0x55, 0x55, 0x55,
    0x5a, 0xe5, 0x55, 0x55, 0x5a, 0xaf, 0xff, 0xa9, 0xaf, 0xff, 0xff, 0xff, 0xf8, 0x6a, 0x45, 0x14, 0x54, 0x51, 0x05, 0x05, 0x45, 0x55, 0x15, 0x6f,
    0x54, 0x11, 0x45, 0x04, 0x51, 0x45, 0x11, 0x11, 0x94, 0x14, 0x14, 0x50, 0x45, 0x10, 0x51, 0x45, 0x10, 0x50, 0x55, 0x1f, 0xbd, 0x51, 0x45, 0x14,
    0x51, 0x41, 0x55, 0x44, 0xbe, 0x05, 0x14, 0x50, 0x50, 0x50, 0x46, 0xd1, 0x41, 0x51, 0x51, 0x14, 0x41, 0x45, 0x50, 0x55, 0x55, 0x45, 0x51, 0x55,
    0x14, 0x55, 0x45, 0x51, 0x55, 0x51, 0x55, 0x54, 0x55, 0x55, 0x55, 0x50, 0x55, 0x55, 0x45, 0x6f, 0xff, 0xff, 0xff, 0xff, 0xff, 0xbf, 0xff, 0xef,
    0xfe, 0xff, 0xff, 0xff, 0xff, 0xff, 0xff, 0xd5, 0x55, 0x55, 0x42, 0xff, 0xfb, 0xff, 0xbe, 0xff, 0xff, 0xff, 0xff, 0xfe, 0xaa, 0xab, 0xbe, 0xaa,
    0xbf, 0xff, 0xff, 0xff, 0xff, 0xff, 0xea, 0xab, 0xff, 0xff, 0xff, 0xe5, 0x55, 0x55, 0x55, 0x55, 0x55, 0xa5, 0x56, 0xa9, 0x6f, 0xff, 0xff, 0xff,
    0xff, 0xff, 0xff, 0xff, 0xff, 0xff, 0xff, 0xff, 0xff, 0xfe, 0x56, 0xa5, 0x55, 0x6b, 0xa5, 0x55, 0x55, 0x55, 0xaf, 0xff, 0xff, 0xff, 0xff, 0xd5,
    0x5f, 0x95, 0x56, 0xff, 0xff, 0xff, 0xff, 0xff, 0xff, 0xff, 0xd5, 0x55, 0x56, 0xa5, 0x55, 0xbf, 0xfe, 0x96, 0xaa, 0xff, 0xff, 0xff, 0xff, 0xff,
    0xff, 0xff, 0xff, 0xe5, 0x00, 0x51, 0x45, 0x14, 0x51, 0x51, 0x51, 0x50, 0x41, 0x45, 0xbe, 0x41, 0x54, 0x51, 0x45, 0x05, 0x05, 0x51, 0x42, 0x45,
    0x41, 0x45, 0x11, 0x41, 0x45, 0x11, 0x44, 0x51, 0x45, 0x11, 0x4b, 0xfd, 0x10, 0x41, 0x41, 0x45, 0x14, 0x10, 0x45, 0x2e, 0x11, 0x45, 0x14, 0x55,
    0x45, 0x45, 0x50, 0x54, 0x14, 0x51, 0x41, 0x45, 0x14, 0x10, 0x15, 0x45, 0x55, 0x55, 0x45, 0x55, 0x51, 0x55, 0x55, 0x10, 0x55, 0x05, 0x45, 0x51,
    0x45, 0x51, 0x50, 0x51, 0x45, 0x54, 0x7f, 0xff, 0xef, 0xff, 0xfe, 0xfb, 0xff, 0xbf, 0xff, 0xbf, 0xff, 0xef, 0xfb, 0xff, 0xff, 0xff, 0xfa, 0xaf,
    0xe5, 0x56, 0xea, 0xbf, 0xff, 0xff, 0xff, 0xff, 0xff, 0xff, 0xe9, 0x55, 0x55, 0x55, 0x55, 0x5a, 0x69, 0xaa, 0x9a, 0xaa, 0xa9, 0x55, 0x55, 0xbf,
    0xeb, 0xfe, 0x55, 0x55, 0x55, 0x55, 0x55, 0x5b, 0xff, 0xff, 0xff, 0xff, 0xff, 0xff, 0xff, 0xff, 0xff, 0xfe, 0xff, 0xff, 0xfe, 0xaa, 0xff, 0xff,
    0xff, 0xff, 0xff, 0xaa, 0xff, 0xfe, 0x9a, 0x6f, 0xaf, 0xff, 0xff, 0xff, 0xff, 0xff, 0xe5, 0xbf, 0xfa, 0x5b, 0xff, 0xff, 0xff, 0xff, 0xff, 0xff,
    0xff, 0xd5, 0x55, 0x6f, 0xfe, 0xab, 0xff, 0xff, 0xff, 0xff, 0xff, 0xff, 0xff, 0xff, 0xff, 0xff, 0xff, 0xff, 0x85, 0x15, 0x14, 0x51, 0x14, 0x54,
    0x51, 0x14, 0x15, 0x54, 0x52, 0xfd, 0x15, 0x05, 0x14, 0x51, 0x54, 0x50, 0x44, 0x52, 0x44, 0x51, 0x45, 0x11, 0x14, 0x45, 0x14, 0x14, 0x45, 0x05,
    0x14, 0x57, 0xee, 0x55, 0x14, 0x54, 0x44, 0x14, 0x51, 0x45, 0x1e, 0x14, 0x41, 0x45, 0x04, 0x14, 0x51, 0x15, 0x15, 0x14, 0x14, 0x51, 0x55, 0x11,
    0x45, 0x05, 0x55, 0x54, 0x54, 0x54, 0x51, 0x55, 0x10, 0x45, 0x15, 0x51, 0x54, 0x55, 0x15, 0x45, 0x14, 0x50, 0x55, 0x54, 0x15, 0xbf, 0xff, 0xef,
    0xbf, 0xbf, 0xff, 0xff, 0xff, 0xff, 0xff, 0xef, 0xff, 0xff, 0xff, 0xff, 0xa6, 0xbf, 0xff, 0xe5, 0x55, 0x55, 0x56, 0xa5, 0x56, 0xaa, 0xae, 0xfb,
    0xfe, 0x55, 0x55, 0x55, 0x55, 0x55, 0x55, 0x55, 0x55, 0x54, 0x55, 0x55, 0x55, 0x55, 0x5a, 0x55, 0x55, 0x55, 0x55, 0x55, 0x55, 0x55, 0x5b, 0xff,
    0xff, 0xff, 0xff, 0xff, 0xff, 0xff, 0xff, 0xff, 0x95, 0x55, 0xab, 0xa9, 0x55, 0xbf, 0xff, 0xff, 0xff, 0xff, 0xff, 0xff, 0xff, 0xff, 0xff, 0xff,
    0xff, 0xff, 0xff, 0xff, 0xff, 0xff, 0xff, 0xff, 0xff, 0xff, 0xff, 0xff, 0xff, 0xff, 0xff, 0xff, 0xd1, 0x55, 0xff, 0xff, 0xff, 0xff, 0xff, 0xff,
    0xff, 0xff, 0xff, 0xff, 0xff, 0xff, 0xff, 0xff, 0xee, 0x14, 0x55, 0x14, 0x51, 0x45, 0x05, 0x15, 0x05, 0x51, 0x05, 0x57, 0xe9, 0x51, 0x51, 0x14,
    0x51, 0x41, 0x55, 0x04, 0x52, 0x54, 0x14, 0x50, 0x51, 0x14, 0x50, 0x45, 0x11, 0x04, 0x51, 0x45, 0x4b, 0xfe, 0x45, 0x14, 0x44, 0x51, 0x45, 0x15,
    0x15, 0x5e, 0x54, 0x54, 0x51, 0x45, 0x10, 0x51, 0x45, 0x11, 0x41, 0x44, 0x54, 0x11, 0x51, 0x45, 0x40, 0x55, 0x45, 0x55, 0x55, 0x54, 0x55, 0x55,
    0x45, 0x55, 0x15, 0x55, 0x55, 0x55, 0x55, 0x55, 0x50, 0x45, 0x15, 0x51, 0xaa, 0xaa, 0xff, 0xea, 0xfb, 0xaa, 0xaa, 0x96, 0x6a, 0xa9, 0x55, 0xaa,
    0x9a, 0x6a, 0xaa, 0x55, 0x5b, 0xfe, 0x55, 0x55, 0x55, 0x55, 0x55, 0x55, 0x55, 0x55, 0x55, 0x65, 0x55, 0x55, 0x55, 0x55, 0x55, 0x55, 0x55, 0x55,
    0x55, 0x55, 0x55, 0x55, 0x55, 0x55, 0x55, 0x55, 0x55, 0x55, 0x55, 0x55, 0x55, 0x6f, 0xff, 0xff, 0xff, 0xff, 0xff, 0xfb, 0xff, 0xff, 0xe5, 0x55,
    0x55, 0x55, 0x55, 0x55, 0x7f, 0xff, 0xff, 0xff, 0xff, 0xff, 0xff, 0xff, 0xff, 0xff, 0xff, 0xff, 0xff, 0xff, 0xff, 0xff, 0xff, 0xff, 0xff, 0xff,
    0xff, 0xff, 0xff, 0xff, 0xff, 0xff, 0xfe, 0x55, 0x52, 0xff, 0xff, 0xff, 0xff, 0xff, 0xff, 0xff, 0xff, 0xff, 0xff, 0xff, 0xff, 0xef, 0xfb, 0xf9,
    0x51, 0x41, 0x41, 0x45, 0x41, 0x51, 0x44, 0x51, 0x15, 0x51, 0x0b, 0xf4, 0x50, 0x51, 0x45, 0x05, 0x15, 0x05, 0x15, 0x0a, 0x51, 0x44, 0x15, 0x05,
    0x41, 0x14, 0x41, 0x41, 0x51, 0x51, 0x45, 0x1f, 0xff, 0x44, 0x51, 0x45, 0x11, 0x45, 0x05, 0x11, 0x2f, 0x81, 0x45, 0x14, 0x51, 0x45, 0x14, 0x51,
    0x51, 0x45, 0x05, 0x05, 0x50, 0x51, 0x50, 0x54, 0x15, 0x55, 0x55, 0x15, 0x15, 0x45, 0x45, 0x50, 0x41, 0x54, 0x51, 0x45, 0x44, 0x54, 0x55, 0x50,
    0x55, 0x51, 0x55, 0x45, 0x05, 0x69, 0x55, 0x55, 0x55, 0x55, 0x55, 0x55, 0x55, 0x55, 0x55, 0x55, 0x55, 0x55, 0x55, 0x55, 0x55, 0x55, 0x55, 0x55,
    0x55, 0x55, 0x55, 0x55, 0x55, 0x55, 0x55, 0x55, 0x55, 0x55, 0x55, 0x55, 0x55, 0xe5, 0x55, 0x55, 0x55, 0x55, 0xbe, 0x55, 0x55, 0x55, 0x56, 0x55,
    0x55, 0x55, 0x55, 0x56, 0xff, 0xff, 0xff, 0xff, 0xff, 0xff, 0x95, 0x6b, 0xea, 0x55, 0x55, 0xbf, 0x9a, 0xa5, 0x55, 0xbf, 0xff, 0xff, 0xff, 0xff,
    0xff, 0xff, 0xff, 0xff, 0xff, 0xff, 0xff, 0xff, 0xff, 0xff, 0xff, 0xff, 0xff, 0xff, 0xff, 0xff, 0xff, 0xff, 0xff, 0xff, 0xa5, 0x55, 0x55, 0x57,
    0xff, 0xff, 0xff, 0xff, 0xff, 0xff, 0xff, 0xff, 0xff, 0xff, 0xff, 0xff, 0xff, 0xff, 0xf4, 0x51, 0x54, 0x55, 0x14, 0x15, 0x14, 0x54, 0x51, 0x14,
    0x14, 0x6f, 0xb8, 0x45, 0x14, 0x51, 0x54, 0x51, 0x41, 0x51, 0x5d, 0x11, 0x45, 0x41, 0x54, 0x51, 0x45, 0x14, 0x54, 0x51, 0x14, 0x54, 0x7f, 0xff,
    0x95, 0x41, 0x11, 0x45, 0x10, 0x54, 0x51, 0x5f, 0xe5, 0x41, 0x45, 0x14, 0x54, 0x55, 0x15, 0x54, 0x52, 0x91, 0x51, 0x55, 0x05, 0x15, 0x15, 0x15,
    0x55, 0x45, 0x55, 0x51, 0x54, 0x55, 0x55, 0x55, 0x45, 0x54, 0x54, 0x55, 0x45, 0x55, 0x10, 0x51, 0x55, 0x14, 0x55, 0x55, 0x51, 0x55, 0x55, 0x55,
    0x55, 0x55, 0x51, 0x51, 0x55, 0x55, 0x55, 0x55, 0x55, 0x55, 0x55, 0x55, 0x6a, 0x95, 0x56, 0xaa, 0x55, 0x55, 0x55, 0x55, 0x55, 0x55, 0x55, 0xf9,
    0x55, 0x55, 0x55, 0x56, 0xf5, 0x55, 0x55, 0x55, 0x56, 0xff, 0xef, 0xaa, 0xa5, 0x6f, 0xf9, 0x55, 0x55, 0x55, 0x5b, 0xff, 0xff, 0xff, 0xff, 0xff,
    0xfe, 0x55, 0x55, 0x55, 0x55, 0x56, 0xff, 0xff, 0xfe, 0xaf, 0xff, 0xff, 0xff, 0xff, 0xff, 0xff, 0xff, 0xff, 0xff, 0xff, 0xff, 0xff, 0xff, 0xff,
    0xff, 0xff, 0xff, 0xff, 0xff, 0xff, 0xff, 0xaa, 0xaa, 0x95, 0x55, 0x55, 0x55, 0x55, 0x4b, 0xff, 0xff, 0xf9, 0xab, 0xff, 0xff, 0xff, 0xff, 0xff,
    0xff, 0xff, 0xfa, 0xa9, 0x6a, 0xa5, 0x14, 0x55, 0x05, 0x15, 0x54, 0x54, 0x51, 0x45, 0x45, 0x51, 0xeb, 0xf8, 0x55, 0x14, 0x51, 0x41, 0x45, 0x54,
    0x50, 0x59, 0x54, 0x51, 0x54, 0x41, 0x14, 0x51, 0x14, 0x54, 0x15, 0x05, 0x14, 0xbf, 0xff, 0xd1, 0x15, 0x14, 0x44, 0x15, 0x44, 0x54, 0x5b, 0xf8,
    0x54, 0x51, 0x45, 0x14, 0x41, 0x50, 0x54, 0x52, 0xe4, 0x51, 0x05, 0x54, 0x15, 0x11, 0x41, 0x45, 0x45, 0x45, 0x15, 0x45, 0x51, 0x55, 0x55, 0x45,
    0x15, 0x51, 0x51, 0x55, 0x15, 0x50, 0x55, 0x15, 0x55, 0x14, 0x55, 0x15, 0x55, 0x15, 0x11, 0x45, 0x15, 0x55, 0x15, 0x55, 0x55, 0x55, 0x55, 0x55,
    0x6f, 0xea, 0xaa, 0xff, 0xfe, 0xbf, 0xff, 0x85, 0x55, 0x55, 0x55, 0x55, 0x55, 0x56, 0xfe, 0x9a, 0xfa, 0xbe, 0xbf, 0xf9, 0x55, 0x55, 0x55, 0x5b,
    0xff, 0xff, 0xff, 0xfa, 0xbf, 0xfd, 0x55, 0xaa, 0x95, 0x57, 0xff, 0xff, 0xff, 0xff, 0xfe, 0xa5, 0x55, 0x55, 0x55, 0x56, 0xfb, 0xff, 0xff, 0xff,
    0xff, 0xff, 0xff, 0xff, 0xff, 0xff, 0xff, 0xff, 0xff, 0xff, 0xff, 0xff, 0xff, 0xff, 0xff, 0xff, 0xff, 0xff, 0xff, 0xea, 0xaa, 0xa9, 0x55, 0x55,
    0x55, 0x55, 0x55, 0x55, 0x55, 0x57, 0xff, 0xef, 0x95, 0x55, 0xbf, 0xff, 0xff, 0xff, 0xff, 0xff, 0xea, 0x55, 0x55, 0x51, 0x45, 0x14, 0x41, 0x51,
    0x41, 0x44, 0x45, 0x45, 0x14, 0x51, 0x5b, 0x96, 0xf4, 0x51, 0x45, 0x14, 0x55, 0x14, 0x14, 0x45, 0x15, 0x45, 0x14, 0x14, 0x51, 0x14, 0x51, 0x45,
    0x05, 0x45, 0x55, 0x15, 0xff, 0xfb, 0xd5, 0x15, 0x4a, 0x54, 0x51, 0x45, 0x05, 0x5b, 0xf8, 0x54, 0x51, 0x41, 0x45, 0x54, 0x55, 0x05, 0x45, 0xb8,
    0x45, 0x50, 0x51, 0x45, 0x51, 0x40, 0x54, 0x54, 0x51, 0x55, 0x55, 0x15, 0x14, 0x51, 0x55, 0x55, 0x15, 0x15, 0x55, 0x50, 0x50, 0x45, 0x14, 0x41,
    0x55, 0x45, 0x54, 0x51, 0x55, 0x55, 0x54, 0x55, 0x45, 0x55, 0x55, 0x54, 0x5a, 0xa9, 0x6a, 0xff, 0xff, 0xff, 0xfe, 0xbf, 0xff, 0xfe, 0x55, 0x55,
    0x55, 0x51, 0x55, 0x55, 0x5b, 0xff, 0xff, 0xff, 0xff, 0xff, 0xf9, 0x55, 0x69, 0x55, 0xaf, 0xff, 0xff, 0xff, 0xff, 0xff, 0xff, 0xaf, 0xff, 0xe5,
    0x56, 0xff, 0xff, 0xff, 0xff, 0xe9, 0x55, 0x55, 0x55, 0x55, 0xaf, 0xff, 0xff, 0xff, 0xff, 0xff, 0xff, 0xff, 0xff, 0xff, 0xff, 0xff, 0xff, 0xff,
    0xff, 0xff, 0xff, 0xff, 0xff, 0xff, 0xff, 0xff, 0xff, 0xa9, 0x55, 0x55, 0x55, 0x55, 0x55, 0x55, 0x55, 0x55, 0x55, 0x55, 0x55, 0xba, 0x55, 0x55,
    0x55, 0x56, 0xbf, 0xff, 0xab, 0xff, 0xa9, 0x55, 0x55, 0x55, 0x55, 0x05, 0x45, 0x55, 0x14, 0x55, 0x15, 0x45, 0x45, 0x14, 0x56, 0xbe, 0x11, 0xe5,
    0x14, 0x51, 0x45, 0x45, 0x11, 0x41, 0x45, 0x14, 0x15, 0x15, 0x45, 0x15, 0x45, 0x05, 0x45, 0x51, 0x44, 0x51, 0x51, 0xbf, 0xff, 0xe5, 0x41, 0x4b,
    0x45, 0x41, 0x51, 0x55, 0x1b, 0xf9, 0x45, 0x15, 0x15, 0x45, 0x14, 0x45, 0x51, 0x44, 0xbe, 0x44, 0x55, 0x15, 0x44, 0x45, 0x14, 0x15, 0x55, 0x55,
    0x45, 0x51, 0x55, 0x45, 0x51, 0x14, 0x55, 0x55, 0x54, 0x50, 0x55, 0x50, 0x55, 0x45, 0x55, 0x45, 0x54, 0x55, 0x15, 0x45, 0x51, 0x55, 0x55, 0x54,
    0x55, 0x14, 0x55, 0xbf, 0xff, 0xff, 0xff, 0xff, 0xff, 0xff, 0xff, 0xfa, 0xa5, 0x55, 0x55, 0x55, 0x55, 0x55, 0x5b, 0xef, 0xff, 0xff, 0xff, 0xff,
    0xff, 0xff, 0xab, 0xff, 0xef, 0xff, 0xff, 0xff, 0xff, 0xff, 0xff, 0xff, 0xff, 0xff, 0xd5, 0x55, 0x55, 0x56, 0xaa, 0xaa, 0x95, 0x55, 0x55, 0x5a,
    0xab, 0xff, 0xff, 0xff, 0xff, 0xff, 0xff, 0xff, 0xff, 0xff, 0xff, 0xff, 0xff, 0xff, 0xff, 0xff, 0xff, 0xff, 0xff, 0xff, 0xff, 0xff, 0xff, 0xf9,
    0x55, 0x55, 0x55, 0x55, 0x55, 0x55, 0x55, 0x55, 0x55, 0x55, 0x55, 0x55, 0x55, 0x55, 0x55, 0x55, 0x55, 0x55, 0x55, 0x55, 0x55, 0x55, 0x55, 0x55,
    0x55, 0x54, 0x51, 0x54, 0x14, 0x54, 0x51, 0x51, 0x50, 0x51, 0x51, 0x5b, 0xa4, 0x51, 0x91, 0x45, 0x14, 0x51, 0x44, 0x51, 0x45, 0x14, 0x54, 0x51,
    0x41, 0x41, 0x44, 0x45, 0x14, 0x14, 0x51, 0x14, 0x14, 0x51, 0xbf, 0xff, 0xf4, 0x51, 0x47, 0x91, 0x54, 0x14, 0x51, 0x5f, 0xfe, 0x15, 0x14, 0x54,
    0x51, 0x15, 0x44, 0x54, 0x15, 0x6b, 0x85, 0x05, 0x41, 0x54, 0x54, 0x55, 0x01, 0x54, 0x54, 0x54, 0x55, 0x45, 0x54, 0x55, 0x55, 0x45, 0x44, 0x55,
    0x45, 0x45, 0x10, 0x50, 0x51, 0x54, 0x55, 0x15, 0x45, 0x54, 0x51, 0x55, 0x15, 0x51, 0x55, 0x55, 0x55, 0x52, 0xff, 0xff, 0xff, 0xff, 0xea, 0xa5,
    0x56, 0xaa, 0x95, 0x55, 0x55, 0x65, 0x55, 0x55, 0x55, 0x6f, 0xff, 0xef, 0xff, 0xff, 0xff, 0xff, 0xff, 0xff, 0xff, 0xff, 0xff, 0xff, 0xff, 0xff,
    0xff, 0xff, 0xff, 0xff, 0xff, 0x95, 0x55, 0x55, 0x55, 0x55, 0x55, 0x55, 0x55, 0x55, 0x7f, 0xff, 0xff, 0xff, 0xff, 0xff, 0xff, 0xff, 0xff, 0xff,
    0xff, 0xff, 0xff, 0xff, 0xff, 0xff, 0xff, 0xff, 0xff, 0xff, 0xff, 0xea, 0xab, 0xff, 0x95, 0x55, 0x55, 0x55, 0x55, 0x55, 0x55, 0x55, 0x55, 0x55,
    0x55, 0x55, 0x55, 0x55, 0x55, 0x5a, 0xa5, 0x55, 0x45, 0x55, 0x55, 0x55, 0x55, 0x55, 0x55, 0x55, 0x40, 0x54, 0x15, 0x41, 0x45, 0x14, 0x51, 0x15,
    0x51, 0x55, 0x6d, 0x05, 0x56, 0x94, 0x51, 0x54, 0x51, 0x14, 0x51, 0x45, 0x14, 0x45, 0x10, 0x54, 0x54, 0x54, 0x51, 0x51, 0x51, 0x45, 0x11, 0x45,
    0x15, 0xfd, 0xbe, 0xf4, 0x54, 0x16, 0x91, 0x15, 0x45, 0x14, 0x5f, 0xff, 0x51, 0x45, 0x45, 0x15, 0x41, 0x54, 0x45, 0x51, 0x1f, 0x91, 0x50, 0x54,
    0x15, 0x10, 0x41, 0x50, 0x55, 0x45, 0x55, 0x45, 0x54, 0x55, 0x45, 0x45, 0x45, 0x15, 0x45, 0x55, 0x55, 0x50, 0x55, 0x51, 0x45, 0x51, 0x55, 0x54,
    0x55, 0x55, 0x05, 0x51, 0x51, 0x45, 0x14, 0x51, 0x56, 0xee, 0xbf, 0xbe, 0xfe, 0x55, 0x55, 0x51, 0x41, 0x45, 0x55, 0x56, 0xfa, 0xa9, 0x55, 0x6a,
    0xff, 0xff, 0xff, 0xff, 0xff, 0xff, 0xff, 0xff, 0xff, 0xff, 0xff, 0xff, 0xff, 0xff, 0xff, 0xff, 0xff, 0xff, 0xff, 0xfe, 0x55, 0x55, 0x55, 0x55,
    0x55, 0x55, 0x55, 0x55, 0x55, 0x6b, 0xee, 0xaa, 0xa5, 0x56, 0xaa, 0xaa, 0xaf, 0xfb, 0xef, 0xff, 0xff, 0xff, 0xff, 0xff, 0xfe, 0xaa, 0xff, 0xfe,
    0xab, 0xa9, 0x55, 0x55, 0x69, 0x55, 0x55, 0x55, 0x55, 0x45, 0x55, 0x55, 0x55, 0x55, 0x55, 0x55, 0x55, 0x5a, 0xa5, 0x55, 0xbf, 0xfd, 0x55, 0x55,
    0x55, 0x55, 0x55, 0x55, 0x55, 0x55, 0x45, 0x05, 0x15, 0x41, 0x54, 0x51, 0x45, 0x15, 0x51, 0x14, 0x05, 0xb9, 0x54, 0x17, 0x94, 0x51, 0x41, 0x45,
    0x11, 0x14, 0x50, 0x51, 0x45, 0x15, 0x14, 0x54, 0x51, 0x51, 0x45, 0x15, 0x14, 0x51, 0x51, 0x47, 0xf8, 0x6f, 0xf5, 0x45, 0x51, 0x94, 0x51, 0x45,
    0x14, 0x5b, 0xfb, 0x94, 0x51, 0x45, 0x14, 0x54, 0x15, 0x45, 0x51, 0x56, 0x54, 0x55, 0x15, 0x41, 0x55, 0x54, 0x54, 0x05, 0x55, 0x45, 0x54, 0x55,
    0x45, 0x55, 0x54, 0x55, 0x55, 0x54, 0x54, 0x54, 0x50, 0x55, 0x14, 0x55, 0x55, 0x54, 0x51, 0x55, 0x14, 0x55, 0x55, 0x15, 0x55, 0x55, 0x55, 0x55,
    0x55, 0x5a, 0xff, 0xe9, 0x55, 0x55, 0x55, 0x55, 0x55, 0x55, 0x57, 0xff, 0xff, 0xaa, 0xff, 0xff, 0xff, 0xff, 0xff, 0xff, 0xff, 0xff, 0xff, 0xff,
    0xff, 0xff, 0xff, 0xff, 0xff, 0xff, 0xff, 0xff, 0xff, 0xff, 0xa9, 0x55, 0x55, 0x55, 0x55, 0x55, 0x55, 0x55, 0x55, 0x55, 0x55, 0x55, 0x55, 0x55,
    0x55, 0x55, 0x55, 0x55, 0x55, 0x56, 0xaa, 0x9a, 0xaf, 0xfe, 0xaa, 0xa5, 0x55, 0x59, 0x55, 0x55, 0x55, 0x55, 0x55, 0x55, 0x55, 0x55, 0x55, 0x56,
    0xa5, 0x55, 0x55, 0x55, 0x55, 0x55, 0xa9, 0x15, 0xbf, 0xff, 0xab, 0xff, 0xff, 0x95, 0x55, 0x55, 0x55, 0x55, 0x55, 0x55, 0x55, 0x54, 0x15, 0x51,
    0x54, 0x14, 0x51, 0x45, 0x14, 0x55, 0x15, 0x5a, 0xf4, 0x51, 0x4b, 0x45, 0x14, 0x55, 0x05, 0x45, 0x14, 0x55, 0x45, 0x14, 0x55, 0x15, 0x05, 0x05,
    0x14, 0x45, 0x10, 0x51, 0x45, 0x15, 0x47, 0xf5, 0x2f, 0xb5, 0x14, 0x14, 0x45, 0x45, 0x14, 0x51, 0x4b, 0xff, 0x95, 0x14, 0x51, 0x45, 0x15, 0x51,
    0x50, 0x55, 0x11, 0x14, 0x45, 0x51, 0x54, 0x45, 0x14, 0x45, 0x41, 0x45, 0x54, 0x55, 0x51, 0x54, 0x54, 0x54, 0x54, 0x51, 0x55, 0x45, 0x55, 0x50,
    0x51, 0x55, 0x41, 0x54, 0x55, 0x51, 0x45, 0x55, 0x51, 0x05, 0x55, 0x51, 0x45, 0x14, 0x51, 0x55, 0x51, 0x55, 0x55, 0x55, 0x55, 0x55, 0x55, 0x55,
    0x45, 0x57, 0xff, 0xfb, 0xff, 0xff, 0xef, 0xbf, 0xff, 0xff, 0xff, 0xff, 0xff, 0xff, 0xff, 0xff, 0xff, 0xff, 0xff, 0xaa, 0x6a, 0xea, 0xff, 0xea,
    0xa9, 0x55, 0x55, 0x55, 0x55, 0x55, 0x55, 0x55, 0x55, 0x55, 0x55, 0x55, 0x55, 0x55, 0x55, 0x55, 0x55, 0x55, 0x55, 0x55, 0x55, 0x55, 0x51, 0x55,
    0x55, 0x55, 0x55, 0x55, 0x55, 0x55, 0x55, 0x55, 0x55, 0x55, 0x55, 0x55, 0x55, 0x55, 0x5f, 0xf5, 0x55, 0x55, 0x55, 0x6a, 0xbf, 0xfe, 0x6b, 0xff,
    0xff, 0xff, 0xff, 0xff, 0x95, 0x55, 0x55, 0x6f, 0xaa, 0x95, 0x55, 0x51, 0x50, 0x50, 0x51, 0x15, 0x45, 0x14, 0x55, 0x55, 0x45, 0x41, 0x6f, 0xd5,
    0x45, 0x4a, 0x51, 0x45, 0x11, 0x50, 0x54, 0x51, 0x45, 0x05, 0x51, 0x41, 0x41, 0x51, 0x54, 0x50, 0x51, 0x55, 0x45, 0x14, 0x54, 0x5b, 0xf5, 0x1f,
    0xf5, 0x51, 0x45, 0x45, 0x14, 0x51, 0x45, 0x57, 0xef, 0xd1, 0x45, 0x51, 0x55, 0x15, 0x15, 0x15, 0x05, 0x15, 0x45, 0x44, 0x45, 0x14, 0x41, 0x45,
    0x14, 0x50, 0x51, 0x15, 0x45, 0x14, 0x55, 0x55, 0x45, 0x51, 0x51, 0x51, 0x55, 0x55, 0x50, 0x55, 0x45, 0x55, 0x15, 0x45, 0x15, 0x54, 0x51, 0x55,
    0x54, 0x51, 0x45, 0x54, 0x55, 0x55, 0x55, 0x55, 0x55, 0x55, 0x55, 0x54, 0x55, 0x51, 0x51, 0x55, 0x56, 0xff, 0xbf, 0xaa, 0xab, 0xff, 0xff, 0xff,
    0xff, 0xff, 0xff, 0xff, 0xff, 0xff, 0xff, 0xff, 0xff, 0xe5, 0x55, 0x55, 0x55, 0x55, 0x55, 0x55, 0x55, 0x55, 0x55, 0x55, 0x55, 0x55, 0x55, 0x55,
    0x55, 0x56, 0x55, 0x55, 0x55, 0x55, 0x55, 0x55, 0x56, 0x95, 0x55, 0x55, 0x55, 0x55, 0x55, 0x55, 0x55, 0x55, 0x55, 0x55, 0x55, 0x55, 0x55, 0x55,
    0x55, 0x55, 0x55, 0x55, 0x5f, 0xff, 0xf5, 0x56, 0xea, 0x5b, 0xff, 0xff, 0xff, 0xff, 0xff, 0xff, 0xff, 0xff, 0xff, 0x55, 0x45, 0x55, 0xbf, 0xff,
    0xfe, 0xbe, 0xa9, 0x01, 0x55, 0x55, 0x11, 0x45, 0x54, 0x51, 0x45, 0x14, 0x54, 0xbb, 0x45, 0x45, 0x19, 0x51, 0x45, 0x11, 0x55, 0x14, 0x51, 0x41,
    0x54, 0x51, 0x55, 0x54, 0x51, 0x41, 0x45, 0x51, 0x45, 0x14, 0x55, 0x45, 0x4b, 0xb5, 0x5f, 0xf8, 0x51, 0x45, 0x14, 0x51, 0x45, 0x15, 0x16, 0xff,
    0xf9, 0x45, 0x14, 0x50, 0x51, 0x55, 0x51, 0x51, 0x54, 0x54, 0x55, 0x45, 0x45, 0x55, 0x45, 0x14, 0x55, 0x15, 0x55, 0x55, 0x55, 0x51, 0x45, 0x55,
    0x15, 0x15, 0x15, 0x51, 0x45, 0x10, 0x54, 0x55, 0x15, 0x55, 0x55, 0x55, 0x55, 0x55, 0x55, 0x45, 0x55, 0x45, 0x15, 0x45, 0x45, 0x55, 0x55, 0x55,
    0x55, 0x54, 0x55, 0x51, 0x55, 0x15, 0x15, 0x55, 0x6a, 0xaa, 0x55, 0x55, 0xaa, 0xa6, 0xaa, 0x6a, 0xaa, 0xbf, 0xff, 0xff, 0xff, 0xff, 0xff, 0xae,
    0x95, 0x55, 0x55, 0x55, 0x55, 0x55, 0x55, 0x55, 0x55, 0x55, 0x55, 0x55, 0x7f, 0xea, 0xe9, 0x55, 0xbf, 0xf9, 0x55, 0xbf, 0xfa, 0x55, 0x55, 0x6f,
    0xf9, 0x55, 0x55, 0x55, 0x55, 0x55, 0x55, 0x55, 0x55, 0x55, 0x55, 0x55, 0x55, 0x55, 0x55, 0x55, 0x55, 0x55, 0x55, 0xbf, 0xff, 0xfe, 0xbf, 0xff,
    0xff, 0xff, 0xff, 0xff, 0xff, 0xff, 0xff, 0xea, 0xab, 0xe9, 0x55, 0x55, 0x55, 0xff, 0xff, 0xff, 0xff, 0xf9, 0x15, 0x05, 0x05, 0x51, 0x51, 0x45,
    0x45, 0x45, 0x55, 0x15, 0xbd, 0x54, 0x51, 0x68, 0x54, 0x54, 0x54, 0x15, 0x05, 0x14, 0x54, 0x51, 0x45, 0x14, 0x14, 0x45, 0x15, 0x15, 0x14, 0x51,
    0x45, 0x41, 0x51, 0x47, 0xe0, 0x5f, 0xbd, 0x14, 0x51, 0x51, 0x45, 0x45, 0x15, 0x56, 0xff, 0xfe, 0x51, 0x54, 0x55, 0x55, 0x50, 0x51, 0x51, 0x45,
    0x15, 0x15, 0x15, 0x45, 0x14, 0x51, 0x45, 0x05, 0x05, 0x45, 0x11, 0x45, 0x55, 0x55, 0x15, 0x45, 0x55, 0x15, 0x55, 0x15, 0x50, 0x55, 0x45, 0x50,
    0x51, 0x11, 0x54, 0x51, 0x45, 0x14, 0x51, 0x54, 0x55, 0x51, 0x54, 0x55, 0x51, 0x55, 0x55, 0x55, 0x55, 0x55, 0x55, 0x55, 0x55, 0x55, 0x55, 0x55,
    0x55, 0x55, 0x55, 0x55, 0x55, 0x55, 0x55, 0x15, 0x5b, 0xff, 0xff, 0xff, 0xbf, 0xe5, 0x55, 0x55, 0x55, 0x55, 0x55, 0x55, 0x55, 0x56, 0x96, 0x55,
    0x55, 0x55, 0x55, 0xff, 0xff, 0xfe, 0xab, 0xff, 0xff, 0xff, 0xff, 0xff, 0xe5, 0x5b, 0xff, 0xfe, 0x55, 0x45, 0x55, 0x55, 0x55, 0x55, 0x55, 0x55,
    0x55, 0x55, 0x55, 0x51, 0x55, 0x55, 0x55, 0x55, 0x56, 0xbf, 0xff, 0xff, 0xff, 0xff, 0xff, 0xff, 0xff, 0xff, 0xff, 0xff, 0xff, 0x95, 0x55, 0x55,
    0x55, 0x55, 0x55, 0x51, 0xff, 0xff, 0xff, 0xfe, 0x41, 0x55, 0x54, 0x50, 0x54, 0x51, 0x45, 0x14, 0x54, 0x41, 0x51, 0xf8, 0x54, 0x54, 0x74, 0x45,
    0x14, 0x45, 0x41, 0x51, 0x44, 0x54, 0x51, 0x45, 0x15, 0x45, 0x45, 0x14, 0x51, 0x55, 0x15, 0x45, 0x14, 0x15, 0x1b, 0x95, 0x4b, 0xf9, 0x54, 0x51,
    0x45, 0x14, 0x51, 0x41, 0x46, 0xff, 0xfe, 0x55, 0x05, 0x14, 0x44, 0x15, 0x15, 0x14, 0x51, 0x41, 0x45, 0x14, 0x15, 0x14, 0x51, 0x51, 0x51, 0x50,
    0x55, 0x55, 0x55, 0x04, 0x55, 0x45, 0x44, 0x41, 0x54, 0x55, 0x55, 0x50, 0x45, 0x50, 0x55, 0x55, 0x55, 0x15, 0x55, 0x55, 0x15, 0x55, 0x15, 0x54,
    0x55, 0x15, 0x55, 0x55, 0x55, 0x45, 0x51, 0x55, 0x55, 0x55, 0x55, 0x51, 0x55, 0x55, 0x55, 0x55, 0x55, 0x55, 0x55, 0x55, 0x55, 0x55, 0x55, 0x56,
    0xaa, 0x96, 0xa9, 0x55, 0x55, 0x55, 0x55, 0x6a, 0xaa, 0x95, 0x55, 0x55, 0x5f, 0xff, 0xd5, 0x55, 0x55, 0x56, 0xff, 0xff, 0xff, 0xff, 0xff, 0xff,
    0xff, 0xff, 0xff, 0xff, 0xff, 0xff, 0xff, 0x55, 0x55, 0x55, 0x55, 0x55, 0x55, 0x55, 0x55, 0x55, 0x55, 0x54, 0x55, 0x15, 0x55, 0x55, 0x55, 0x55,
    0xaf, 0xff, 0xff, 0xff, 0xff, 0xff, 0xff, 0xff, 0xff, 0xff, 0xaa, 0xf9, 0x55, 0x55, 0x55, 0x55, 0x54, 0x51, 0x56, 0xff, 0xff, 0xff, 0xe4, 0x15,
    0x41, 0x51, 0x55, 0x05, 0x45, 0x51, 0x54, 0x51, 0x55, 0x15, 0x95, 0x15, 0x05, 0xa5, 0x45, 0x15, 0x45, 0x54, 0x51, 0x45, 0x05, 0x14, 0x54, 0x51,
    0x45, 0x14, 0x50, 0x54, 0x41, 0x50, 0x51, 0x55, 0x54, 0x57, 0x55, 0x4b, 0xfd, 0x55, 0x14, 0x54, 0x54, 0x51, 0x55, 0x16, 0xfe, 0xff, 0x45, 0x55,
    0x51, 0x55, 0x45, 0x54, 0x55, 0x14, 0x54, 0x55, 0x45, 0x51, 0x45, 0x14, 0x14, 0x51, 0x54, 0x51, 0x45, 0x15, 0x55, 0x45, 0x45, 0x54, 0x55, 0x55,
    0x41, 0x51, 0x10, 0x54, 0x55, 0x55, 0x15, 0x45, 0x55, 0x15, 0x15, 0x55, 0x55, 0x51, 0x55, 0x45, 0x55, 0x54, 0x55, 0x55, 0x55, 0x15, 0x55, 0x55,
    0x54, 0x51, 0x55, 0x55, 0x55, 0x55, 0x55, 0x55, 0x55, 0x55, 0x55, 0x55, 0x55, 0x55, 0x55, 0x55, 0x55, 0x55, 0x55, 0x55, 0x55, 0x55, 0xbf, 0xff,
    0xd5, 0x55, 0x95, 0xbf, 0xff, 0xf5, 0x55, 0x55, 0x5b, 0xff, 0xff, 0xff, 0xff, 0xfa, 0xff, 0xff, 0xff, 0xff, 0xff, 0xff, 0xff, 0xff, 0x95, 0x55,
    0x55, 0x55, 0x55, 0x5a, 0xa9, 0x55, 0x55, 0x55, 0x55, 0x55, 0x55, 0x55, 0x55, 0x55, 0x55, 0x56, 0xa9, 0xaa, 0xaa, 0xaa, 0xaa, 0xaa, 0xab, 0xff,
    0xe9, 0x55, 0x55, 0x55, 0x56, 0xa5, 0x55, 0x55, 0x55, 0x56, 0xff, 0xff, 0xfb, 0x81, 0x54, 0x54, 0x51, 0x05, 0x51, 0x54, 0x51, 0x45, 0x45, 0x15,
    0x14, 0x15, 0x11, 0x54, 0x95, 0x14, 0x50, 0x50, 0x51, 0x45, 0x15, 0x51, 0x45, 0x14, 0x51, 0x51, 0x51, 0x45, 0x05, 0x55, 0x15, 0x14, 0x45, 0x14,
    0x47, 0x90, 0x5b, 0xfe, 0x41, 0x54, 0x51, 0x45, 0x15, 0x15, 0x51, 0xff, 0xaf, 0x95, 0x51, 0x45, 0x15, 0x54, 0x45, 0x41, 0x45, 0x45, 0x50, 0x54,
    0x51, 0x45, 0x15, 0x45, 0x14, 0x45, 0x05, 0x55, 0x51, 0x55, 0x45, 0x54, 0x15, 0x50, 0x55, 0x15, 0x51, 0x50, 0x55, 0x45, 0x41, 0x51, 0x55, 0x45,
    0x51, 0x50, 0x55, 0x54, 0x55, 0x51, 0x54, 0x54, 0x55, 0x55, 0x55, 0x15, 0x55, 0x15, 0x55, 0x45, 0x55, 0x55, 0x55, 0x55, 0x55, 0x55, 0x56, 0xaa,
    0x55, 0x55, 0x55, 0x6f, 0xe5, 0x55, 0x55, 0x55, 0x55, 0x55, 0x55, 0x55, 0x55, 0xff, 0xff, 0xf5, 0xaf, 0xff, 0xff, 0xff, 0xfe, 0xab, 0xfe, 0xaf,
    0xff, 0xff, 0xff, 0xfe, 0x95, 0x6f, 0xff, 0xff, 0xff, 0xff, 0xff, 0xff, 0xff, 0xd1, 0x55, 0x55, 0x55, 0x55, 0xbf, 0xfe, 0x96, 0xbf, 0xf5, 0x55,
    0x55, 0x55, 0x5a, 0x55, 0x55, 0x15, 0x55, 0x55, 0x55, 0x55, 0x55, 0x55, 0x55, 0x55, 0x6a, 0x95, 0x55, 0x55, 0x55, 0x6f, 0xfa, 0xaa, 0xaf, 0xf9,
    0x57, 0xff, 0xff, 0xfe, 0x15, 0x45, 0x54, 0x54, 0x51, 0x54, 0x51, 0x55, 0x15, 0x14, 0x51, 0x51, 0x51, 0x51, 0x51, 0xd1, 0x51, 0x45, 0x15, 0x11,
    0x45, 0x10, 0x51, 0x45, 0x15, 0x14, 0x14, 0x51, 0x55, 0x45, 0x14, 0x55, 0x15, 0x45, 0x15, 0x4b, 0x95, 0x4b, 0x5e, 0x55, 0x45, 0x15, 0x15, 0x15,
    0x51, 0x55, 0xff, 0x5f, 0xf4, 0x55, 0x55, 0x41, 0x51, 0x45, 0x15, 0x55, 0x51, 0x45, 0x55, 0x14, 0x51, 0x51, 0x45, 0x15, 0x45, 0x41, 0x51, 0x45,
    0x41, 0x54, 0x55, 0x55, 0x15, 0x41, 0x54, 0x55, 0x50, 0x41, 0x54, 0x55, 0x45, 0x51, 0x54, 0x55, 0x55, 0x45, 0x15, 0x55, 0x55, 0x15, 0x45, 0x15,
    0x14, 0x51, 0x55, 0x51, 0x55, 0x55, 0x55, 0x55, 0x55, 0x15, 0x55, 0x51, 0x55, 0x1b, 0xff, 0xea, 0xaf, 0xea, 0xff, 0xf9, 0x55, 0x55, 0x55, 0x55,
    0x55, 0x69, 0x6b, 0xeb, 0xff, 0xff, 0xff, 0xff, 0xff, 0xff, 0xff, 0xff, 0xff, 0xff, 0xff, 0xff, 0xff, 0xea, 0xa5, 0x55, 0x55, 0xff, 0xff, 0xff,
    0xff, 0xff, 0xea, 0xff, 0xd5, 0x55, 0x55, 0x55, 0x51, 0xff, 0xff, 0xff, 0xff, 0xf9, 0x55, 0x5b, 0xea, 0xff, 0xe5, 0x56, 0x95, 0x55, 0x55, 0x55,
    0x55, 0x55, 0x55, 0x55, 0x55, 0x55, 0x55, 0x55, 0x69, 0x56, 0xbf, 0xff, 0xff, 0xff, 0xff, 0xaf, 0xff, 0xff, 0xb8, 0x55, 0x55, 0x15, 0x45, 0x45,
    0x05, 0x15, 0x15, 0x11, 0x51, 0x51, 0x45, 0x51, 0x45, 0x16, 0x91, 0x45, 0x45, 0x11, 0x51, 0x51, 0x55, 0x14, 0x51, 0x41, 0x55, 0x45, 0x14, 0x10,
    0x51, 0x45, 0x45, 0x51, 0x51, 0x51, 0x4b, 0x95, 0x45, 0x4a, 0x54, 0x51, 0x45, 0x11, 0x41, 0x45, 0x15, 0xfe, 0x46, 0xfd, 0x54, 0x15, 0x54, 0x15,
    0x51, 0x54, 0x10, 0x55, 0x14, 0x11, 0x45, 0x14, 0x54, 0x55, 0x51, 0x50, 0x50, 0x55, 0x54, 0x55, 0x15, 0x51, 0x45, 0x15, 0x15, 0x55, 0x45, 0x50,
    0x55, 0x55, 0x14, 0x55, 0x54, 0x55, 0x45, 0x45, 0x55, 0x51, 0x45, 0x55, 0x54, 0x55, 0x51, 0x55, 0x55, 0x51, 0x55, 0x55, 0x51, 0x55, 0x55, 0x55,
    0x6f, 0x55, 0x55, 0x55, 0xbf, 0xff, 0xff, 0xff, 0xff, 0xff, 0xfe, 0x55, 0xba, 0x55, 0x55, 0x56, 0xff, 0xff, 0xff, 0xff, 0xff, 0xff, 0xff, 0xff,
    0xff, 0xff, 0xff, 0xff, 0xff, 0xff, 0xff, 0xff, 0x95, 0x55, 0x55, 0x55, 0x6b, 0xff, 0xff, 0x95, 0x6a, 0x55, 0x56, 0x55, 0x55, 0x54, 0x54, 0x5b,
    0xff, 0xff, 0xff, 0xff, 0xfe, 0x56, 0xbf, 0xff, 0xff, 0xfe, 0xbf, 0xf5, 0x55, 0x55, 0x65, 0x56, 0xf9, 0x56, 0xa9, 0x55, 0x45, 0x55, 0x56, 0xff,
    0xff, 0xff, 0xff, 0xff, 0xff, 0xff, 0xff, 0xff, 0xfb, 0xf4, 0x51, 0x41, 0x51, 0x14, 0x54, 0x55, 0x15, 0x41, 0x54, 0x51, 0x45, 0x14, 0x54, 0x54,
    0x57, 0x54, 0x54, 0x51, 0x51, 0x45, 0x14, 0x45, 0x14, 0x51, 0x55, 0x41, 0x45, 0x45, 0x55, 0x14, 0x51, 0x44, 0x51, 0x14, 0x55, 0x56, 0xd1, 0x54,
    0x5a, 0x51, 0x55, 0x45, 0x55, 0x54, 0x55, 0x52, 0xfe, 0x55, 0xbe, 0x45, 0x51, 0x15, 0x54, 0x55, 0x05, 0x55, 0x45, 0x51, 0x54, 0x55, 0x15, 0x05,
    0x41, 0x45, 0x15, 0x14, 0x14, 0x55, 0x55, 0x51, 0x55, 0x55, 0x51, 0x54, 0x45, 0x14, 0x50, 0x54, 0x51, 0x55, 0x51, 0x45, 0x55, 0x55, 0x55, 0x51,
    0x55, 0x54, 0x51, 0x55, 0x54, 0x55, 0x55, 0x54, 0x15, 0x15, 0x55, 0x1a, 0x94, 0x55, 0x52, 0xff, 0xe6, 0xfe, 0xaa, 0xff, 0xff, 0xff, 0xff, 0xff,
    0xff, 0xff, 0xaf, 0xff, 0x95, 0x55, 0x57, 0xff, 0xff, 0xff, 0xff, 0xff, 0xff, 0xff, 0xff, 0xff, 0xff, 0xff, 0xff, 0xff, 0xff, 0xff, 0xf9, 0x55,
    0x55, 0x5a, 0x55, 0x55, 0x55, 0x6a, 0x55, 0x55, 0x55, 0x55, 0x55, 0x55, 0x56, 0x99, 0xbf, 0xff, 0xff, 0xff, 0xff, 0xff, 0xff, 0xff, 0xff, 0xff,
    0xff, 0xff, 0xfd, 0x5b, 0xab, 0xff, 0xff, 0xff, 0xef, 0xff, 0x55, 0x55, 0x55, 0x4b, 0xff, 0xff, 0xff, 0xff, 0xff, 0xff, 0xff, 0xff, 0xff, 0xbf,
    0xd1, 0x55, 0x15, 0x45, 0x51, 0x45, 0x41, 0x51, 0x55, 0x45, 0x15, 0x45, 0x14, 0x45, 0x15, 0x5a, 0x55, 0x45, 0x14, 0x54, 0x54, 0x54, 0x51, 0x45,
    0x15, 0x14, 0x54, 0x54, 0x54, 0x51, 0x45, 0x14, 0x55, 0x15, 0x15, 0x44, 0x51, 0x54, 0x15, 0x4b, 0x55, 0x14, 0x51, 0x44, 0x15, 0x11, 0x56, 0xf9,
    0x45, 0x1b, 0x95, 0x51, 0x51, 0x45, 0x45, 0x54, 0x51, 0x45, 0x15, 0x45, 0x51, 0x41, 0x55, 0x14, 0x54, 0x15, 0x15, 0x45, 0x14, 0x51, 0x55, 0x05,
    0x14, 0x55, 0x05, 0x15, 0x14, 0x50, 0x54, 0x55, 0x05, 0x15, 0x55, 0x55, 0x14, 0x55, 0x15, 0x55, 0x55, 0x55, 0x45, 0x45, 0x55, 0x55, 0x55, 0x55,
    0x55, 0x55, 0x6f, 0xe9, 0xaa, 0xab, 0xff, 0xff, 0xff, 0xff, 0xfe, 0xff, 0xff, 0xff, 0xff, 0xff, 0xff, 0xff, 0xff, 0x95, 0x55, 0x5b, 0xff, 0xff,
    0xff, 0xff, 0xff, 0xff, 0xff, 0xff, 0xff, 0xff, 0xff, 0xff, 0xff, 0xff, 0xa5, 0x55, 0x55, 0x57, 0xff, 0xe5, 0x55, 0x55, 0x55, 0x55, 0x55, 0x55,
    0x55, 0x55, 0x55, 0x5f, 0xff, 0xff, 0xff, 0xff, 0xff, 0xff, 0xff, 0xff, 0xff, 0xff, 0xff, 0xff, 0xff, 0xff, 0xff, 0xff, 0xff, 0xff, 0xff, 0xff,
    0xff, 0x95, 0x55, 0x55, 0x5f, 0xff, 0xff, 0xff, 0xff, 0xff, 0xff, 0xff, 0xff, 0xef, 0xff, 0x95, 0x45, 0x55, 0x44, 0x51, 0x45, 0x55, 0x54, 0x14,
    0x51, 0x54, 0x55, 0x45, 0x51, 0x41, 0x1d, 0x41, 0x45, 0x45, 0x05, 0x14, 0x41, 0x51, 0x55, 0x14, 0x51, 0x45, 0x45, 0x54, 0x51, 0x51, 0x54, 0x51,
    0x45, 0x41, 0x45, 0x45, 0x15, 0x51, 0x47, 0x85, 0x14, 0x55, 0x45, 0x51, 0x54, 0x47, 0xf8, 0x51, 0x56, 0xf4, 0x54, 0x51, 0x45, 0x50, 0x54, 0x51,
    0x55, 0x14, 0x55, 0x15, 0x54, 0x51, 0x54, 0x51, 0x45, 0x51, 0x41, 0x45, 0x55, 0x15, 0x51, 0x51, 0x45, 0x55, 0x15, 0x55, 0x50, 0x55, 0x45, 0x54,
    0x55, 0x14, 0x41, 0x54, 0x51, 0x55, 0x55, 0x15, 0x55, 0x55, 0x55, 0x55, 0x55, 0x55, 0x55, 0x55, 0x46, 0xff, 0xff, 0xff, 0xff, 0xff, 0xee, 0xfa,
    0xaf, 0xef, 0xea, 0xa6, 0xbe, 0xff, 0xff, 0xff, 0xff, 0xfa, 0x55, 0x55, 0x5f, 0xff, 0xff, 0xfa, 0xff, 0xff, 0xea, 0x55, 0xbf, 0xff, 0xff, 0xff,
    0xff, 0xff, 0xbe, 0x55, 0x55, 0x55, 0x5f, 0xff, 0xf9, 0x55, 0x55, 0x55, 0x55, 0x56, 0xfe, 0x95, 0x55, 0x55, 0xbf, 0xff, 0xff, 0xff, 0xff, 0xff,
    0xff, 0xff, 0xff, 0xff, 0xff, 0xff, 0xff, 0xff, 0xff, 0xff, 0xff, 0xff, 0xff, 0xff, 0xff, 0xff, 0x55, 0x55, 0x55, 0x5f, 0xff, 0xff, 0xff, 0xea,
    0x55, 0x55, 0x56, 0xbf, 0xff, 0xff, 0x45, 0x45, 0x45, 0x15, 0x14, 0x54, 0x14, 0x15, 0x55, 0x51, 0x45, 0x10, 0x54, 0x14, 0x55, 0x78, 0x54, 0x54,
    0x55, 0x55, 0x15, 0x55, 0x05, 0x11, 0x54, 0x51, 0x45, 0x14, 0x45, 0x15, 0x14, 0x45, 0x15, 0x44, 0x54, 0x55, 0x55, 0x51, 0x51, 0x56, 0x95, 0x45,
    0x44, 0x55, 0x45, 0x05, 0x56, 0xf9, 0x51, 0x41, 0xb4, 0x45, 0x15, 0x50, 0x55, 0x45, 0x45, 0x14, 0x54, 0x51, 0x44, 0x15, 0x51, 0x45, 0x15, 0x45,
    0x14, 0x14, 0x15, 0x05, 0x10, 0x55, 0x55, 0x14, 0x51, 0x50, 0x51, 0x50, 0x45, 0x54, 0x55, 0x45, 0x54, 0x55, 0x55, 0x55, 0x45, 0x55, 0x55, 0x14,
    0x55, 0x15, 0x54, 0x55, 0x15, 0x55, 0x51, 0x5f, 0xff, 0xff, 0xff, 0xfe, 0xaa, 0x55, 0x55, 0x55, 0x55, 0x55, 0x15, 0x5f, 0xff, 0xfe, 0x55, 0xbe,
    0xa5, 0x55, 0x55, 0x5b, 0xff, 0xff, 0x95, 0x56, 0xaa, 0x55, 0x55, 0x5a, 0xaa, 0xaa, 0xaa, 0xaf, 0xff, 0xe5, 0x55, 0x55, 0xab, 0xff, 0xff, 0xfe,
    0x9b, 0xfe, 0xa5, 0x55, 0x6f, 0xff, 0xfe, 0x9a, 0xff, 0xff, 0xff, 0xff, 0xff, 0xff, 0xff, 0xff, 0xff, 0xff, 0xff, 0xff, 0xff, 0xff, 0xff, 0xff,
    0xff, 0xff, 0xff, 0xff, 0xff, 0xff, 0xfe, 0x55, 0x55, 0x55, 0x57, 0xfe, 0xaa, 0x95, 0x55, 0x55, 0x55, 0x55, 0x55, 0x56, 0xa5, 0x14, 0x54, 0x54,
    0x51, 0x55, 0x15, 0x51, 0x51, 0x41, 0x15, 0x15, 0x15, 0x45, 0x45, 0x51, 0xd5, 0x15, 0x45, 0x10, 0x51, 0x41, 0x05, 0x54, 0x15, 0x05, 0x14, 0x51,
    0x51, 0x45, 0x15, 0x14, 0x55, 0x14, 0x55, 0x14, 0x50, 0x51, 0x45, 0x14, 0x15, 0xd1, 0x55, 0x14, 0x51, 0x45, 0x55, 0x57, 0xfd, 0x14, 0x55, 0x79,
    0x55, 0x45, 0x15, 0x05, 0x45, 0x45, 0x51, 0x45, 0x14, 0x55, 0x41, 0x54, 0x51, 0x51, 0x51, 0x55, 0x54, 0x11, 0x55, 0x55, 0x54, 0x45, 0x51, 0x55,
    0x55, 0x54, 0x10, 0x51, 0x45, 0x41, 0x54, 0x55, 0x55, 0x55, 0x54, 0x55, 0x54, 0x6e, 0x54, 0x5b, 0x95, 0x15, 0x55, 0x55, 0x45, 0x55, 0x6f, 0xff,
    0xa9, 0x56, 0x95, 0x55, 0x55, 0x55, 0x55, 0x55, 0x55, 0x55, 0x56, 0xfa, 0xa5, 0x55, 0x55, 0x55, 0x55, 0x55, 0x56, 0xab, 0xa9, 0x55, 0x55, 0x55,
    0x55, 0x55, 0x55, 0x55, 0x55, 0x55, 0x55, 0xaa, 0x95, 0x55, 0x56, 0xff, 0xff, 0xff, 0xff, 0xff, 0xff, 0xfa, 0x56, 0xff, 0xff, 0xff, 0xff, 0xff,
    0xff, 0xff, 0xff, 0xff, 0xff, 0xff, 0xff, 0xff, 0xff, 0xff, 0xff, 0xff, 0xff, 0xff, 0xff, 0xff, 0xff, 0xff, 0xff, 0xff, 0xff, 0xfd, 0x55, 0x55,
    0x55, 0x55, 0x55, 0x55, 0x55, 0x55, 0x54, 0x55, 0x55, 0x45, 0x55, 0x14, 0x54, 0x55, 0x51, 0x45, 0x41, 0x51, 0x45, 0x15, 0x15, 0x14, 0x51, 0x54,
    0x54, 0x55, 0x07, 0x85, 0x14, 0x51, 0x55, 0x14, 0x55, 0x50, 0x51, 0x45, 0x51, 0x45, 0x14, 0x51, 0x51, 0x45, 0x15, 0x11, 0x45, 0x15, 0x15, 0x15,
    0x15, 0x45, 0x45, 0x51, 0xd5, 0x15, 0x15, 0x14, 0x54, 0x51, 0x56, 0xfd, 0x15, 0x54, 0x6f, 0x54, 0x54, 0x55, 0x54, 0x54, 0x54, 0x55, 0x45, 0x14,
    0x51, 0x54, 0x15, 0x14, 0x51, 0x14, 0x41, 0x45, 0x41, 0x51, 0x45, 0x15, 0x54, 0x55, 0x54, 0x55, 0x15, 0x50, 0x55, 0x55, 0x55, 0x15, 0x45, 0x51,
    0x51, 0x45, 0x51, 0x55, 0x6f, 0xea, 0xbf, 0xea, 0x95, 0x55, 0x55, 0x59, 0x55, 0x6f, 0xfa, 0x55, 0x54, 0x55, 0x55, 0x55, 0x55, 0x55, 0x55, 0x55,
    0x55, 0x55, 0x55, 0x55, 0x55, 0x55, 0x55, 0x55, 0x55, 0x55, 0x55, 0x55, 0x55, 0x55, 0x55, 0x55, 0xa5, 0x55, 0x55, 0x55, 0x55, 0x55, 0x55, 0x55,
    0x55, 0x5b, 0xff, 0xff, 0xff, 0xff, 0xff, 0xff, 0xff, 0xff, 0xff, 0xff, 0xff, 0xff, 0xff, 0xff, 0xff, 0xff, 0xff, 0xff, 0xff, 0xff, 0xff, 0xff,
    0xff, 0xff, 0xff, 0xff, 0xff, 0xff, 0xff, 0xff, 0xff, 0xff, 0xff, 0xff, 0xe5, 0x55, 0x54, 0x55, 0x55, 0x55, 0x55, 0x55, 0x51, 0x55, 0xa9, 0x55,
    0x55, 0x55, 0x51, 0x55, 0x45, 0x15, 0x54, 0x55, 0x51, 0x45, 0x45, 0x51, 0x55, 0x55, 0x45, 0x51, 0x44, 0x56, 0x54, 0x54, 0x51, 0x45, 0x14, 0x50,
    0x55, 0x15, 0x50, 0x54, 0x51, 0x45, 0x15, 0x14, 0x54, 0x51, 0x55, 0x45, 0x14, 0x51, 0x55, 0x50, 0x54, 0x55, 0x45, 0xa5, 0x41, 0x51, 0x45, 0x45,
    0x55, 0x16, 0xf9, 0x45, 0x14, 0x5f, 0x85, 0x55, 0x41, 0x54, 0x51, 0x45, 0x05, 0x14, 0x55, 0x15, 0x15, 0x41, 0x45, 0x45, 0x15, 0x45, 0x45, 0x54,
    0x15, 0x15, 0x15, 0x51, 0x44, 0x55, 0x41, 0x51, 0x50, 0x54, 0x51, 0x15, 0x51, 0x55, 0x55, 0x55, 0x55, 0x55, 0x55, 0x7f, 0xff, 0xff, 0xff, 0xe1,
    0x55, 0x54, 0xbf, 0x95, 0x55, 0x95, 0x55, 0x55, 0x55, 0x5a, 0x55, 0x55, 0x55, 0x55, 0x55, 0x55, 0x55, 0x55, 0x55, 0x55, 0x55, 0x55, 0x55, 0x55,
    0x55, 0x55, 0x55, 0x55, 0x55, 0x55, 0x56, 0xfd, 0x55, 0x55, 0x55, 0x55, 0x55, 0x55, 0x55, 0x55, 0x5f, 0xff, 0xff, 0xff, 0xff, 0xff, 0xff, 0xff,
    0xff, 0xff, 0xff, 0xff, 0xff, 0xff, 0xff, 0xff, 0xff, 0xff, 0xff, 0xff, 0xff, 0xff, 0xff, 0xff, 0xff, 0xff, 0xff, 0xff, 0xff, 0xff, 0xff, 0xff,
    0xff, 0xfe, 0xaa, 0x95, 0x55, 0x55, 0x95, 0x69, 0x55, 0x6b, 0xa5, 0x5b, 0xff, 0xff, 0x95, 0x55, 0x45, 0x05, 0x41, 0x55, 0x54, 0x15, 0x50, 0x55,
    0x54, 0x54, 0x54, 0x41, 0x14, 0x51, 0x15, 0x14, 0x54, 0x51, 0x45, 0x15, 0x14, 0x55, 0x15, 0x05, 0x14, 0x55, 0x45, 0x14, 0x51, 0x51, 0x45, 0x45,
    0x45, 0x14, 0x54, 0x51, 0x51, 0x44, 0x55, 0x51, 0x41, 0x45, 0xb4, 0x55, 0x14, 0x54, 0x54, 0x15, 0x57, 0xf4, 0x54, 0x55, 0x5f, 0x95, 0x15, 0x55,
    0x05, 0x15, 0x15, 0x55, 0x15, 0x41, 0x45, 0x51, 0x55, 0x51, 0x45, 0x41, 0x54, 0x50, 0x54, 0x15, 0x15, 0x45, 0x15, 0x55, 0x41, 0x55, 0x55, 0x10,
    0x55, 0x55, 0x51, 0x45, 0x51, 0x55, 0x55, 0x54, 0x55, 0x55, 0xbf, 0xff, 0xff, 0xbf, 0xd5, 0x55, 0x56, 0xff, 0xe5, 0x51, 0x54, 0x55, 0x55, 0x55,
    0xbf, 0x95, 0x55, 0x55, 0x55, 0xaa, 0x55, 0x55, 0x55, 0x54, 0x55, 0x56, 0x55, 0x6f, 0xea, 0x95, 0x55, 0x55, 0x5b, 0xf9, 0x55, 0xbf, 0xff, 0x96,
    0x55, 0x69, 0x55, 0x55, 0x55, 0x55, 0x15, 0x5b, 0xff, 0xff, 0xff, 0xff, 0xff, 0xff, 0xff, 0xff, 0xff, 0xff, 0xff, 0xff, 0xff, 0xff, 0xff, 0xff,
    0xff, 0xff, 0xff, 0xfe, 0xbf, 0xff, 0xff, 0xfe, 0xa9, 0x95, 0xaa, 0xbf, 0xfe, 0xff, 0xff, 0xea, 0xa5, 0x55, 0x55, 0x55, 0x6f, 0xfb, 0xff, 0x96,
    0xff, 0xff, 0xff, 0xff, 0xff, 0xf9, 0x54, 0x54, 0x14, 0x55, 0x14, 0x51, 0x51, 0x15, 0x44, 0x14, 0x51, 0x45, 0x55, 0x15, 0x51, 0x45, 0x15, 0x05,
    0x15, 0x15, 0x14, 0x51, 0x45, 0x15, 0x51, 0x51, 0x41, 0x41, 0x44, 0x51, 0x45, 0x54, 0x55, 0x14, 0x51, 0x54, 0x55, 0x14, 0x54, 0x45, 0x15, 0x54,
    0x54, 0xb5, 0x45, 0x05, 0x45, 0x15, 0x51, 0xab, 0xf9, 0x45, 0x41, 0x1f, 0xf9, 0x50, 0x54, 0x55, 0x45, 0x51, 0x51, 0x51, 0x54, 0x54, 0x55, 0x14,
    0x14, 0x51, 0x54, 0x14, 0x55, 0x45, 0x41, 0x50, 0x54, 0x54, 0x50, 0x55, 0x15, 0x15, 0x50, 0x51, 0x45, 0x51, 0x45, 0x15, 0x45, 0x45, 0x55, 0x55,
    0x56, 0xfe, 0xff, 0xbf, 0xff, 0x95, 0x51, 0x5b, 0xff, 0xd1, 0x55, 0x55, 0x55, 0x55, 0x5a, 0xff, 0xf5, 0x56, 0x5a, 0xaf, 0xff, 0x55, 0x55, 0x55,
    0x55, 0xaa, 0x6f, 0xe5, 0xbf, 0xff, 0xe5, 0x55, 0x55, 0x6f, 0xfe, 0xaa, 0xff, 0xff, 0xff, 0xef, 0xff, 0xe9, 0xa5, 0x55, 0x55, 0x55, 0x55, 0x55,
    0x55, 0xaf, 0xff, 0xff, 0xfa, 0xaa, 0xff, 0xff, 0xff, 0xff, 0xff, 0xff, 0xff, 0xff, 0xff, 0xff, 0xff, 0xff, 0xe5, 0x55, 0xaa, 0xa9, 0x65, 0x55,
    0x55, 0x55, 0x55, 0x55, 0x6a, 0xae, 0x55, 0x55, 0x55, 0x55, 0x52, 0xff, 0xff, 0xff, 0xff, 0xff, 0xff, 0xff, 0xff, 0xff, 0xff, 0xea, 0x91, 0x55,
    0x51, 0x55, 0x15, 0x51, 0x55, 0x15, 0x45, 0x45, 0x14, 0x14, 0x51, 0x15, 0x51, 0x51, 0x51, 0x45, 0x11, 0x45, 0x45, 0x45, 0x41, 0x51, 0x51, 0x51,
    0x54, 0x45, 0x14, 0x54, 0x14, 0x51, 0x51, 0x45, 0x15, 0x05, 0x45, 0x55, 0x51, 0x50, 0x54, 0x55, 0x51, 0x45, 0x51, 0x45, 0x51, 0x41, 0xff, 0xf8,
    0x55, 0x15, 0x4b, 0xff, 0x95, 0x14, 0x55, 0x44, 0x54, 0x51, 0x54, 0x15, 0x45, 0x45, 0x45, 0x45, 0x15, 0x15, 0x45, 0x05, 0x05, 0x50, 0x15, 0x14,
    0x51, 0x45, 0x55, 0x11, 0x54, 0x50, 0x55, 0x45, 0x15, 0x54, 0x55, 0x45, 0x54, 0x51, 0x45, 0x17, 0xff, 0xfb, 0xff, 0xef, 0x95, 0x5a, 0xaf, 0xff,
    0xfa, 0xbe, 0xbf, 0x95, 0x45, 0xbf, 0xff, 0xff, 0xbf, 0xff, 0xff, 0xfa, 0x55, 0x55, 0x55, 0x57, 0xff, 0xff, 0xfe, 0xff, 0xff, 0xe5, 0x55, 0x55,
    0xbf, 0xff, 0xff, 0xff, 0xff, 0xff, 0xff, 0xff, 0xff, 0xf9, 0x55, 0x55, 0x55, 0x55, 0x55, 0x55, 0x55, 0x55, 0x55, 0x55, 0x55, 0x55, 0x5a, 0xff,
    0xff, 0xff, 0xff, 0xff, 0xff, 0xff, 0xff, 0xfe, 0xa9, 0x55, 0x55, 0x55, 0x55, 0x55, 0x55, 0x55, 0x55, 0x55, 0x55, 0x55, 0x55, 0x55, 0x55, 0x55,
    0x55, 0x55, 0xff, 0xbf, 0xff, 0xff, 0xff, 0xff, 0xff, 0xff, 0xff, 0xff, 0xfe, 0x45, 0x55, 0x15, 0x41, 0x54, 0x55, 0x45, 0x15, 0x45, 0x14, 0x55,
    0x45, 0x45, 0x14, 0x15, 0x14, 0x54, 0x51, 0x51, 0x45, 0x14, 0x50, 0x54, 0x14, 0x14, 0x14, 0x14, 0x51, 0x45, 0x15, 0x45, 0x14, 0x51, 0x54, 0x41,
    0x54, 0x55, 0x05, 0x15, 0x15, 0x05, 0x41, 0x45, 0x14, 0x51, 0x54, 0x51, 0x55, 0xff, 0xed, 0x11, 0x54, 0x57, 0xff, 0xe5, 0x55, 0x41, 0x54, 0x45,
    0x45, 0x15, 0x41, 0x45, 0x14, 0x51, 0x55, 0x15, 0x11, 0x51, 0x55, 0x54, 0x15, 0x01, 0x55, 0x51, 0x55, 0x45, 0x55, 0x45, 0x10, 0x54, 0x55, 0x54,
    0xaa, 0x45, 0x6b, 0x94, 0x56, 0xaa, 0xab, 0xff, 0xff, 0xfb, 0xff, 0xfa, 0xff, 0xff, 0xff, 0xff, 0xff, 0xff, 0xe5, 0x6b, 0xff, 0xff, 0xbf, 0xff,
    0xff, 0xff, 0xa5, 0x55, 0x55, 0x55, 0x56, 0xff, 0xff, 0xff, 0xff, 0xff, 0xfa, 0xa9, 0x56, 0xff, 0xff, 0xff, 0xff, 0xff, 0xff, 0xff, 0xff, 0xff,
    0xe5, 0x55, 0x55, 0x55, 0x55, 0x55, 0x55, 0x55, 0x55, 0x55, 0x55, 0x55, 0x55, 0x55, 0x5a, 0xbe, 0xba, 0xae, 0xfb, 0xaf, 0xff, 0xff, 0xa5, 0x55,
    0x55, 0x55, 0x55, 0x55, 0x55, 0x55, 0x55, 0x55, 0x55, 0x55, 0x55, 0x55, 0x55, 0x55, 0x55, 0x55, 0x55, 0x55, 0x69, 0x5f, 0xff, 0xff, 0xff, 0xff,
    0xff, 0xeb, 0xff, 0xe4, 0x54, 0x51, 0x45, 0x55, 0x45, 0x14, 0x51, 0x50, 0x51, 0x55, 0x41, 0x54, 0x55, 0x55, 0x45, 0x15, 0x45, 0x14, 0x55, 0x51,
    0x51, 0x55, 0x15, 0x45, 0x55, 0x45, 0x51, 0x51, 0x45, 0x51, 0x51, 0x45, 0x45, 0x14, 0x55, 0x45, 0x14, 0x51, 0x54, 0x51, 0x54, 0x54, 0x54, 0x51,
    0x45, 0x15, 0x15, 0x14, 0xbf, 0xf9, 0x55, 0x45, 0x16, 0xeb, 0xe5, 0x45, 0x15, 0x15, 0x45, 0x55, 0x14, 0x54, 0x55, 0x15, 0x15, 0x15, 0x51, 0x51,
    0x14, 0x50, 0x55, 0x45, 0x50, 0x10, 0x45, 0x10, 0x54, 0x54, 0x55, 0x40, 0x55, 0x54, 0x56, 0xff, 0xe4, 0xbf, 0xea, 0xbf, 0xff, 0xff, 0xfe, 0xff,
    0xff, 0xff, 0xff, 0xff, 0xff, 0xff, 0xff, 0xff, 0xff, 0xff, 0xff, 0xff, 0xef, 0xff, 0xef, 0xfe, 0xf9, 0x55, 0x55, 0x55, 0x15, 0x56, 0xff, 0xff,
    0xff, 0xff, 0xff, 0xff, 0xfe, 0xab, 0xea, 0xff, 0xff, 0xff, 0xff, 0xff, 0xea, 0xfe, 0x5a, 0x95, 0x55, 0x55, 0x55, 0x55, 0x55, 0x55, 0x55, 0x55,
    0x55, 0x55, 0x55, 0x15, 0x55, 0x55, 0x55, 0x55, 0x55, 0x55, 0x55, 0x6a, 0xa5, 0x55, 0x55, 0x55, 0xbe, 0x55, 0x55, 0x55, 0x56, 0xb9, 0x55, 0x55,
    0x55, 0x55, 0x55, 0x55, 0x55, 0x55, 0x55, 0x55, 0x55, 0x45, 0x56, 0xbe, 0x96, 0xaa, 0xaa, 0xab, 0xff, 0xbb, 0x85, 0x55, 0x45, 0x54, 0x14, 0x51,
    0x55, 0x15, 0x45, 0x14, 0x41, 0x55, 0x14, 0x51, 0x41, 0x51, 0x41, 0x45, 0x14, 0x44, 0x50, 0x51, 0x05, 0x11, 0x45, 0x05, 0x45, 0x15, 0x05, 0x14,
    0x51, 0x15, 0x51, 0x45, 0x15, 0x50, 0x55, 0x45, 0x55, 0x45, 0x45, 0x45, 0x55, 0x18, 0x51, 0x45, 0x11, 0x51, 0x55, 0x6f, 0xbd, 0x44, 0x51, 0x56,
    0x91, 0xe5, 0x45, 0x55, 0x41, 0x50, 0x51, 0x45, 0x55, 0x51, 0x51, 0x55, 0x50, 0x51, 0x45, 0x45, 0x15, 0x41, 0x45, 0x55, 0x05, 0x54, 0x55, 0x15,
    0x45, 0x51, 0x40, 0x51, 0x45, 0x7f, 0xff, 0xf6, 0xff, 0xff, 0xff, 0xff, 0xff, 0xef, 0xfb, 0xef, 0xef, 0xef, 0xfe, 0xff, 0xff, 0xff, 0xfb, 0xfe,
    0xff, 0xfe, 0xaa, 0xbf, 0xea, 0xbe, 0xa5, 0x55, 0x55, 0xa9, 0x55, 0xa9, 0x57, 0xff, 0xff, 0xff, 0xff, 0xff, 0xff, 0xff, 0xff, 0x95, 0x95, 0xaa,
    0xfa, 0xa9, 0x6a, 0x55, 0x55, 0x55, 0x55, 0x55, 0x55, 0x55, 0x55, 0x6f, 0xa5, 0x55, 0x55, 0x55, 0x55, 0x55, 0xa9, 0x55, 0x55, 0x55, 0x55, 0x55,
    0x55, 0x55, 0x15, 0x55, 0x55, 0x55, 0x55, 0xff, 0xe6, 0xe9, 0x5f, 0xff, 0xff, 0x95, 0x55, 0x55, 0xbf, 0x95, 0x55, 0x55, 0x55, 0x55, 0x55, 0x55,
    0x55, 0x55, 0x55, 0x55, 0x55, 0x45, 0x56, 0xab, 0xfd, 0x15, 0x15, 0x45, 0x15, 0x55, 0x15, 0x41, 0x54, 0x55, 0x55, 0x54, 0x14, 0x51, 0x45, 0x15,
    0x15, 0x54, 0x51, 0x51, 0x45, 0x15, 0x15, 0x50, 0x51, 0x51, 0x50, 0x55, 0x14, 0x54, 0x55, 0x15, 0x44, 0x15, 0x55, 0x41, 0x55, 0x14, 0x55, 0x05,
    0x51, 0x45, 0x45, 0x11, 0x1d, 0x54, 0x51, 0x51, 0x51, 0x45, 0x1f, 0xfd, 0x54, 0x51, 0x46, 0xd5, 0xb4, 0x54, 0x44, 0x54, 0x15, 0x14, 0x54, 0x11,
    0x55, 0x55, 0x41, 0x45, 0x45, 0x54, 0x55, 0x15, 0x54, 0x54, 0x14, 0x51, 0x45, 0x45, 0x55, 0x15, 0x15, 0x50, 0x55, 0x55, 0xbf, 0xff, 0xff, 0xff,
    0xff, 0xff, 0xff, 0xfe, 0xff, 0xff, 0xff, 0xff, 0xff, 0xff, 0xff, 0xff, 0xef, 0xff, 0xef, 0xff, 0xa5, 0x55, 0x55, 0x55, 0x55, 0x55, 0x55, 0x5b,
    0xff, 0xeb, 0xff, 0xab, 0xff, 0xff, 0xff, 0xff, 0xff, 0xff, 0xff, 0xff, 0x55, 0x55, 0x55, 0x55, 0x55, 0x51, 0x55, 0x55, 0x55, 0x55, 0x55, 0x5a,
    0xab, 0xaa, 0xbf, 0xf9, 0x55, 0x55, 0x5b, 0xfe, 0x5b, 0xff, 0x55, 0x55, 0x55, 0x55, 0x55, 0x55, 0x55, 0x55, 0x55, 0x55, 0x55, 0x6b, 0xff, 0xff,
    0xfe, 0xff, 0xff, 0xff, 0xe5, 0x55, 0x5b, 0xff, 0xe5, 0x55, 0x55, 0x6f, 0xe9, 0x55, 0x57, 0xfa, 0x55, 0x55, 0x55, 0x55, 0x55, 0x55, 0x55, 0xa8,
    0x55, 0x51, 0x55, 0x41, 0x45, 0x51, 0x55, 0x44, 0x51, 0x41, 0x45, 0x54, 0x51, 0x45, 0x15, 0x14, 0x15, 0x51, 0x51, 0x51, 0x51, 0x44, 0x55, 0x45,
    0x15, 0x15, 0x51, 0x45, 0x45, 0x45, 0x14, 0x55, 0x51, 0x14, 0x55, 0x05, 0x50, 0x51, 0x54, 0x15, 0x14, 0x55, 0x15, 0x6d, 0x14, 0x54, 0x55, 0x15,
    0x15, 0x5f, 0xae, 0x15, 0x15, 0x52, 0xd5, 0x29, 0x55, 0x45, 0x55, 0x45, 0x15, 0x51, 0x55, 0x05, 0x14, 0x54, 0x54, 0x54, 0x14, 0x51, 0x41, 0x14,
    0x51, 0x45, 0x50, 0x51, 0x54, 0x51, 0x51, 0x54, 0x50, 0x45, 0x51, 0xff, 0xff, 0xff, 0xfb, 0xff, 0xff, 0xfb, 0xff, 0xff, 0xbf, 0xbe, 0xfe, 0xfe,
    0xaa, 0xba, 0xab, 0xfe, 0xaf, 0xfe, 0x95, 0x55, 0x55, 0x55, 0x55, 0x55, 0x55, 0x55, 0x6f, 0xff, 0xff, 0xff, 0xff, 0xff, 0xff, 0xff, 0xff, 0xff,
    0xff, 0xff, 0xfe, 0x55, 0x55, 0x55, 0x55, 0x55, 0x55, 0x55, 0x55, 0x55, 0x55, 0x55, 0x6f, 0xff, 0xff, 0xff, 0xfd, 0x55, 0x55, 0x6f, 0xff, 0xff,
    0xff, 0xd5, 0x55, 0x55, 0x55, 0x55, 0x55, 0x55, 0x55, 0x55, 0x55, 0x55, 0xbf, 0xff, 0xff, 0xff, 0xff, 0xff, 0xff, 0xff, 0xaf, 0xff, 0xff, 0xfe,
    0xaa, 0xab, 0xff, 0xff, 0xaa, 0xaf, 0xff, 0xe5, 0x55, 0x55, 0x55, 0x55, 0x15, 0x55, 0x41, 0x51, 0x54, 0x51, 0x55, 0x54, 0x55, 0x14, 0x55, 0x45,
    0x15, 0x45, 0x45, 0x15, 0x55, 0x51, 0x55, 0x41, 0x45, 0x15, 0x15, 0x45, 0x45, 0x05, 0x14, 0x55, 0x15, 0x14, 0x51, 0x45, 0x14, 0x54, 0x51, 0x51,
    0x51, 0x55, 0x54, 0x55, 0x45, 0x55, 0x54, 0x55, 0x51, 0x54, 0x6e, 0x51, 0x45, 0x45, 0x14, 0x51, 0x5e, 0x4a, 0x11, 0x54, 0x51, 0xe1, 0x6e, 0x15,
    0x51, 0x41, 0x54, 0x51, 0x45, 0x45, 0x55, 0x14, 0x54, 0x55, 0x45, 0x54, 0x51, 0x55, 0x15, 0x15, 0x41, 0x44, 0x14, 0x15, 0x55, 0x15, 0x45, 0x10,
    0x55, 0x55, 0xbf, 0xfe, 0xaf, 0xff, 0xff, 0xff, 0xff, 0xbf, 0xfb, 0xfb, 0xff, 0xff, 0xe9, 0x55, 0x55, 0x55, 0x55, 0x55, 0x65, 0x55, 0x55, 0x51,
    0x55, 0x55, 0x55, 0x55, 0x55, 0x7f, 0xff, 0xff, 0xff, 0xff, 0xff, 0xff, 0xff, 0xff, 0xff, 0xff, 0xff, 0xf9, 0x55, 0x55, 0x55, 0x55, 0x54, 0x55,
    0x55, 0x55, 0x55, 0x56, 0xaa, 0xff, 0xff, 0xff, 0xff, 0xff, 0x55, 0x55, 0xff, 0xff, 0xff, 0xff, 0xe9, 0x55, 0x6a, 0x55, 0x65, 0x55, 0x55, 0x55,
    0x55, 0x55, 0x55, 0xbf, 0xff, 0xff, 0xff, 0xff, 0xff, 0xff, 0xff, 0xff, 0xff, 0xff, 0xff, 0xff, 0xff, 0xff, 0xff, 0xff, 0xff, 0xff, 0xe5, 0x55,
    0x45, 0x50, 0x55, 0x54, 0x55, 0x45, 0x51, 0x45, 0x54, 0x14, 0x15, 0x45, 0x14, 0x51, 0x45, 0x14, 0x54, 0x55, 0x14, 0x14, 0x51, 0x41, 0x54, 0x54,
    0x51, 0x44, 0x54, 0x55, 0x51, 0x15, 0x41, 0x51, 0x45, 0x14, 0x51, 0x51, 0x45, 0x45, 0x15, 0x15, 0x04, 0x51, 0x45, 0x14, 0x51, 0x45, 0x45, 0x15,
    0x45, 0x2e, 0x55, 0x51, 0x45, 0x51, 0x45, 0x2e, 0x51, 0x54, 0x54, 0x54, 0xa5, 0x1e, 0x14, 0x55, 0x54, 0x14, 0x51, 0x45, 0x45, 0x51, 0x45, 0x05,
    0x45, 0x54, 0x51, 0x45, 0x14, 0x51, 0x44, 0x55, 0x15, 0x05, 0x51, 0x15, 0x51, 0x55, 0x50, 0x55, 0x45, 0x56, 0x95, 0x55, 0xaa, 0x95, 0x5b, 0xff,
    0xfe, 0xff, 0xff, 0xff, 0xaa, 0x95, 0x55, 0x55, 0x55, 0x55, 0x55, 0x55, 0x55, 0x55, 0x56, 0x55, 0x55, 0x5b, 0x95, 0x55, 0xbf, 0xff, 0xff, 0xff,
    0xff, 0xff, 0xff, 0xff, 0xff, 0xff, 0xff, 0xff, 0xa5, 0x55, 0x65, 0x56, 0xa5, 0x56, 0x55, 0x55, 0x55, 0x55, 0x5b, 0xff, 0xff, 0xff, 0xff, 0xff,
    0xff, 0xea, 0x5b, 0xff, 0xff, 0xff, 0xff, 0xff, 0xff, 0xff, 0xff, 0xfe, 0x55, 0x55, 0x55, 0x55, 0x55, 0x55, 0x69, 0xab, 0xaf, 0xff, 0xff, 0xff,
    0xff, 0xff, 0xff, 0xff, 0xff, 0xff, 0xff, 0xff, 0xff, 0xff, 0xff, 0xff, 0xff, 0xf9, 0x6a, 0x95, 0x55, 0x51, 0x45, 0x55, 0x15, 0x45, 0x51, 0x15,
    0x55, 0x51, 0x45, 0x15, 0x14, 0x51, 0x45, 0x15, 0x14, 0x51, 0x45, 0x45, 0x54, 0x55, 0x15, 0x45, 0x45, 0x14, 0x50, 0x51, 0x51, 0x54, 0x51, 0x45,
    0x14, 0x51, 0x45, 0x15, 0x14, 0x51, 0x45, 0x54, 0x51, 0x51, 0x55, 0x15, 0x51, 0x55, 0x14, 0x51, 0x5a, 0x41, 0x51, 0x50, 0x51, 0x55, 0x2f, 0x55,
    0x05, 0x45, 0x45, 0x61, 0x4b, 0x54, 0x50, 0x55, 0x55, 0x15, 0x14, 0x54, 0x55, 0x55, 0x54, 0x51, 0x15, 0x51, 0x54, 0x51, 0x45, 0x45, 0x51, 0x55,
    0x41, 0x45, 0x51, 0x45, 0x14, 0x50, 0x54, 0x55, 0x54, 0x15, 0x54, 0x55, 0x55, 0x55, 0xbe, 0xff, 0xa9, 0xaa, 0xa5, 0x55, 0x55, 0x55, 0x55, 0x55,
    0x55, 0x55, 0x55, 0x56, 0xae, 0xbf, 0xd5, 0x55, 0x6f, 0xf5, 0x56, 0xff, 0xff, 0xff, 0xff, 0xfb, 0xfe, 0xff, 0xff, 0xff, 0xff, 0xff, 0xbe, 0x55,
    0x55, 0xff, 0xff, 0xff, 0xff, 0xe9, 0x6b, 0xfa, 0xaa, 0xff, 0xff, 0xff, 0xff, 0xff, 0xff, 0xff, 0xff, 0xff, 0xff, 0xff, 0xff, 0xff, 0xff, 0xff,
    0xff, 0xff, 0xff, 0x55, 0x55, 0x55, 0x55, 0x55, 0x55, 0x55, 0x55, 0x55, 0x6a, 0xaa, 0xaa, 0xa9, 0xaa, 0xab, 0xfb, 0xff, 0xff, 0xff, 0xff, 0xff,
    0xff, 0xff, 0xff, 0xff, 0xff, 0xff, 0xfe, 0xff, 0xe5, 0x55, 0x54, 0x15, 0x14, 0x51, 0x41, 0x41, 0x45, 0x51, 0x41, 0x45, 0x51, 0x45, 0x15, 0x15,
    0x45, 0x54, 0x54, 0x14, 0x51, 0x41, 0x14, 0x51, 0x45, 0x15, 0x14, 0x54, 0x14, 0x54, 0x51, 0x51, 0x54, 0x54, 0x51, 0x15, 0x45, 0x50, 0x55, 0x45,
    0x15, 0x11, 0x44, 0x15, 0x11, 0x54, 0x51, 0x41, 0x51, 0x15, 0x15, 0x15, 0x15, 0x6f, 0x85, 0x55, 0x15, 0x45, 0x65, 0x57, 0x85, 0x55, 0x05, 0x41,
    0x45, 0x55, 0x55, 0x45, 0x14, 0x51, 0x51, 0x51, 0x14, 0x51, 0x45, 0x54, 0x51, 0x15, 0x04, 0x50, 0x54, 0x51, 0x45, 0x14, 0x50, 0x55, 0x51, 0x55,
    0x55, 0x55, 0x55, 0x55, 0x55, 0x6a, 0xa9, 0x55, 0x55, 0x15, 0x55, 0x55, 0x54, 0x55, 0x55, 0x6b, 0xf9, 0x55, 0x5b, 0xff, 0xfe, 0xe5, 0x51, 0xbf,
    0xfe, 0xaf, 0xff, 0xff, 0xff, 0xff, 0xff, 0xff, 0xeb, 0xff, 0xff, 0xff, 0xff, 0xe9, 0x55, 0x56, 0xff, 0xff, 0xff, 0xff, 0xff, 0xff, 0xff, 0xff,
    0xff, 0xff, 0xff, 0xff, 0xff, 0xff, 0xff, 0xff, 0xff, 0xff, 0xff, 0xff, 0xff, 0xff, 0xff, 0xff, 0xff, 0xfe, 0x55, 0x55, 0x55, 0x55, 0x55, 0x55,
    0x55, 0x55, 0x55, 0x55, 0x55, 0x55, 0x55, 0x55, 0x55, 0x55, 0x56, 0xbf, 0xff, 0xff, 0xff, 0xff, 0xff, 0xff, 0xff, 0xff, 0xff, 0xff, 0xff, 0xf9,
    0x55, 0x54, 0x51, 0x55, 0x45, 0x55, 0x55, 0x14, 0x14, 0x55, 0x45, 0x14, 0x55, 0x45, 0x41, 0x54, 0x55, 0x15, 0x51, 0x45, 0x55, 0x14, 0x14, 0x51,
    0x45, 0x15, 0x05, 0x45, 0x05, 0x14, 0x51, 0x05, 0x14, 0x51, 0x45, 0x14, 0x55, 0x41, 0x55, 0x51, 0x51, 0x55, 0x54, 0x55, 0x45, 0x54, 0x55, 0x15,
    0x15, 0x15, 0x14, 0x50, 0x2f, 0x85, 0x41, 0x51, 0x54, 0x65, 0x16, 0xd1, 0x45, 0x54, 0x54, 0x51, 0x45, 0x11, 0x51, 0x45, 0x15, 0x15, 0x45, 0x45,
    0x45, 0x14, 0x51, 0x51, 0x54, 0x54, 0x54, 0x15, 0x15, 0x55, 0x45, 0x10, 0x55, 0x55, 0x55, 0x55, 0x51, 0x45, 0x55, 0x55, 0x55, 0x55, 0x55, 0x55,
    0x55, 0x55, 0x55, 0x56, 0xff, 0xea, 0xff, 0xff, 0xaa, 0xbf, 0xff, 0xff, 0xf5, 0x57, 0xff, 0xff, 0xff, 0xff, 0xbf, 0xff, 0xfe, 0xaa, 0xa9, 0x55,
    0x5a, 0x95, 0xaa, 0xaa, 0x55, 0x55, 0x56, 0xff, 0xff, 0xff, 0xff, 0xff, 0xff, 0xff, 0xff, 0xff, 0xff, 0xff, 0xff, 0xff, 0xff, 0xff, 0xff, 0xff,
    0xff, 0xff, 0xff, 0xff, 0xff, 0xff, 0xea, 0xaa, 0xa5, 0x55, 0x55, 0x5a, 0xe5, 0x45, 0x55, 0x55, 0x55, 0x55, 0x55, 0x55, 0x55, 0x55, 0x55, 0x55,
    0x55, 0x55, 0x5b, 0xff, 0xff, 0xff, 0xef, 0xfb, 0xef, 0xef, 0xff, 0xff, 0xff, 0xff, 0xff, 0xa5, 0x41, 0x55, 0x45, 0x14, 0x55, 0x15, 0x55, 0x54,
    0x54, 0x55, 0x15, 0x44, 0x50, 0x54, 0x15, 0x05, 0x15, 0x15, 0x44, 0x14, 0x51, 0x45, 0x51, 0x45, 0x51, 0x51, 0x45, 0x51, 0x45, 0x15, 0x51, 0x45,
    0x14, 0x54, 0x55, 0x45, 0x15, 0x14, 0x51, 0x55, 0x15, 0x45, 0x45, 0x55, 0x14, 0x54, 0x55, 0x51, 0x51, 0x54, 0x56, 0x6f, 0x54, 0x55, 0x45, 0x15,
    0x65, 0x41, 0xe5, 0x54, 0x51, 0x45, 0x14, 0x51, 0x55, 0x15, 0x51, 0x45, 0x15, 0x45, 0x54, 0x54, 0x51, 0x45, 0x14, 0x45, 0x45, 0x45, 0x41, 0x54,
    0x50, 0x51, 0x50, 0x54, 0x55, 0x55, 0x55, 0x15, 0x55, 0x51, 0x55, 0x55, 0x55, 0x55, 0x55, 0x55, 0x55, 0x55, 0x1b, 0xff, 0xff, 0xff, 0xff, 0xff,
    0xff, 0xff, 0xff, 0xfe, 0xbf, 0xfb, 0xef, 0xff, 0xfb, 0xff, 0xff, 0xa5, 0x55, 0x55, 0x55, 0x55, 0x55, 0x55, 0x55, 0x55, 0x55, 0x56, 0xff, 0xff,
    0xff, 0xff, 0xff, 0xff, 0xff, 0xff, 0xff, 0xff, 0xff, 0xff, 0xff, 0xff, 0xff, 0xff, 0xff, 0xff, 0xff, 0xff, 0xff, 0xff, 0xe9, 0x55, 0x55, 0x55,
    0x55, 0x55, 0xbf, 0xfe, 0x55, 0xaa, 0xaf, 0xfe, 0x55, 0x55, 0x55, 0x55, 0x5a, 0x55, 0x55, 0x55, 0x55, 0x56, 0xbf, 0xff, 0xef, 0xfe, 0xff, 0xff,
    0xfe, 0xfe, 0xff, 0xff, 0xff, 0xbf, 0xfe, 0x45, 0x14, 0x51, 0x55, 0x45, 0x51, 0x41, 0x45, 0x45, 0x51, 0x51, 0x45, 0x15, 0x45, 0x51, 0x51, 0x51,
    0x45, 0x55, 0x45, 0x45, 0x51, 0x54, 0x51, 0x51, 0x51, 0x50, 0x55, 0x51, 0x44, 0x55, 0x45, 0x54, 0x51, 0x45, 0x15, 0x55, 0x51, 0x55, 0x15, 0x14,
    0x55, 0x50, 0x51, 0x55, 0x05, 0x41, 0x51, 0x51, 0x45, 0x46, 0xff, 0x55, 0x54, 0x54, 0x51, 0x74, 0x55, 0xb4, 0x55, 0x15, 0x45, 0x45, 0x15, 0x45,
    0x50, 0x55, 0x51, 0x51, 0x54, 0x51, 0x45, 0x55, 0x15, 0x45, 0x45, 0x15, 0x15, 0x50, 0x45, 0x55, 0x15, 0x00, 0x55, 0x45, 0x55, 0x45, 0x54, 0x55,
    0x55, 0x15, 0x55, 0x55, 0x55, 0x45, 0x55, 0x55, 0x55, 0x2f, 0xef, 0xbf, 0xfe, 0xff, 0xff, 0xff, 0xfa, 0x9a, 0xaf, 0xfe, 0xff, 0xff, 0xfa, 0xab,
    0xeb, 0xaa, 0x55, 0x55, 0x55, 0x55, 0x55, 0x55, 0x55, 0x55, 0x55, 0x55, 0xab, 0xff, 0xff, 0xff, 0xff, 0xff, 0xff, 0xbf, 0xbf, 0xbf, 0xff, 0xef,
    0xea, 0xaa, 0xaa, 0xaa, 0xff, 0xff, 0xff, 0xff, 0xff, 0xff, 0xea, 0x55, 0x55, 0x55, 0x55, 0x55, 0x5b, 0xff, 0xff, 0xff, 0xff, 0xff, 0xff, 0x95,
    0x55, 0x55, 0x55, 0xbf, 0xe5, 0x55, 0x55, 0x55, 0x55, 0x5a, 0xaa, 0xbf, 0xff, 0xef, 0xff, 0xff, 0xff, 0xef, 0xbe, 0xfb, 0xfb, 0xe4, 0x55, 0x55,
    0x51, 0x45, 0x54, 0x54, 0x55, 0x15, 0x54, 0x14, 0x55, 0x15, 0x14, 0x55, 0x45, 0x51, 0x51, 0x44, 0x15, 0x45, 0x14, 0x15, 0x05, 0x14, 0x15, 0x14,
    0x15, 0x04, 0x15, 0x45, 0x04, 0x54, 0x45, 0x15, 0x51, 0x50, 0x50, 0x55, 0x15, 0x45, 0x55, 0x14, 0x55, 0x15, 0x41, 0x51, 0x51, 0x55, 0x14, 0x51,
    0x56, 0xff, 0x91, 0x45, 0x15, 0x45, 0x79, 0x54, 0x78, 0x51, 0x50, 0x54, 0x51, 0x54, 0x54, 0x55, 0x45, 0x15, 0x55, 0x15, 0x45, 0x55, 0x05, 0x51,
    0x45, 0x51, 0x51, 0x51, 0x14, 0x15, 0x15, 0x55, 0x50, 0x51, 0x54, 0x51, 0x55, 0x55, 0x55, 0x15, 0x55, 0x55, 0x51, 0x55, 0x55, 0x14, 0x55, 0x54,
    0x5a, 0xff, 0xfe, 0xa5, 0x6b, 0xff, 0xfe, 0x95, 0x54, 0x55, 0x55, 0x59, 0xaa, 0x55, 0x55, 0x55, 0x55, 0x55, 0x51, 0x55, 0x56, 0xa9, 0x95, 0x69,
    0x6a, 0xa5, 0x56, 0xff, 0xff, 0xff, 0xff, 0xe5, 0xbf, 0xbf, 0xff, 0xff, 0xff, 0xfe, 0x55, 0x55, 0x51, 0x55, 0x55, 0x6a, 0xaa, 0xaa, 0xea, 0xaa,
    0xa9, 0x55, 0x55, 0x55, 0x55, 0x55, 0x55, 0x6f, 0xff, 0xff, 0xff, 0xff, 0xff, 0xff, 0xe5, 0x55, 0x55, 0x56, 0xff, 0xf9, 0x55, 0xbf, 0xea, 0x55,
    0x55, 0x55, 0x69, 0x55, 0x56, 0xa9, 0x6a, 0xaf, 0xff, 0xff, 0xff, 0xfe, 0x45, 0x51, 0x45, 0x15, 0x54, 0x51, 0x45, 0x45, 0x51, 0x51, 0x55, 0x45,
    0x11, 0x45, 0x10, 0x54, 0x55, 0x15, 0x55, 0x50, 0x51, 0x51, 0x45, 0x15, 0x15, 0x54, 0x55, 0x45, 0x55, 0x44, 0x51, 0x54, 0x51, 0x45, 0x44, 0x15,
    0x45, 0x55, 0x45, 0x44, 0x54, 0x45, 0x55, 0x45, 0x50, 0x55, 0x55, 0x15, 0x14, 0x54, 0x55, 0x12, 0xff, 0x95, 0x45, 0x14, 0x54, 0x69, 0x45, 0x1d,
    0x55, 0x15, 0x55, 0x15, 0x45, 0x55, 0x05, 0x51, 0x54, 0x45, 0x41, 0x54, 0x51, 0x54, 0x51, 0x54, 0x14, 0x51, 0x45, 0x55, 0x05, 0x45, 0x45, 0x50,
    0x55, 0x55, 0x55, 0x15, 0x05, 0x55, 0x51, 0x55, 0x54, 0x55, 0x55, 0x55, 0x55, 0x55, 0x15, 0x55, 0x55, 0x59, 0x55, 0x55, 0x6a, 0xa5, 0x55, 0x55,
    0x55, 0x55, 0x55, 0x55, 0x55, 0x55, 0x55, 0x55, 0x55, 0x55, 0x55, 0x6f, 0xff, 0xff, 0xff, 0xff, 0xfe, 0xbf, 0xff, 0xff, 0xff, 0xfe, 0x95, 0x5b,
    0xff, 0xfe, 0xaa, 0xab, 0xa5, 0x55, 0x55, 0x55, 0x55, 0x55, 0x55, 0x55, 0x55, 0x55, 0x55, 0x55, 0x55, 0x55, 0xbf, 0x95, 0x59, 0x55, 0xbf, 0xff,
    0xff, 0xff, 0xff, 0xff, 0xff, 0xfa, 0xbf, 0xe5, 0x5b, 0xff, 0xff, 0xbf, 0xff, 0xff, 0x95, 0x55, 0x55, 0x55, 0x55, 0x55, 0x55, 0x55, 0x55, 0xaa,
    0xaa, 0xaa, 0xa4, 0x54, 0x15, 0x55, 0x54, 0x54, 0x55, 0x15, 0x54, 0x54, 0x15, 0x45, 0x14, 0x51, 0x55, 0x55, 0x15, 0x15, 0x14, 0x14, 0x55, 0x51,
    0x45, 0x51, 0x51, 0x51, 0x45, 0x45, 0x44, 0x51, 0x54, 0x54, 0x51, 0x45, 0x14, 0x55, 0x54, 0x55, 0x05, 0x44, 0x54, 0x51, 0x44, 0x51, 0x54, 0x55,
    0x51, 0x45, 0x14, 0x51, 0x45, 0x45, 0x52, 0xfb, 0x94, 0x55, 0x54, 0x55, 0x68, 0x55, 0x59, 0x15, 0x15, 0x11, 0x54, 0x55, 0x15, 0x51, 0x55, 0x45,
    0x54, 0x55, 0x15, 0x14, 0x55, 0x14, 0x15, 0x45, 0x14, 0x54, 0x51, 0x41, 0x44, 0x54, 0x50, 0x55, 0x55, 0x45, 0xaa, 0x95, 0x15, 0x55, 0x55, 0x45,
    0x55, 0x55, 0x55, 0x55, 0x15, 0x55, 0x55, 0x55, 0x55, 0x55, 0x55, 0x55, 0x55, 0x55, 0x59, 0x55, 0x55, 0x55, 0x55, 0x55, 0x55, 0x55, 0x55, 0x55,
    0x55, 0x56, 0xff, 0xff, 0xff, 0xff, 0xff, 0xff, 0xff, 0xff, 0xfb, 0xaa, 0x69, 0x55, 0x55, 0xab, 0xe9, 0x54, 0x55, 0x55, 0x55, 0x55, 0x55, 0x55,
    0x55, 0x55, 0x55, 0x55, 0x55, 0x55, 0x55, 0x55, 0x55, 0xff, 0xfa, 0xff, 0xef, 0xff, 0xff, 0xff, 0xff, 0xff, 0xff, 0xff, 0xff, 0xff, 0xff, 0xff,
    0xff, 0xff, 0xff, 0xff, 0xff, 0xe5, 0x55, 0x55, 0x55, 0x55, 0x55, 0x55, 0x55, 0x55, 0x55, 0x54, 0x55, 0x41, 0x55, 0x54, 0x14, 0x55, 0x05, 0x45,
    0x50, 0x51, 0x45, 0x44, 0x51, 0x55, 0x54, 0x10, 0x45, 0x11, 0x45, 0x45, 0x51, 0x45, 0x14, 0x54, 0x14, 0x51, 0x45, 0x45, 0x14, 0x54, 0x51, 0x15,
    0x05, 0x15, 0x15, 0x55, 0x15, 0x05, 0x45, 0x54, 0x55, 0x51, 0x45, 0x15, 0x45, 0x15, 0x45, 0x14, 0x51, 0x51, 0x45, 0x45, 0x50, 0x56, 0xff, 0x95,
    0x44, 0x51, 0x45, 0x28, 0x50, 0x55, 0x51, 0x45, 0x15, 0x05, 0x15, 0x51, 0x55, 0x14, 0x55, 0x14, 0x55, 0x51, 0x55, 0x45, 0x55, 0x51, 0x51, 0x45,
    0x14, 0x51, 0x54, 0x14, 0x51, 0x50, 0x55, 0x54, 0x6f, 0xff, 0xf9, 0x15, 0x55, 0x55, 0x55, 0x55, 0x15, 0x54, 0x6a, 0x95, 0x55, 0x55, 0x55, 0x55,
    0xf9, 0x55, 0x55, 0x55, 0x55, 0x6f, 0xe5, 0x55, 0x55, 0x55, 0x55, 0x55, 0x55, 0x55, 0x55, 0x55, 0x56, 0xff, 0xff, 0xff, 0xff, 0xff, 0xff, 0xff,
    0xff, 0xe5, 0x55, 0x55, 0x55, 0x55, 0x55, 0x55, 0x55, 0x55, 0x55, 0x55, 0x55, 0x55, 0x55, 0x55, 0x55, 0x55, 0x55, 0x55, 0x55, 0x55, 0x55, 0x56,
    0xff, 0xff, 0xff, 0xff, 0xff, 0xff, 0xff, 0xff, 0xff, 0xff, 0xff, 0xff, 0xff, 0xff, 0xff, 0xff, 0xff, 0xff, 0xff, 0xff, 0xe5, 0x55, 0x55, 0x55,
    0x55, 0x55, 0x55, 0x55, 0x55, 0x55, 0x55, 0x55, 0x05, 0x11, 0x45, 0x54, 0x51, 0x55, 0x45, 0x45, 0x15, 0x55, 0x45, 0x55, 0x41, 0x45, 0x55, 0x45,
    0x54, 0x54, 0x55, 0x15, 0x14, 0x54, 0x51, 0x45, 0x14, 0x54, 0x51, 0x51, 0x45, 0x15, 0x11, 0x51, 0x45, 0x14, 0x45, 0x41, 0x51, 0x54, 0x55, 0x51,
    0x15, 0x54, 0x51, 0x55, 0x51, 0x54, 0x54, 0x51, 0x45, 0x45, 0x54, 0x55, 0x46, 0xff, 0x85, 0x14, 0x55, 0x51, 0x45, 0x15, 0x47, 0x85, 0x45, 0x54,
    0x55, 0x10, 0x54, 0x14, 0x55, 0x41, 0x51, 0x44, 0x55, 0x41, 0x44, 0x51, 0x55, 0x15, 0x45, 0x15, 0x15, 0x15, 0x01, 0x51, 0x50, 0x55, 0x45, 0xbf,
    0xff, 0xfe, 0x55, 0x55, 0x55, 0x55, 0x55, 0x55, 0x46, 0xbf, 0xe5, 0x55, 0x45, 0x55, 0x5b, 0xfe, 0x55, 0x5a, 0x55, 0x59, 0xbf, 0xfe, 0x55, 0x5a,
    0x5b, 0xfa, 0xe1, 0x55, 0x55, 0x55, 0x51, 0x57, 0xff, 0xff, 0xff, 0xff, 0xff, 0xff, 0xfe, 0xfe, 0x55, 0x55, 0x55, 0x55, 0x55, 0x55, 0x55, 0x55,
    0x55, 0x55, 0x55, 0x55, 0x6f, 0x95, 0x69, 0x55, 0x55, 0x55, 0x55, 0x55, 0x55, 0x55, 0x56, 0xff, 0xff, 0xff, 0xff, 0xff, 0xff, 0xff, 0xff, 0xff,
    0xff, 0xff, 0xff, 0xff, 0xff, 0xff, 0xff, 0xff, 0xff, 0xff, 0xfb, 0x95, 0x55, 0x55, 0x55, 0x55, 0x55, 0x55, 0x55, 0x55, 0x55, 0x55, 0x54, 0x15,
    0x51, 0x54, 0x51, 0x55, 0x54, 0x54, 0x55, 0x51, 0x50, 0x55, 0x14, 0x55, 0x15, 0x05, 0x51, 0x45, 0x45, 0x51, 0x45, 0x14, 0x45, 0x15, 0x51, 0x15,
    0x14, 0x54, 0x51, 0x45, 0x15, 0x54, 0x54, 0x51, 0x51, 0x44, 0x55, 0x55, 0x15, 0x45, 0x15, 0x14, 0x15, 0x54, 0x51, 0x45, 0x15, 0x45, 0x14, 0x54,
    0x54, 0x15, 0x15, 0x52, 0xfb, 0x94, 0x55, 0x05, 0x15, 0x45, 0x15, 0x11, 0xd5, 0x54, 0x45, 0x51, 0x55, 0x45, 0x55, 0x45, 0x55, 0x15, 0x55, 0x45,
    0x54, 0x55, 0x51, 0x45, 0x14, 0x55, 0x41, 0x54, 0x51, 0x50, 0x15, 0x10, 0x54, 0x5b, 0xff, 0xff, 0xff, 0xd5, 0x15, 0x45, 0x05, 0x55, 0x55, 0x5b,
    0xff, 0xfe, 0x51, 0x55, 0x55, 0x6f, 0xff, 0xab, 0xff, 0xaa, 0xff, 0xff, 0xff, 0xea, 0xff, 0xff, 0xff, 0xf5, 0x55, 0x55, 0x55, 0x55, 0x57, 0xff,
    0xff, 0xff, 0xff, 0xff, 0xea, 0xff, 0xf9, 0x55, 0x55, 0xa5, 0xaa, 0x95, 0x55, 0x55, 0x55, 0x56, 0xa5, 0x5a, 0xe5, 0xbf, 0xea, 0xfe, 0x55, 0x55,
    0xa5, 0x7e, 0x55, 0x55, 0x55, 0x56, 0xff, 0xff, 0xff, 0xff, 0xff, 0xff, 0xff, 0xff, 0xff, 0xff, 0xff, 0xff, 0xff, 0xff, 0xff, 0xff, 0xfe, 0xff,
    0xaa, 0x55, 0x55, 0x55, 0x55, 0x55, 0x55, 0x55, 0x55, 0x54, 0x55, 0x55, 0x54, 0x41, 0x54, 0x55, 0x15, 0x45, 0x05, 0x15, 0x45, 0x45, 0x14, 0x55,
    0x51, 0x45, 0x14, 0x51, 0x50, 0x51, 0x45, 0x14, 0x51, 0x45, 0x55, 0x45, 0x14, 0x51, 0x41, 0x45, 0x05, 0x14, 0x51, 0x41, 0x45, 0x05, 0x14, 0x51,
    0x54, 0x51, 0x45, 0x45, 0x14, 0x51, 0x55, 0x51, 0x45, 0x55, 0x55, 0x41, 0x51, 0x54, 0x55, 0x15, 0x51, 0x51, 0x15, 0xff, 0x94, 0x51, 0x55, 0x14,
    0x55, 0x41, 0x54, 0xa5, 0x14, 0x55, 0x15, 0x45, 0x55, 0x45, 0x55, 0x15, 0x54, 0x51, 0x54, 0x55, 0x45, 0x15, 0x15, 0x45, 0x41, 0x55, 0x45, 0x55,
    0x55, 0x05, 0x10, 0x54, 0x7f, 0xff, 0xff, 0xff, 0xfa, 0x54, 0x55, 0xaa, 0x95, 0x51, 0x6f, 0xff, 0xff, 0xaa, 0xff, 0xaf, 0xff, 0xef, 0xff, 0xff,
    0xff, 0xff, 0xff, 0xff, 0xff, 0xa9, 0x6f, 0xff, 0xf5, 0x56, 0x96, 0xa5, 0x55, 0x5b, 0xff, 0xff, 0xff, 0xff, 0xfe, 0x55, 0x6a, 0x95, 0x55, 0xaf,
    0xff, 0xff, 0xd5, 0x55, 0x55, 0x55, 0x6f, 0xfe, 0xaf, 0xfe, 0xff, 0xff, 0xff, 0xe5, 0x6b, 0xff, 0xff, 0x95, 0x55, 0x55, 0x57, 0xff, 0xff, 0xff,
    0xff, 0xff, 0xff, 0xff, 0xff, 0xff, 0xff, 0xff, 0xff, 0xff, 0xff, 0xff, 0xff, 0xff, 0xfa, 0x55, 0x55, 0x55, 0x55, 0x55, 0x55, 0x55, 0x55, 0x15,
    0x45, 0x54, 0x55, 0x55, 0x05, 0x45, 0x14, 0x51, 0x55, 0x51, 0x45, 0x14, 0x51, 0x45, 0x45, 0x15, 0x55, 0x14, 0x54, 0x55, 0x54, 0x51, 0x51, 0x45,
    0x14, 0x41, 0x55, 0x44, 0x54, 0x54, 0x51, 0x51, 0x54, 0x51, 0x54, 0x51, 0x55, 0x14, 0x54, 0x15, 0x14, 0x50, 0x55, 0x15, 0x45, 0x05, 0x45, 0x45,
    0x14, 0x51, 0x55, 0x15, 0x05, 0x45, 0x11, 0x54, 0x51, 0x55, 0xab, 0x85, 0x54, 0x51, 0x54, 0x54, 0x55, 0x45, 0x75, 0x51, 0x55, 0x54, 0x54, 0x51,
    0x54, 0x51, 0x51, 0x45, 0x15, 0x15, 0x45, 0x14, 0x51, 0x51, 0x44, 0x55, 0x14, 0x45, 0x05, 0x05, 0x41, 0x40, 0x56, 0xff, 0xff, 0xff, 0xff, 0xff,
    0xea, 0xbf, 0xff, 0xe9, 0x56, 0xff, 0xef, 0xff, 0xff, 0xff, 0xff, 0xff, 0xff, 0xff, 0xff, 0xff, 0xff, 0xfe, 0xfb, 0xf9, 0x55, 0x4b, 0xbf, 0xfa,
    0xaf, 0xff, 0xfd, 0x5a, 0x6f, 0xff, 0xff, 0xff, 0xff, 0xfd, 0x55, 0x55, 0x55, 0x56, 0xff, 0xff, 0xff, 0xd5, 0x55, 0x55, 0x55, 0xbf, 0xff, 0xff,
    0xff, 0xff, 0xff, 0xff, 0xff, 0xff, 0xff, 0xff, 0xe6, 0xae, 0xaa, 0xaf, 0xff, 0xff, 0xff, 0xff, 0xff, 0xff, 0xff, 0xff, 0xff, 0xff, 0xff, 0xff,
    0xbf, 0xff, 0xfe, 0xff, 0xea, 0x55, 0x55, 0x55, 0x55, 0x55, 0x55, 0x55, 0x55, 0x55, 0x55, 0x55, 0x15, 0x55, 0x44, 0x14, 0x55, 0x14, 0x54, 0x14,
    0x55, 0x45, 0x51, 0x51, 0x45, 0x15, 0x14, 0x11, 0x45, 0x05, 0x45, 0x05, 0x14, 0x55, 0x14, 0x55, 0x54, 0x10, 0x55, 0x05, 0x45, 0x15, 0x14, 0x51,
    0x54, 0x54, 0x51, 0x45, 0x45, 0x05, 0x51, 0x45, 0x15, 0x51, 0x51, 0x45, 0x54, 0x54, 0x55, 0x45, 0x45, 0x15, 0x15, 0x54, 0x51, 0x55, 0x14, 0x54,
    0x51, 0xe2, 0x85, 0x05, 0x45, 0x45, 0x45, 0x50, 0x55, 0x68, 0x55, 0x45, 0x45, 0x15, 0x45, 0x14, 0x55, 0x54, 0x51, 0x45, 0x51, 0x45, 0x51, 0x45,
    0x45, 0x54, 0x14, 0x54, 0x51, 0x54, 0x54, 0x54, 0x50, 0xff, 0xff, 0xff, 0xff, 0xff, 0xff, 0xff, 0xff, 0xff, 0xfe, 0xbf, 0xff, 0xff, 0xef, 0xff,
    0xff, 0xff, 0xbe, 0xff, 0xff, 0xff, 0xff, 0xff, 0xff, 0xff, 0x95, 0x55, 0x56, 0xfe, 0xbf, 0xff, 0xbf, 0xfe, 0xbf, 0xff, 0xff, 0xff, 0xff, 0xff,
    0xf9, 0x55, 0x55, 0x55, 0x56, 0xff, 0xff, 0xff, 0xe5, 0xaa, 0xfe, 0x56, 0xff, 0xff, 0xff, 0xff, 0xff, 0xff, 0xff, 0xff, 0xff, 0xff, 0xfb, 0xff,
    0xff, 0xff, 0xff, 0xff, 0xbf, 0xff, 0xff, 0xff, 0xff, 0xff, 0xff, 0xff, 0xeb, 0xfa, 0xaf, 0xff, 0xef, 0xff, 0xfe, 0x95, 0x55, 0x55, 0x55, 0x55,
    0x55, 0x54, 0x55, 0x55, 0x15, 0x55, 0x51, 0x51, 0x50, 0x50, 0x55, 0x45, 0x55, 0x45, 0x51, 0x44, 0x54, 0x55, 0x55, 0x14, 0x51, 0x51, 0x51, 0x55,
    0x51, 0x45, 0x51, 0x54, 0x45, 0x55, 0x41, 0x15, 0x55, 0x11, 0x51, 0x45, 0x14, 0x54, 0x51, 0x05, 0x45, 0x45, 0x10, 0x51, 0x54, 0x54, 0x55, 0x15,
    0x15, 0x45, 0x14, 0x51, 0x45, 0x41, 0x55, 0x45, 0x41, 0x41, 0x45, 0x14, 0x45, 0x15, 0x05, 0x44, 0x91, 0x95, 0x55, 0x14, 0x55, 0x51, 0x45, 0x51,
    0x59, 0x45, 0x44, 0x51, 0x51, 0x55, 0x45, 0x45, 0x05, 0x55, 0x45, 0x45, 0x55, 0x45, 0x14, 0x55, 0x05, 0x45, 0x45, 0x51, 0x45, 0x51, 0x54, 0x10,
    0xff, 0xff, 0xfb, 0xff, 0xff, 0xff, 0xff, 0xff, 0xff, 0xff, 0xff, 0xff, 0xff, 0xff, 0xff, 0xef, 0xbf, 0xff, 0xef, 0xbf, 0xff, 0xff, 0xbf, 0xaa,
    0xa5, 0x55, 0x55, 0x55, 0x65, 0x55, 0x6f, 0xfb, 0xff, 0xff, 0xff, 0xff, 0xff, 0xff, 0xff, 0xe5, 0x55, 0x55, 0x55, 0x57, 0xff, 0xff, 0xff, 0xff,
    0xff, 0xff, 0xeb, 0xff, 0xff, 0xff, 0xff, 0xff, 0xff, 0xfb, 0xff, 0xfe, 0xfe, 0xff, 0xff, 0xff, 0xff, 0xff, 0xff, 0xff, 0xff, 0xff, 0xff, 0xff,
    0xea, 0xaa, 0xaa, 0x56, 0x55, 0x55, 0xaf, 0xfe, 0xab, 0xa9, 0x55, 0x55, 0x55, 0x55, 0x55, 0x55, 0x55, 0x55, 0x45, 0x55, 0x55, 0x51, 0x55, 0x55,
    0x41, 0x51, 0x44, 0x41, 0x55, 0x51, 0x55, 0x54, 0x45, 0x05, 0x51, 0x51, 0x45, 0x45, 0x10, 0x51, 0x50, 0x54, 0x45, 0x44, 0x45, 0x15, 0x11, 0x45,
    0x14, 0x54, 0x51, 0x45, 0x45, 0x15, 0x51, 0x45, 0x14, 0x15, 0x14, 0x51, 0x45, 0x11, 0x45, 0x54, 0x54, 0x54, 0x55, 0x45, 0x15, 0x14, 0x50, 0x55,
    0x54, 0x51, 0x54, 0x51, 0x41, 0x55, 0x45, 0x15, 0x10, 0x51, 0x55, 0x45, 0x14, 0x55, 0x15, 0x06, 0x54, 0x54, 0x55, 0x14, 0x51, 0x55, 0x55, 0x55,
    0x14, 0x54, 0x54, 0x51, 0x45, 0x51, 0x51, 0x51, 0x45, 0x11, 0x14, 0x54, 0x15, 0x15, 0x40, 0xff, 0xff, 0xff, 0xff, 0xff, 0xff, 0xff, 0xff, 0xef,
    0xff, 0xff, 0xff, 0xff, 0xff, 0xbe, 0xff, 0xfb, 0xff, 0xff, 0xff, 0xea, 0xbf, 0xe9, 0x55, 0x55, 0x55, 0x55, 0x55, 0x55, 0x55, 0x56, 0xff, 0xbf,
    0xff, 0xff, 0xff, 0xff, 0xff, 0xff, 0xfa, 0xa9, 0x56, 0xaa, 0x5b, 0xff, 0xef, 0xff, 0xff, 0xff, 0xff, 0xff, 0xff, 0xff, 0xff, 0xff, 0xef, 0xff,
    0xbf, 0xbf, 0xef, 0xff, 0xff, 0xff, 0xff, 0xff, 0xff, 0xea, 0xaa, 0xff, 0xff, 0xea, 0xaa, 0x55, 0x55, 0x55, 0x55, 0x55, 0x55, 0x55, 0x55, 0x55,
    0x55, 0x55, 0x55, 0x51, 0x55, 0x55, 0x55, 0x15, 0x55, 0x55, 0x55, 0x51, 0x55, 0x45, 0x55, 0x15, 0x54, 0x55, 0x55, 0x14, 0x15, 0x11, 0x15, 0x51,
    0x54, 0x51, 0x54, 0x54, 0x54, 0x55, 0x14, 0x15, 0x05, 0x54, 0x54, 0x51, 0x54, 0x54, 0x51, 0x45, 0x45, 0x14, 0x51, 0x45, 0x14, 0x50, 0x54, 0x51,
    0x51, 0x45, 0x45, 0x14, 0x51, 0x45, 0x45, 0x45, 0x45, 0x04, 0x51, 0x55, 0x15, 0x15, 0x50, 0x55, 0x15, 0x45, 0x15, 0x55, 0x50, 0x55, 0x14, 0x15,
    0x51, 0x45, 0x14, 0x55, 0x41, 0x45, 0x55, 0x54, 0x55, 0x05, 0x15, 0x45, 0x15, 0x14, 0x51, 0x51, 0x45, 0x51, 0x54, 0x51, 0x45, 0x14, 0x55, 0x14,
    0x51, 0x55, 0x15, 0x45, 0x51, 0x50, 0xff, 0xff, 0xff, 0xff, 0xff, 0xfe, 0xff, 0xff, 0xfe, 0xfb, 0xff, 0xff, 0xfb, 0xff, 0xff, 0xfe, 0xfe, 0x55,
    0xaa, 0xaa, 0x95, 0x55, 0x55, 0x55, 0x55, 0x55, 0x56, 0xa5, 0x55, 0x55, 0x55, 0xab, 0xff, 0xff, 0xff, 0xff, 0xff, 0xff, 0xff, 0xff, 0xff, 0xab,
    0xff, 0xff, 0xff, 0xff, 0xff, 0xff, 0xff, 0xbf, 0xff, 0xfb, 0xff, 0xff, 0xff, 0xff, 0xbf, 0xff, 0xfe, 0xaa, 0xbf, 0xfa, 0xaa, 0xfa, 0xaa, 0xaa,
    0x55, 0x55, 0x6a, 0x55, 0x55, 0x55, 0x55, 0x55, 0x55, 0x55, 0x55, 0x55, 0x55, 0x55, 0x55, 0x55, 0x55, 0x55, 0x55, 0x55, 0x55, 0x45, 0x55, 0x14,
    0x51, 0x54, 0x55, 0x15, 0x54, 0x50, 0x54, 0x45, 0x51, 0x45, 0x15, 0x55, 0x55, 0x41, 0x15, 0x45, 0x15, 0x05, 0x14, 0x51, 0x45, 0x15, 0x45, 0x55,
    0x14, 0x51, 0x51, 0x45, 0x45, 0x14, 0x51, 0x45, 0x14, 0x51, 0x51, 0x45, 0x05, 0x14, 0x55, 0x14, 0x51, 0x45, 0x14, 0x54, 0x54, 0x54, 0x55, 0x15,
    0x54, 0x55, 0x45, 0x51, 0x55, 0x15, 0x05, 0x50, 0x55, 0x54, 0x51, 0x55, 0x14, 0x91, 0x54, 0x15, 0x15, 0x54, 0x51, 0x55, 0x54, 0x55, 0x05, 0x51,
    0x55, 0x51, 0x55, 0x51, 0x55, 0x55, 0x45, 0x14, 0x15, 0x15, 0x54, 0x54, 0x54, 0x45, 0x14, 0x55, 0x11, 0x41, 0x54, 0x55, 0x10, 0xff, 0xff, 0xff,
    0xff, 0xfe, 0xff, 0xff, 0xfe, 0xff, 0xff, 0xfe, 0xfb, 0xff, 0xbe, 0xff, 0xef, 0xa5, 0x55, 0x55, 0x55, 0x55, 0x55, 0x55, 0x55, 0x55, 0x55, 0x6f,
    0xf9, 0x6a, 0xfe, 0x55, 0x55, 0xaa, 0xaf, 0xbf, 0xff, 0xff, 0xff, 0xff, 0xff, 0xff, 0xff, 0xff, 0xff, 0xff, 0xff, 0xfb, 0xff, 0xfb, 0xfe, 0xff,
    0xbf, 0xfe, 0xfe, 0xfe, 0xff, 0xfb, 0xea, 0x95, 0x55, 0x56, 0x95, 0x55, 0x55, 0x55, 0x55, 0x55, 0x55, 0x55, 0x55, 0x55, 0x55, 0x55, 0x55, 0x55,
    0x55, 0x55, 0x55, 0x55, 0x55, 0x55, 0x55, 0x55, 0x55, 0x54, 0x54, 0x51, 0x55, 0x51, 0x55, 0x55, 0x45, 0x55, 0x55, 0x55, 0x41, 0x45, 0x51, 0x45,
    0x45, 0x51, 0x44, 0x45, 0x55, 0x54, 0x55, 0x45, 0x51, 0x45, 0x15, 0x14, 0x51, 0x45, 0x11, 0x45, 0x45, 0x15, 0x14, 0x51, 0x45, 0x14, 0x51, 0x45,
    0x45, 0x14, 0x51, 0x55, 0x15, 0x05, 0x45, 0x14, 0x51, 0x45, 0x14, 0x54, 0x54, 0x51, 0x50, 0x55, 0x45, 0x44, 0x55, 0x45, 0x45, 0x54, 0x55, 0x50,
    0x54, 0x54, 0x15, 0x51, 0x95, 0x45, 0x51, 0x51, 0x45, 0x55, 0x14, 0x51, 0x45, 0x55, 0x14, 0x50, 0x51, 0x50, 0x55, 0x41, 0x14, 0x54, 0x51, 0x55,
    0x45, 0x05, 0x14, 0x45, 0x51, 0x45, 0x05, 0x15, 0x45, 0x15, 0x45, 0x50, 0xff, 0xff, 0xff, 0xff, 0xff, 0xff, 0xff, 0xff, 0xef, 0xef, 0xef, 0xff,
    0xbf, 0xff, 0xef, 0xfe, 0x55, 0x55, 0x55, 0x55, 0x55, 0x55, 0x55, 0x55, 0x55, 0x54, 0x7f, 0xff, 0xff, 0xff, 0x55, 0x55, 0x55, 0x57, 0xff, 0xff,
    0xff, 0xff, 0xff, 0xff, 0xff, 0xff, 0xff, 0xff, 0xfe, 0xff, 0xbf, 0xfe, 0xff, 0xff, 0xff, 0xff, 0xef, 0xef, 0xef, 0xfe, 0xfe, 0x55, 0x55, 0x55,
    0x55, 0x55, 0x55, 0x55, 0x55, 0x55, 0x55, 0x55, 0x55, 0x55, 0x55, 0x55, 0x55, 0x55, 0x55, 0x55, 0x55, 0x55, 0x55, 0x55, 0x55, 0x55, 0x55, 0x55,
    0x55, 0x45, 0x55, 0x15, 0x55, 0x51, 0x45, 0x55, 0x15, 0x55, 0x15, 0x05, 0x55, 0x14, 0x54, 0x50, 0x55, 0x45, 0x51, 0x14, 0x54, 0x50, 0x54, 0x54,
    0x51, 0x45, 0x14, 0x51, 0x51, 0x51, 0x45, 0x45, 0x14, 0x54, 0x51, 0x45, 0x14, 0x51, 0x45, 0x14, 0x54, 0x51, 0x05, 0x41, 0x50, 0x51, 0x54, 0x51,
    0x45, 0x15, 0x05, 0x15, 0x14, 0x55, 0x05, 0x14, 0x54, 0x51, 0x45, 0x50, 0x55, 0x51, 0x45, 0x45, 0x15, 0x41, 0x51, 0x91, 0x45, 0x05, 0x15, 0x15,
    0x05, 0x14, 0x55, 0x14, 0x51, 0xa9, 0x14, 0x54, 0x55, 0x45, 0x55, 0x55, 0x14, 0x55, 0x44, 0x51, 0x51, 0x45, 0x45, 0x14, 0x51, 0x54, 0x54, 0x55,
    0x14, 0x54, 0x50, 0xff, 0xff, 0xbf, 0xfb, 0xff, 0xff, 0xff, 0xfb, 0xff, 0xfe, 0xff, 0xbf, 0xfb, 0xef, 0xfe, 0xf5, 0x55, 0x55, 0x55, 0x55, 0x15,
    0x5a, 0xaa, 0x95, 0x55, 0x55, 0xff, 0xff, 0xff, 0xfb, 0x95, 0x55, 0x55, 0x56, 0xff, 0xff, 0xff, 0xff, 0xff, 0xff, 0xff, 0xff, 0xff, 0xff, 0xff,
    0xff, 0xff, 0xef, 0xff, 0xfb, 0xfb, 0xff, 0xff, 0xff, 0xff, 0xff, 0xa5, 0x55, 0x55, 0x55, 0x55, 0x55, 0x55, 0x55, 0x65, 0x55, 0xa9, 0x55, 0x55,
    0x55, 0x55, 0x55, 0x55, 0x55, 0x55, 0x55, 0x55, 0x55, 0x55, 0x55, 0x15, 0x51, 0x55, 0x54, 0x51, 0x55, 0x55, 0x55, 0x14, 0x55, 0x55, 0x55, 0x51,
    0x51, 0x50, 0x15, 0x14, 0x55, 0x14, 0x55, 0x14, 0x51, 0x51, 0x45, 0x45, 0x55, 0x45, 0x05, 0x14, 0x51, 0x45, 0x14, 0x14, 0x54, 0x50, 0x51, 0x45,
    0x45, 0x15, 0x14, 0x55, 0x15, 0x51, 0x54, 0x41, 0x45, 0x50, 0x55, 0x55, 0x15, 0x45, 0x15, 0x51, 0x45, 0x55, 0x11, 0x55, 0x15, 0x51, 0x54, 0x55,
    0x15, 0x54, 0x15, 0x41, 0x15, 0x15, 0x45, 0x41, 0x54, 0x15, 0x95, 0x14, 0x55, 0x15, 0x11, 0x51, 0x45, 0x14, 0x55, 0x51, 0x55, 0x54, 0x45, 0x05,
    0x54, 0x54, 0x51, 0x51, 0x45, 0x45, 0x51, 0x51, 0x51, 0x51, 0x45, 0x51, 0x45, 0x44, 0x51, 0x54, 0x55, 0x50, 0xff, 0xef, 0xff, 0xff, 0xff, 0xff,
    0xfe, 0xff, 0xbf, 0xbf, 0xff, 0xff, 0xff, 0xfe, 0xaa, 0x95, 0x55, 0x56, 0xe5, 0x51, 0xaa, 0xbf, 0xff, 0xe5, 0x55, 0x52, 0xff, 0xff, 0xff, 0xff,
    0x95, 0x55, 0x5a, 0x95, 0xfb, 0xff, 0xff, 0xff, 0xff, 0xff, 0xff, 0xff, 0xff, 0xfb, 0xfb, 0xfe, 0xff, 0xff, 0xff, 0xbf, 0xff, 0xff, 0xff, 0xfe,
    0xba, 0x95, 0x55, 0x55, 0x55, 0x55, 0x55, 0xbf, 0x55, 0x5b, 0xfe, 0x5b, 0xfe, 0x55, 0x55, 0x55, 0x55, 0x55, 0x55, 0x95, 0x55, 0x55, 0x69, 0x55,
    0x55, 0x45, 0x54, 0x55, 0x55, 0x55, 0x55, 0x55, 0x54, 0x55, 0x55, 0x55, 0x51, 0x55, 0x55, 0x15, 0x50, 0x51, 0x45, 0x45, 0x15, 0x45, 0x45, 0x54,
    0x55, 0x45, 0x45, 0x05, 0x41, 0x51, 0x54, 0x51, 0x45, 0x45, 0x45, 0x05, 0x55, 0x14, 0x51, 0x45, 0x14, 0x51, 0x41, 0x50, 0x51, 0x45, 0x54, 0x44,
    0x55, 0x14, 0x05, 0x14, 0x51, 0x54, 0x51, 0x45, 0x11, 0x54, 0x41, 0x50, 0x55, 0x05, 0x45, 0x45, 0x15, 0x45, 0x55, 0x51, 0x51, 0x50, 0x55, 0x15,
    0x51, 0xd1, 0x51, 0x51, 0x45, 0x55, 0x51, 0x51, 0x45, 0x41, 0x45, 0x14, 0x45, 0x45, 0x54, 0x15, 0x45, 0x55, 0x45, 0x14, 0x55, 0x15, 0x15, 0x14,
    0x51, 0x51, 0x14, 0x51, 0x45, 0x15, 0x45, 0x41, 0x40, 0xfe, 0xff, 0xef, 0xff, 0xff, 0xff, 0xef, 0xff, 0xfe, 0xeb, 0xab, 0xaa, 0xaf, 0xa5, 0x51,
    0x55, 0x55, 0x5b, 0xfa, 0xab, 0xff, 0xff, 0xff, 0xf9, 0x6a, 0xab, 0xff, 0xfe, 0xff, 0xef, 0xe5, 0x55, 0x6f, 0xfa, 0xbf, 0xff, 0xff, 0xff, 0xff,
    0xff, 0xff, 0xbf, 0xff, 0xff, 0xff, 0xff, 0xef, 0xbf, 0xbf, 0xff, 0xef, 0xea, 0xa9, 0x55, 0x55, 0x55, 0x55, 0x55, 0x56, 0xfa, 0x56, 0xff, 0xd5,
    0x6f, 0xff, 0xff, 0xff, 0xfe, 0x55, 0x55, 0x55, 0x55, 0x5b, 0xfa, 0x55, 0x55, 0xff, 0x55, 0x55, 0x55, 0x45, 0x55, 0x55, 0x55, 0x55, 0x45, 0x15,
    0x45, 0x45, 0x54, 0x55, 0x50, 0x45, 0x55, 0x05, 0x55, 0x51, 0x45, 0x51, 0x45, 0x45, 0x15, 0x44, 0x50, 0x51, 0x50, 0x55, 0x54, 0x51, 0x45, 0x14,
    0x51, 0x55, 0x55, 0x05, 0x45, 0x51, 0x51, 0x45, 0x45, 0x54, 0x55, 0x15, 0x45, 0x05, 0x54, 0x45, 0x15, 0x51, 0x51, 0x54, 0x51, 0x45, 0x14, 0x51,
    0x45, 0x55, 0x45, 0x45, 0x54, 0x50, 0x55, 0x15, 0x54, 0x15, 0x14, 0x51, 0x55, 0x45, 0x14, 0x56, 0x94, 0x51, 0x45, 0x45, 0x14, 0x55, 0x15, 0x45,
    0x15, 0x45, 0x55, 0x45, 0x14, 0x55, 0x51, 0x55, 0x14, 0x55, 0x15, 0x45, 0x51, 0x54, 0x54, 0x55, 0x15, 0x14, 0x51, 0x51, 0x44, 0x51, 0x55, 0x50,
    0xff, 0xff, 0xff, 0xff, 0xbf, 0xbf, 0xff, 0x96, 0x95, 0x55, 0x55, 0x55, 0x55, 0x55, 0x55, 0x55, 0x55, 0x5f, 0xff, 0xff, 0xfe, 0xfb, 0xff, 0xff,
    0xff, 0xff, 0xff, 0xff, 0xef, 0xff, 0xfa, 0xaa, 0xff, 0xff, 0xff, 0xff, 0xff, 0xfe, 0xff, 0xff, 0xef, 0xff, 0xfb, 0xff, 0xef, 0xbb, 0xff, 0xff,
    0xff, 0xeb, 0xfe, 0x95, 0x55, 0x55, 0x55, 0x55, 0x55, 0x55, 0x5b, 0xff, 0xab, 0xfe, 0xf5, 0xbf, 0xff, 0xff, 0xff, 0xfe, 0x55, 0x55, 0x55, 0x55,
    0x6f, 0xff, 0xa5, 0xab, 0xff, 0x95, 0x55, 0x55, 0x55, 0x15, 0x45, 0x55, 0x54, 0x55, 0x55, 0x54, 0x54, 0x55, 0x45, 0x55, 0x55, 0x54, 0x15, 0x14,
    0x15, 0x51, 0x51, 0x54, 0x54, 0x51, 0x45, 0x55, 0x55, 0x55, 0x50, 0x45, 0x51, 0x54, 0x55, 0x15, 0x10, 0x51, 0x50, 0x51, 0x54, 0x14, 0x54, 0x54,
    0x15, 0x05, 0x50, 0x54, 0x51, 0x15, 0x45, 0x51, 0x51, 0x45, 0x15, 0x51, 0x54, 0x51, 0x45, 0x45, 0x14, 0x55, 0x45, 0x51, 0x55, 0x51, 0x50, 0x55,
    0x45, 0x14, 0x54, 0x51, 0x54, 0x54, 0x52, 0x94, 0x54, 0x54, 0x51, 0x45, 0x05, 0x44, 0x51, 0x54, 0x51, 0x41, 0x51, 0x55, 0x41, 0x55, 0x15, 0x14,
    0x51, 0x45, 0x14, 0x55, 0x45, 0x45, 0x05, 0x54, 0x51, 0x45, 0x15, 0x45, 0x51, 0x45, 0x10, 0x96, 0x6a, 0x65, 0xaf, 0xff, 0xfe, 0xa5, 0x55, 0x15,
    0x55, 0x55, 0x55, 0x55, 0x55, 0x55, 0x55, 0x57, 0xff, 0xff, 0xff, 0xef, 0xff, 0xff, 0xff, 0xff, 0xff, 0xfb, 0xff, 0xff, 0xfe, 0xff, 0xff, 0xfe,
    0xff, 0xff, 0xef, 0xff, 0xff, 0xff, 0xef, 0xff, 0xff, 0xbf, 0xef, 0xff, 0xff, 0xfa, 0xaa, 0xa5, 0x55, 0x55, 0x55, 0x55, 0x55, 0x55, 0x55, 0x55,
    0x55, 0x5b, 0xff, 0xff, 0xff, 0xff, 0xff, 0xef, 0xbf, 0xff, 0xfe, 0x55, 0x55, 0x55, 0xaa, 0xff, 0xff, 0xff, 0xff, 0xff, 0xea, 0xae, 0x55, 0x55,
    0x55, 0x55, 0x15, 0x55, 0x55, 0x55, 0x55, 0x55, 0x6a, 0x55, 0x6f, 0xf9, 0x41, 0x51, 0x55, 0x45, 0x15, 0x14, 0x54, 0x55, 0x45, 0x55, 0x05, 0x05,
    0x14, 0x15, 0x14, 0x15, 0x05, 0x45, 0x14, 0x55, 0x14, 0x55, 0x54, 0x15, 0x45, 0x45, 0x15, 0x41, 0x54, 0x55, 0x14, 0x51, 0x41, 0x51, 0x41, 0x14,
    0x55, 0x15, 0x15, 0x15, 0x45, 0x14, 0x54, 0x51, 0x41, 0x51, 0x45, 0x05, 0x51, 0x55, 0x45, 0x45, 0x45, 0x14, 0x51, 0x15, 0x45, 0x51, 0x95, 0x05,
    0x14, 0x54, 0x55, 0x54, 0x54, 0x51, 0x45, 0x15, 0x14, 0x51, 0x41, 0x55, 0x55, 0x51, 0x55, 0x51, 0x45, 0x15, 0x44, 0x51, 0x45, 0x54, 0x45, 0x51,
    0x45, 0x44, 0x51, 0x05, 0x45, 0x50, 0x55, 0x15, 0x55, 0x56, 0xa9, 0xa5, 0x55, 0x55, 0x55, 0x55, 0x55, 0x55, 0x55, 0x55, 0x55, 0x55, 0x57, 0xff,
    0xff, 0xbe, 0xff, 0xff, 0xff, 0xff, 0xff, 0xff, 0xff, 0xff, 0xff, 0xbf, 0xef, 0xbf, 0xef, 0xff, 0xff, 0xff, 0xfe, 0xff, 0xfb, 0xff, 0xff, 0xef,
    0xff, 0xff, 0xea, 0xa9, 0x55, 0x55, 0x55, 0x55, 0x55, 0x55, 0x56, 0xea, 0x55, 0x55, 0x55, 0x55, 0x47, 0xef, 0xff, 0xfb, 0xff, 0xfb, 0xff, 0xfb,
    0xef, 0xbf, 0x95, 0x5b, 0xfe, 0xff, 0xff, 0xff, 0xff, 0xff, 0xff, 0xff, 0xff, 0xe5, 0x55, 0x55, 0x55, 0x55, 0x5b, 0xe5, 0x55, 0x69, 0x5b, 0xff,
    0xfb, 0xff, 0xfe, 0x45, 0x15, 0x41, 0x54, 0x54, 0x54, 0x45, 0x41, 0x54, 0x14, 0x55, 0x55, 0x15, 0x45, 0x15, 0x45, 0x51, 0x51, 0x45, 0x45, 0x14,
    0x45, 0x05, 0x41, 0x54, 0x51, 0x41, 0x55, 0x15, 0x05, 0x45, 0x14, 0x54, 0x14, 0x55, 0x15, 0x11, 0x45, 0x15, 0x41, 0x45, 0x51, 0x45, 0x45, 0x15,
    0x15, 0x14, 0x54, 0x55, 0x05, 0x50, 0x51, 0x45, 0x55, 0x15, 0x15, 0x45, 0x16, 0x85, 0x55, 0x15, 0x05, 0x50, 0x55, 0x15, 0x15, 0x15, 0x45, 0x15,
    0x15, 0x55, 0x14, 0x14, 0x55, 0x45, 0x14, 0x51, 0x45, 0x15, 0x14, 0x54, 0x55, 0x45, 0x14, 0x50, 0x54, 0x55, 0x54, 0x54, 0x50, 0x55, 0x55, 0x55,
    0x51, 0x45, 0x55, 0x55, 0x55, 0x55, 0x55, 0x6a, 0xa5, 0xaf, 0x95, 0x55, 0x55, 0x1b, 0xfe, 0xff, 0xff, 0xff, 0xbf, 0xff, 0xff, 0xff, 0xff, 0xff,
    0xff, 0xfb, 0xff, 0xff, 0xfb, 0xff, 0xff, 0xbf, 0xbe, 0xff, 0xeb, 0xff, 0xfe, 0xbf, 0xfe, 0xfa, 0xa9, 0x55, 0x55, 0x55, 0x55, 0x55, 0x55, 0x55,
    0x55, 0x6f, 0xff, 0x95, 0x55, 0x56, 0xa5, 0x5b, 0xfe, 0xff, 0xff, 0xff, 0xff, 0xff, 0xff, 0xff, 0xff, 0xea, 0xaf, 0xff, 0xff, 0xff, 0xff, 0xff,
    0xff, 0xff, 0xff, 0xff, 0xf5, 0x55, 0x15, 0x55, 0x55, 0xbf, 0xfe, 0x5b, 0xff, 0xff, 0xfe, 0xff, 0xff, 0xf8, 0x54, 0x54, 0x55, 0x15, 0x45, 0x45,
    0x55, 0x14, 0x55, 0x51, 0x50, 0x51, 0x51, 0x54, 0x51, 0x44, 0x51, 0x15, 0x51, 0x45, 0x45, 0x45, 0x55, 0x54, 0x14, 0x51, 0x54, 0x51, 0x41, 0x54,
    0x51, 0x45, 0x15, 0x45, 0x14, 0x51, 0x51, 0x55, 0x44, 0x54, 0x50, 0x51, 0x51, 0x45, 0x51, 0x54, 0x55, 0x45, 0x45, 0x54, 0x15, 0x51, 0x51, 0x41,
    0x51, 0x41, 0x54, 0x52, 0x84, 0x51, 0x41, 0x54, 0x55, 0x11, 0x51, 0x51, 0x50, 0x54, 0x51, 0x54, 0x15, 0x15, 0x55, 0x45, 0x45, 0x45, 0x14, 0x54,
    0x51, 0x45, 0x14, 0x51, 0x55, 0x14, 0x55, 0x14, 0x40, 0x51, 0x55, 0x10, 0x55, 0x55, 0x15, 0x15, 0x55, 0x55, 0x54, 0x55, 0x15, 0x46, 0xbf, 0xff,
    0xff, 0xe5, 0x56, 0xaa, 0xaf, 0xff, 0xff, 0xff, 0xef, 0xfb, 0xff, 0xff, 0xbf, 0xbf, 0xef, 0xef, 0xff, 0xff, 0xbe, 0xff, 0xff, 0xef, 0xbf, 0xff,
    0xff, 0x95, 0x55, 0x55, 0x55, 0x55, 0x55, 0x55, 0x55, 0x55, 0x55, 0x55, 0x55, 0x55, 0x55, 0x55, 0xbf, 0xff, 0xf5, 0x55, 0x5b, 0xf9, 0x6f, 0xbf,
    0xff, 0xff, 0xff, 0xbf, 0xff, 0xff, 0xbf, 0xff, 0xff, 0xfe, 0xaa, 0xff, 0xff, 0xff, 0xff, 0xff, 0xff, 0xff, 0xff, 0xfe, 0x15, 0xa9, 0x55, 0x56,
    0xff, 0xff, 0xff, 0xff, 0xff, 0xff, 0xfe, 0xfb, 0x91, 0x45, 0x45, 0x45, 0x45, 0x14, 0x55, 0x11, 0x55, 0x41, 0x45, 0x15, 0x45, 0x55, 0x15, 0x45,
    0x54, 0x55, 0x14, 0x15, 0x14, 0x51, 0x51, 0x41, 0x15, 0x45, 0x14, 0x14, 0x51, 0x54, 0x51, 0x51, 0x45, 0x11, 0x45, 0x15, 0x45, 0x14, 0x10, 0x55,
    0x15, 0x15, 0x15, 0x14, 0x14, 0x51, 0x45, 0x45, 0x45, 0x14, 0x51, 0x55, 0x15, 0x15, 0x55, 0x14, 0x54, 0x54, 0x56, 0x94, 0x51, 0x54, 0x51, 0x45,
    0x51, 0x51, 0x51, 0x45, 0x51, 0x54, 0x45, 0x51, 0x41, 0x45, 0x14, 0x51, 0x45, 0x14, 0x51, 0x54, 0x51, 0x51, 0x45, 0x11, 0x51, 0x45, 0x15, 0x55,
    0x05, 0x05, 0x50, 0x55, 0x55, 0x51, 0x55, 0x15, 0x55, 0x15, 0x51, 0x51, 0x6b, 0xff, 0xaf, 0xfa, 0xfa, 0xbf, 0xff, 0xff, 0xfb, 0xff, 0xfe, 0xfe,
    0xff, 0xbf, 0xfb, 0xff, 0xff, 0xff, 0xff, 0xff, 0xff, 0xff, 0xfe, 0xfb, 0xff, 0xff, 0xfa, 0xa5, 0x55, 0x55, 0x55, 0x55, 0x55, 0x55, 0x55, 0x55,
    0x6a, 0xfd, 0x55, 0xfe, 0x55, 0x55, 0x5b, 0xfe, 0xfe, 0xfe, 0xaf, 0xff, 0xff, 0xff, 0xff, 0xfb, 0xff, 0xbf, 0xff, 0xbf, 0xbf, 0xfa, 0xaa, 0xbf,
    0xa5, 0x54, 0x66, 0xff, 0xff, 0xff, 0xff, 0xff, 0xff, 0xff, 0xff, 0xaa, 0xfe, 0x95, 0x6f, 0xff, 0xff, 0xff, 0xef, 0xfe, 0xff, 0xff, 0xfe, 0x05,
    0x51, 0x45, 0x54, 0x54, 0x55, 0x15, 0x54, 0x41, 0x54, 0x54, 0x54, 0x54, 0x45, 0x14, 0x50, 0x51, 0x44, 0x51, 0x45, 0x14, 0x51, 0x14, 0x55, 0x11,
    0x45, 0x15, 0x45, 0x54, 0x54, 0x51, 0x14, 0x51, 0x51, 0x50, 0x51, 0x45, 0x15, 0x55, 0x41, 0x51, 0x51, 0x45, 0x15, 0x51, 0x45, 0x14, 0x50, 0x51,
    0x51, 0x45, 0x41, 0x45, 0x14, 0x14, 0x54, 0x54, 0x45, 0x46, 0x95, 0x14, 0x15, 0x15, 0x14, 0x55, 0x14, 0x15, 0x15, 0x15, 0x05, 0x45, 0x14, 0x54,
    0x54, 0x55, 0x55, 0x14, 0x51, 0x45, 0x05, 0x51, 0x51, 0x45, 0x55, 0x15, 0x05, 0x51, 0x05, 0x45, 0x50, 0x50, 0x55, 0x51, 0x55, 0x45, 0x55, 0x55,
    0x55, 0x55, 0x51, 0xff, 0xef, 0xfe, 0xff, 0xbf, 0xfb, 0xff, 0xff, 0xff, 0xfb, 0xff, 0xff, 0xef, 0xbf, 0xff, 0xfe, 0xfe, 0xfe, 0xfe, 0xaa, 0xab,
    0xff, 0xef, 0xff, 0xea, 0x6a, 0xa5, 0x55, 0x55, 0x55, 0x55, 0x55, 0x55, 0x55, 0x55, 0x56, 0xff, 0xff, 0xab, 0xff, 0xab, 0xfa, 0xbf, 0xff, 0xef,
    0xff, 0xff, 0xff, 0xff, 0xfe, 0xff, 0xbf, 0xef, 0xfb, 0xff, 0xfb, 0xfe, 0x55, 0x55, 0x5a, 0x55, 0x5a, 0x5a, 0xff, 0xff, 0xff, 0xff, 0xff, 0xff,
    0xff, 0xfb, 0xff, 0xff, 0xff, 0xff, 0xff, 0xff, 0xfe, 0xff, 0xff, 0xff, 0xbf, 0xe4, 0x54, 0x15, 0x54, 0x14, 0x54, 0x45, 0x14, 0x54, 0x55, 0x14,
    0x45, 0x45, 0x14, 0x55, 0x45, 0x15, 0x15, 0x05, 0x45, 0x50, 0x55, 0x15, 0x14, 0x51, 0x51, 0x51, 0x45, 0x45, 0x05, 0x45, 0x15, 0x05, 0x14, 0x51,
    0x15, 0x44, 0x51, 0x45, 0x05, 0x15, 0x14, 0x45, 0x45, 0x41, 0x45, 0x14, 0x51, 0x55, 0x14, 0x51, 0x54, 0x54, 0x55, 0x45, 0x45, 0x45, 0x05, 0x45,
    0x46, 0x91, 0x45, 0x41, 0x45, 0x51, 0x45, 0x15, 0x45, 0x11, 0x54, 0x54, 0x51, 0x45, 0x55, 0x45, 0x41, 0x45, 0x51, 0x45, 0x45, 0x55, 0x15, 0x15,
    0x51, 0x45, 0x14, 0x50, 0x51, 0x54, 0x54, 0x55, 0x10, 0x51, 0x55, 0x54, 0x55, 0x45, 0x55, 0x45, 0x45, 0x56, 0xfe, 0xff, 0xff, 0xef, 0xff, 0xff,
    0xbf, 0xbe, 0xff, 0xff, 0xbf, 0xef, 0xff, 0xfa, 0xff, 0xef, 0xff, 0xff, 0xf9, 0x51, 0x56, 0xaa, 0x5a, 0xae, 0x55, 0x55, 0x55, 0x55, 0x59, 0x55,
    0x69, 0x55, 0x55, 0x56, 0xaa, 0xbf, 0xff, 0xfb, 0xff, 0xef, 0xff, 0xff, 0xff, 0xbf, 0xff, 0xfb, 0xfb, 0xbf, 0xbf, 0xef, 0xff, 0xaf, 0xff, 0xff,
    0xff, 0xff, 0xa5, 0x55, 0x55, 0x55, 0x55, 0xbf, 0xff, 0xff, 0xff, 0xff, 0xff, 0xfe, 0xff, 0xff, 0xff, 0xff, 0xff, 0xff, 0xff, 0xef, 0xff, 0xef,
    0xff, 0xff, 0xfb, 0xff, 0x91, 0x55, 0x44, 0x51, 0x45, 0x45, 0x55, 0x45, 0x15, 0x51, 0x45, 0x45, 0x45, 0x15, 0x10, 0x51, 0x45, 0x14, 0x51, 0x45,
    0x15, 0x41, 0x45, 0x51, 0x45, 0x15, 0x15, 0x54, 0x51, 0x54, 0x51, 0x44, 0x55, 0x14, 0x54, 0x51, 0x45, 0x14, 0x54, 0x51, 0x55, 0x14, 0x54, 0x51,
    0x54, 0x54, 0x54, 0x51, 0x05, 0x54, 0x54, 0x51, 0x45, 0x50, 0x55, 0x45, 0x15, 0x55, 0x14, 0x52, 0x94, 0x54, 0x55, 0x45, 0x15, 0x14, 0x51, 0x45,
    0x54, 0x55, 0x51, 0x54, 0x55, 0x11, 0x55, 0x55, 0x45, 0x51, 0x44, 0x51, 0x45, 0x15, 0x14, 0x54, 0x51, 0x44, 0x55, 0x14, 0x11, 0x45, 0x45, 0x10,
    0x55, 0x54, 0x54, 0x51, 0x54, 0x55, 0x55, 0x55, 0x15, 0xaa, 0xaa, 0xaa, 0x69, 0x55, 0xaa, 0xaa, 0xff, 0xef, 0xbf, 0xfe, 0xea, 0x69, 0x55, 0x6f,
    0xff, 0xef, 0xea, 0xa5, 0x55, 0x55, 0x55, 0x55, 0x55, 0x55, 0x55, 0x55, 0x55, 0xbf, 0xea, 0xff, 0x96, 0xfa, 0x6b, 0xff, 0xff, 0xff, 0xbf, 0xfb,
    0xfe, 0xfe, 0xff, 0xff, 0xfb, 0xff, 0xbf, 0xff, 0xbb, 0xfb, 0xff, 0xb9, 0x55, 0x5a, 0xaa, 0xa5, 0x69, 0x55, 0x55, 0x55, 0x55, 0x56, 0xff, 0xff,
    0xff, 0xff, 0xff, 0xff, 0xff, 0xff, 0xbf, 0xef, 0xbe, 0xfb, 0xef, 0xbe, 0xff, 0xef, 0xff, 0xff, 0xbf, 0xff, 0xf9, 0x15, 0x11, 0x54, 0x51, 0x54,
    0x51, 0x50, 0x55, 0x15, 0x14, 0x54, 0x54, 0x55, 0x41, 0x55, 0x55, 0x55, 0x45, 0x51, 0x51, 0x45, 0x14, 0x50, 0x51, 0x45, 0x14, 0x50, 0x51, 0x51,
    0x45, 0x15, 0x45, 0x41, 0x45, 0x05, 0x45, 0x51, 0x45, 0x45, 0x54, 0x41, 0x45, 0x14, 0x51, 0x54, 0x14, 0x51, 0x45, 0x54, 0x45, 0x14, 0x51, 0x51,
    0x15, 0x41, 0x54, 0x50, 0x51, 0x51, 0x47, 0x95, 0x15, 0x44, 0x51, 0x45, 0x14, 0x51, 0x50, 0x54, 0x41, 0x45, 0x05, 0x11, 0x54, 0x14, 0x14, 0x54,
    0x14, 0x54, 0x14, 0x54, 0x51, 0x55, 0x45, 0x14, 0x54, 0x51, 0x45, 0x51, 0x45, 0x15, 0x50, 0x55, 0x15, 0x45, 0x55, 0x55, 0x55, 0x51, 0x55, 0x55,
    0x55, 0x55, 0x55, 0x55, 0x55, 0x45, 0x55, 0x6b, 0xfe, 0xa9, 0xa9, 0x55, 0x55, 0x55, 0x5a, 0xff, 0xfe, 0x55, 0x55, 0x56, 0xa5, 0x55, 0x55, 0x55,
    0x55, 0x56, 0x95, 0x57, 0xff, 0xff, 0xff, 0xff, 0xff, 0xff, 0xff, 0xff, 0xbf, 0xff, 0xbf, 0xbf, 0xef, 0xfb, 0xef, 0xff, 0xfb, 0xff, 0xaf, 0xff,
    0xff, 0xfb, 0xd5, 0x55, 0x55, 0x55, 0x45, 0x55, 0x55, 0x56, 0x95, 0x95, 0x5b, 0xff, 0xff, 0xff, 0xff, 0xff, 0xff, 0xff, 0xff, 0xff, 0xff, 0xff,
    0xbf, 0xbf, 0xff, 0xfe, 0xff, 0xff, 0xfb, 0xfb, 0xef, 0xe5, 0x55, 0x14, 0x15, 0x15, 0x15, 0x51, 0x55, 0x51, 0x45, 0x14, 0x54, 0x54, 0x50, 0x55,
    0x45, 0x04, 0x11, 0x51, 0x14, 0x15, 0x45, 0x15, 0x15, 0x14, 0x55, 0x45, 0x45, 0x15, 0x14, 0x51, 0x54, 0x51, 0x54, 0x51, 0x54, 0x54, 0x14, 0x54,
    0x51, 0x05, 0x54, 0x51, 0x45, 0x14, 0x45, 0x45, 0x51, 0x44, 0x51, 0x45, 0x45, 0x55, 0x15, 0x14, 0x55, 0x14, 0x55, 0x14, 0x51, 0x4b, 0x91, 0x51,
    0x45, 0x15, 0x45, 0x45, 0x54, 0x55, 0x45, 0x55, 0x14, 0x51, 0x14, 0x45, 0x55, 0x45, 0x55, 0x45, 0x45, 0x45, 0x15, 0x45, 0x14, 0x51, 0x45, 0x45,
    0x15, 0x44, 0x54, 0x54, 0x50, 0x50, 0x55, 0x55, 0x55, 0x15, 0x51, 0x45, 0x15, 0x14, 0x55, 0x55, 0x55, 0x55, 0x55, 0x55, 0x55, 0x55, 0x55, 0x65,
    0x55, 0x55, 0x55, 0x55, 0x55, 0x55, 0xaa, 0xa5, 0x55, 0x55, 0x6f, 0xfa, 0x55, 0x55, 0x55, 0x55, 0x6f, 0xfe, 0xaf, 0xff, 0xff, 0xfb, 0xff, 0xff,
    0xff, 0xfb, 0xfb, 0xfe, 0xfb, 0xff, 0xff, 0xff, 0xff, 0xfe, 0xfe, 0xff, 0xff, 0xff, 0xea, 0x9a, 0xae, 0x55, 0x55, 0x55, 0x65, 0x55, 0x55, 0x55,
    0x5f, 0xff, 0xfa, 0x6f, 0xff, 0xff, 0xff, 0xfe, 0xff, 0xfb, 0xef, 0xff, 0xfe, 0xaa, 0xab, 0xfb, 0xfb, 0xff, 0xff, 0xfe, 0xff, 0xff, 0xff, 0xfe,
    0x45, 0x41, 0x55, 0x51, 0x51, 0x51, 0x15, 0x05, 0x15, 0x54, 0x55, 0x05, 0x45, 0x15, 0x50, 0x55, 0x55, 0x55, 0x15, 0x15, 0x45, 0x15, 0x51, 0x45,
    0x45, 0x14, 0x55, 0x15, 0x51, 0x45, 0x15, 0x05, 0x14, 0x14, 0x51, 0x45, 0x15, 0x45, 0x14, 0x15, 0x51, 0x15, 0x54, 0x51, 0x15, 0x45, 0x45, 0x14,
    0x55, 0x15, 0x51, 0x45, 0x45, 0x14, 0x54, 0x51, 0x45, 0x15, 0x14, 0x54, 0x57, 0x95, 0x51, 0x51, 0x50, 0x55, 0x51, 0x45, 0x45, 0x14, 0x15, 0x15,
    0x55, 0x14, 0x51, 0x45, 0x45, 0x05, 0x51, 0x45, 0x51, 0x51, 0x45, 0x51, 0x54, 0x55, 0x45, 0x04, 0x54, 0x45, 0x45, 0x45, 0x40, 0x55, 0x51, 0x51,
    0x54, 0x55, 0x55, 0x55, 0x55, 0x55, 0x55, 0x55, 0x51, 0x55, 0x55, 0x55, 0x55, 0x55, 0x55, 0x55, 0x55, 0x55, 0x55, 0xf9, 0x55, 0x55, 0x55, 0x55,
    0x55, 0x7f, 0xff, 0xaa, 0xfe, 0xbf, 0xa5, 0xbf, 0xff, 0xff, 0xff, 0xef, 0xff, 0xff, 0xfe, 0xfb, 0xff, 0xff, 0xef, 0xff, 0xef, 0xef, 0xbe, 0xef,
    0xbf, 0xef, 0xef, 0xbe, 0xff, 0x95, 0x55, 0x55, 0x55, 0x55, 0xff, 0xfa, 0x55, 0x55, 0x55, 0x6f, 0xbf, 0xbf, 0xff, 0xff, 0xff, 0xef, 0xff, 0xfb,
    0xff, 0xff, 0xa9, 0x55, 0x55, 0x55, 0x55, 0x55, 0xaa, 0xaa, 0xaf, 0xea, 0xaa, 0xfe, 0xa9, 0x14, 0x55, 0x45, 0x51, 0x54, 0x51, 0x55, 0x55, 0x14,
    0x54, 0x51, 0x55, 0x45, 0x15, 0x15, 0x44, 0x51, 0x45, 0x14, 0x51, 0x45, 0x10, 0x51, 0x54, 0x55, 0x15, 0x11, 0x51, 0x45, 0x45, 0x51, 0x51, 0x45,
    0x45, 0x54, 0x51, 0x41, 0x45, 0x15, 0x50, 0x55, 0x15, 0x05, 0x51, 0x51, 0x51, 0x51, 0x45, 0x41, 0x50, 0x51, 0x50, 0x55, 0x14, 0x51, 0x51, 0x51,
    0x41, 0x55, 0x05, 0x46, 0x94, 0x15, 0x15, 0x45, 0x51, 0x15, 0x15, 0x14, 0x51, 0x45, 0x41, 0x04, 0x51, 0x51, 0x45, 0x55, 0x54, 0x51, 0x10, 0x51,
    0x45, 0x54, 0x51, 0x45, 0x41, 0x51, 0x54, 0x51, 0x45, 0x05, 0x15, 0x50, 0x55, 0x15, 0x55, 0x55, 0x45, 0x55, 0x55, 0x51, 0x05, 0x15, 0x55, 0x6a,
    0x55, 0x55, 0x55, 0x51, 0x55, 0x55, 0x55, 0x5a, 0xfa, 0xab, 0xfe, 0x55, 0x55, 0x55, 0x55, 0x55, 0xff, 0xff, 0xff, 0xff, 0xff, 0xff, 0xfb, 0xfb,
    0xff, 0xfe, 0xfe, 0xff, 0xff, 0xff, 0xff, 0xbf, 0xbf, 0xff, 0xbe, 0xfe, 0xfb, 0xfb, 0xfe, 0xfb, 0xfe, 0xfb, 0xff, 0xf9, 0x55, 0x55, 0x55, 0x55,
    0x56, 0xff, 0xff, 0x95, 0x55, 0x55, 0x7b, 0xfb, 0xff, 0xff, 0xff, 0xff, 0xf9, 0x5a, 0xaf, 0xee, 0xf9, 0x55, 0x55, 0x55, 0x55, 0x55, 0x55, 0x55,
    0x55, 0x55, 0x55, 0x55, 0x55, 0x41, 0x54, 0x54, 0x50, 0x54, 0x15, 0x15, 0x45, 0x41, 0x55, 0x45, 0x45, 0x51, 0x51, 0x51, 0x45, 0x14, 0x51, 0x45,
    0x51, 0x51, 0x51, 0x55, 0x45, 0x15, 0x11, 0x51, 0x51, 0x51, 0x44, 0x54, 0x51, 0x51, 0x51, 0x45, 0x14, 0x51, 0x54, 0x51, 0x51, 0x55, 0x45, 0x45,
    0x51, 0x14, 0x51, 0x51, 0x14, 0x51, 0x55, 0x55, 0x55, 0x15, 0x41, 0x55, 0x45, 0x15, 0x15, 0x54, 0x41, 0x54, 0x54, 0x45, 0x54, 0x54, 0x54, 0x55,
    0x45, 0x15, 0x14, 0x55, 0x54, 0x55, 0x54, 0x55, 0x14, 0x54, 0x51, 0x55, 0x45, 0x15, 0x14, 0x54, 0x55, 0x15, 0x15, 0x14, 0x14, 0x11, 0x45, 0x15,
    0x51, 0x50, 0x50, 0x55, 0x54, 0x45, 0x51, 0x55, 0x55, 0x6f, 0xe5, 0xaa, 0x95, 0x2f, 0xff, 0x95, 0x55, 0xba, 0x96, 0xfa, 0x55, 0xbe, 0xbf, 0xff,
    0xff, 0xbf, 0x95, 0x55, 0x55, 0xaa, 0x5b, 0xfe, 0xff, 0xff, 0xff, 0xfe, 0xff, 0xff, 0xff, 0xff, 0xff, 0xff, 0xff, 0xef, 0xbf, 0xbf, 0xff, 0xff,
    0xbf, 0xff, 0xff, 0xff, 0xff, 0xff, 0xfe, 0xbf, 0xff, 0xfb, 0xa5, 0x55, 0x59, 0x55, 0x55, 0x5b, 0xff, 0xef, 0xff, 0x95, 0x14, 0xbf, 0xfe, 0xaa,
    0xbf, 0xef, 0xbe, 0xe5, 0x55, 0x55, 0x95, 0x55, 0x55, 0x55, 0x55, 0x54, 0x55, 0x55, 0x55, 0x55, 0x55, 0x55, 0x55, 0x54, 0x15, 0x45, 0x45, 0x15,
    0x45, 0x41, 0x50, 0x54, 0x55, 0x14, 0x51, 0x44, 0x51, 0x15, 0x14, 0x54, 0x51, 0x54, 0x54, 0x55, 0x14, 0x15, 0x05, 0x15, 0x41, 0x51, 0x45, 0x14,
    0x15, 0x14, 0x51, 0x45, 0x14, 0x15, 0x14, 0x51, 0x45, 0x14, 0x51, 0x45, 0x14, 0x50, 0x50, 0x55, 0x15, 0x45, 0x55, 0x14, 0x54, 0x50, 0x54, 0x14,
    0x55, 0x15, 0x41, 0x45, 0x45, 0x45, 0x15, 0x54, 0x54, 0x55, 0x51, 0x45, 0x45, 0x14, 0x44, 0x55, 0x41, 0x55, 0x44, 0x51, 0x44, 0x51, 0x44, 0x54,
    0x51, 0x51, 0x45, 0x15, 0x45, 0x14, 0x51, 0x41, 0x51, 0x51, 0x55, 0x45, 0x51, 0x45, 0x50, 0x54, 0x55, 0x40, 0x51, 0x55, 0x55, 0x15, 0x54, 0x54,
    0xbe, 0xff, 0xff, 0xe5, 0x6f, 0xaf, 0xfe, 0xff, 0xef, 0xff, 0xff, 0xab, 0xff, 0xff, 0xbf, 0xaf, 0xff, 0x95, 0xa5, 0x57, 0xff, 0xff, 0xbf, 0xef,
    0xff, 0xef, 0xbf, 0xff, 0xff, 0xef, 0xef, 0xfb, 0xff, 0xff, 0xff, 0xfb, 0xff, 0xff, 0xfb, 0xfe, 0xab, 0xeb, 0xaa, 0xaa, 0xaa, 0xab, 0xaa, 0xa9,
    0x65, 0x55, 0x55, 0x6f, 0xeb, 0xf9, 0xaf, 0xef, 0xff, 0xff, 0xe9, 0x56, 0xff, 0x95, 0x55, 0x5a, 0xbf, 0xff, 0x95, 0x55, 0x55, 0x55, 0x55, 0x55,
    0x55, 0xbf, 0x95, 0x55, 0x55, 0x45, 0x55, 0x55, 0x55, 0x55, 0x41, 0x54, 0x54, 0x51, 0x55, 0x45, 0x55, 0x55, 0x45, 0x15, 0x51, 0x55, 0x15, 0x45,
    0x45, 0x14, 0x51, 0x55, 0x05, 0x14, 0x54, 0x55, 0x51, 0x51, 0x51, 0x55, 0x54, 0x55, 0x55, 0x45, 0x51, 0x55, 0x14, 0x55, 0x45, 0x14, 0x51, 0x55,
    0x15, 0x14, 0x55, 0x14, 0x55, 0x15, 0x45, 0x41, 0x45, 0x05, 0x51, 0x45, 0x15, 0x45, 0x55, 0x41, 0x54, 0x55, 0x14, 0x54, 0x55, 0x14, 0x55, 0x45,
    0x41, 0x15, 0x45, 0x45, 0x55, 0x45, 0x50, 0x55, 0x45, 0x14, 0x55, 0x45, 0x15, 0x05, 0x45, 0x55, 0x15, 0x45, 0x14, 0x51, 0x45, 0x15, 0x15, 0x45,
    0x45, 0x45, 0x51, 0x45, 0x14, 0x55, 0x45, 0x05, 0x10, 0x55, 0x15, 0xbf, 0x54, 0x55, 0x44, 0xbf, 0xff, 0xff, 0xb9, 0xbb, 0xfb, 0xff, 0xff, 0xfe,
    0xbf, 0xbe, 0xff, 0xef, 0xef, 0xfb, 0xfe, 0xfb, 0xfb, 0xfe, 0xaf, 0xff, 0xff, 0xff, 0xff, 0xef, 0xff, 0xfb, 0xef, 0xbf, 0xff, 0xff, 0xff, 0xff,
    0xef, 0xbe, 0xff, 0xff, 0xbf, 0xbf, 0xe5, 0x55, 0x55, 0x55, 0x55, 0x55, 0x55, 0x55, 0x55, 0x55, 0x55, 0x5a, 0xff, 0xff, 0xff, 0xfe, 0xfe, 0xff,
    0xbe, 0xff, 0xff, 0xfe, 0x55, 0x55, 0x55, 0x56, 0xea, 0x55, 0xb9, 0x55, 0x55, 0x54, 0x55, 0x5b, 0xff, 0xee, 0x55, 0x45, 0x5a, 0x55, 0x55, 0x55,
    0x50, 0x15, 0x45, 0x51, 0x51, 0x41, 0x54, 0x14, 0x14, 0x55, 0x51, 0x45, 0x14, 0x51, 0x54, 0x51, 0x51, 0x45, 0x05, 0x51, 0x51, 0x45, 0x41, 0x41,
    0x54, 0x54, 0x14, 0x14, 0x51, 0x41, 0x54, 0x55, 0x15, 0x14, 0x45, 0x45, 0x45, 0x15, 0x14, 0x51, 0x54, 0x51, 0x55, 0x05, 0x55, 0x50, 0x54, 0x54,
    0x54, 0x51, 0x51, 0x45, 0x15, 0x41, 0x54, 0x54, 0x51, 0x55, 0x14, 0x51, 0x54, 0x11, 0x55, 0x15, 0x54, 0x54, 0x54, 0x55, 0x15, 0x15, 0x50, 0x51,
    0x55, 0x44, 0x55, 0x14, 0x51, 0x45, 0x45, 0x54, 0x55, 0x45, 0x14, 0x51, 0x51, 0x54, 0x55, 0x54, 0x55, 0x14, 0x54, 0x51, 0x44, 0x51, 0x51, 0x50,
    0x55, 0x6f, 0xff, 0xd5, 0x95, 0x56, 0xeb, 0xbf, 0xeb, 0xff, 0xff, 0xff, 0xaf, 0xba, 0x6b, 0xfb, 0xff, 0xff, 0xff, 0xff, 0xff, 0xfb, 0xff, 0xff,
    0xbf, 0xff, 0xff, 0xbe, 0xff, 0xff, 0xff, 0xbe, 0xff, 0xff, 0xff, 0xff, 0xff, 0xbf, 0xfe, 0xff, 0xff, 0xff, 0xfb, 0xff, 0xb9, 0x55, 0x55, 0x55,
    0x55, 0x55, 0x55, 0x55, 0x55, 0x55, 0x55, 0x55, 0xbf, 0xff, 0xfe, 0xff, 0xbf, 0xff, 0xfb, 0xff, 0xff, 0xff, 0xe9, 0x55, 0x55, 0x55, 0x55, 0x55,
    0x56, 0xff, 0xab, 0xe5, 0x56, 0x95, 0x6f, 0xfa, 0xfd, 0x54, 0x55, 0xbf, 0x45, 0x45, 0x54, 0x01, 0x54, 0x55, 0x15, 0x14, 0x55, 0x05, 0x51, 0x45,
    0x41, 0x45, 0x15, 0x45, 0x51, 0x15, 0x54, 0x51, 0x45, 0x50, 0x55, 0x45, 0x45, 0x54, 0x55, 0x15, 0x45, 0x45, 0x45, 0x45, 0x14, 0x14, 0x14, 0x51,
    0x55, 0x44, 0x50, 0x55, 0x14, 0x51, 0x45, 0x05, 0x14, 0x51, 0x54, 0x41, 0x15, 0x14, 0x51, 0x54, 0x55, 0x15, 0x45, 0x51, 0x55, 0x15, 0x45, 0x15,
    0x15, 0x55, 0x51, 0x45, 0x55, 0x11, 0x54, 0x45, 0x51, 0x51, 0x41, 0x51, 0x45, 0x15, 0x51, 0x41, 0x45, 0x51, 0x45, 0x51, 0x51, 0x54, 0x55, 0x50,
    0x51, 0x45, 0x15, 0x51, 0x45, 0x14, 0x55, 0x11, 0x54, 0x51, 0x45, 0x14, 0x51, 0x54, 0x50, 0xab, 0xff, 0xff, 0xff, 0xfa, 0xaf, 0xff, 0xef, 0xbf,
    0xef, 0xbe, 0xbe, 0xfb, 0x95, 0x55, 0xaf, 0xef, 0xfa, 0xfb, 0xfb, 0xee, 0xfb, 0xee, 0xff, 0xff, 0xff, 0xbf, 0xff, 0xfb, 0xff, 0xbf, 0xff, 0xef,
    0xfb, 0xfe, 0xfa, 0xff, 0xff, 0xff, 0xfb, 0xef, 0xbf, 0xbf, 0xfb, 0xe5, 0x55, 0x55, 0x55, 0x55, 0x55, 0x69, 0x55, 0x5a, 0x55, 0x55, 0x57, 0xfb,
    0xfb, 0xef, 0xef, 0xfb, 0xef, 0xbf, 0xef, 0xfb, 0xef, 0xe5, 0x55, 0x6a, 0xa5, 0x55, 0x55, 0x5b, 0xff, 0xff, 0xf9, 0x5b, 0xff, 0xff, 0xff, 0xf9,
    0x55, 0x56, 0xfb, 0x54, 0x51, 0x40, 0x55, 0x45, 0x51, 0x54, 0x54, 0x51, 0x54, 0x51, 0x45, 0x15, 0x45, 0x51, 0x45, 0x15, 0x15, 0x05, 0x14, 0x54,
    0x55, 0x04, 0x54, 0x54, 0x14, 0x54, 0x51, 0x45, 0x51, 0x51, 0x45, 0x55, 0x45, 0x51, 0x54, 0x41, 0x54, 0x55, 0x14, 0x51, 0x45, 0x14, 0x51, 0x45,
    0x14, 0x51, 0x55, 0x15, 0x15, 0x15, 0x05, 0x45, 0x14, 0x54, 0x51, 0x51, 0x51, 0x45, 0x15, 0x10, 0x45, 0x15, 0x45, 0x45, 0x51, 0x45, 0x51, 0x51,
    0x15, 0x15, 0x45, 0x45, 0x51, 0x45, 0x14, 0x55, 0x15, 0x45, 0x14, 0x55, 0x15, 0x45, 0x15, 0x54, 0x51, 0x45, 0x14, 0x51, 0x51, 0x45, 0x15, 0x45,
    0x15, 0x55, 0x51, 0x05, 0x05, 0x40, 0xff, 0xff, 0xff, 0xff, 0xbf, 0xfe, 0xfe, 0xfe, 0xff, 0xff, 0xff, 0xfe, 0xfe, 0x55, 0x55, 0x56, 0xee, 0xaf,
    0xff, 0xea, 0xbf, 0xff, 0xfe, 0xaa, 0xfb, 0xff, 0xfb, 0xef, 0xff, 0xef, 0xfe, 0xfb, 0xff, 0xbf, 0xff, 0xff, 0xef, 0xff, 0xfb, 0xff, 0xff, 0xff,
    0xfe, 0xae, 0x55, 0x55, 0x55, 0x55, 0x5a, 0x56, 0xfe, 0x55, 0x6f, 0xd5, 0x55, 0x57, 0xef, 0xbf, 0xff, 0xff, 0xef, 0xff, 0xff, 0xfe, 0xff, 0xef,
    0x95, 0x47, 0xff, 0xff, 0xaf, 0xea, 0xaf, 0xfb, 0xef, 0xff, 0xaf, 0xff, 0xfb, 0xbf, 0xbf, 0xaf, 0xff, 0xfb, 0x95, 0xa5, 0x15, 0x54, 0x55, 0x15,
    0x05, 0x45, 0x15, 0x14, 0x55, 0x51, 0x54, 0x54, 0x51, 0x55, 0x15, 0x51, 0x55, 0x15, 0x14, 0x55, 0x54, 0x54, 0x55, 0x45, 0x05, 0x54, 0x51, 0x55,
    0x15, 0x51, 0x45, 0x45, 0x45, 0x05, 0x54, 0x51, 0x45, 0x51, 0x45, 0x15, 0x15, 0x54, 0x51, 0x54, 0x51, 0x15, 0x51, 0x41, 0x45, 0x51, 0x45, 0x45,
    0x45, 0x15, 0x14, 0x55, 0x14, 0x51, 0x55, 0x51, 0x50, 0x54, 0x50, 0x54, 0x54, 0x51, 0x45, 0x55, 0x54, 0x54, 0x54, 0x55, 0x14, 0x55, 0x45, 0x14,
    0x54, 0x54, 0x51, 0x45, 0x51, 0x55, 0x05, 0x51, 0x51, 0x45, 0x55, 0x51, 0x54, 0x54, 0x55, 0x14, 0x14, 0x51, 0x54, 0x54, 0x50, 0xff, 0xfb, 0xef,
    0xfb, 0xff, 0xff, 0xef, 0xff, 0xfe, 0xfa, 0xef, 0xef, 0xb9, 0x55, 0x55, 0x55, 0x55, 0x56, 0xaa, 0x55, 0x5a, 0xaa, 0xa5, 0x55, 0x6f, 0xfb, 0xff,
    0xfe, 0xfe, 0xff, 0xff, 0xff, 0xff, 0xff, 0xef, 0xff, 0xff, 0xff, 0xff, 0xff, 0xba, 0xaa, 0xa5, 0x55, 0x55, 0x55, 0x55, 0x55, 0xbf, 0xbf, 0xef,
    0x56, 0xfe, 0xe5, 0x55, 0x55, 0xff, 0xfe, 0xaa, 0xa9, 0x59, 0x6a, 0xaa, 0xbf, 0xee, 0xfa, 0x51, 0x5f, 0xaf, 0xbf, 0xff, 0xff, 0xff, 0xbf, 0xff,
    0xef, 0xff, 0xfe, 0xff, 0xfb, 0xff, 0xff, 0xff, 0xbf, 0xeb, 0xfd, 0x15, 0x15, 0x45, 0x15, 0x55, 0x15, 0x55, 0x15, 0x04, 0x15, 0x05, 0x15, 0x45,
    0x14, 0x50, 0x54, 0x51, 0x41, 0x51, 0x41, 0x51, 0x45, 0x41, 0x45, 0x51, 0x45, 0x15, 0x05, 0x14, 0x14, 0x50, 0x54, 0x54, 0x55, 0x14, 0x51, 0x50,
    0x51, 0x55, 0x15, 0x51, 0x05, 0x14, 0x45, 0x15, 0x41, 0x45, 0x54, 0x50, 0x54, 0x54, 0x51, 0x45, 0x15, 0x45, 0x45, 0x55, 0x54, 0x55, 0x15, 0x15,
    0x54, 0x55, 0x05, 0x14, 0x55, 0x15, 0x45, 0x54, 0x55, 0x55, 0x15, 0x14, 0x51, 0x55, 0x45, 0x50, 0x45, 0x14, 0x54, 0x55, 0x51, 0x55, 0x05, 0x11,
    0x45, 0x14, 0x15, 0x14, 0x51, 0x41, 0x51, 0x45, 0x14, 0x51, 0x45, 0x50, 0xfe, 0xff, 0xfe, 0xff, 0xfb, 0xeb, 0xff, 0xef, 0xbf, 0xff, 0xfa, 0xfb,
    0xe5, 0x55, 0x55, 0x55, 0x55, 0x55, 0x55, 0x55, 0x55, 0x55, 0x55, 0x55, 0x5b, 0xbf, 0xbe, 0xff, 0xef, 0xfb, 0xef, 0xbf, 0xfb, 0xfe, 0xff, 0xbf,
    0xff, 0xbf, 0xbf, 0xef, 0xe5, 0x55, 0x55, 0x55, 0x56, 0xa5, 0x55, 0x56, 0xfb, 0xfe, 0xff, 0xbf, 0xff, 0xe5, 0x55, 0x55, 0x6e, 0xa5, 0x55, 0x55,
    0x55, 0x55, 0x55, 0x5a, 0xbe, 0xe5, 0x55, 0x1b, 0xff, 0xfa, 0xfe, 0xfe, 0xff, 0xfe, 0xfb, 0xff, 0xff, 0xaf, 0xef, 0xef, 0xeb, 0xfb, 0xeb, 0xfe,
    0xff, 0xa4, 0x51, 0x51, 0x54, 0x51, 0x51, 0x50, 0x51, 0x45, 0x55, 0x51, 0x55, 0x51, 0x55, 0x55, 0x55, 0x45, 0x51, 0x55, 0x51, 0x55, 0x15, 0x15,
    0x55, 0x50, 0x55, 0x51, 0x55, 0x51, 0x55, 0x45, 0x15, 0x51, 0x45, 0x51, 0x45, 0x15, 0x15, 0x45, 0x11, 0x41, 0x45, 0x51, 0x45, 0x45, 0x51, 0x54,
    0x54, 0x14, 0x51, 0x44, 0x51, 0x51, 0x51, 0x50, 0x55, 0x54, 0x51, 0x05, 0x41, 0x55, 0x45, 0x15, 0x45, 0x55, 0x51, 0x45, 0x51, 0x45, 0x15, 0x05,
    0x05, 0x41, 0x45, 0x45, 0x10, 0x51, 0x15, 0x45, 0x15, 0x51, 0x44, 0x14, 0x51, 0x54, 0x54, 0x55, 0x15, 0x55, 0x05, 0x45, 0x15, 0x45, 0x45, 0x15,
    0x15, 0x14, 0x50, 0xff, 0xef, 0xbf, 0xff, 0xbe, 0xff, 0xbf, 0xef, 0xfb, 0xbf, 0xbf, 0xba, 0x95, 0x55, 0x7e, 0x95, 0x55, 0x55, 0x55, 0xaa, 0x95,
    0x55, 0x69, 0x6e, 0xab, 0xff, 0xfe, 0xff, 0xff, 0xff, 0xef, 0xfb, 0xff, 0xff, 0xfb, 0xfb, 0xfb, 0xff, 0xff, 0xff, 0xd5, 0x55, 0x55, 0x55, 0x5b,
    0xf9, 0x55, 0x57, 0xff, 0xef, 0xfb, 0xff, 0xbf, 0xb9, 0x55, 0x55, 0x55, 0x55, 0x55, 0x55, 0x55, 0x55, 0x55, 0x55, 0x55, 0x55, 0x55, 0x55, 0xa9,
    0xaf, 0xff, 0xe9, 0x6a, 0xaf, 0xff, 0xbe, 0xfb, 0xff, 0xfe, 0xfe, 0xfe, 0xbe, 0xff, 0xef, 0xbf, 0xd1, 0x51, 0x54, 0x51, 0x55, 0x14, 0x55, 0x14,
    0x50, 0x51, 0x45, 0x50, 0x54, 0x14, 0x51, 0x14, 0x51, 0x45, 0x14, 0x55, 0x15, 0x45, 0x51, 0x45, 0x15, 0x14, 0x51, 0x44, 0x55, 0x11, 0x55, 0x45,
    0x15, 0x15, 0x14, 0x51, 0x51, 0x45, 0x45, 0x14, 0x55, 0x14, 0x54, 0x51, 0x54, 0x55, 0x15, 0x45, 0x45, 0x15, 0x15, 0x15, 0x14, 0x15, 0x55, 0x50,
    0x55, 0x15, 0x55, 0x15, 0x45, 0x55, 0x11, 0x51, 0x44, 0x51, 0x54, 0x54, 0x51, 0x45, 0x51, 0x50, 0x54, 0x54, 0x54, 0x55, 0x15, 0x15, 0x51, 0x51,
    0x15, 0x15, 0x55, 0x45, 0x14, 0x45, 0x15, 0x51, 0x45, 0x55, 0x15, 0x51, 0x44, 0x51, 0x45, 0x51, 0x51, 0x40, 0xff, 0xff, 0xff, 0xbb, 0xff, 0xff,
    0xfb, 0xfa, 0xff, 0xfb, 0xfa, 0x55, 0x55, 0x55, 0xff, 0xea, 0xae, 0x95, 0x56, 0xff, 0xea, 0xaa, 0xff, 0xff, 0xff, 0xfb, 0xef, 0xef, 0xbe, 0xfe,
    0xff, 0xff, 0xbf, 0xef, 0xbf, 0xff, 0xff, 0xfe, 0xff, 0xff, 0x95, 0x65, 0x55, 0x55, 0xfe, 0xff, 0x55, 0x5b, 0xef, 0xff, 0xbf, 0xef, 0xfb, 0xff,
    0x55, 0x55, 0x55, 0x55, 0x5b, 0xe9, 0x56, 0xaa, 0x55, 0x55, 0x55, 0x55, 0x55, 0x55, 0x55, 0x55, 0xaa, 0x55, 0x55, 0x5a, 0xfb, 0xfe, 0xff, 0xfb,
    0xef, 0xfe, 0xff, 0xff, 0xea, 0xab, 0xaa, 0x45, 0x15, 0x05, 0x45, 0x14, 0x55, 0x45, 0x45, 0x55, 0x45, 0x14, 0x55, 0x15, 0x55, 0x55, 0x45, 0x15,
    0x15, 0x45, 0x05, 0x10, 0x54, 0x51, 0x54, 0x55, 0x45, 0x14, 0x54, 0x51, 0x51, 0x50, 0x54, 0x51, 0x51, 0x45, 0x51, 0x45, 0x54, 0x55, 0x45, 0x55,
    0x54, 0x45, 0x55, 0x14, 0x45, 0x45, 0x15, 0x45, 0x14, 0x51, 0x45, 0x55, 0x54, 0x45, 0x15, 0x45, 0x54, 0x51, 0x54, 0x54, 0x51, 0x55, 0x14, 0x55,
    0x45, 0x14, 0x45, 0x15, 0x45, 0x14, 0x55, 0x15, 0x51, 0x54, 0x45, 0x14, 0x50, 0x51, 0x51, 0x45, 0x55, 0x41, 0x45, 0x15, 0x45, 0x14, 0x54, 0x50,
    0x51, 0x51, 0x51, 0x54, 0x51, 0x54, 0x51, 0x45, 0x10, 0xfe, 0xff, 0xef, 0xff, 0xff, 0xbe, 0xff, 0xbf, 0xee, 0xfa, 0xe5, 0x55, 0x55, 0x47, 0xef,
    0xff, 0xff, 0xfa, 0xaf, 0xbe, 0xff, 0xef, 0xeb, 0xff, 0xff, 0xff, 0xff, 0xbf, 0xbf, 0xef, 0xfb, 0xff, 0xff, 0xff, 0xff, 0xbf, 0xef, 0xff, 0xef,
    0xff, 0x9b, 0xf9, 0x55, 0x6b, 0xef, 0xbf, 0xe5, 0xaf, 0xfe, 0xfb, 0xfe, 0xfe, 0xfb, 0xef, 0x95, 0x55, 0x55, 0x55, 0xbf, 0xff, 0xef, 0xff, 0x95,
    0x55, 0x55, 0x15, 0x55, 0x55, 0x55, 0x55, 0x55, 0x55, 0x55, 0x55, 0x6f, 0xff, 0xfe, 0xfe, 0xfb, 0xaa, 0xa5, 0x55, 0x55, 0x55, 0x54, 0x15, 0x54,
    0x51, 0x55, 0x51, 0x45, 0x54, 0x54, 0x45, 0x45, 0x55, 0x45, 0x51, 0x45, 0x04, 0x55, 0x15, 0x14, 0x51, 0x54, 0x55, 0x55, 0x14, 0x51, 0x41, 0x45,
    0x55, 0x15, 0x14, 0x55, 0x15, 0x51, 0x51, 0x45, 0x45, 0x14, 0x54, 0x15, 0x14, 0x55, 0x10, 0x45, 0x51, 0x45, 0x15, 0x51, 0x45, 0x51, 0x51, 0x45,
    0x45, 0x54, 0x51, 0x45, 0x55, 0x45, 0x51, 0x45, 0x51, 0x45, 0x55, 0x55, 0x45, 0x14, 0x51, 0x55, 0x15, 0x45, 0x50, 0x55, 0x14, 0x45, 0x51, 0x51,
    0x45, 0x45, 0x45, 0x45, 0x14, 0x15, 0x45, 0x44, 0x55, 0x55, 0x41, 0x51, 0x45, 0x45, 0x55, 0x45, 0x14, 0x54, 0x15, 0x15, 0x14, 0x54, 0x54, 0x50,
    0xff, 0xee, 0xfe, 0xfe, 0xff, 0xef, 0xbe, 0xfe, 0xfe, 0xef, 0x95, 0x55, 0x59, 0x6f, 0xfe, 0xfa, 0xff, 0xbf, 0xfb, 0xfe, 0xfe, 0xfe, 0xff, 0xef,
    0xbe, 0xfe, 0xfb, 0xfb, 0xfb, 0xff, 0xbf, 0xef, 0xef, 0xfb, 0xff, 0xff, 0xfe, 0xfb, 0xfe, 0xff, 0xff, 0xff, 0xaa, 0xff, 0xfb, 0xfa, 0xff, 0xfe,
    0xfe, 0xff, 0xef, 0xff, 0xbe, 0xfe, 0xe5, 0x54, 0x55, 0x55, 0xff, 0xbf, 0xff, 0xff, 0xe5, 0x55, 0x55, 0x55, 0x55, 0x55, 0x55, 0x5b, 0xe5, 0x55,
    0x55, 0x55, 0x55, 0xa5, 0xaa, 0x95, 0x55, 0x55, 0x45, 0x45, 0x55, 0x55, 0x51, 0x54, 0x45, 0x55, 0x14, 0x55, 0x14, 0x54, 0x51, 0x44, 0x54, 0x45,
    0x54, 0x45, 0x51, 0x55, 0x41, 0x51, 0x54, 0x55, 0x45, 0x45, 0x11, 0x45, 0x15, 0x15, 0x14, 0x45, 0x15, 0x14, 0x55, 0x15, 0x15, 0x15, 0x45, 0x15,
    0x15, 0x45, 0x41, 0x51, 0x51, 0x55, 0x45, 0x14, 0x54, 0x51, 0x51, 0x54, 0x54, 0x14, 0x51, 0x44, 0x14, 0x51, 0x45, 0x10, 0x54, 0x51, 0x45, 0x15,
    0x15, 0x05, 0x05, 0x51, 0x51, 0x51, 0x41, 0x41, 0x54, 0x55, 0x51, 0x45, 0x54, 0x55, 0x15, 0x45, 0x54, 0x55, 0x15, 0x15, 0x50, 0x54, 0x55, 0x54,
    0x51, 0x54, 0x15, 0x45, 0x51, 0x45, 0x54, 0x55, 0x45, 0x51, 0x51, 0x45, 0x05, 0x14, 0x50, 0xfb, 0xef, 0xff, 0xef, 0xfa, 0xff, 0xff, 0xef, 0xeb,
    0xfe, 0x55, 0x56, 0xbf, 0xff, 0xfe, 0xff, 0xfb, 0xef, 0xbf, 0xef, 0xff, 0xfe, 0xfe, 0xfe, 0xfe, 0xff, 0xef, 0xbf, 0xff, 0xfb, 0xfe, 0xff, 0xff,
    0xbf, 0xff, 0xff, 0xff, 0xff, 0xff, 0xef, 0xff, 0xbf, 0xff, 0xef, 0xbf, 0xef, 0xff, 0xff, 0xef, 0xee, 0xfe, 0xbb, 0xfe, 0xfb, 0xfa, 0xa9, 0x55,
    0x56, 0xef, 0xbe, 0xfb, 0xbf, 0xfe, 0x56, 0x55, 0x55, 0x55, 0x55, 0x55, 0x6f, 0xf9, 0x55, 0x15, 0x55, 0x55, 0x55, 0x55, 0x55, 0x55, 0x55, 0x54,
    0x55, 0x55, 0x55, 0x41, 0x51, 0x45, 0x05, 0x45, 0x45, 0x55, 0x15, 0x45, 0x15, 0x15, 0x45, 0x14, 0x54, 0x51, 0x51, 0x55, 0x45, 0x45, 0x44, 0x51,
    0x45, 0x14, 0x55, 0x14, 0x55, 0x51, 0x54, 0x51, 0x55, 0x05, 0x51, 0x45, 0x54, 0x51, 0x51, 0x51, 0x45, 0x55, 0x15, 0x14, 0x45, 0x14, 0x54, 0x51,
    0x45, 0x15, 0x15, 0x45, 0x54, 0x51, 0x55, 0x51, 0x45, 0x51, 0x55, 0x51, 0x55, 0x54, 0x51, 0x55, 0x55, 0x51, 0x51, 0x55, 0x14, 0x55, 0x55, 0x15,
    0x45, 0x14, 0x54, 0x51, 0x45, 0x14, 0x50, 0x51, 0x41, 0x51, 0x41, 0x45, 0x55, 0x51, 0x45, 0x51, 0x45, 0x45, 0x14, 0x15, 0x45, 0x14, 0x45, 0x15,
    0x54, 0x51, 0x45, 0x51, 0x45, 0x40, 0xff, 0xbf, 0xbf, 0xff, 0xab, 0xbe, 0xab, 0xaa, 0x96, 0x95, 0x54, 0x16, 0xfb, 0xfe, 0xaf, 0xfa, 0xaf, 0xfa,
    0xaf, 0xff, 0xbf, 0xbf, 0xef, 0xbf, 0xef, 0xef, 0xfe, 0xf9, 0x69, 0x6a, 0xbf, 0xfb, 0xfb, 0xff, 0xff, 0xfe, 0xfb, 0xef, 0xff, 0xff, 0xef, 0xfb,
    0xef, 0xfb, 0xfe, 0xff, 0xef, 0xae, 0xaf, 0xff, 0xff, 0xff, 0xef, 0xff, 0xbf, 0xbe, 0x6b, 0xeb, 0xfb, 0xfe, 0xff, 0xbb, 0xff, 0xff, 0xf9, 0x55,
    0x55, 0x45, 0x55, 0xbf, 0xff, 0xa5, 0xaa, 0xaa, 0x55, 0x55, 0x55, 0x55, 0x55, 0x15, 0x15, 0x55, 0x55, 0x50, 0x15, 0x51, 0x51, 0x54, 0x54, 0x50,
    0x51, 0x51, 0x45, 0x51, 0x51, 0x55, 0x15, 0x54, 0x54, 0x51, 0x14, 0x45, 0x15, 0x14, 0x51, 0x51, 0x54, 0x51, 0x54, 0x50, 0x51, 0x45, 0x51, 0x45,
    0x51, 0x54, 0x54, 0x45, 0x54, 0x55, 0x14, 0x54, 0x51, 0x51, 0x54, 0x51, 0x51, 0x45, 0x15, 0x54, 0x55, 0x51, 0x45, 0x15, 0x54, 0x11, 0x45, 0x54,
    0x15, 0x45, 0x15, 0x14, 0x51, 0x55, 0x41, 0x50, 0x55, 0x15, 0x05, 0x15, 0x51, 0x51, 0x51, 0x51, 0x54, 0x54, 0x51, 0x55, 0x54, 0x55, 0x15, 0x55,
    0x14, 0x54, 0x55, 0x05, 0x15, 0x55, 0x15, 0x45, 0x51, 0x51, 0x54, 0x51, 0x15, 0x54, 0x51, 0x05, 0x14, 0x54, 0x54, 0x54, 0x50, 0xaa, 0xbe, 0xa6,
    0xa5, 0x55, 0x55, 0x55, 0x55, 0x55, 0x55, 0x55, 0x51, 0xff, 0xa5, 0x56, 0x55, 0x55, 0x55, 0x55, 0xab, 0xfb, 0xee, 0xff, 0xfa, 0xff, 0xfe, 0xa5,
    0x95, 0x55, 0x55, 0x7b, 0xbf, 0xbf, 0xff, 0xff, 0xef, 0xfb, 0xfe, 0xfb, 0xff, 0xfe, 0xff, 0xfe, 0xfb, 0xef, 0xfb, 0xfb, 0xf9, 0x55, 0x5a, 0xaa,
    0xaa, 0xaa, 0xab, 0xfb, 0xff, 0xff, 0xff, 0xbf, 0xef, 0xff, 0xfe, 0xfb, 0xfe, 0xff, 0x95, 0x55, 0x6e, 0xab, 0xfe, 0xff, 0xff, 0xff, 0xff, 0x95,
    0x54, 0x55, 0x45, 0x55, 0x55, 0x55, 0x55, 0x15, 0x01, 0x55, 0x15, 0x15, 0x14, 0x55, 0x15, 0x55, 0x45, 0x54, 0x55, 0x14, 0x14, 0x51, 0x45, 0x45,
    0x55, 0x54, 0x51, 0x51, 0x51, 0x54, 0x14, 0x55, 0x15, 0x45, 0x45, 0x15, 0x45, 0x15, 0x44, 0x51, 0x05, 0x51, 0x45, 0x05, 0x45, 0x14, 0x54, 0x55,
    0x14, 0x15, 0x14, 0x51, 0x51, 0x44, 0x15, 0x44, 0x51, 0x54, 0x51, 0x15, 0x55, 0x45, 0x15, 0x50, 0x55, 0x14, 0x54, 0x55, 0x04, 0x54, 0x55, 0x45,
    0x51, 0x54, 0x54, 0x51, 0x15, 0x14, 0x14, 0x45, 0x05, 0x15, 0x14, 0x55, 0x45, 0x50, 0x55, 0x14, 0x55, 0x11, 0x54, 0x54, 0x51, 0x54, 0x54, 0x51,
    0x45, 0x45, 0x15, 0x55, 0x15, 0x45, 0x55, 0x14, 0x51, 0x45, 0x45, 0x10, 0x55, 0x55, 0x55, 0x15, 0x55, 0x55, 0x55, 0x55, 0x55, 0x54, 0x55, 0x55,
    0x6a, 0x55, 0x55, 0x55, 0x55, 0x55, 0x55, 0x55, 0x6f, 0xf9, 0x56, 0x95, 0x5a, 0xa5, 0x55, 0x55, 0x55, 0x56, 0xbf, 0xbf, 0xff, 0xfe, 0xff, 0xff,
    0xbf, 0xbf, 0xef, 0xef, 0xbf, 0xfe, 0xfb, 0xff, 0xef, 0xbf, 0xbf, 0xd5, 0x55, 0x55, 0x55, 0x55, 0x55, 0x55, 0xaf, 0xaf, 0xaf, 0xfb, 0xfe, 0xff,
    0xbe, 0xfe, 0xff, 0xbf, 0xaf, 0xba, 0xab, 0xff, 0xff, 0xef, 0xef, 0xef, 0xef, 0xff, 0xe5, 0x55, 0x55, 0x55, 0x46, 0xfe, 0x55, 0x5a, 0x54, 0x15,
    0x51, 0x55, 0x45, 0x45, 0x11, 0x55, 0x04, 0x54, 0x15, 0x45, 0x15, 0x55, 0x55, 0x15, 0x55, 0x05, 0x45, 0x14, 0x51, 0x55, 0x05, 0x45, 0x41, 0x50,
    0x55, 0x15, 0x44, 0x51, 0x44, 0x54, 0x55, 0x55, 0x15, 0x15, 0x55, 0x14, 0x51, 0x45, 0x14, 0x55, 0x41, 0x54, 0x55, 0x14, 0x55, 0x51, 0x54, 0x54,
    0x14, 0x51, 0x41, 0x44, 0x54, 0x51, 0x45, 0x41, 0x54, 0x45, 0x45, 0x54, 0x54, 0x51, 0x51, 0x45, 0x14, 0x54, 0x55, 0x15, 0x15, 0x54, 0x51, 0x55,
    0x55, 0x51, 0x41, 0x54, 0x55, 0x41, 0x45, 0x11, 0x55, 0x45, 0x45, 0x15, 0x45, 0x54, 0x54, 0x54, 0x51, 0x54, 0x41, 0x41, 0x44, 0x51, 0x45, 0x15,
    0x54, 0x51, 0x50, 0x55, 0x55, 0x55, 0x55, 0x55, 0x55, 0x55, 0x55, 0x55, 0x15, 0x55, 0x55, 0x55, 0x55, 0x55, 0x55, 0x55, 0xba, 0xaa, 0x55, 0x55,
    0xa5, 0x55, 0x55, 0x55, 0x55, 0x55, 0x55, 0x5a, 0xaf, 0xff, 0xfb, 0xef, 0xef, 0xff, 0xbf, 0xff, 0xfb, 0xfe, 0xff, 0xbf, 0xbf, 0xff, 0xbe, 0xff,
    0xfe, 0xfe, 0x95, 0x55, 0x55, 0x55, 0x55, 0x55, 0x55, 0x56, 0xfe, 0xfe, 0xff, 0xaf, 0xef, 0xfb, 0xef, 0xaf, 0xfb, 0xfe, 0xbf, 0xff, 0xbf, 0xbe,
    0xff, 0xfb, 0xef, 0xef, 0xfb, 0xf9, 0x55, 0x51, 0x55, 0x1b, 0xef, 0xaa, 0xbf, 0xe5, 0x55, 0x15, 0x41, 0x44, 0x55, 0x15, 0x45, 0x54, 0x51, 0x51,
    0x45, 0x51, 0x41, 0x45, 0x50, 0x51, 0x54, 0x51, 0x54, 0x55, 0x05, 0x54, 0x54, 0x54, 0x55, 0x11, 0x50, 0x54, 0x51, 0x45, 0x15, 0x05, 0x51, 0x45,
    0x50, 0x51, 0x14, 0x55, 0x51, 0x51, 0x41, 0x54, 0x45, 0x05, 0x14, 0x51, 0x51, 0x45, 0x15, 0x51, 0x54, 0x54, 0x54, 0x54, 0x51, 0x45, 0x55, 0x45,
    0x55, 0x54, 0x51, 0x45, 0x51, 0x55, 0x14, 0x55, 0x05, 0x45, 0x51, 0x45, 0x15, 0x15, 0x45, 0x44, 0x51, 0x55, 0x15, 0x14, 0x55, 0x45, 0x15, 0x04,
    0x54, 0x51, 0x50, 0x55, 0x15, 0x05, 0x15, 0x15, 0x45, 0x55, 0x54, 0x54, 0x51, 0x55, 0x45, 0x14, 0x55, 0x10, 0x55, 0x55, 0x14, 0x55, 0x54, 0x51,
    0x55, 0x55, 0x55, 0x55, 0x55, 0x55, 0x55, 0x56, 0xaa, 0x95, 0x5b, 0xff, 0xff, 0xe5, 0x55, 0x55, 0x55, 0x55, 0x55, 0x55, 0x55, 0x55, 0xbf, 0xfe,
    0xfb, 0xff, 0xff, 0xff, 0xff, 0xfe, 0xff, 0xff, 0xbf, 0xfb, 0xfb, 0xfb, 0xef, 0xbf, 0xfe, 0xff, 0xe9, 0x55, 0x55, 0x55, 0x55, 0x55, 0x55, 0x55,
    0x55, 0xbe, 0xef, 0xbf, 0xff, 0xfe, 0xff, 0xbf, 0xfe, 0xff, 0xef, 0xef, 0xbe, 0xfb, 0xff, 0xfb, 0xfb, 0xfe, 0xfe, 0xff, 0xbe, 0x55, 0x56, 0x55,
    0xbe, 0xfb, 0xff, 0xfa, 0x85, 0x51, 0x45, 0x55, 0x54, 0x51, 0x54, 0x54, 0x51, 0x55, 0x14, 0x54, 0x51, 0x55, 0x45, 0x45, 0x45, 0x45, 0x15, 0x05,
    0x45, 0x51, 0x54, 0x51, 0x45, 0x05, 0x14, 0x55, 0x15, 0x15, 0x15, 0x11, 0x54, 0x14, 0x54, 0x55, 0x15, 0x45, 0x44, 0x14, 0x51, 0x54, 0x14, 0x51,
    0x51, 0x55, 0x51, 0x45, 0x15, 0x51, 0x51, 0x45, 0x14, 0x51, 0x45, 0x54, 0x55, 0x14, 0x51, 0x41, 0x45, 0x51, 0x45, 0x14, 0x14, 0x55, 0x45, 0x55,
    0x54, 0x54, 0x55, 0x11, 0x45, 0x44, 0x54, 0x55, 0x15, 0x41, 0x51, 0x51, 0x51, 0x55, 0x55, 0x45, 0x55, 0x55, 0x51, 0x41, 0x51, 0x41, 0x54, 0x51,
    0x50, 0x55, 0x15, 0x14, 0x50, 0x55, 0x15, 0x45, 0x50, 0x45, 0x51, 0x55, 0x51, 0x55, 0x55, 0x41, 0x51, 0x54, 0x51, 0x55, 0x45, 0xaf, 0xaf, 0xff,
    0xea, 0xff, 0xaf, 0xbe, 0xd5, 0x56, 0xfe, 0xa9, 0x5a, 0xb9, 0x55, 0x51, 0x56, 0xef, 0xfb, 0xff, 0xaf, 0xbf, 0xff, 0xef, 0xef, 0xfb, 0xef, 0xff,
    0xfb, 0xff, 0xfe, 0xff, 0xff, 0xbf, 0xe9, 0x55, 0x55, 0x55, 0x55, 0x55, 0x95, 0xaa, 0x95, 0x55, 0x5b, 0xfb, 0xfa, 0xa9, 0x6a, 0xaf, 0xbb, 0xef,
    0xea, 0x55, 0xaf, 0xbf, 0xff, 0xaf, 0xbf, 0xbf, 0xbf, 0xbe, 0xff, 0xfb, 0xff, 0xff, 0xfb, 0xef, 0xfb, 0xef, 0xe9, 0x14, 0x55, 0x50, 0x54, 0x15,
    0x45, 0x45, 0x45, 0x15, 0x05, 0x45, 0x14, 0x54, 0x51, 0x54, 0x55, 0x54, 0x55, 0x15, 0x54, 0x51, 0x55, 0x05, 0x51, 0x45, 0x54, 0x54, 0x51, 0x45,
    0x51, 0x51, 0x55, 0x55, 0x54, 0x51, 0x45, 0x54, 0x51, 0x45, 0x45, 0x14, 0x15, 0x51, 0x51, 0x51, 0x41, 0x14, 0x55, 0x50, 0x51, 0x45, 0x05, 0x15,
    0x15, 0x14, 0x14, 0x55, 0x15, 0x51, 0x54, 0x55, 0x15, 0x15, 0x15, 0x51, 0x45, 0x14, 0x51, 0x14, 0x45, 0x51, 0x54, 0x50, 0x55, 0x45, 0x15, 0x45,
    0x54, 0x55, 0x15, 0x15, 0x04, 0x51, 0x54, 0x14, 0x54, 0x51, 0x55, 0x54, 0x54, 0x45, 0x51, 0x15, 0x05, 0x11, 0x45, 0x45, 0x51, 0x41, 0x45, 0x40,
    0x55, 0x55, 0x45, 0x55, 0x15, 0x54, 0x6a, 0xa9, 0x55, 0xaa, 0x51, 0x5a, 0xfb, 0xff, 0xee, 0xbf, 0xef, 0xff, 0xfb, 0xd5, 0x6b, 0xef, 0xff, 0xff,
    0xff, 0x91, 0x56, 0xaf, 0xef, 0xbf, 0xaf, 0xff, 0xff, 0xbf, 0xfe, 0xfb, 0xfb, 0xfa, 0xaa, 0xaf, 0xaa, 0xaf, 0xea, 0xeb, 0xea, 0x95, 0x55, 0x55,
    0x6a, 0xa5, 0x6f, 0xff, 0xff, 0xf9, 0x55, 0x56, 0xaa, 0xa5, 0x15, 0x55, 0x56, 0xaf, 0xfe, 0xa5, 0x55, 0x5a, 0xfb, 0xbf, 0xfb, 0xef, 0xbf, 0xff,
    0xbf, 0xeb, 0xff, 0xef, 0xbe, 0xff, 0xbf, 0xbf, 0xfe, 0x45, 0x55, 0x45, 0x15, 0x45, 0x55, 0x14, 0x55, 0x55, 0x15, 0x50, 0x51, 0x55, 0x45, 0x14,
    0x55, 0x51, 0x15, 0x51, 0x44, 0x54, 0x54, 0x45, 0x54, 0x14, 0x50, 0x55, 0x45, 0x45, 0x54, 0x51, 0x55, 0x44, 0x41, 0x45, 0x15, 0x14, 0x51, 0x51,
    0x51, 0x51, 0x45, 0x41, 0x45, 0x14, 0x14, 0x55, 0x54, 0x50, 0x55, 0x15, 0x15, 0x54, 0x51, 0x45, 0x15, 0x55, 0x45, 0x51, 0x55, 0x14, 0x51, 0x45,
    0x51, 0x51, 0x51, 0x55, 0x51, 0x45, 0x15, 0x45, 0x14, 0x45, 0x55, 0x41, 0x45, 0x45, 0x54, 0x15, 0x05, 0x45, 0x14, 0x54, 0x55, 0x15, 0x45, 0x45,
    0x14, 0x50, 0x45, 0x15, 0x54, 0x15, 0x15, 0x55, 0x55, 0x45, 0x15, 0x15, 0x54, 0x54, 0x50, 0x55, 0x54, 0x55, 0x45, 0x51, 0x46, 0xbf, 0xfe, 0xab,
    0xfe, 0xaa, 0xaf, 0xbe, 0xfb, 0xef, 0xfb, 0xfe, 0xfb, 0xff, 0xbe, 0xfb, 0xef, 0xef, 0xbb, 0xef, 0xe5, 0x6f, 0xfe, 0xff, 0xff, 0xfe, 0xfb, 0xef,
    0xfe, 0xff, 0xbf, 0xbf, 0xa5, 0x55, 0x55, 0x55, 0x56, 0x55, 0x55, 0x55, 0x55, 0x55, 0x55, 0xff, 0xfa, 0xff, 0xbf, 0xbb, 0xbe, 0x55, 0x14, 0x55,
    0x55, 0x55, 0x55, 0x51, 0x55, 0x65, 0x55, 0x55, 0x55, 0xbf, 0xbe, 0xfb, 0xef, 0xfb, 0xef, 0xfb, 0xfe, 0xbe, 0xfe, 0xff, 0xef, 0xfb, 0xfe, 0xe4,
    0x14, 0x55, 0x55, 0x15, 0x55, 0x41, 0x51, 0x51, 0x51, 0x50, 0x55, 0x54, 0x51, 0x45, 0x55, 0x45, 0x15, 0x51, 0x51, 0x45, 0x45, 0x45, 0x51, 0x45,
    0x45, 0x15, 0x41, 0x45, 0x14, 0x51, 0x45, 0x14, 0x54, 0x55, 0x45, 0x14, 0x51, 0x51, 0x15, 0x14, 0x15, 0x51, 0x55, 0x15, 0x45, 0x54, 0x50, 0x45,
    0x55, 0x05, 0x55, 0x14, 0x51, 0x45, 0x45, 0x51, 0x45, 0x54, 0x51, 0x05, 0x15, 0x45, 0x45, 0x14, 0x55, 0x15, 0x14, 0x51, 0x54, 0x51, 0x51, 0x54,
    0x51, 0x05, 0x54, 0x54, 0x50, 0x51, 0x51, 0x51, 0x51, 0x51, 0x51, 0x45, 0x15, 0x51, 0x45, 0x15, 0x55, 0x45, 0x11, 0x51, 0x51, 0x51, 0x41, 0x44,
    0x54, 0x51, 0x44, 0x54, 0x51, 0x50, 0x55, 0x55, 0x50, 0x54, 0x51, 0x47, 0xfb, 0xef, 0xff, 0xaf, 0xff, 0xfb, 0xef, 0xff, 0xfe, 0xff, 0xbf, 0xff,
    0xbf, 0xff, 0xef, 0xbe, 0xef, 0xbf, 0xbe, 0xff, 0xfe, 0xfb, 0xfb, 0xef, 0xfb, 0xff, 0xff, 0xef, 0xef, 0xff, 0xe9, 0x55, 0x55, 0x55, 0x55, 0x55,
    0x55, 0x55, 0x55, 0x55, 0x55, 0x56, 0xee, 0xbf, 0xff, 0xfb, 0xff, 0xfb, 0xe9, 0x55, 0x55, 0x55, 0x55, 0x55, 0x55, 0x55, 0x55, 0x55, 0x54, 0x55,
    0x5a, 0xeb, 0xfe, 0xbe, 0xee, 0xfe, 0xfb, 0xbf, 0xfb, 0xfb, 0xef, 0xbe, 0xfe, 0xfe, 0x41, 0x55, 0x41, 0x51, 0x54, 0x11, 0x54, 0x55, 0x15, 0x14,
    0x55, 0x45, 0x05, 0x45, 0x51, 0x41, 0x54, 0x54, 0x55, 0x15, 0x51, 0x45, 0x15, 0x15, 0x45, 0x45, 0x54, 0x54, 0x51, 0x51, 0x45, 0x45, 0x15, 0x15,
    0x51, 0x54, 0x51, 0x45, 0x15, 0x15, 0x15, 0x54, 0x15, 0x14, 0x50, 0x55, 0x05, 0x15, 0x54, 0x45, 0x50, 0x45, 0x54, 0x55, 0x54, 0x54, 0x55, 0x50,
    0x54, 0x55, 0x55, 0x45, 0x14, 0x55, 0x15, 0x45, 0x15, 0x14, 0x55, 0x15, 0x51, 0x15, 0x15, 0x51, 0x54, 0x15, 0x45, 0x55, 0x55, 0x51, 0x54, 0x55,
    0x15, 0x15, 0x14, 0x51, 0x15, 0x15, 0x51, 0x15, 0x14, 0x51, 0x51, 0x54, 0x51, 0x54, 0x54, 0x51, 0x45, 0x45, 0x05, 0x15, 0x10, 0x50, 0x51, 0x15,
    0x55, 0x55, 0x6f, 0xfe, 0xfb, 0xef, 0xfe, 0xfa, 0xfb, 0xfb, 0xef, 0xbe, 0xef, 0xfb, 0xbe, 0xfa, 0xfb, 0xbf, 0xfe, 0xff, 0xfb, 0xfb, 0xff, 0xaf,
    0xbf, 0xbf, 0xfa, 0xfb, 0xef, 0xbe, 0xfb, 0xef, 0xea, 0x55, 0x55, 0x55, 0x55, 0x55, 0x55, 0x55, 0x55, 0x55, 0x55, 0x55, 0x5b, 0xef, 0xff, 0xef,
    0xbe, 0xee, 0xff, 0xbf, 0xe9, 0x55, 0x55, 0x55, 0x55, 0x55, 0x55, 0x55, 0x55, 0xaa, 0x45, 0x45, 0x55, 0xaf, 0xff, 0xff, 0xef, 0xff, 0xfb, 0xfb,
    0xff, 0xbe, 0xfb, 0xef, 0xf8, 0x55, 0x45, 0x55, 0x15, 0x45, 0x51, 0x15, 0x45, 0x45, 0x15, 0x45, 0x14, 0x55, 0x14, 0x15, 0x14, 0x51, 0x45, 0x45,
    0x44, 0x15, 0x55, 0x51, 0x44, 0x50, 0x54, 0x45, 0x45, 0x14, 0x51, 0x44, 0x55, 0x51, 0x51, 0x14, 0x15, 0x51, 0x54, 0x54, 0x51, 0x41, 0x45, 0x54,
    0x51, 0x55, 0x14, 0x51, 0x45, 0x15, 0x44, 0x55, 0x54, 0x51, 0x44, 0x51, 0x51, 0x44, 0x15, 0x45, 0x45, 0x14, 0x54, 0x55, 0x51, 0x51, 0x51, 0x51,
    0x55, 0x05, 0x41, 0x55, 0x45, 0x15, 0x15, 0x45, 0x51, 0x55, 0x05, 0x14, 0x54, 0x15, 0x45, 0x54, 0x51, 0x51, 0x51, 0x45, 0x51, 0x51, 0x51, 0x54,
    0x55, 0x15, 0x14, 0x54, 0x14, 0x51, 0x45, 0x14, 0x51, 0x51, 0x54, 0x50, 0x55, 0x41, 0xab, 0xea, 0xbf, 0xfe, 0xef, 0xfb, 0xef, 0xef, 0xff, 0xbf,
    0xbe, 0xfb, 0xfb, 0xfe, 0xff, 0xbe, 0xff, 0xef, 0xbf, 0xef, 0xba, 0xfb, 0xef, 0xbe, 0xfb, 0xef, 0xfe, 0xff, 0xbf, 0xef, 0xff, 0xfb, 0xfe, 0xfe,
    0x55, 0x55, 0x55, 0x55, 0x55, 0x55, 0x55, 0x55, 0x59, 0x55, 0x55, 0x5f, 0xbe, 0xef, 0xbf, 0xbf, 0xff, 0xaf, 0xbe, 0xff, 0x95, 0x41, 0x5a, 0xbe,
    0xa5, 0x55, 0x55, 0x6b, 0xff, 0x95, 0x55, 0x55, 0x55, 0xaa, 0x66, 0xaf, 0xaa, 0xaa, 0xba, 0xaa, 0xbe, 0xae, 0xeb, 0x91, 0x54, 0x50, 0x55, 0x15,
    0x51, 0x55, 0x15, 0x14, 0x55, 0x45, 0x15, 0x15, 0x51, 0x51, 0x54, 0x54, 0x55, 0x55, 0x14, 0x55, 0x54, 0x14, 0x50, 0x54, 0x55, 0x14, 0x51, 0x45,
    0x54, 0x54, 0x55, 0x10, 0x54, 0x55, 0x15, 0x51, 0x45, 0x14, 0x54, 0x51, 0x54, 0x54, 0x55, 0x45, 0x15, 0x14, 0x54, 0x51, 0x51, 0x54, 0x51, 0x15,
    0x45, 0x54, 0x51, 0x15, 0x55, 0x55, 0x15, 0x14, 0x51, 0x51, 0x45, 0x15, 0x55, 0x14, 0x55, 0x41, 0x54, 0x55, 0x04, 0x54, 0x51, 0x44, 0x55, 0x45,
    0x11, 0x55, 0x55, 0x05, 0x45, 0x14, 0x51, 0x54, 0x55, 0x14, 0x54, 0x55, 0x15, 0x14, 0x45, 0x15, 0x15, 0x45, 0x45, 0x45, 0x15, 0x14, 0x54, 0x14,
    0x55, 0x15, 0x40, 0x45, 0x5a, 0xff, 0xff, 0xff, 0xef, 0xfe, 0xbf, 0xfb, 0xef, 0xbf, 0xbf, 0xbe, 0xfb, 0xef, 0xbe, 0xeb, 0xeb, 0xef, 0xbe, 0xea,
    0xbf, 0xbe, 0xbe, 0xfe, 0xfa, 0xfb, 0xef, 0xef, 0xbf, 0xbe, 0xfe, 0xfb, 0xef, 0xbf, 0xf9, 0x55, 0x6f, 0xea, 0xa5, 0x56, 0xfe, 0x95, 0x55, 0xbf,
    0xe5, 0x55, 0x7e, 0xff, 0xfb, 0xfb, 0xff, 0xbf, 0xfa, 0xfe, 0xfb, 0xea, 0x9a, 0xbf, 0xef, 0xfa, 0xaa, 0xab, 0xff, 0xbe, 0xe5, 0x55, 0x55, 0x55,
    0x55, 0x55, 0x55, 0x55, 0x55, 0x55, 0x55, 0x55, 0x55, 0x55, 0x45, 0x51, 0x55, 0x45, 0x51, 0x14, 0x51, 0x51, 0x55, 0x50, 0x54, 0x51, 0x45, 0x14,
    0x55, 0x05, 0x45, 0x45, 0x15, 0x15, 0x51, 0x45, 0x45, 0x15, 0x45, 0x45, 0x15, 0x51, 0x54, 0x45, 0x45, 0x11, 0x55, 0x45, 0x45, 0x41, 0x54, 0x55,
    0x45, 0x45, 0x54, 0x15, 0x51, 0x41, 0x54, 0x50, 0x51, 0x45, 0x14, 0x51, 0x15, 0x15, 0x41, 0x45, 0x14, 0x45, 0x45, 0x11, 0x41, 0x51, 0x51, 0x51,
    0x55, 0x51, 0x54, 0x51, 0x45, 0x45, 0x55, 0x45, 0x15, 0x55, 0x51, 0x45, 0x45, 0x10, 0x54, 0x51, 0x51, 0x45, 0x55, 0x45, 0x14, 0x51, 0x45, 0x05,
    0x45, 0x15, 0x05, 0x14, 0x55, 0x45, 0x11, 0x50, 0x55, 0x51, 0x55, 0x14, 0x54, 0x45, 0x54, 0x45, 0x11, 0x50, 0x99, 0xbf, 0xae, 0xbf, 0xee, 0xff,
    0xbf, 0xfe, 0xfb, 0xfe, 0xfb, 0xfa, 0xfb, 0xef, 0xff, 0xeb, 0xff, 0xff, 0xff, 0xfa, 0x95, 0x6b, 0xef, 0xff, 0xff, 0xff, 0xbe, 0xfb, 0xef, 0xbb,
    0xff, 0xff, 0xfb, 0xff, 0xfb, 0xbe, 0x56, 0xfe, 0xff, 0xbf, 0xbf, 0xff, 0xe9, 0x6b, 0xfb, 0xfa, 0x96, 0xfb, 0xef, 0xbe, 0xff, 0xef, 0xfa, 0xff,
    0xef, 0xbe, 0xff, 0xff, 0xeb, 0xef, 0xef, 0xfa, 0xff, 0xfb, 0xff, 0xfa, 0x95, 0x55, 0x55, 0x55, 0x55, 0x55, 0x55, 0x55, 0x55, 0x55, 0x55, 0x55,
    0x54, 0x55, 0x15, 0x54, 0x54, 0x55, 0x15, 0x15, 0x55, 0x45, 0x15, 0x55, 0x45, 0x45, 0x15, 0x45, 0x54, 0x51, 0x45, 0x51, 0x51, 0x45, 0x15, 0x51,
    0x55, 0x15, 0x14, 0x51, 0x14, 0x14, 0x55, 0x55, 0x14, 0x55, 0x45, 0x14, 0x55, 0x05, 0x50, 0x55, 0x51, 0x05, 0x51, 0x51, 0x54, 0x14, 0x51, 0x51,
    0x45, 0x15, 0x15, 0x11, 0x44, 0x54, 0x55, 0x15, 0x44, 0x51, 0x51, 0x54, 0x51, 0x51, 0x54, 0x14, 0x55, 0x45, 0x15, 0x55, 0x54, 0x14, 0x51, 0x44,
    0x51, 0x51, 0x44, 0x51, 0x55, 0x14, 0x55, 0x15, 0x15, 0x44, 0x51, 0x51, 0x45, 0x15, 0x51, 0x45, 0x41, 0x54, 0x51, 0x41, 0x51, 0x51, 0x55, 0x51,
    0x15, 0x11, 0x45, 0x45, 0x54, 0x45, 0x51, 0x51, 0x10, 0xff, 0xeb, 0xff, 0xfb, 0xef, 0xbe, 0xfa, 0xef, 0xbf, 0xbe, 0xfb, 0xff, 0xef, 0xbe, 0xba,
    0x95, 0x6a, 0xaa, 0xaa, 0xa9, 0x55, 0x55, 0xaa, 0x9a, 0xaa, 0xa5, 0xaf, 0xbf, 0xbe, 0xfb, 0xef, 0xaf, 0xbf, 0xba, 0xe6, 0xfe, 0xaf, 0xef, 0xbb,
    0xaf, 0xfe, 0xbe, 0xbf, 0xfb, 0xbe, 0xbf, 0xff, 0xbf, 0xbe, 0xfe, 0xfe, 0xfe, 0xfb, 0xaf, 0xbf, 0xbe, 0xfa, 0xfa, 0xfe, 0xfe, 0xfe, 0xff, 0xee,
    0xff, 0xeb, 0xbf, 0xfe, 0x55, 0x55, 0x51, 0x55, 0x55, 0x54, 0x55, 0x55, 0x15, 0x55, 0x55, 0x51, 0x51, 0x55, 0x15, 0x55, 0x45, 0x51, 0x54, 0x54,
    0x51, 0x55, 0x15, 0x14, 0x51, 0x51, 0x44, 0x54, 0x55, 0x15, 0x51, 0x55, 0x15, 0x51, 0x51, 0x45, 0x11, 0x51, 0x45, 0x15, 0x45, 0x41, 0x11, 0x45,
    0x04, 0x51, 0x55, 0x51, 0x55, 0x15, 0x50, 0x55, 0x55, 0x51, 0x15, 0x15, 0x51, 0x45, 0x14, 0x51, 0x51, 0x45, 0x51, 0x45, 0x15, 0x51, 0x45, 0x14,
    0x54, 0x54, 0x55, 0x45, 0x15, 0x15, 0x45, 0x45, 0x45, 0x54, 0x50, 0x55, 0x51, 0x51, 0x45, 0x14, 0x15, 0x54, 0x55, 0x45, 0x15, 0x14, 0x55, 0x15,
    0x45, 0x55, 0x15, 0x15, 0x14, 0x14, 0x50, 0x55, 0x54, 0x55, 0x15, 0x14, 0x55, 0x05, 0x15, 0x45, 0x15, 0x45, 0x14, 0x14, 0x51, 0x14, 0x55, 0x10,
    0xbb, 0xef, 0xfb, 0xff, 0xff, 0xef, 0xef, 0xaf, 0xbe, 0xfb, 0xef, 0xaf, 0xbe, 0xff, 0xe9, 0x55, 0x55, 0x55, 0x54, 0x55, 0x55, 0x55, 0x55, 0x55,
    0x55, 0x55, 0x56, 0xae, 0xfb, 0xff, 0xee, 0xfa, 0xfe, 0xff, 0x94, 0x7f, 0xfe, 0xff, 0xbf, 0xfb, 0xef, 0xef, 0xeb, 0xef, 0xbf, 0xef, 0xbf, 0xbe,
    0xfb, 0xef, 0xef, 0xfa, 0xfb, 0xff, 0xfb, 0xeb, 0xef, 0xbf, 0xfe, 0xff, 0xbe, 0xef, 0xfe, 0xfa, 0xff, 0xbe, 0xbe, 0x55, 0x55, 0x55, 0x51, 0x55,
    0x45, 0x55, 0x14, 0x51, 0x55, 0x55, 0x05, 0x55, 0x45, 0x51, 0x45, 0x45, 0x55, 0x45, 0x15, 0x55, 0x45, 0x41, 0x55, 0x15, 0x51, 0x54, 0x45, 0x45,
    0x54, 0x15, 0x14, 0x51, 0x54, 0x15, 0x55, 0x51, 0x45, 0x15, 0x54, 0x55, 0x55, 0x15, 0x51, 0x54, 0x51, 0x41, 0x15, 0x51, 0x54, 0x15, 0x44, 0x51,
    0x15, 0x15, 0x11, 0x45, 0x45, 0x45, 0x14, 0x54, 0x54, 0x51, 0x51, 0x51, 0x15, 0x45, 0x15, 0x05, 0x45, 0x11, 0x55, 0x45, 0x15, 0x54, 0x54, 0x54,
    0x45, 0x15, 0x45, 0x55, 0x15, 0x51, 0x55, 0x54, 0x15, 0x14, 0x51, 0x51, 0x45, 0x45, 0x51, 0x51, 0x15, 0x14, 0x51, 0x45, 0x54, 0x55, 0x14, 0x45,
    0x45, 0x55, 0x14, 0x45, 0x55, 0x14, 0x51, 0x45, 0x15, 0x51, 0x45, 0x15, 0x14, 0x45, 0x50, 0xfe, 0xfe, 0xfe, 0xbe, 0xaa, 0xbe, 0xaa, 0xff, 0xef,
    0xfb, 0xef, 0xfe, 0xbf, 0xee, 0x95, 0x55, 0x55, 0x55, 0x55, 0x55, 0x51, 0x55, 0x55, 0x55, 0x55, 0x55, 0x55, 0x55, 0xab, 0xaa, 0xbe, 0xff, 0xe5,
    0x59, 0x55, 0x5b, 0xbe, 0xfb, 0xee, 0xff, 0xff, 0xef, 0xfb, 0xef, 0xfb, 0xfa, 0x5b, 0xeb, 0xef, 0xbf, 0xfe, 0xbf, 0xbe, 0xfa, 0xfb, 0xff, 0xff,
    0xfb, 0xaf, 0xbf, 0xef, 0xef, 0xbf, 0xbf, 0xbe, 0xfa, 0xa5, 0x55, 0x15, 0x55, 0x55, 0x51, 0x55, 0x41, 0x55, 0x55, 0x14, 0x50, 0x55, 0x14, 0x54,
    0x55, 0x54, 0x55, 0x14, 0x55, 0x15, 0x14, 0x54, 0x55, 0x45, 0x14, 0x15, 0x15, 0x45, 0x45, 0x45, 0x55, 0x45, 0x51, 0x45, 0x54, 0x50, 0x55, 0x15,
    0x50, 0x55, 0x10, 0x51, 0x50, 0x54, 0x51, 0x45, 0x55, 0x14, 0x15, 0x45, 0x55, 0x14, 0x51, 0x54, 0x51, 0x45, 0x14, 0x54, 0x51, 0x54, 0x54, 0x51,
    0x45, 0x15, 0x51, 0x51, 0x51, 0x41, 0x54, 0x51, 0x55, 0x14, 0x51, 0x44, 0x55, 0x55, 0x55, 0x55, 0x15, 0x50, 0x45, 0x14, 0x15, 0x05, 0x45, 0x51,
    0x51, 0x51, 0x45, 0x45, 0x54, 0x54, 0x55, 0x14, 0x51, 0x54, 0x55, 0x45, 0x05, 0x54, 0x54, 0x51, 0x45, 0x45, 0x51, 0x45, 0x45, 0x55, 0x45, 0x10,
    0x51, 0x45, 0x45, 0x51, 0x51, 0x40, 0xaa, 0xfb, 0xef, 0xf9, 0x15, 0x55, 0x55, 0x55, 0x55, 0x6a, 0xfa, 0xbf, 0xea, 0xa5, 0x55, 0x5a, 0xa9, 0x56,
    0xa5, 0x6a, 0xa5, 0x55, 0x55, 0x55, 0x55, 0x55, 0x55, 0x55, 0x55, 0x55, 0x5a, 0xaa, 0x55, 0x55, 0x55, 0x56, 0xef, 0xbe, 0xfa, 0xef, 0xbb, 0xfa,
    0xbe, 0xfa, 0xff, 0xa5, 0x55, 0xff, 0xbf, 0xbe, 0xbf, 0xfe, 0xaf, 0xfe, 0xaa, 0x55, 0x6a, 0xbf, 0xfb, 0xfa, 0xfb, 0xfb, 0xfb, 0xef, 0xfe, 0xe5,
    0x55, 0x45, 0x55, 0x15, 0x15, 0x55, 0x55, 0x55, 0x51, 0x55, 0x54, 0x15, 0x55, 0x55, 0x55, 0x54, 0x55, 0x51, 0x55, 0x51, 0x51, 0x45, 0x51, 0x54,
    0x55, 0x51, 0x55, 0x51, 0x54, 0x54, 0x54, 0x50, 0x55, 0x15, 0x45, 0x45, 0x45, 0x05, 0x14, 0x55, 0x05, 0x55, 0x15, 0x45, 0x45, 0x15, 0x45, 0x15,
    0x51, 0x54, 0x55, 0x05, 0x15, 0x15, 0x45, 0x45, 0x45, 0x14, 0x51, 0x51, 0x45, 0x45, 0x15, 0x14, 0x50, 0x55, 0x15, 0x14, 0x55, 0x51, 0x45, 0x14,
    0x51, 0x51, 0x54, 0x51, 0x41, 0x45, 0x11, 0x50, 0x55, 0x45, 0x45, 0x54, 0x54, 0x54, 0x51, 0x45, 0x15, 0x44, 0x54, 0x15, 0x45, 0x15, 0x54, 0x55,
    0x05, 0x50, 0x51, 0x51, 0x45, 0x54, 0x54, 0x54, 0x54, 0x15, 0x14, 0x54, 0x44, 0x51, 0x55, 0x15, 0x50, 0x50, 0x51, 0x15, 0x10, 0x55, 0x55, 0x5a,
    0x91, 0x51, 0x55, 0x55, 0x55, 0x55, 0x55, 0x55, 0x55, 0x55, 0x55, 0x55, 0x2f, 0xff, 0xbf, 0xbf, 0xff, 0xfd, 0x55, 0x15, 0xa9, 0x55, 0x55, 0x55,
    0x55, 0x55, 0x55, 0x55, 0x55, 0x55, 0x55, 0x55, 0x5a, 0xfb, 0xef, 0xbf, 0xfe, 0xfb, 0xbf, 0xef, 0xbf, 0xa9, 0x55, 0x55, 0x6a, 0xaa, 0xfb, 0xea,
    0x95, 0x56, 0x95, 0x55, 0x55, 0x55, 0x5a, 0xff, 0xbf, 0xbe, 0xbf, 0xab, 0xfe, 0x96, 0x55, 0x54, 0x55, 0x55, 0x55, 0x55, 0x55, 0x54, 0x55, 0x55,
    0x55, 0x41, 0x51, 0x45, 0x45, 0x15, 0x15, 0x45, 0x15, 0x41, 0x45, 0x55, 0x55, 0x15, 0x15, 0x14, 0x55, 0x10, 0x51, 0x15, 0x51, 0x51, 0x55, 0x51,
    0x54, 0x54, 0x51, 0x55, 0x51, 0x45, 0x05, 0x54, 0x45, 0x14, 0x55, 0x15, 0x14, 0x55, 0x11, 0x45, 0x45, 0x11, 0x51, 0x41, 0x50, 0x51, 0x44, 0x51,
    0x45, 0x05, 0x14, 0x51, 0x45, 0x45, 0x14, 0x55, 0x05, 0x15, 0x45, 0x45, 0x11, 0x45, 0x45, 0x41, 0x55, 0x15, 0x51, 0x55, 0x45, 0x55, 0x15, 0x45,
    0x51, 0x54, 0x51, 0x55, 0x15, 0x45, 0x14, 0x54, 0x55, 0x55, 0x45, 0x45, 0x14, 0x45, 0x05, 0x55, 0x15, 0x15, 0x54, 0x51, 0x45, 0x05, 0x45, 0x15,
    0x45, 0x51, 0x51, 0x54, 0x54, 0x51, 0x44, 0x15, 0x15, 0x15, 0x45, 0x10, 0x55, 0x15, 0x55, 0x45, 0x51, 0x15, 0x54, 0x55, 0x55, 0x55, 0x55, 0x55,
    0x55, 0x55, 0x55, 0x7b, 0xef, 0xfb, 0xef, 0xae, 0xfe, 0xaa, 0xaa, 0xfe, 0xaa, 0xbf, 0x95, 0x55, 0x55, 0x55, 0x55, 0x55, 0x55, 0x55, 0x56, 0xfe,
    0xbf, 0xff, 0x95, 0xab, 0xef, 0xaa, 0xff, 0xaa, 0x55, 0x55, 0x55, 0x55, 0x55, 0x55, 0x55, 0x55, 0x55, 0x55, 0x55, 0x55, 0x55, 0x55, 0x6b, 0xef,
    0xff, 0xfa, 0x55, 0x65, 0x55, 0x55, 0x55, 0x55, 0x45, 0x45, 0x55, 0x55, 0x45, 0x54, 0x55, 0x00, 0x15, 0x55, 0x54, 0x55, 0x51, 0x51, 0x55, 0x55,
    0x55, 0x45, 0x14, 0x51, 0x55, 0x51, 0x54, 0x51, 0x55, 0x45, 0x11, 0x15, 0x15, 0x14, 0x51, 0x45, 0x55, 0x15, 0x10, 0x51, 0x45, 0x54, 0x54, 0x54,
    0x54, 0x51, 0x51, 0x51, 0x54, 0x54, 0x54, 0x55, 0x14, 0x51, 0x54, 0x55, 0x15, 0x14, 0x50, 0x51, 0x54, 0x54, 0x15, 0x54, 0x51, 0x45, 0x15, 0x54,
    0x50, 0x54, 0x50, 0x54, 0x50, 0x55, 0x15, 0x05, 0x41, 0x54, 0x54, 0x50, 0x51, 0x51, 0x54, 0x15, 0x15, 0x45, 0x01, 0x41, 0x45, 0x15, 0x45, 0x15,
    0x05, 0x50, 0x54, 0x54, 0x55, 0x51, 0x51, 0x45, 0x50, 0x45, 0x14, 0x55, 0x51, 0x45, 0x11, 0x51, 0x45, 0x15, 0x15, 0x05, 0x51, 0x45, 0x45, 0x51,
    0x50, 0x55, 0x50, 0x45, 0x55, 0x55, 0x55, 0x45, 0x55, 0x55, 0x45, 0x65, 0x14, 0x55, 0x45, 0x55, 0x55, 0x55, 0xbf, 0xee, 0xfa, 0xef, 0xff, 0xef,
    0xff, 0xff, 0xbf, 0xff, 0xfe, 0x95, 0x55, 0x55, 0x55, 0x55, 0x55, 0x55, 0x5a, 0xaf, 0xef, 0xfa, 0x55, 0x55, 0x56, 0xaa, 0x55, 0x69, 0x55, 0x55,
    0x55, 0x55, 0x55, 0x55, 0x55, 0x55, 0x55, 0x55, 0x55, 0x55, 0x55, 0x55, 0x55, 0x55, 0x55, 0x6a, 0x95, 0x55, 0x55, 0x55, 0x55, 0x55, 0x55, 0x54,
    0x55, 0x51, 0x55, 0x55, 0x19, 0x50, 0x55, 0x55, 0x45, 0x15, 0x54, 0x55, 0x55, 0x14, 0x54, 0x54, 0x55, 0x45, 0x55, 0x51, 0x54, 0x55, 0x51, 0x45,
    0x55, 0x51, 0x54, 0x54, 0x54, 0x55, 0x45, 0x11, 0x55, 0x15, 0x14, 0x54, 0x51, 0x45, 0x14, 0x51, 0x45, 0x45, 0x51, 0x45, 0x45, 0x51, 0x51, 0x54,
    0x54, 0x54, 0x45, 0x14, 0x51, 0x45, 0x51, 0x15, 0x41, 0x54, 0x51, 0x51, 0x45, 0x10, 0x54, 0x55, 0x54, 0x55, 0x45, 0x15, 0x11, 0x55, 0x54, 0x55,
    0x05, 0x45, 0x15, 0x51, 0x45, 0x15, 0x54, 0x51, 0x45, 0x54, 0x54, 0x51, 0x45, 0x15, 0x51, 0x50, 0x55, 0x51, 0x51, 0x50, 0x55, 0x14, 0x54, 0x55,
    0x45, 0x54, 0x50, 0x54, 0x55, 0x51, 0x15, 0x15, 0x45, 0x51, 0x55, 0x14, 0x55, 0x45, 0x45, 0x15, 0x50, 0x50, 0x54, 0x50, 0x50, 0x55, 0x1f, 0xff,
    0xaa, 0xab, 0xfa, 0x96, 0xa9, 0x55, 0x54, 0x15, 0x56, 0xfa, 0xfe, 0xbe, 0xfa, 0xff, 0xbf, 0xef, 0xaf, 0xbb, 0xaf, 0xaf, 0xe5, 0x55, 0x5a, 0xa9,
    0x56, 0xbe, 0x55, 0xaf, 0xff, 0xbb, 0x95, 0x55, 0x55, 0x55, 0x14, 0x55, 0x55, 0x55, 0x55, 0x65, 0x55, 0x55, 0x55, 0x55, 0x55, 0x55, 0x55, 0x55,
    0x6f, 0xe5, 0x55, 0x55, 0x55, 0x55, 0x45, 0x55, 0x55, 0x55, 0x55, 0x55, 0x55, 0x55, 0x55, 0x55, 0x55, 0x45, 0x55, 0x6f, 0xd5, 0x55, 0x51, 0x55,
    0x51, 0x45, 0x54, 0x55, 0x54, 0x55, 0x45, 0x54, 0x55, 0x14, 0x55, 0x15, 0x45, 0x15, 0x54, 0x50, 0x55, 0x45, 0x54, 0x55, 0x14, 0x51, 0x55, 0x41,
    0x51, 0x45, 0x14, 0x51, 0x51, 0x45, 0x45, 0x54, 0x54, 0x54, 0x51, 0x55, 0x15, 0x14, 0x55, 0x14, 0x45, 0x45, 0x44, 0x51, 0x54, 0x15, 0x11, 0x55,
    0x45, 0x15, 0x14, 0x51, 0x55, 0x45, 0x45, 0x05, 0x45, 0x15, 0x15, 0x14, 0x44, 0x51, 0x51, 0x55, 0x15, 0x55, 0x14, 0x54, 0x51, 0x45, 0x45, 0x14,
    0x54, 0x54, 0x51, 0x45, 0x10, 0x51, 0x15, 0x44, 0x15, 0x15, 0x15, 0x45, 0x14, 0x54, 0x45, 0x14, 0x41, 0x45, 0x45, 0x41, 0x55, 0x54, 0x51, 0x45,
    0x54, 0x51, 0x45, 0x41, 0x50, 0x54, 0x51, 0x15, 0x40, 0x51, 0x55, 0x45, 0x44, 0x7e, 0xeb, 0xff, 0xbe, 0xbf, 0xfb, 0xff, 0xfa, 0xea, 0xaa, 0xaf,
    0xef, 0xef, 0xef, 0xbf, 0xeb, 0xfa, 0xfa, 0xfe, 0xfb, 0xfe, 0xfb, 0xe5, 0x55, 0x6f, 0xfb, 0xff, 0xeb, 0xaa, 0xfa, 0xfb, 0xfe, 0x54, 0x55, 0x55,
    0x55, 0x55, 0x55, 0x55, 0x55, 0x56, 0xfe, 0xaa, 0x55, 0x55, 0x55, 0x55, 0x55, 0x55, 0x55, 0xbf, 0xf9, 0x55, 0x55, 0x55, 0x55, 0x55, 0x55, 0x55,
    0x55, 0x55, 0x55, 0x45, 0x54, 0x55, 0x54, 0x55, 0xa6, 0xaa, 0xfa, 0x55, 0x14, 0x55, 0x14, 0x55, 0x55, 0x14, 0x50, 0x55, 0x45, 0x55, 0x15, 0x55,
    0x55, 0x45, 0x51, 0x51, 0x54, 0x15, 0x45, 0x45, 0x45, 0x05, 0x41, 0x51, 0x54, 0x54, 0x55, 0x15, 0x45, 0x15, 0x14, 0x15, 0x54, 0x54, 0x54, 0x54,
    0x55, 0x54, 0x51, 0x45, 0x14, 0x41, 0x45, 0x45, 0x14, 0x55, 0x15, 0x15, 0x45, 0x51, 0x14, 0x55, 0x14, 0x51, 0x51, 0x45, 0x15, 0x54, 0x55, 0x15,
    0x51, 0x41, 0x45, 0x45, 0x55, 0x15, 0x11, 0x51, 0x41, 0x54, 0x55, 0x54, 0x51, 0x54, 0x51, 0x45, 0x45, 0x45, 0x14, 0x55, 0x45, 0x55, 0x15, 0x45,
    0x45, 0x15, 0x14, 0x55, 0x05, 0x45, 0x14, 0x55, 0x15, 0x15, 0x15, 0x14, 0x51, 0x55, 0x54, 0x45, 0x14, 0x54, 0x55, 0x15, 0x14, 0x51, 0x51, 0x50,
    0x51, 0x45, 0x15, 0x15, 0xbf, 0xfe, 0xbe, 0xbf, 0xee, 0xbe, 0xeb, 0xbf, 0xef, 0xff, 0xfb, 0xef, 0xef, 0xef, 0xef, 0x95, 0x6f, 0xff, 0xfb, 0xfe,
    0xab, 0xfb, 0xb9, 0x5a, 0xfb, 0xeb, 0xea, 0xab, 0xfe, 0xfe, 0xfb, 0xe9, 0x55, 0x55, 0x55, 0x15, 0x55, 0x55, 0x55, 0x55, 0x5b, 0xaf, 0xff, 0xba,
    0x6a, 0xa9, 0x59, 0x56, 0xaa, 0xab, 0xfb, 0xbf, 0x95, 0x55, 0x55, 0x55, 0x55, 0x55, 0x55, 0x55, 0x55, 0x55, 0x55, 0x15, 0x55, 0x45, 0x5b, 0xfb,
    0xfe, 0xfd, 0x15, 0x55, 0x45, 0x55, 0x45, 0x51, 0x55, 0x55, 0x45, 0x54, 0x51, 0x51, 0x45, 0x45, 0x55, 0x55, 0x55, 0x15, 0x45, 0x15, 0x45, 0x14,
    0x55, 0x55, 0x15, 0x15, 0x45, 0x15, 0x50, 0x55, 0x41, 0x55, 0x54, 0x51, 0x45, 0x05, 0x45, 0x41, 0x45, 0x55, 0x51, 0x51, 0x55, 0x45, 0x14, 0x51,
    0x51, 0x54, 0x51, 0x44, 0x55, 0x51, 0x41, 0x51, 0x45, 0x14, 0x51, 0x50, 0x55, 0x51, 0x50, 0x45, 0x54, 0x54, 0x55, 0x05, 0x15, 0x55, 0x45, 0x55,
    0x45, 0x45, 0x05, 0x51, 0x14, 0x55, 0x14, 0x51, 0x45, 0x51, 0x45, 0x14, 0x45, 0x11, 0x45, 0x45, 0x45, 0x14, 0x45, 0x51, 0x51, 0x45, 0x14, 0x15,
    0x14, 0x54, 0x55, 0x15, 0x14, 0x54, 0x55, 0x45, 0x45, 0x14, 0x51, 0x45, 0x14, 0x55, 0x10, 0x55, 0x05, 0x55, 0x5b, 0xfb, 0xbf, 0xfb, 0xeb, 0xff,
    0xef, 0xfe, 0xbe, 0xfb, 0xfa, 0xfe, 0xfe, 0xbe, 0xba, 0xe9, 0x55, 0x5a, 0xa5, 0x6b, 0x95, 0x56, 0xbf, 0xbf, 0xfe, 0xbe, 0xbe, 0xa5, 0x56, 0xaf,
    0xaf, 0xbe, 0xe5, 0x55, 0x55, 0x56, 0xa5, 0x55, 0x51, 0x51, 0x5a, 0xbf, 0xfa, 0xeb, 0xfb, 0xff, 0xfb, 0xff, 0xff, 0xfb, 0xff, 0xff, 0xfb, 0xe9,
    0x5b, 0xa5, 0x6e, 0x95, 0x56, 0xaa, 0x55, 0x55, 0x55, 0x15, 0x55, 0x45, 0x55, 0xbe, 0xbe, 0xbb, 0xe5, 0x55, 0x45, 0x54, 0x51, 0x54, 0x55, 0x45,
    0x15, 0x45, 0x15, 0x45, 0x14, 0x51, 0x54, 0x51, 0x45, 0x14, 0x51, 0x51, 0x51, 0x54, 0x55, 0x50, 0x51, 0x51, 0x51, 0x45, 0x14, 0x55, 0x50, 0x55,
    0x41, 0x45, 0x45, 0x45, 0x51, 0x45, 0x54, 0x55, 0x04, 0x15, 0x15, 0x14, 0x51, 0x51, 0x51, 0x15, 0x45, 0x45, 0x14, 0x50, 0x51, 0x55, 0x15, 0x14,
    0x54, 0x54, 0x55, 0x15, 0x15, 0x55, 0x44, 0x15, 0x54, 0x51, 0x55, 0x50, 0x45, 0x45, 0x14, 0x55, 0x51, 0x55, 0x15, 0x55, 0x05, 0x14, 0x51, 0x54,
    0x51, 0x45, 0x15, 0x45, 0x45, 0x55, 0x50, 0x51, 0x55, 0x54, 0x54, 0x15, 0x45, 0x45, 0x41, 0x45, 0x45, 0x41, 0x45, 0x14, 0x55, 0x14, 0x55, 0x15,
    0x14, 0x51, 0x55, 0x45, 0x45, 0x50, 0xa9, 0x6a, 0xfe, 0xfe, 0xfb, 0xfb, 0xef, 0xfe, 0xfb, 0xfb, 0xaf, 0xef, 0xbb, 0xbf, 0xef, 0xeb, 0xef, 0xfb,
    0xf5, 0x55, 0x55, 0x15, 0x55, 0x55, 0x55, 0xef, 0xfb, 0xaf, 0xef, 0xbe, 0x55, 0x55, 0x55, 0x5a, 0xbe, 0x95, 0x55, 0xa5, 0x6b, 0xea, 0xaa, 0xa5,
    0x5a, 0xfe, 0xfa, 0xff, 0xfe, 0xfe, 0xae, 0xfb, 0xbb, 0xea, 0xfb, 0xbe, 0xfe, 0xfb, 0xee, 0xbf, 0xba, 0xff, 0xe9, 0xab, 0xff, 0x55, 0x14, 0x51,
    0xaa, 0x95, 0x56, 0xbb, 0xef, 0xaf, 0xfb, 0x95, 0x54, 0x54, 0x55, 0x55, 0x15, 0x45, 0x55, 0x51, 0x54, 0x51, 0x55, 0x05, 0x55, 0x15, 0x55, 0x54,
    0x54, 0x55, 0x15, 0x15, 0x15, 0x45, 0x15, 0x45, 0x15, 0x14, 0x55, 0x51, 0x45, 0x15, 0x54, 0x54, 0x51, 0x45, 0x14, 0x54, 0x54, 0x14, 0x51, 0x55,
    0x45, 0x45, 0x14, 0x51, 0x41, 0x15, 0x10, 0x51, 0x45, 0x51, 0x45, 0x15, 0x45, 0x15, 0x51, 0x45, 0x14, 0x45, 0x41, 0x54, 0x14, 0x55, 0x51, 0x05,
    0x51, 0x50, 0x55, 0x50, 0x55, 0x45, 0x14, 0x15, 0x51, 0x45, 0x05, 0x51, 0x55, 0x14, 0x14, 0x54, 0x55, 0x51, 0x50, 0x54, 0x10, 0x55, 0x51, 0x41,
    0x15, 0x45, 0x54, 0x54, 0x51, 0x54, 0x54, 0x55, 0x15, 0x45, 0x45, 0x45, 0x51, 0x41, 0x51, 0x51, 0x54, 0x14, 0x54, 0x50, 0x50, 0xff, 0xff, 0xbf,
    0xaf, 0xff, 0xef, 0xee, 0xfe, 0xff, 0xbf, 0xbe, 0xef, 0xbe, 0xfb, 0xfb, 0xff, 0xef, 0xbe, 0xe5, 0x55, 0x55, 0x55, 0x55, 0x55, 0x55, 0xae, 0xeb,
    0xfb, 0xef, 0xee, 0x55, 0x55, 0x55, 0x55, 0x55, 0x55, 0x56, 0xfe, 0xfa, 0xff, 0xbf, 0xee, 0xaf, 0xeb, 0xef, 0xaf, 0xbe, 0xef, 0xfa, 0xfb, 0xbe,
    0xff, 0xbf, 0xff, 0xaf, 0xbe, 0xfb, 0xeb, 0xff, 0xeb, 0xef, 0xfe, 0xfb, 0x95, 0x55, 0x56, 0xfa, 0xfa, 0xaf, 0xbe, 0xbb, 0xef, 0xa5, 0x55, 0x45,
    0x55, 0x51, 0x55, 0x51, 0x54, 0x51, 0x55, 0x15, 0x55, 0x15, 0x55, 0x14, 0x51, 0x54, 0x55, 0x45, 0x45, 0x54, 0x55, 0x51, 0x51, 0x45, 0x55, 0x45,
    0x45, 0x50, 0x55, 0x45, 0x45, 0x14, 0x54, 0x51, 0x55, 0x15, 0x45, 0x15, 0x51, 0x45, 0x15, 0x44, 0x51, 0x45, 0x14, 0x15, 0x45, 0x55, 0x14, 0x50,
    0x51, 0x55, 0x14, 0x51, 0x51, 0x45, 0x15, 0x15, 0x45, 0x55, 0x05, 0x45, 0x11, 0x45, 0x55, 0x15, 0x15, 0x45, 0x15, 0x45, 0x45, 0x15, 0x50, 0x51,
    0x45, 0x50, 0x55, 0x05, 0x15, 0x45, 0x05, 0x50, 0x51, 0x15, 0x51, 0x55, 0x55, 0x14, 0x55, 0x45, 0x55, 0x14, 0x55, 0x15, 0x14, 0x51, 0x51, 0x54,
    0x54, 0x55, 0x45, 0x45, 0x55, 0x45, 0x15, 0x05, 0x51, 0x54, 0x55, 0x40, 0xfa, 0xeb, 0xfb, 0xfb, 0xef, 0xfe, 0xfe, 0xef, 0xbe, 0xbe, 0xfb, 0xef,
    0xee, 0xfe, 0xaa, 0xbe, 0xff, 0xbe, 0x95, 0x5a, 0xa5, 0x55, 0x55, 0x55, 0x55, 0x6e, 0xfe, 0xfb, 0xee, 0xf9, 0x55, 0x55, 0x55, 0x55, 0x55, 0x55,
    0x46, 0xef, 0xef, 0xbe, 0xba, 0xef, 0xeb, 0xbe, 0xbe, 0xfa, 0xeb, 0xef, 0xbf, 0xbe, 0xff, 0xbf, 0xfe, 0xbb, 0xff, 0xbe, 0xbf, 0xbe, 0xfe, 0xfb,
    0xbe, 0xef, 0xbf, 0xfa, 0xff, 0xaf, 0xaf, 0xbf, 0xee, 0xfe, 0xfb, 0xf9, 0x54, 0x51, 0x55, 0x45, 0x55, 0x14, 0x55, 0x15, 0x55, 0x15, 0x55, 0x15,
    0x44, 0x51, 0x51, 0x55, 0x15, 0x45, 0x55, 0x54, 0x55, 0x45, 0x14, 0x55, 0x54, 0x51, 0x54, 0x55, 0x15, 0x45, 0x54, 0x54, 0x51, 0x45, 0x14, 0x50,
    0x51, 0x51, 0x41, 0x45, 0x55, 0x50, 0x54, 0x51, 0x45, 0x45, 0x50, 0x50, 0x45, 0x14, 0x55, 0x14, 0x11, 0x45, 0x15, 0x14, 0x54, 0x51, 0x41, 0x51,
    0x15, 0x55, 0x45, 0x15, 0x45, 0x11, 0x51, 0x45, 0x15, 0x54, 0x54, 0x55, 0x51, 0x55, 0x15, 0x54, 0x55, 0x05, 0x54, 0x51, 0x55, 0x54, 0x15, 0x15,
    0x45, 0x15, 0x45, 0x11, 0x45, 0x14, 0x50, 0x51, 0x55, 0x41, 0x55, 0x51, 0x55, 0x15, 0x45, 0x55, 0x11, 0x54, 0x54, 0x51, 0x55, 0x45, 0x54, 0x51,
    0x05, 0x45, 0x50, 0xef, 0xfb, 0xfe, 0xfb, 0xfa, 0xbe, 0xff, 0xef, 0xbb, 0xef, 0xeb, 0xba, 0xfe, 0xe9, 0x55, 0x55, 0x5a, 0xaa, 0x55, 0x5f, 0xf5,
    0x55, 0x55, 0x55, 0x55, 0x6f, 0xbe, 0xef, 0xbf, 0xba, 0xaa, 0x55, 0x55, 0x55, 0x55, 0x55, 0x56, 0xeb, 0xaf, 0xbf, 0xfe, 0xfa, 0xff, 0xbe, 0xfa,
    0xff, 0xff, 0xba, 0xfb, 0xee, 0xeb, 0xfb, 0xef, 0xfb, 0xfa, 0xfb, 0xef, 0xbf, 0xef, 0xbf, 0xbe, 0xfb, 0xeb, 0xbf, 0xef, 0xff, 0xff, 0xae, 0xfe,
    0xeb, 0xea, 0xe1, 0x55, 0x55, 0x51, 0x55, 0x45, 0x55, 0x15, 0x51, 0x45, 0x51, 0x45, 0x51, 0x54, 0x54, 0x55, 0x15, 0x15, 0x54, 0x51, 0x55, 0x15,
    0x51, 0x54, 0x44, 0x15, 0x15, 0x15, 0x51, 0x54, 0x51, 0x14, 0x54, 0x51, 0x55, 0x54, 0x55, 0x51, 0x15, 0x55, 0x54, 0x51, 0x55, 0x51, 0x54, 0x54,
    0x51, 0x45, 0x15, 0x45, 0x45, 0x15, 0x45, 0x51, 0x45, 0x14, 0x55, 0x14, 0x51, 0x54, 0x51, 0x51, 0x41, 0x51, 0x54, 0x51, 0x51, 0x45, 0x45, 0x51,
    0x45, 0x14, 0x51, 0x45, 0x05, 0x44, 0x14, 0x45, 0x54, 0x51, 0x55, 0x11, 0x45, 0x55, 0x14, 0x51, 0x50, 0x51, 0x54, 0x51, 0x45, 0x15, 0x14, 0x45,
    0x15, 0x44, 0x55, 0x05, 0x14, 0x55, 0x11, 0x51, 0x14, 0x54, 0x51, 0x11, 0x45, 0x14, 0x55, 0x55, 0x05, 0x10, 0xef, 0xbf, 0xbf, 0xef, 0xff, 0xaf,
    0xaf, 0xff, 0xfb, 0xfb, 0xfe, 0xff, 0xfb, 0x95, 0x55, 0x55, 0x55, 0x55, 0x55, 0x6e, 0xb9, 0x55, 0x65, 0x5a, 0x95, 0x5b, 0xef, 0xef, 0xbb, 0xff,
    0xef, 0x95, 0x55, 0x55, 0x55, 0x55, 0x57, 0xff, 0xbf, 0xef, 0xaf, 0xbf, 0xae, 0xaf, 0xff, 0xba, 0x6b, 0xbe, 0xfa, 0xfb, 0xef, 0xfb, 0xef, 0xef,
    0xbf, 0xeb, 0xfe, 0xfb, 0xef, 0xbe, 0xfb, 0xfb, 0xef, 0xbe, 0xfe, 0xfa, 0xeb, 0xfe, 0xef, 0xbf, 0x95, 0x55, 0x55, 0x55, 0x15, 0x55, 0x54, 0x51,
    0x51, 0x54, 0x54, 0x55, 0x54, 0x55, 0x15, 0x55, 0x45, 0x51, 0x51, 0x55, 0x55, 0x15, 0x51, 0x55, 0x45, 0x55, 0x41, 0x54, 0x51, 0x55, 0x14, 0x51,
    0x51, 0x45, 0x54, 0x50, 0x45, 0x05, 0x15, 0x54, 0x14, 0x14, 0x51, 0x05, 0x15, 0x14, 0x54, 0x51, 0x45, 0x45, 0x50, 0x55, 0x10, 0x54, 0x54, 0x55,
    0x45, 0x45, 0x15, 0x14, 0x14, 0x54, 0x51, 0x54, 0x15, 0x44, 0x54, 0x54, 0x54, 0x50, 0x54, 0x51, 0x55, 0x51, 0x45, 0x54, 0x55, 0x51, 0x54, 0x54,
    0x51, 0x14, 0x51, 0x54, 0x51, 0x45, 0x14, 0x55, 0x51, 0x55, 0x54, 0x55, 0x55, 0x54, 0x54, 0x51, 0x45, 0x45, 0x54, 0x55, 0x51, 0x55, 0x55, 0x15,
    0x45, 0x15, 0x51, 0x51, 0x51, 0x44, 0x51, 0x51, 0x40, 0xfb, 0xef, 0xbb, 0xbe, 0xbf, 0xfb, 0xef, 0xba, 0x5a, 0x95, 0x6a, 0x96, 0xa5, 0x55, 0x55,
    0x55, 0x55, 0x55, 0x55, 0xbf, 0xef, 0xab, 0xfe, 0xbf, 0xe5, 0x5a, 0xfb, 0xfb, 0xfb, 0xee, 0xbe, 0xff, 0x95, 0x55, 0x55, 0x55, 0x5b, 0xbe, 0xfb,
    0xef, 0xbe, 0xbb, 0xef, 0xea, 0xaf, 0xa5, 0x56, 0xbe, 0xbf, 0xbb, 0xbe, 0xfe, 0xfa, 0xfe, 0xbb, 0xfe, 0xbf, 0xef, 0xbe, 0xeb, 0xef, 0xbe, 0xff,
    0xef, 0xaf, 0xbf, 0xbe, 0xbe, 0xef, 0xba, 0x55, 0x15, 0x55, 0x55, 0x55, 0x54, 0x55, 0x55, 0x55, 0x45, 0x55, 0x45, 0x15, 0x45, 0x55, 0x51, 0x54,
    0x55, 0x55, 0x15, 0x15, 0x50, 0x55, 0x14, 0x55, 0x15, 0x55, 0x45, 0x55, 0x15, 0x55, 0x54, 0x55, 0x51, 0x45, 0x55, 0x51, 0x55, 0x54, 0x55, 0x51,
    0x55, 0x15, 0x55, 0x54, 0x51, 0x45, 0x45, 0x14, 0x51, 0x15, 0x41, 0x55, 0x14, 0x45, 0x10, 0x51, 0x51, 0x51, 0x45, 0x45, 0x15, 0x45, 0x15, 0x44,
    0x55, 0x14, 0x45, 0x15, 0x15, 0x45, 0x55, 0x45, 0x14, 0x54, 0x55, 0x51, 0x45, 0x15, 0x45, 0x15, 0x45, 0x45, 0x15, 0x14, 0x55, 0x54, 0x55, 0x15,
    0x41, 0x45, 0x14, 0x44, 0x45, 0x51, 0x45, 0x55, 0x50, 0x55, 0x45, 0x15, 0x44, 0x45, 0x41, 0x55, 0x54, 0x54, 0x54, 0x55, 0x14, 0x51, 0x51, 0x50,
    0xbe, 0xef, 0xff, 0xba, 0x56, 0xbe, 0xfa, 0x95, 0x14, 0x55, 0x55, 0x55, 0x15, 0x55, 0x55, 0x55, 0x55, 0x55, 0x56, 0xba, 0xff, 0xfb, 0xef, 0xfb,
    0x95, 0x55, 0xbb, 0xbe, 0xfe, 0xff, 0xeb, 0xaf, 0xf5, 0x55, 0x56, 0x55, 0x6e, 0xef, 0xfb, 0xeb, 0xeb, 0xfa, 0xfb, 0x95, 0x56, 0x55, 0x55, 0x6b,
    0xef, 0xbf, 0xbf, 0xef, 0xbf, 0xaf, 0xfa, 0xff, 0xeb, 0xbe, 0xbb, 0xef, 0xae, 0xbf, 0xeb, 0xef, 0xeb, 0xeb, 0xbb, 0xeb, 0xfa, 0xe5, 0x51, 0x55,
    0x55, 0x15, 0x51, 0x45, 0x55, 0x55, 0x55, 0x55, 0x14, 0x55, 0x51, 0x54, 0x51, 0x55, 0x55, 0x54, 0x55, 0x51, 0x51, 0x45, 0x55, 0x55, 0x51, 0x51,
    0x54, 0x55, 0x15, 0x51, 0x45, 0x15, 0x05, 0x15, 0x55, 0x15, 0x15, 0x41, 0x45, 0x45, 0x45, 0x41, 0x51, 0x50, 0x45, 0x45, 0x45, 0x15, 0x15, 0x51,
    0x45, 0x54, 0x45, 0x45, 0x45, 0x55, 0x15, 0x15, 0x14, 0x55, 0x45, 0x45, 0x45, 0x51, 0x54, 0x51, 0x45, 0x55, 0x41, 0x54, 0x51, 0x45, 0x14, 0x55,
    0x14, 0x51, 0x45, 0x14, 0x51, 0x51, 0x50, 0x51, 0x45, 0x41, 0x55, 0x41, 0x45, 0x45, 0x45, 0x55, 0x15, 0x45, 0x54, 0x55, 0x15, 0x54, 0x50, 0x55,
    0x05, 0x51, 0x54, 0x54, 0x51, 0x55, 0x14, 0x45, 0x55, 0x45, 0x05, 0x15, 0x14, 0x15, 0x10, 0xfb, 0xfa, 0x99, 0x55, 0x55, 0x55, 0x55, 0x45, 0x55,
    0x55, 0x55, 0x55, 0x55, 0x55, 0x6a, 0xa5, 0x55, 0x55, 0x5b, 0xbf, 0xba, 0xfa, 0xfb, 0xbf, 0x95, 0x55, 0x5f, 0xff, 0xaf, 0xbb, 0xef, 0xbe, 0xbe,
    0xa6, 0xaf, 0xaa, 0xba, 0xfa, 0xbe, 0xbe, 0xff, 0xaf, 0xa9, 0x55, 0x55, 0x55, 0x55, 0x55, 0x5a, 0xae, 0xfb, 0xef, 0xaf, 0xba, 0xbf, 0xaa, 0xab,
    0xfb, 0xff, 0xbe, 0xfe, 0xaa, 0xbe, 0xfa, 0xfe, 0xfb, 0xeb, 0xfb, 0xb9, 0x85, 0x55, 0x55, 0x51, 0x51, 0x55, 0x55, 0x55, 0x55, 0x15, 0x51, 0x55,
    0x55, 0x55, 0x15, 0x55, 0x14, 0x51, 0x45, 0x45, 0x55, 0x55, 0x15, 0x45, 0x45, 0x15, 0x51, 0x45, 0x51, 0x54, 0x55, 0x45, 0x15, 0x55, 0x14, 0x51,
    0x45, 0x54, 0x54, 0x55, 0x45, 0x45, 0x54, 0x51, 0x55, 0x54, 0x54, 0x51, 0x51, 0x51, 0x45, 0x44, 0x15, 0x44, 0x51, 0x54, 0x45, 0x54, 0x51, 0x45,
    0x41, 0x54, 0x54, 0x55, 0x55, 0x15, 0x14, 0x55, 0x14, 0x55, 0x45, 0x55, 0x14, 0x51, 0x41, 0x51, 0x54, 0x55, 0x15, 0x55, 0x15, 0x15, 0x51, 0x54,
    0x55, 0x45, 0x55, 0x15, 0x14, 0x54, 0x15, 0x11, 0x45, 0x15, 0x51, 0x54, 0x14, 0x55, 0x45, 0x50, 0x51, 0x45, 0x45, 0x51, 0x14, 0x51, 0x55, 0x15,
    0x15, 0x50, 0x51, 0x55, 0x45, 0x50, 0xba, 0x95, 0x45, 0x55, 0x14, 0x55, 0x45, 0x54, 0x51, 0x45, 0x55, 0x15, 0x55, 0x56, 0xfe, 0xfa, 0xaf, 0xa5,
    0xab, 0xef, 0xbf, 0xbe, 0xfb, 0xef, 0x95, 0x55, 0x5b, 0xaf, 0xfb, 0xfb, 0xbe, 0xfb, 0xef, 0xbe, 0xfe, 0xff, 0xbf, 0xbf, 0xef, 0xbe, 0x99, 0x55,
    0x55, 0x55, 0x55, 0x55, 0x45, 0x55, 0x55, 0x55, 0x6f, 0xba, 0xfb, 0xe5, 0x55, 0x55, 0x55, 0xab, 0xaa, 0xbe, 0xe5, 0x54, 0x5a, 0xbf, 0xbe, 0xbe,
    0xfe, 0xbf, 0xa9, 0x05, 0x55, 0x55, 0x55, 0x55, 0x55, 0x55, 0x55, 0x45, 0x54, 0x55, 0x45, 0x15, 0x15, 0x51, 0x45, 0x55, 0x55, 0x55, 0x14, 0x55,
    0x15, 0x51, 0x54, 0x55, 0x14, 0x55, 0x55, 0x15, 0x45, 0x45, 0x15, 0x50, 0x51, 0x45, 0x51, 0x54, 0x54, 0x54, 0x50, 0x54, 0x51, 0x15, 0x45, 0x05,
    0x14, 0x54, 0x54, 0x51, 0x51, 0x44, 0x55, 0x41, 0x54, 0x51, 0x14, 0x50, 0x45, 0x54, 0x51, 0x55, 0x15, 0x55, 0x51, 0x05, 0x51, 0x55, 0x45, 0x14,
    0x54, 0x51, 0x45, 0x15, 0x55, 0x55, 0x55, 0x15, 0x51, 0x51, 0x45, 0x51, 0x55, 0x14, 0x14, 0x54, 0x54, 0x15, 0x51, 0x55, 0x55, 0x51, 0x55, 0x14,
    0x51, 0x15, 0x45, 0x55, 0x45, 0x14, 0x55, 0x55, 0x54, 0x55, 0x15, 0x54, 0x55, 0x15, 0x51, 0x51, 0x55, 0x45, 0x41, 0x54, 0x50, 0x55, 0x55, 0x51,
    0x41, 0x55, 0x55, 0x54, 0x51, 0x45, 0x15, 0x45, 0x55, 0x55, 0x5b, 0xaf, 0xaf, 0xfb, 0xff, 0xef, 0xeb, 0xff, 0xbe, 0xfe, 0xeb, 0xd5, 0x55, 0x5b,
    0xfe, 0xfb, 0xef, 0xbb, 0xef, 0xeb, 0xae, 0xbb, 0xea, 0xeb, 0xeb, 0xeb, 0xe9, 0x55, 0x55, 0x55, 0x55, 0x55, 0x54, 0x55, 0x45, 0x55, 0x55, 0x56,
    0xff, 0xfa, 0x55, 0x55, 0x55, 0x55, 0x55, 0x55, 0x5a, 0x55, 0x55, 0x55, 0x55, 0xbf, 0xea, 0xaa, 0xfa, 0x94, 0x55, 0x14, 0x55, 0x55, 0x54, 0x55,
    0x15, 0x14, 0x55, 0x45, 0x54, 0x55, 0x51, 0x51, 0x55, 0x54, 0x55, 0x14, 0x51, 0x55, 0x45, 0x51, 0x55, 0x15, 0x15, 0x51, 0x45, 0x11, 0x54, 0x55,
    0x54, 0x54, 0x55, 0x51, 0x55, 0x15, 0x15, 0x05, 0x45, 0x55, 0x45, 0x15, 0x15, 0x14, 0x54, 0x51, 0x45, 0x05, 0x14, 0x14, 0x54, 0x51, 0x54, 0x51,
    0x45, 0x15, 0x15, 0x41, 0x45, 0x14, 0x15, 0x41, 0x41, 0x15, 0x50, 0x51, 0x41, 0x45, 0x45, 0x44, 0x51, 0x45, 0x51, 0x14, 0x51, 0x45, 0x51, 0x55,
    0x14, 0x51, 0x54, 0x41, 0x55, 0x51, 0x54, 0x55, 0x51, 0x45, 0x41, 0x45, 0x55, 0x45, 0x51, 0x51, 0x54, 0x51, 0x41, 0x45, 0x14, 0x45, 0x14, 0x54,
    0x51, 0x54, 0x55, 0x45, 0x51, 0x55, 0x45, 0x05, 0x54, 0x55, 0x15, 0x10, 0x45, 0x14, 0x15, 0x55, 0x55, 0x11, 0x14, 0x16, 0xa5, 0x6a, 0x95, 0x56,
    0xa5, 0xbf, 0xbe, 0xfe, 0xfa, 0xee, 0xbe, 0xbe, 0xfb, 0xeb, 0xef, 0xfe, 0xea, 0xa5, 0x6f, 0xef, 0xae, 0xbe, 0xfb, 0xae, 0xbf, 0xeb, 0xfb, 0xbe,
    0xfb, 0xef, 0xbe, 0x95, 0x55, 0x55, 0x54, 0x54, 0x55, 0x55, 0x69, 0x55, 0x55, 0x55, 0x55, 0x59, 0x69, 0x55, 0x55, 0x55, 0x55, 0x55, 0x55, 0x55,
    0x55, 0x55, 0x55, 0x55, 0x55, 0x55, 0x15, 0x55, 0x44, 0x51, 0x44, 0x55, 0x55, 0x55, 0x51, 0x55, 0x55, 0x55, 0x55, 0x45, 0x51, 0x55, 0x55, 0x14,
    0x51, 0x45, 0x45, 0x54, 0x51, 0x54, 0x55, 0x05, 0x51, 0x51, 0x45, 0x55, 0x55, 0x45, 0x54, 0x15, 0x45, 0x45, 0x15, 0x15, 0x45, 0x51, 0x55, 0x45,
    0x05, 0x51, 0x54, 0x51, 0x51, 0x45, 0x45, 0x55, 0x51, 0x45, 0x45, 0x15, 0x14, 0x15, 0x45, 0x45, 0x41, 0x54, 0x54, 0x51, 0x45, 0x50, 0x55, 0x55,
    0x15, 0x55, 0x14, 0x54, 0x50, 0x51, 0x45, 0x45, 0x50, 0x55, 0x14, 0x51, 0x50, 0x55, 0x05, 0x14, 0x54, 0x45, 0x54, 0x41, 0x45, 0x15, 0x41, 0x51,
    0x45, 0x55, 0x45, 0x45, 0x44, 0x51, 0x55, 0x45, 0x51, 0x55, 0x51, 0x51, 0x54, 0x54, 0x51, 0x54, 0x55, 0x45, 0x54, 0x54, 0x45, 0x54, 0x54, 0x55,
    0x15, 0x41, 0x50, 0x55, 0x15, 0x54, 0x14, 0x41, 0x5a, 0x95, 0xaf, 0xbf, 0xff, 0xf9, 0x6e, 0xff, 0xbb, 0xfe, 0xfa, 0xef, 0xef, 0xbb, 0xef, 0xeb,
    0xef, 0xbe, 0xbe, 0xff, 0xfe, 0xfe, 0xef, 0xff, 0xfa, 0xfb, 0xff, 0xba, 0xfb, 0xeb, 0xbe, 0xfe, 0x55, 0x55, 0x55, 0x55, 0x54, 0x55, 0xa9, 0x54,
    0x6b, 0xfb, 0x95, 0x55, 0x55, 0x15, 0x55, 0x55, 0x45, 0x55, 0x55, 0x55, 0x55, 0x55, 0x55, 0x55, 0x54, 0x55, 0x55, 0x55, 0x55, 0x55, 0x00, 0x15,
    0x51, 0x45, 0x15, 0x55, 0x15, 0x55, 0x55, 0x55, 0x55, 0x15, 0x55, 0x15, 0x14, 0x55, 0x51, 0x55, 0x51, 0x55, 0x15, 0x55, 0x15, 0x54, 0x55, 0x55,
    0x55, 0x54, 0x51, 0x45, 0x55, 0x45, 0x51, 0x55, 0x45, 0x15, 0x50, 0x54, 0x54, 0x50, 0x55, 0x54, 0x15, 0x15, 0x54, 0x55, 0x54, 0x54, 0x50, 0x54,
    0x51, 0x45, 0x11, 0x45, 0x41, 0x44, 0x54, 0x55, 0x05, 0x55, 0x14, 0x55, 0x55, 0x50, 0x54, 0x50, 0x45, 0x14, 0x45, 0x15, 0x15, 0x15, 0x14, 0x55,
    0x45, 0x45, 0x15, 0x15, 0x45, 0x51, 0x51, 0x45, 0x45, 0x15, 0x55, 0x15, 0x51, 0x54, 0x54, 0x54, 0x14, 0x55, 0x50, 0x55, 0x45, 0x14, 0x51, 0x45,
    0x14, 0x15, 0x15, 0x15, 0x45, 0x55, 0x05, 0x41, 0x54, 0x55, 0x45, 0x45, 0x14, 0x54, 0x41, 0x55, 0x55, 0x50, 0x51, 0x51, 0x41, 0x55, 0x6a, 0xaf,
    0xfe, 0xfe, 0xeb, 0xab, 0xbf, 0xfa, 0xfb, 0xba, 0xfb, 0xaf, 0xef, 0xbe, 0xbf, 0xef, 0xbe, 0xbe, 0xff, 0xbe, 0xbe, 0xef, 0xef, 0xfa, 0xfa, 0xff,
    0xbe, 0xeb, 0xef, 0xbe, 0xbe, 0xfe, 0xa9, 0x55, 0x55, 0x55, 0x56, 0xe9, 0x6b, 0xee, 0x95, 0xbe, 0xbb, 0x95, 0x45, 0x51, 0x55, 0x55, 0x55, 0x55,
    0xfa, 0x55, 0x55, 0x55, 0x55, 0x55, 0x55, 0x5a, 0x91, 0x55, 0x55, 0x55, 0x40, 0x41, 0x45, 0x54, 0x51, 0x55, 0x55, 0x55, 0x45, 0x15, 0x55, 0x55,
    0x55, 0x15, 0x55, 0x55, 0x14, 0x55, 0x14, 0x55, 0x51, 0x51, 0x45, 0x45, 0x15, 0x54, 0x54, 0x50, 0x55, 0x51, 0x54, 0x14, 0x55, 0x55, 0x51, 0x55,
    0x51, 0x55, 0x55, 0x45, 0x55, 0x51, 0x55, 0x55, 0x14, 0x55, 0x44, 0x14, 0x54, 0x55, 0x05, 0x14, 0x51, 0x51, 0x45, 0x55, 0x55, 0x15, 0x15, 0x51,
    0x05, 0x15, 0x14, 0x15, 0x15, 0x05, 0x45, 0x51, 0x45, 0x51, 0x51, 0x45, 0x15, 0x14, 0x45, 0x45, 0x51, 0x51, 0x45, 0x14, 0x51, 0x51, 0x51, 0x55,
    0x14, 0x14, 0x51, 0x45, 0x14, 0x55, 0x51, 0x54, 0x50, 0x55, 0x51, 0x55, 0x54, 0x55, 0x15, 0x15, 0x51, 0x45, 0x15, 0x15, 0x45, 0x54, 0x55, 0x14,
    0x41, 0x54, 0x55, 0x15, 0x45, 0x55, 0x41, 0x14, 0x50, 0x04, 0x14, 0x56, 0xaa, 0xbf, 0xef, 0xbf, 0xbe, 0xfa, 0xfb, 0xea, 0xfb, 0xbf, 0xff, 0xfb,
    0xef, 0xbb, 0xef, 0xee, 0xfb, 0xbf, 0xeb, 0xeb, 0xeb, 0xeb, 0xef, 0xba, 0xbf, 0xaf, 0xaf, 0xbe, 0xfa, 0xef, 0xaf, 0xbe, 0xe5, 0x55, 0x55, 0x55,
    0x55, 0x5f, 0xef, 0xbb, 0xef, 0xeb, 0xef, 0xaf, 0xaa, 0x95, 0x55, 0x51, 0x55, 0x55, 0x56, 0xaf, 0x95, 0x14, 0x55, 0x55, 0x55, 0x56, 0xfb, 0x95,
    0x51, 0x55, 0x54, 0x44, 0x50, 0x55, 0x54, 0x55, 0x55, 0x55, 0x54, 0x55, 0x55, 0x55, 0x55, 0x55, 0x54, 0x54, 0x51, 0x55, 0x45, 0x55, 0x45, 0x55,
    0x55, 0x54, 0x55, 0x45, 0x15, 0x15, 0x55, 0x45, 0x15, 0x15, 0x55, 0x54, 0x54, 0x55, 0x14, 0x55, 0x15, 0x41, 0x55, 0x15, 0x15, 0x05, 0x41, 0x45,
    0x05, 0x15, 0x45, 0x45, 0x45, 0x55, 0x14, 0x51, 0x45, 0x14, 0x14, 0x15, 0x15, 0x14, 0x51, 0x54, 0x51, 0x51, 0x41, 0x45, 0x54, 0x55, 0x15, 0x45,
    0x51, 0x55, 0x45, 0x51, 0x55, 0x44, 0x50, 0x51, 0x45, 0x55, 0x54, 0x54, 0x15, 0x15, 0x11, 0x51, 0x45, 0x45, 0x45, 0x15, 0x05, 0x15, 0x45, 0x55,
    0x45, 0x15, 0x14, 0x45, 0x05, 0x51, 0x45, 0x45, 0x45, 0x51, 0x50, 0x51, 0x45, 0x15, 0x15, 0x55, 0x15, 0x45, 0x55, 0x15, 0x14, 0x55, 0x55, 0x40,
    0x6a, 0xa6, 0xaf, 0xff, 0xeb, 0xeb, 0xef, 0xbf, 0xbe, 0xfa, 0xfe, 0xfb, 0xae, 0xaf, 0xae, 0xfb, 0xba, 0xef, 0xfa, 0xfa, 0xea, 0xfe, 0xfa, 0xfe,
    0xff, 0xbe, 0xff, 0xef, 0xbe, 0xfb, 0xeb, 0xbe, 0xfb, 0xfb, 0xeb, 0x95, 0x55, 0x55, 0x55, 0x55, 0x6e, 0xba, 0xfb, 0xfa, 0xfb, 0xfa, 0xfa, 0xfa,
    0xfa, 0x55, 0x55, 0x55, 0x54, 0x51, 0xfa, 0xea, 0x55, 0x55, 0x6a, 0xa5, 0xaf, 0xae, 0x15, 0x55, 0x51, 0x50, 0x45, 0x14, 0x55, 0x55, 0x55, 0x55,
    0x54, 0x45, 0x55, 0x55, 0x55, 0x55, 0x54, 0x55, 0x55, 0x55, 0x45, 0x55, 0x55, 0x55, 0x15, 0x14, 0x55, 0x51, 0x55, 0x51, 0x51, 0x45, 0x55, 0x55,
    0x51, 0x45, 0x15, 0x45, 0x45, 0x55, 0x45, 0x51, 0x55, 0x15, 0x11, 0x51, 0x54, 0x55, 0x45, 0x55, 0x15, 0x54, 0x55, 0x14, 0x51, 0x45, 0x14, 0x54,
    0x51, 0x45, 0x51, 0x51, 0x51, 0x45, 0x45, 0x51, 0x45, 0x54, 0x54, 0x51, 0x45, 0x14, 0x54, 0x15, 0x05, 0x54, 0x51, 0x41, 0x55, 0x15, 0x45, 0x54,
    0x14, 0x45, 0x05, 0x55, 0x45, 0x15, 0x15, 0x45, 0x15, 0x51, 0x45, 0x51, 0x44, 0x55, 0x05, 0x55, 0x14, 0x51, 0x45, 0x50, 0x51, 0x44, 0x54, 0x50,
    0x51, 0x45, 0x55, 0x15, 0x11, 0x51, 0x15, 0x15, 0x51, 0x41, 0x51, 0x55, 0x14, 0x45, 0x50, 0xfb, 0xff, 0xfe, 0xfb, 0xfe, 0xbe, 0xfb, 0xeb, 0xbf,
    0xbf, 0xbe, 0xbf, 0xef, 0xea, 0xee, 0xfb, 0xef, 0xbe, 0xbf, 0xaf, 0xff, 0xbf, 0xbf, 0xaf, 0xbe, 0xfb, 0xef, 0xee, 0xfa, 0xff, 0xef, 0xbf, 0xfb,
    0xeb, 0xee, 0x55, 0x55, 0x55, 0x55, 0x55, 0xbe, 0xfb, 0xee, 0xbe, 0xbe, 0xbb, 0xef, 0xbe, 0xbf, 0xaa, 0xae, 0xa5, 0x55, 0x55, 0xbf, 0xbe, 0xfb,
    0xaa, 0xff, 0xfb, 0xeb, 0xee, 0xa4, 0x54, 0x55, 0x05, 0x15, 0x55, 0x54, 0x05, 0x55, 0x55, 0x54, 0x41, 0x54, 0x55, 0x55, 0x55, 0x55, 0x51, 0x45,
    0x45, 0x55, 0x15, 0x14, 0x55, 0x55, 0x55, 0x45, 0x55, 0x14, 0x55, 0x45, 0x54, 0x14, 0x51, 0x55, 0x54, 0x51, 0x55, 0x54, 0x51, 0x55, 0x51, 0x55,
    0x41, 0x54, 0x51, 0x55, 0x54, 0x54, 0x51, 0x50, 0x54, 0x51, 0x51, 0x45, 0x45, 0x14, 0x51, 0x45, 0x45, 0x14, 0x51, 0x51, 0x44, 0x51, 0x15, 0x45,
    0x55, 0x54, 0x55, 0x15, 0x55, 0x55, 0x51, 0x54, 0x54, 0x55, 0x54, 0x11, 0x55, 0x54, 0x15, 0x51, 0x45, 0x55, 0x45, 0x55, 0x55, 0x44, 0x55, 0x51,
    0x14, 0x54, 0x55, 0x45, 0x15, 0x51, 0x45, 0x51, 0x55, 0x14, 0x55, 0x15, 0x54, 0x51, 0x55, 0x15, 0x45, 0x14, 0x51, 0x55, 0x51, 0x51, 0x50, 0x55,
    0x55, 0x45, 0x05, 0x15, 0x45, 0x10, 0xeb, 0xae, 0xef, 0xbf, 0xbe, 0xfe, 0xfb, 0xfe, 0xea, 0x9b, 0xaf, 0xae, 0xfa, 0xfe, 0xff, 0xaf, 0xbf, 0xbf,
    0xae, 0xfa, 0xaa, 0x56, 0xaf, 0xbf, 0xbe, 0xeb, 0xea, 0xfb, 0xef, 0xee, 0xbe, 0xfa, 0xfa, 0xfe, 0xbe, 0x95, 0x55, 0x55, 0x56, 0xaa, 0xfb, 0xef,
    0xaf, 0xaf, 0xaf, 0xbb, 0xaf, 0xaf, 0xbe, 0xfb, 0xee, 0xe5, 0x55, 0x55, 0xeb, 0xeb, 0xfb, 0xfe, 0xba, 0xbe, 0xbe, 0xbb, 0xe9, 0x55, 0x40, 0x45,
    0x55, 0x55, 0x54, 0x45, 0x51, 0x55, 0x54, 0x11, 0x45, 0x55, 0x55, 0x55, 0x55, 0x55, 0x55, 0x55, 0x55, 0x55, 0x55, 0x55, 0x51, 0x45, 0x54, 0x55,
    0x45, 0x45, 0x54, 0x55, 0x55, 0x54, 0x54, 0x55, 0x55, 0x14, 0x55, 0x45, 0x14, 0x15, 0x10, 0x55, 0x05, 0x45, 0x15, 0x14, 0x55, 0x15, 0x55, 0x41,
    0x51, 0x45, 0x14, 0x51, 0x45, 0x45, 0x44, 0x51, 0x45, 0x45, 0x15, 0x54, 0x51, 0x44, 0x54, 0x14, 0x15, 0x14, 0x51, 0x41, 0x41, 0x51, 0x51, 0x45,
    0x44, 0x15, 0x55, 0x45, 0x15, 0x51, 0x55, 0x54, 0x50, 0x54, 0x14, 0x50, 0x55, 0x45, 0x15, 0x54, 0x51, 0x45, 0x15, 0x41, 0x55, 0x14, 0x55, 0x14,
    0x51, 0x45, 0x50, 0x51, 0x45, 0x15, 0x55, 0x55, 0x14, 0x54, 0x45, 0x15, 0x54, 0x55, 0x54, 0x54, 0x54, 0x55, 0x55, 0x55, 0x50, 0xfe, 0xbe, 0xfb,
    0xef, 0xbb, 0xef, 0xbe, 0xbe, 0x54, 0x45, 0xeb, 0xee, 0xfb, 0xaa, 0xaa, 0xfe, 0xbb, 0xeb, 0xfe, 0xe5, 0x55, 0x55, 0x5a, 0xfb, 0xef, 0xfe, 0xbe,
    0xff, 0xfe, 0xfb, 0xfb, 0xef, 0xaf, 0xbe, 0xfa, 0xea, 0xbe, 0xab, 0xff, 0xbf, 0xaf, 0xae, 0xfb, 0xeb, 0xfb, 0xef, 0xba, 0xfb, 0xeb, 0xaf, 0xbe,
    0xe5, 0x54, 0x56, 0xee, 0xfb, 0xbe, 0xaf, 0xbf, 0xaf, 0xbe, 0xfa, 0xef, 0xaa, 0x54, 0x01, 0x55, 0x45, 0x54, 0x55, 0x14, 0x54, 0x55, 0x11, 0x55,
    0x45, 0x51, 0x55, 0x54, 0x55, 0x55, 0x15, 0x51, 0x51, 0x55, 0x15, 0x15, 0x45, 0x15, 0x45, 0x55, 0x54, 0x55, 0x45, 0x55, 0x15, 0x45, 0x45, 0x15,
    0x55, 0x45, 0x55, 0x55, 0x55, 0x55, 0x54, 0x51, 0x45, 0x51, 0x55, 0x11, 0x45, 0x05, 0x55, 0x14, 0x55, 0x14, 0x15, 0x51, 0x44, 0x55, 0x15, 0x45,
    0x15, 0x50, 0x55, 0x45, 0x55, 0x15, 0x45, 0x45, 0x51, 0x54, 0x15, 0x15, 0x15, 0x15, 0x51, 0x55, 0x55, 0x45, 0x51, 0x51, 0x55, 0x14, 0x51, 0x45,
    0x51, 0x54, 0x55, 0x11, 0x51, 0x54, 0x45, 0x51, 0x45, 0x54, 0x55, 0x14, 0x51, 0x45, 0x45, 0x55, 0x14, 0x55, 0x15, 0x15, 0x44, 0x51, 0x14, 0x55,
    0x45, 0x55, 0x14, 0x45, 0x45, 0x51, 0x45, 0x45, 0x51, 0x45, 0x14, 0x50, 0xaf, 0xeb, 0xef, 0xae, 0xfb, 0xaf, 0xae, 0xf9, 0x54, 0x54, 0x6b, 0xfe,
    0xaa, 0x95, 0x55, 0x6f, 0xfa, 0xfa, 0xaa, 0x55, 0x55, 0x55, 0x55, 0xfb, 0xeb, 0xbe, 0xff, 0xae, 0xbb, 0xeb, 0xef, 0xbf, 0xfe, 0xbb, 0xef, 0xbf,
    0xaf, 0xfe, 0xba, 0xfb, 0xee, 0xfb, 0xee, 0xfa, 0xfa, 0xee, 0xfe, 0xfb, 0xef, 0xbe, 0xbb, 0xa9, 0x55, 0x5a, 0xbe, 0xbe, 0xbe, 0xfb, 0xeb, 0xeb,
    0xeb, 0xaf, 0xae, 0x55, 0x15, 0x01, 0x51, 0x44, 0x55, 0x55, 0x04, 0x55, 0x15, 0x55, 0x55, 0x41, 0x55, 0x55, 0x55, 0x55, 0x15, 0x55, 0x55, 0x55,
    0x45, 0x51, 0x55, 0x55, 0x55, 0x14, 0x51, 0x55, 0x45, 0x55, 0x15, 0x51, 0x55, 0x45, 0x51, 0x41, 0x54, 0x15, 0x45, 0x45, 0x45, 0x05, 0x54, 0x54,
    0x51, 0x45, 0x15, 0x55, 0x54, 0x15, 0x45, 0x11, 0x55, 0x45, 0x14, 0x54, 0x51, 0x51, 0x51, 0x51, 0x45, 0x41, 0x54, 0x51, 0x51, 0x45, 0x44, 0x51,
    0x15, 0x55, 0x14, 0x51, 0x54, 0x15, 0x15, 0x44, 0x50, 0x51, 0x54, 0x15, 0x15, 0x15, 0x15, 0x15, 0x41, 0x45, 0x51, 0x14, 0x45, 0x45, 0x15, 0x50,
    0x55, 0x15, 0x15, 0x45, 0x44, 0x51, 0x45, 0x15, 0x05, 0x14, 0x51, 0x55, 0x45, 0x55, 0x45, 0x15, 0x15, 0x55, 0x55, 0x54, 0x55, 0x55, 0x15, 0x14,
    0x55, 0x55, 0x50, 0xfa, 0xff, 0xef, 0xbe, 0xef, 0xfa, 0xeb, 0xe5, 0x55, 0x15, 0x16, 0xa9, 0x55, 0x55, 0x55, 0x56, 0xae, 0xa5, 0x55, 0x55, 0x55,
    0x55, 0x55, 0x6f, 0xfb, 0xaf, 0xeb, 0xff, 0xeb, 0xef, 0xae, 0xba, 0xeb, 0xfb, 0xaf, 0xbb, 0xeb, 0xef, 0xef, 0xeb, 0xee, 0xfb, 0xae, 0xbe, 0xee,
    0xba, 0xef, 0xae, 0xbe, 0xfb, 0xeb, 0xfb, 0xaa, 0xae, 0xfb, 0xef, 0xef, 0xfa, 0xfa, 0xfa, 0xfb, 0xfb, 0xe6, 0x51, 0x15, 0x51, 0x51, 0x44, 0x55,
    0x55, 0x45, 0x41, 0x15, 0x45, 0x55, 0x50, 0x55, 0x51, 0x55, 0x55, 0x55, 0x55, 0x55, 0x55, 0x55, 0x55, 0x55, 0x54, 0x51, 0x55, 0x55, 0x45, 0x54,
    0x51, 0x55, 0x55, 0x14, 0x55, 0x51, 0x54, 0x55, 0x51, 0x54, 0x54, 0x55, 0x55, 0x15, 0x54, 0x55, 0x15, 0x54, 0x51, 0x45, 0x50, 0x55, 0x15, 0x11,
    0x55, 0x14, 0x51, 0x45, 0x45, 0x15, 0x14, 0x55, 0x55, 0x15, 0x14, 0x51, 0x54, 0x55, 0x15, 0x41, 0x41, 0x55, 0x45, 0x45, 0x55, 0x41, 0x45, 0x15,
    0x45, 0x05, 0x51, 0x51, 0x55, 0x51, 0x44, 0x55, 0x44, 0x55, 0x15, 0x55, 0x55, 0x14, 0x55, 0x41, 0x45, 0x51, 0x54, 0x55, 0x51, 0x45, 0x45, 0x54,
    0x51, 0x55, 0x11, 0x54, 0x51, 0x54, 0x51, 0x54, 0x51, 0x50, 0x55, 0x45, 0x15, 0x51, 0x55, 0x51, 0x45, 0x10, 0xfa, 0xea, 0xfe, 0xfb, 0xee, 0xfb,
    0xfb, 0xd5, 0x15, 0x45, 0x55, 0x55, 0x55, 0x55, 0x55, 0x55, 0x55, 0x55, 0x55, 0x55, 0x55, 0x55, 0x55, 0x55, 0xbf, 0xef, 0xbe, 0xeb, 0xef, 0xbe,
    0xff, 0xfb, 0xef, 0xaf, 0xfb, 0xeb, 0xfe, 0xfa, 0xfe, 0xfe, 0xfb, 0xaf, 0xbb, 0xee, 0xef, 0xff, 0xab, 0xef, 0xba, 0xeb, 0xef, 0xbb, 0xba, 0xaf,
    0xea, 0xbf, 0xaa, 0xab, 0xef, 0xbe, 0xba, 0xfa, 0x55, 0x50, 0x15, 0x55, 0x51, 0x55, 0x51, 0x55, 0x55, 0x51, 0x54, 0x51, 0x50, 0x54, 0x55, 0x55,
    0x55, 0x55, 0x55, 0x55, 0x51, 0x55, 0x51, 0x55, 0x15, 0x55, 0x55, 0x55, 0x05, 0x54, 0x55, 0x55, 0x54, 0x55, 0x55, 0x55, 0x15, 0x15, 0x45, 0x55,
    0x15, 0x45, 0x50, 0x51, 0x51, 0x45, 0x05, 0x51, 0x45, 0x45, 0x15, 0x45, 0x41, 0x51, 0x51, 0x41, 0x55, 0x15, 0x14, 0x55, 0x14, 0x55, 0x10, 0x55,
    0x15, 0x14, 0x54, 0x14, 0x51, 0x45, 0x54, 0x54, 0x41, 0x54, 0x55, 0x45, 0x55, 0x15, 0x55, 0x14, 0x55, 0x45, 0x51, 0x44, 0x55, 0x45, 0x14, 0x54,
    0x45, 0x51, 0x44, 0x11, 0x45, 0x05, 0x55, 0x54, 0x51, 0x15, 0x45, 0x15, 0x14, 0x54, 0x51, 0x51, 0x14, 0x55, 0x15, 0x55, 0x15, 0x55, 0x45, 0x45,
    0x15, 0x41, 0x54, 0x51, 0x51, 0x41, 0x15, 0x54, 0x50, 0xff, 0xbe, 0xfb, 0xeb, 0xee, 0xbe, 0xbe, 0x55, 0x44, 0x51, 0x45, 0x55, 0x55, 0x55, 0x14,
    0x55, 0x55, 0x55, 0x55, 0x55, 0x56, 0xa5, 0x65, 0x55, 0x5a, 0xfa, 0xfb, 0xee, 0xbe, 0xbe, 0xfa, 0xef, 0xbe, 0xfe, 0xfa, 0xfe, 0xbe, 0xbe, 0xbe,
    0xbf, 0xbb, 0xea, 0xfb, 0xeb, 0xba, 0x5a, 0xfe, 0xfb, 0xbb, 0xee, 0xbe, 0xbf, 0xa5, 0x56, 0x95, 0x56, 0x95, 0x55, 0xaa, 0x6a, 0xbe, 0xaa, 0x44,
    0x54, 0x15, 0x55, 0x55, 0x55, 0x51, 0x55, 0x55, 0x55, 0x54, 0x11, 0x54, 0x44, 0x55, 0x55, 0x55, 0x55, 0x55, 0x55, 0x15, 0x55, 0x55, 0x51, 0x55,
    0x15, 0x55, 0x15, 0x55, 0x55, 0x45, 0x15, 0x45, 0x54, 0x51, 0x55, 0x15, 0x55, 0x54, 0x54, 0x55, 0x55, 0x15, 0x55, 0x15, 0x45, 0x54, 0x51, 0x51,
    0x55, 0x51, 0x55, 0x54, 0x51, 0x45, 0x55, 0x05, 0x14, 0x51, 0x41, 0x51, 0x45, 0x55, 0x11, 0x45, 0x45, 0x05, 0x55, 0x55, 0x44, 0x15, 0x45, 0x54,
    0x15, 0x10, 0x54, 0x55, 0x51, 0x41, 0x55, 0x51, 0x45, 0x15, 0x45, 0x44, 0x55, 0x15, 0x15, 0x54, 0x54, 0x55, 0x51, 0x51, 0x55, 0x51, 0x14, 0x55,
    0x45, 0x14, 0x51, 0x51, 0x45, 0x15, 0x15, 0x45, 0x45, 0x14, 0x55, 0x51, 0x54, 0x55, 0x15, 0x51, 0x55, 0x15, 0x55, 0x15, 0x15, 0x45, 0x15, 0x50,
    0x9a, 0xbe, 0xaa, 0xbf, 0xeb, 0xef, 0xf9, 0x51, 0x56, 0xa1, 0x55, 0x55, 0x55, 0x16, 0xa4, 0x55, 0x55, 0x55, 0x55, 0x55, 0x6f, 0xbe, 0xbe, 0x95,
    0x5b, 0xbe, 0xfb, 0xbf, 0xef, 0xeb, 0xaf, 0xae, 0xfa, 0xfb, 0xaf, 0xaf, 0xaf, 0xef, 0xef, 0xaf, 0xbe, 0xfe, 0xfe, 0xbf, 0xa5, 0x55, 0x6a, 0xaf,
    0xbe, 0xbe, 0xfa, 0xea, 0x55, 0x54, 0x55, 0x55, 0x55, 0x55, 0x51, 0x45, 0x6a, 0xa5, 0x40, 0x45, 0x05, 0x55, 0x55, 0x55, 0x54, 0x51, 0x15, 0x55,
    0x55, 0x15, 0x54, 0x55, 0x55, 0x55, 0x55, 0x55, 0x45, 0x51, 0x55, 0x55, 0x55, 0x55, 0x55, 0x55, 0x15, 0x55, 0x55, 0x45, 0x55, 0x54, 0x55, 0x15,
    0x55, 0x45, 0x54, 0x51, 0x55, 0x45, 0x45, 0x15, 0x55, 0x14, 0x50, 0x54, 0x54, 0x54, 0x51, 0x14, 0x55, 0x10, 0x55, 0x15, 0x54, 0x55, 0x55, 0x45,
    0x45, 0x55, 0x51, 0x54, 0x45, 0x15, 0x44, 0x51, 0x55, 0x14, 0x45, 0x15, 0x51, 0x55, 0x15, 0x45, 0x15, 0x45, 0x14, 0x51, 0x55, 0x45, 0x15, 0x55,
    0x15, 0x55, 0x55, 0x11, 0x45, 0x11, 0x45, 0x15, 0x51, 0x55, 0x51, 0x51, 0x51, 0x45, 0x14, 0x55, 0x51, 0x51, 0x45, 0x15, 0x14, 0x51, 0x45, 0x14,
    0x55, 0x41, 0x55, 0x05, 0x45, 0x51, 0x55, 0x15, 0x51, 0x45, 0x54, 0x54, 0x51, 0x51, 0x50, 0x45, 0x55, 0x55, 0x65, 0x55, 0xba, 0xa5, 0x55, 0x57,
    0xb8, 0x15, 0x45, 0x15, 0xab, 0xe5, 0x55, 0x45, 0x55, 0x55, 0x55, 0x6e, 0xfb, 0xef, 0xfe, 0xaf, 0xbe, 0xee, 0xba, 0xeb, 0xef, 0xaf, 0xbe, 0xef,
    0xaf, 0xbf, 0xbb, 0xee, 0xfb, 0xef, 0xfb, 0xea, 0xaa, 0x9a, 0x95, 0x55, 0x55, 0x55, 0x56, 0xaa, 0xfb, 0xef, 0xe5, 0x55, 0x15, 0x55, 0x55, 0x55,
    0x55, 0x55, 0x55, 0x50, 0x55, 0x54, 0x15, 0x55, 0x14, 0x55, 0x55, 0x14, 0x50, 0x05, 0x01, 0x55, 0x55, 0x45, 0x55, 0x55, 0x55, 0x55, 0x55, 0x55,
    0x55, 0x55, 0x51, 0x45, 0x55, 0x51, 0x55, 0x55, 0x45, 0x55, 0x55, 0x15, 0x45, 0x51, 0x55, 0x15, 0x54, 0x55, 0x55, 0x51, 0x55, 0x51, 0x51, 0x45,
    0x51, 0x55, 0x15, 0x45, 0x45, 0x15, 0x45, 0x45, 0x55, 0x41, 0x54, 0x15, 0x44, 0x51, 0x54, 0x54, 0x14, 0x55, 0x14, 0x55, 0x44, 0x55, 0x55, 0x51,
    0x45, 0x51, 0x51, 0x45, 0x11, 0x41, 0x54, 0x55, 0x45, 0x51, 0x54, 0x54, 0x55, 0x51, 0x51, 0x54, 0x51, 0x11, 0x51, 0x51, 0x55, 0x51, 0x51, 0x14,
    0x14, 0x55, 0x15, 0x14, 0x55, 0x51, 0x50, 0x55, 0x14, 0x54, 0x51, 0x55, 0x45, 0x51, 0x55, 0x45, 0x15, 0x15, 0x54, 0x54, 0x55, 0x14, 0x51, 0x45,
    0x55, 0x51, 0x45, 0x51, 0x51, 0x50, 0x55, 0x15, 0x55, 0x45, 0x15, 0x55, 0x55, 0x14, 0x5b, 0xae, 0x6a, 0x95, 0x6b, 0xfe, 0xba, 0x55, 0x5a, 0x55,
    0x55, 0x56, 0xef, 0xab, 0xeb, 0xaf, 0xfb, 0xeb, 0xef, 0xef, 0xbe, 0xfe, 0xfa, 0xfb, 0xef, 0xbe, 0xfa, 0xfa, 0xfe, 0xfb, 0xfa, 0xfa, 0x95, 0x15,
    0x51, 0x55, 0x55, 0x55, 0x55, 0x55, 0x55, 0x55, 0xaa, 0x55, 0x5a, 0x55, 0x55, 0x55, 0x55, 0x54, 0x55, 0x50, 0x40, 0x50, 0x54, 0x55, 0x55, 0x54,
    0x41, 0x55, 0x55, 0x55, 0x55, 0x15, 0x51, 0x55, 0x45, 0x55, 0x55, 0x55, 0x55, 0x55, 0x55, 0x55, 0x55, 0x55, 0x55, 0x55, 0x55, 0x54, 0x55, 0x55,
    0x51, 0x55, 0x54, 0x55, 0x55, 0x55, 0x54, 0x55, 0x45, 0x14, 0x55, 0x51, 0x55, 0x55, 0x54, 0x55, 0x15, 0x51, 0x55, 0x15, 0x54, 0x55, 0x54, 0x54,
    0x55, 0x45, 0x51, 0x45, 0x51, 0x45, 0x15, 0x54, 0x45, 0x45, 0x41, 0x54, 0x51, 0x14, 0x14, 0x55, 0x15, 0x14, 0x54, 0x51, 0x55, 0x14, 0x50, 0x54,
    0x51, 0x15, 0x05, 0x51, 0x55, 0x15, 0x54, 0x55, 0x55, 0x55, 0x15, 0x50, 0x51, 0x45, 0x55, 0x55, 0x15, 0x14, 0x55, 0x50, 0x55, 0x15, 0x45, 0x45,
    0x14, 0x55, 0x41, 0x45, 0x55, 0x15, 0x55, 0x55, 0x45, 0x55, 0x45, 0x45, 0x45, 0x55, 0x54, 0x51, 0x55, 0x51, 0x55, 0x15, 0x50, 0x41, 0x55, 0x45,
    0x45, 0x55, 0x45, 0x55, 0x54, 0x5b, 0xeb, 0xeb, 0xfa, 0xfa, 0xbe, 0xff, 0xaa, 0xbf, 0xea, 0xb9, 0x6b, 0xeb, 0xfe, 0xfb, 0xeb, 0xbe, 0xfb, 0xba,
    0xef, 0xbe, 0xeb, 0xaf, 0xaf, 0xbb, 0xeb, 0xef, 0xef, 0xaf, 0xaf, 0xbe, 0xb9, 0x55, 0x55, 0x55, 0x55, 0x55, 0x55, 0x55, 0x55, 0x55, 0x54, 0x55,
    0x55, 0xab, 0xea, 0xaa, 0xaa, 0x55, 0x14, 0x55, 0x14, 0x10, 0x55, 0x55, 0x55, 0x55, 0x55, 0x51, 0x15, 0x55, 0x55, 0x55, 0x55, 0x51, 0x54, 0x15,
    0x55, 0x55, 0x55, 0x55, 0x55, 0x55, 0x55, 0x51, 0x55, 0x55, 0x15, 0x55, 0x55, 0x51, 0x55, 0x15, 0x55, 0x45, 0x55, 0x45, 0x54, 0x55, 0x45, 0x55,
    0x55, 0x55, 0x55, 0x15, 0x14, 0x55, 0x45, 0x51, 0x55, 0x15, 0x51, 0x45, 0x51, 0x15, 0x45, 0x54, 0x51, 0x51, 0x55, 0x15, 0x15, 0x15, 0x15, 0x54,
    0x54, 0x55, 0x15, 0x55, 0x15, 0x55, 0x51, 0x55, 0x14, 0x51, 0x55, 0x14, 0x51, 0x55, 0x54, 0x55, 0x15, 0x55, 0x15, 0x14, 0x55, 0x05, 0x45, 0x45,
    0x45, 0x54, 0x15, 0x15, 0x45, 0x41, 0x45, 0x51, 0x54, 0x51, 0x45, 0x45, 0x55, 0x54, 0x55, 0x55, 0x45, 0x55, 0x54, 0x51, 0x51, 0x51, 0x45, 0x54,
    0x51, 0x55, 0x54, 0x55, 0x45, 0x15, 0x45, 0x14, 0x54, 0x55, 0x54, 0x50, 0x54, 0x54, 0x54, 0x54, 0x54, 0x55, 0x45, 0x45, 0x5a, 0xff, 0xae, 0xbf,
    0xff, 0xaf, 0xae, 0xfa, 0xfa, 0xff, 0xaf, 0xfa, 0xfe, 0xfb, 0xee, 0xfb, 0xae, 0xbe, 0xbe, 0xfa, 0xfb, 0xbf, 0xbe, 0xfa, 0xfa, 0xfb, 0xaf, 0xaf,
    0xbb, 0xfb, 0xaf, 0xe5, 0x55, 0x55, 0x55, 0x55, 0x55, 0x45, 0x55, 0x51, 0x55, 0x55, 0x55, 0x55, 0xba, 0xbe, 0xbb, 0xef, 0xaa, 0xa9, 0x55, 0x04,
    0x14, 0x55, 0x55, 0x55, 0x51, 0x55, 0x55, 0x14, 0x15, 0x51, 0x55, 0x55, 0x11, 0x55, 0x55, 0x55, 0x55, 0x55, 0x55, 0x55, 0x55, 0x45, 0x55, 0x54,
    0x55, 0x55, 0x55, 0x45, 0x55, 0x55, 0x55, 0x51, 0x55, 0x55, 0x55, 0x55, 0x45, 0x54, 0x51, 0x55, 0x14, 0x55, 0x51, 0x55, 0x45, 0x54, 0x55, 0x15,
    0x50, 0x55, 0x55, 0x15, 0x51, 0x55, 0x05, 0x15, 0x15, 0x15, 0x54, 0x51, 0x51, 0x51, 0x51, 0x45, 0x15, 0x45, 0x14, 0x51, 0x45, 0x14, 0x51, 0x51,
    0x45, 0x14, 0x55, 0x55, 0x14, 0x45, 0x45, 0x45, 0x51, 0x55, 0x15, 0x45, 0x55, 0x54, 0x54, 0x51, 0x45, 0x55, 0x14, 0x54, 0x55, 0x54, 0x55, 0x45,
    0x55, 0x45, 0x45, 0x45, 0x15, 0x50, 0x51, 0x54, 0x54, 0x15, 0x55, 0x54, 0x55, 0x54, 0x55, 0x45, 0x10, 0x55, 0x54, 0x55, 0x45, 0x55, 0x54, 0x55,
    0x14, 0x55, 0x10, 0x55, 0x54, 0x55, 0x51, 0x45, 0x15, 0x54, 0x55, 0x2f, 0xae, 0xff, 0xeb, 0xaf, 0xeb, 0xfa, 0xfb, 0xef, 0xab, 0xef, 0xaf, 0xbe,
    0xbb, 0xee, 0xbe, 0xfb, 0xaf, 0xef, 0xaf, 0xaf, 0xba, 0xfa, 0xfb, 0xef, 0xbe, 0xfb, 0xfa, 0xfa, 0xfb, 0xfa, 0xe5, 0x45, 0x51, 0x55, 0x55, 0x51,
    0xa9, 0x55, 0x65, 0x54, 0x51, 0x54, 0x56, 0xfb, 0xaf, 0xab, 0xae, 0xfa, 0xef, 0x90, 0x40, 0x15, 0x55, 0x55, 0x55, 0x40, 0x55, 0x55, 0x45, 0x15,
    0x04, 0x55, 0x55, 0x15, 0x55, 0x55, 0x55, 0x55, 0x55, 0x55, 0x55, 0x55, 0x55, 0x55, 0x55, 0x51, 0x54, 0x51, 0x55, 0x45, 0x55, 0x55, 0x55, 0x15,
    0x45, 0x55, 0x55, 0x55, 0x55, 0x55, 0x15, 0x55, 0x54, 0x55, 0x45, 0x54, 0x55, 0x55, 0x51, 0x55, 0x45, 0x15, 0x51, 0x55, 0x15, 0x51, 0x54, 0x55,
    0x50, 0x54, 0x55, 0x14, 0x54, 0x55, 0x15, 0x50, 0x55, 0x45, 0x45, 0x54, 0x55, 0x15, 0x45, 0x55, 0x55, 0x45, 0x05, 0x54, 0x51, 0x54, 0x54, 0x51,
    0x51, 0x51, 0x54, 0x51, 0x51, 0x55, 0x51, 0x45, 0x51, 0x54, 0x55, 0x54, 0x55, 0x44, 0x55, 0x14, 0x54, 0x55, 0x55, 0x51, 0x55, 0x45, 0x14, 0x55,
    0x55, 0x14, 0x55, 0x45, 0x15, 0x41, 0x55, 0x55, 0x45, 0x15, 0x51, 0x54, 0x51, 0x45, 0x15, 0x15, 0x45, 0x50, 0x55, 0x45, 0x15, 0x15, 0x55, 0x14,
    0x15, 0x11, 0xbb, 0xfa, 0xeb, 0xef, 0xba, 0xfe, 0xbe, 0xbe, 0xfb, 0xfa, 0xfa, 0xff, 0xbf, 0xbe, 0xbf, 0xbe, 0xfb, 0xeb, 0xaf, 0xbe, 0xfa, 0xfb,
    0xef, 0xbe, 0xbe, 0xbe, 0xfb, 0xbe, 0xef, 0xbe, 0xfb, 0xe5, 0x55, 0xa5, 0x51, 0x55, 0x5a, 0xfa, 0x56, 0xbe, 0x56, 0x95, 0x55, 0x5b, 0xaf, 0xab,
    0xee, 0xbe, 0xae, 0xaa, 0x94, 0x01, 0x55, 0x55, 0x55, 0x55, 0x40, 0x55, 0x55, 0x55, 0x55, 0x45, 0x55, 0x55, 0x55, 0x55, 0x55, 0x55, 0x55, 0x55,
    0x55, 0x55, 0x55, 0x55, 0x55, 0x55, 0x55, 0x55, 0x55, 0x55, 0x55, 0x55, 0x54, 0x55, 0x55, 0x55, 0x55, 0x55, 0x54, 0x51, 0x45, 0x54, 0x55, 0x45,
    0x54, 0x55, 0x55, 0x45, 0x14, 0x55, 0x15, 0x51, 0x50, 0x55, 0x15, 0x50, 0x55, 0x45, 0x41, 0x55, 0x45, 0x45, 0x15, 0x05, 0x45, 0x11, 0x45, 0x50,
    0x54, 0x54, 0x55, 0x41, 0x54, 0x54, 0x51, 0x41, 0x45, 0x54, 0x55, 0x51, 0x55, 0x51, 0x45, 0x15, 0x15, 0x15, 0x54, 0x55, 0x15, 0x15, 0x54, 0x55,
    0x45, 0x51, 0x45, 0x45, 0x55, 0x55, 0x55, 0x55, 0x51, 0x51, 0x51, 0x45, 0x45, 0x55, 0x41, 0x51, 0x55, 0x45, 0x55, 0x51, 0x55, 0x15, 0x55, 0x55,
    0x51, 0x51, 0x55, 0x55, 0x55, 0x45, 0x51, 0x55, 0x50, 0x50, 0x55, 0x15, 0x14, 0x51, 0x55, 0x66, 0x56, 0xfa, 0xfb, 0xee, 0xfe, 0xfb, 0xbe, 0xef,
    0xbe, 0xba, 0xfe, 0xfb, 0xeb, 0xfb, 0xef, 0xba, 0xfb, 0xae, 0xfb, 0xfa, 0xfa, 0xfb, 0xef, 0xaf, 0xbf, 0xaf, 0xeb, 0xef, 0xaf, 0xaf, 0xaf, 0xbe,
    0xba, 0x6b, 0xfe, 0x96, 0xaa, 0xae, 0xbf, 0xfb, 0xab, 0xeb, 0xa5, 0x5a, 0xaa, 0xba, 0xfa, 0xbe, 0xfb, 0xef, 0x94, 0x50, 0x15, 0x55, 0x45, 0x55,
    0x55, 0x54, 0x55, 0x55, 0x55, 0x55, 0x55, 0x55, 0x55, 0x55, 0x55, 0x55, 0x55, 0x55, 0x55, 0x55, 0x55, 0x55, 0x55, 0x55, 0x54, 0x55, 0x55, 0x55,
    0x45, 0x55, 0x55, 0x15, 0x55, 0x55, 0x55, 0x15, 0x15, 0x55, 0x55, 0x55, 0x55, 0x55, 0x55, 0x45, 0x54, 0x55, 0x55, 0x55, 0x45, 0x51, 0x55, 0x55,
    0x45, 0x51, 0x55, 0x44, 0x51, 0x54, 0x55, 0x14, 0x51, 0x51, 0x55, 0x15, 0x55, 0x55, 0x15, 0x51, 0x45, 0x45, 0x15, 0x45, 0x55, 0x45, 0x55, 0x54,
    0x55, 0x45, 0x15, 0x45, 0x15, 0x55, 0x55, 0x15, 0x51, 0x45, 0x45, 0x51, 0x45, 0x15, 0x45, 0x51, 0x55, 0x55, 0x51, 0x51, 0x55, 0x45, 0x15, 0x15,
    0x15, 0x15, 0x54, 0x54, 0x51, 0x55, 0x15, 0x45, 0x54, 0x54, 0x55, 0x15, 0x51, 0x54, 0x51, 0x55, 0x15, 0x15, 0x45, 0x54, 0x54, 0x55, 0x15, 0x50,
    0xaa, 0x51, 0x51, 0x50, 0x5a, 0xfb, 0xeb, 0xff, 0xaf, 0xaf, 0xbf, 0xae, 0xef, 0xbb, 0xeb, 0xfb, 0xef, 0xaf, 0xaf, 0xbe, 0xba, 0xeb, 0xfb, 0xeb,
    0xee, 0xbe, 0xbf, 0xef, 0xaf, 0xae, 0xfb, 0xeb, 0xfa, 0xfb, 0xee, 0xfb, 0xfb, 0xeb, 0xef, 0xbe, 0xfa, 0xba, 0xee, 0xfb, 0xfb, 0xea, 0xbb, 0xfa,
    0xfe, 0xbe, 0xae, 0xbe, 0xfa, 0xef, 0xab, 0xeb, 0xaa, 0x90, 0x51, 0x55, 0x15, 0x41, 0x54, 0x55, 0x55, 0x55, 0x55, 0x55, 0x55, 0x55, 0x55, 0x55,
    0x55, 0x55, 0x55, 0x55, 0x55, 0x55, 0x55, 0x55, 0x55, 0x55, 0x55, 0x55, 0x55, 0x45, 0x55, 0x55, 0x45, 0x55, 0x55, 0x55, 0x55, 0x51, 0x55, 0x55,
    0x55, 0x14, 0x55, 0x55, 0x51, 0x54, 0x55, 0x55, 0x51, 0x55, 0x45, 0x55, 0x45, 0x14, 0x55, 0x55, 0x55, 0x15, 0x55, 0x55, 0x15, 0x45, 0x55, 0x55,
    0x51, 0x45, 0x51, 0x45, 0x15, 0x15, 0x15, 0x55, 0x54, 0x55, 0x55, 0x05, 0x54, 0x54, 0x55, 0x51, 0x55, 0x54, 0x51, 0x54, 0x51, 0x45, 0x51, 0x55,
    0x45, 0x54, 0x55, 0x55, 0x51, 0x54, 0x55, 0x14, 0x54, 0x55, 0x55, 0x11, 0x55, 0x51, 0x55, 0x55, 0x54, 0x55, 0x54, 0x55, 0x15, 0x51, 0x44, 0x51,
    0x45, 0x55, 0x14, 0x55, 0x45, 0x55, 0x15, 0x55, 0x51, 0x55, 0x45, 0x55, 0x05, 0x51, 0x50, 0xff, 0xaa, 0xa9, 0x55, 0xaf, 0xbb, 0xee, 0xbb, 0xff,
    0xbe, 0xfb, 0xfb, 0xee, 0xfb, 0xbf, 0xbe, 0xfb, 0xef, 0xef, 0xbf, 0xff, 0xbe, 0xef, 0xbe, 0xfb, 0xef, 0xeb, 0xeb, 0xfa, 0xfb, 0xeb, 0xee, 0xbf,
    0xbe, 0xbe, 0xfa, 0xfb, 0xfa, 0xfb, 0xee, 0xef, 0xbe, 0xee, 0xef, 0xba, 0xff, 0xbe, 0xef, 0xaf, 0xeb, 0xeb, 0xba, 0xee, 0xae, 0xeb, 0xaf, 0xa9,
    0x50, 0x51, 0x55, 0x40, 0x51, 0x54, 0x55, 0x55, 0x55, 0x55, 0x55, 0x55, 0x55, 0x55, 0x55, 0x55, 0x55, 0x55, 0x55, 0x55, 0x55, 0x55, 0x55, 0x55,
    0x55, 0x55, 0x55, 0x55, 0x55, 0x55, 0x15, 0x54, 0x55, 0x55, 0x54, 0x55, 0x55, 0x55, 0x55, 0x45, 0x55, 0x54, 0x54, 0x55, 0x55, 0x55, 0x51, 0x55,
    0x14, 0x54, 0x55, 0x55, 0x55, 0x45, 0x14, 0x55, 0x51, 0x45, 0x15, 0x51, 0x54, 0x51, 0x45, 0x15, 0x45, 0x55, 0x51, 0x51, 0x45, 0x14, 0x51, 0x54,
    0x50, 0x51, 0x54, 0x15, 0x45, 0x45, 0x15, 0x11, 0x55, 0x55, 0x45, 0x55, 0x54, 0x55, 0x14, 0x54, 0x55, 0x45, 0x51, 0x45, 0x15, 0x45, 0x55, 0x14,
    0x55, 0x55, 0x55, 0x14, 0x55, 0x50, 0x51, 0x45, 0x45, 0x15, 0x45, 0x51, 0x54, 0x55, 0x55, 0x55, 0x11, 0x55, 0x45, 0x55, 0x45, 0x51, 0x45, 0x55,
    0x14, 0x55, 0x11, 0x55, 0x55, 0x10, 0xeb, 0xff, 0xfe, 0xef, 0xff, 0xbe, 0xbe, 0xfa, 0xfb, 0xfb, 0xeb, 0xeb, 0xbe, 0xee, 0xbf, 0xee, 0xba, 0xfa,
    0xff, 0xef, 0xbe, 0xfa, 0xfe, 0xbe, 0xbb, 0xeb, 0xfa, 0xfb, 0xbe, 0xfb, 0xbe, 0xff, 0xaf, 0xaf, 0xbb, 0xaf, 0xaf, 0xbf, 0xfa, 0xfa, 0xef, 0xaf,
    0xbe, 0xee, 0xbe, 0xaf, 0xae, 0xeb, 0xeb, 0xba, 0xff, 0xbb, 0xaf, 0xba, 0xfe, 0xba, 0x94, 0x15, 0x55, 0x54, 0x55, 0x50, 0x54, 0x55, 0x51, 0x55,
    0x55, 0x55, 0x55, 0x55, 0x55, 0x55, 0x55, 0x55, 0x55, 0x55, 0x55, 0x55, 0x55, 0x55, 0x55, 0x55, 0x55, 0x55, 0x55, 0x55, 0x55, 0x55, 0x55, 0x55,
    0x55, 0x55, 0x51, 0x55, 0x45, 0x55, 0x55, 0x55, 0x55, 0x45, 0x55, 0x15, 0x54, 0x55, 0x55, 0x55, 0x55, 0x51, 0x51, 0x45, 0x55, 0x55, 0x45, 0x15,
    0x45, 0x51, 0x55, 0x45, 0x55, 0x54, 0x54, 0x54, 0x14, 0x55, 0x51, 0x55, 0x55, 0x15, 0x15, 0x55, 0x14, 0x55, 0x51, 0x55, 0x55, 0x55, 0x55, 0x15,
    0x45, 0x55, 0x14, 0x55, 0x45, 0x51, 0x55, 0x55, 0x54, 0x55, 0x55, 0x51, 0x54, 0x55, 0x55, 0x51, 0x51, 0x55, 0x55, 0x54, 0x55, 0x55, 0x55, 0x55,
    0x45, 0x15, 0x55, 0x15, 0x51, 0x45, 0x15, 0x55, 0x45, 0x54, 0x55, 0x55, 0x55, 0x54, 0x51, 0x55, 0x55, 0x55, 0x54, 0x55, 0x50, 0xfe, 0xfa, 0xef,
    0xfe, 0xfa, 0xef, 0xbe, 0xaf, 0xbe, 0xbf, 0xbe, 0xbe, 0xfb, 0xef, 0xfb, 0xef, 0xbf, 0xbf, 0xbe, 0xfb, 0xee, 0xef, 0xeb, 0xeb, 0xee, 0xbe, 0xbe,
    0xbf, 0xaf, 0xaf, 0xbe, 0xeb, 0xee, 0xfb, 0xeb, 0xef, 0xfa, 0xfa, 0xef, 0xbf, 0xae, 0xfa, 0xbb, 0xeb, 0xef, 0xea, 0xfb, 0xfa, 0xfb, 0xbf, 0xba,
    0xaf, 0xba, 0xbb, 0xae, 0xe5, 0x55, 0x05, 0x55, 0x55, 0x55, 0x55, 0x54, 0x15, 0x41, 0x55, 0x55, 0x55, 0x55, 0x55, 0x55, 0x55, 0x55, 0x55, 0x55,
    0x55, 0x55, 0x55, 0x55, 0x55, 0x55, 0x55, 0x55, 0x55, 0x55, 0x55, 0x55, 0x55, 0x55, 0x55, 0x55, 0x45, 0x55, 0x55, 0x55, 0x55, 0x55, 0x51, 0x55,
    0x55, 0x55, 0x51, 0x45, 0x55, 0x45, 0x45, 0x51, 0x55, 0x15, 0x54, 0x51, 0x45, 0x55, 0x54, 0x54, 0x55, 0x14, 0x55, 0x14, 0x55, 0x45, 0x55, 0x54,
    0x54, 0x55, 0x14, 0x41, 0x55, 0x55, 0x15, 0x55, 0x41, 0x55, 0x14, 0x51, 0x45, 0x45, 0x54, 0x55, 0x55, 0x55, 0x45, 0x55, 0x55, 0x15, 0x14, 0x55,
    0x45, 0x14, 0x55, 0x55, 0x51, 0x45, 0x55, 0x55, 0x15, 0x45, 0x15, 0x45, 0x45, 0x14, 0x54, 0x55, 0x51, 0x15, 0x55, 0x15, 0x55, 0x54, 0x54, 0x54,
    0x55, 0x45, 0x14, 0x54, 0x55, 0x55, 0x51, 0x45, 0x45, 0x45, 0x54, 0x50, 0xfe, 0xef, 0xae, 0xbb, 0xae, 0xfb, 0xeb, 0xef, 0xbf, 0xeb, 0xef, 0xbe,
    0xeb, 0xfb, 0xeb, 0xeb, 0xef, 0xbf, 0xbb, 0xeb, 0xef, 0xef, 0xbf, 0xbe, 0xbe, 0xfb, 0xef, 0xeb, 0xeb, 0xfa, 0xeb, 0xee, 0xfa, 0xfb, 0xef, 0xee,
    0xbe, 0xef, 0xef, 0xaf, 0xbe, 0xef, 0xeb, 0xfb, 0xea, 0xfe, 0xfb, 0xbe, 0xbe, 0xef, 0xbb, 0xeb, 0xba, 0xeb, 0xaa, 0x94, 0x55, 0x55, 0x55, 0x51,
    0x55, 0x95, 0x55, 0x55, 0x50, 0x55, 0x11, 0x55, 0x55, 0x55, 0x55, 0x55, 0x55, 0x55, 0x55, 0x55, 0x55, 0x55, 0x55, 0x55, 0x55, 0x55, 0x55, 0x55,
    0x55, 0x55, 0x55, 0x55, 0x55, 0x55, 0x55, 0x55, 0x55, 0x55, 0x55, 0x55, 0x55, 0x55, 0x55, 0x55, 0x55, 0x55, 0x55, 0x55, 0x55, 0x55, 0x55, 0x15,
    0x55, 0x55, 0x55, 0x55, 0x51, 0x45, 0x55, 0x45, 0x55, 0x51, 0x55, 0x45, 0x54, 0x45, 0x45, 0x54, 0x55, 0x51, 0x55, 0x45, 0x45, 0x51, 0x45, 0x55,
    0x15, 0x54, 0x55, 0x54, 0x55, 0x55, 0x51, 0x45, 0x45, 0x55, 0x14, 0x55, 0x51, 0x55, 0x45, 0x55, 0x54, 0x54, 0x51, 0x51, 0x54, 0x54, 0x55, 0x54,
    0x55, 0x55, 0x55, 0x55, 0x55, 0x45, 0x54, 0x55, 0x55, 0x45, 0x54, 0x50, 0x55, 0x55, 0x55, 0x45, 0x55, 0x55, 0x45, 0x45, 0x14, 0x55, 0x54, 0x55,
    0x55, 0x45, 0x50, 0xaf, 0xaf, 0xbe, 0xfb, 0xef, 0xba, 0xfb, 0xfa, 0xfa, 0xfa, 0xfb, 0xef, 0xbf, 0xbe, 0xfe, 0xbe, 0xeb, 0xeb, 0xfb, 0xbe, 0xfb,
    0xbe, 0xba, 0xfb, 0xef, 0xaf, 0xaf, 0xbe, 0xfe, 0xfb, 0xef, 0xbe, 0xbf, 0xae, 0xbe, 0xfe, 0xef, 0xaf, 0xbb, 0xeb, 0xeb, 0xeb, 0xee, 0xbe, 0xbe,
    0xbe, 0xbf, 0xaf, 0xaf, 0xea, 0xee, 0xbe, 0xbf, 0xbe, 0x96, 0x44, 0x55, 0x55, 0x45, 0x11, 0x55, 0x55, 0x55, 0x55, 0x55, 0x51, 0x01, 0x55, 0x55,
    0x55, 0x55, 0x55, 0x55, 0x55, 0x55, 0x55, 0x55, 0x55, 0x55, 0x55, 0x55, 0x55, 0x55, 0x55, 0x55, 0x55, 0x55, 0x55, 0x55, 0x55, 0x55, 0x55, 0x55,
    0x55, 0x55, 0x45, 0x55, 0x15, 0x55, 0x15, 0x55, 0x14, 0x55, 0x15, 0x54, 0x55, 0x15, 0x51, 0x45, 0x15, 0x15, 0x51, 0x55, 0x55, 0x15, 0x54, 0x51,
    0x55, 0x45, 0x54, 0x54, 0x55, 0x55, 0x15, 0x51, 0x55, 0x14, 0x54, 0x54, 0x55, 0x14, 0x55, 0x51, 0x45, 0x45, 0x51, 0x51, 0x45, 0x55, 0x54, 0x54,
    0x51, 0x55, 0x45, 0x55, 0x55, 0x55, 0x55, 0x45, 0x45, 0x55, 0x55, 0x55, 0x45, 0x54, 0x55, 0x54, 0x55, 0x15, 0x14, 0x51, 0x55, 0x15, 0x45, 0x45,
    0x54, 0x55, 0x55, 0x45, 0x45, 0x51, 0x54, 0x54, 0x51, 0x55, 0x55, 0x55, 0x55, 0x55, 0x55, 0x15, 0x55, 0x50, 0xfb, 0xfa, 0xfb, 0xee, 0xfb, 0xef,
    0xaf, 0xbe, 0xbe, 0xff, 0xbe, 0xfb, 0xfb, 0xee, 0xef, 0xfe, 0xfb, 0xee, 0xef, 0xbe, 0xfb, 0xeb, 0xef, 0xbb, 0xeb, 0xee, 0xfa, 0xfa, 0xfe, 0xaf,
    0xbe, 0xbb, 0xef, 0xbe, 0xfa, 0xef, 0xeb, 0xfb, 0xbe, 0xfe, 0xbe, 0xfb, 0xbe, 0xee, 0xbf, 0xab, 0xea, 0xeb, 0xeb, 0xbe, 0xee, 0xfa, 0xeb, 0xa9,
    0x55, 0x55, 0x55, 0x45, 0x11, 0x55, 0x55, 0x05, 0x55, 0x54, 0x55, 0x41, 0x55, 0x55, 0x55, 0x55, 0x55, 0x55, 0x55, 0x55, 0x55, 0x55, 0x55, 0x55,
    0x55, 0x55, 0x55, 0x55, 0x55, 0x55, 0x55, 0x55, 0x55, 0x55, 0x55, 0x45, 0x55, 0x55, 0x55, 0x45, 0x55, 0x55, 0x55, 0x55, 0x51, 0x55, 0x55, 0x55,
    0x51, 0x55, 0x45, 0x55, 0x55, 0x55, 0x55, 0x55, 0x51, 0x55, 0x15, 0x15, 0x51, 0x55, 0x55, 0x14, 0x54, 0x55, 0x45, 0x51, 0x51, 0x51, 0x55, 0x15,
    0x55, 0x55, 0x45, 0x45, 0x55, 0x45, 0x15, 0x55, 0x54, 0x55, 0x15, 0x55, 0x14, 0x55, 0x55, 0x55, 0x51, 0x54, 0x54, 0x54, 0x55, 0x14, 0x55, 0x55,
    0x14, 0x55, 0x51, 0x55, 0x15, 0x51, 0x55, 0x51, 0x55, 0x55, 0x55, 0x15, 0x51, 0x54, 0x54, 0x51, 0x45, 0x15, 0x54, 0x54, 0x55, 0x55, 0x55, 0x55,
    0x15, 0x15, 0x55, 0x55, 0x15, 0x45, 0x55, 0x55, 0x50, 0xfa, 0xfb, 0xef, 0xae, 0xbb, 0xeb, 0xee, 0xaf, 0xaf, 0xaf, 0xaf, 0xbb, 0xee, 0xfe, 0xeb,
    0xaf, 0xbe, 0xbe, 0xfa, 0xfb, 0xee, 0xfb, 0xef, 0xbe, 0xbe, 0xfa, 0xfb, 0xeb, 0xeb, 0xee, 0xbb, 0xeb, 0xea, 0xfb, 0xef, 0xae, 0xbe, 0xfb, 0xee,
    0xfe, 0xba, 0xfb, 0xba, 0xef, 0xeb, 0xfb, 0xef, 0xeb, 0xfb, 0xbe, 0xfa, 0xeb, 0xea, 0xa0, 0x55, 0x55, 0x55, 0x45, 0x25, 0x55, 0x55, 0x45, 0x15,
    0x50, 0x55, 0x40, 0x55, 0x51, 0x55, 0x55, 0x55, 0x55, 0x55, 0x55, 0x55, 0x55, 0x55, 0x55, 0x55, 0x55, 0x55, 0x55, 0x55, 0x55, 0x55, 0x55, 0x55,
    0x55, 0x54, 0x55, 0x55, 0x55, 0x55, 0x55, 0x55, 0x55, 0x51, 0x55, 0x55, 0x55, 0x54, 0x55, 0x15, 0x54, 0x55, 0x45, 0x55, 0x15, 0x55, 0x45, 0x55,
    0x45, 0x51, 0x51, 0x55, 0x15, 0x15, 0x55, 0x55, 0x45, 0x55, 0x15, 0x55, 0x55, 0x05, 0x51, 0x45, 0x15, 0x55, 0x45, 0x45, 0x15, 0x54, 0x51, 0x55,
    0x45, 0x55, 0x51, 0x55, 0x45, 0x51, 0x45, 0x15, 0x55, 0x55, 0x45, 0x45, 0x55, 0x51, 0x51, 0x45, 0x45, 0x15, 0x15, 0x51, 0x55, 0x45, 0x15, 0x51,
    0x45, 0x55, 0x51, 0x55, 0x55, 0x55, 0x55, 0x55, 0x51, 0x55, 0x55, 0x45, 0x15, 0x15, 0x15, 0x55, 0x55, 0x55, 0x45, 0x51, 0x55, 0x55, 0x55, 0x50,
    0xaf, 0xaf, 0xbe, 0xfb, 0xeb, 0xbe, 0xfe, 0xfb, 0xeb, 0xfb, 0xfb, 0xbe, 0xfe, 0xeb, 0xfa, 0xfb, 0xaf, 0xfb, 0xef, 0xaf, 0xbe, 0xbe, 0xfa, 0xef,
    0xba, 0xfb, 0xee, 0xbf, 0xbb, 0xef, 0xeb, 0xee, 0xfe, 0xfb, 0xaf, 0xfb, 0xee, 0xbe, 0xef, 0xaf, 0xef, 0xaf, 0xbf, 0xba, 0xee, 0xbe, 0xbe, 0xbe,
    0xbb, 0xeb, 0xbb, 0xbe, 0x51, 0x50, 0x15, 0x55, 0x55, 0x51, 0x55, 0x55, 0x55, 0x46, 0x14, 0x45, 0x54, 0x55, 0x55, 0x11, 0x55, 0x55, 0x55, 0x55,
    0x55, 0x55, 0x55, 0x55, 0x55, 0x55, 0x55, 0x55, 0x55, 0x55, 0x55, 0x55, 0x55, 0x55, 0x55, 0x55, 0x55, 0x55, 0x55, 0x55, 0x55, 0x55, 0x55, 0x55,
    0x55, 0x55, 0x55, 0x54, 0x55, 0x51, 0x55, 0x55, 0x55, 0x55, 0x55, 0x55, 0x55, 0x54, 0x55, 0x54, 0x55, 0x55, 0x15, 0x55, 0x51, 0x55, 0x15, 0x54,
    0x51, 0x54, 0x54, 0x55, 0x54, 0x55, 0x55, 0x50, 0x51, 0x54, 0x55, 0x51, 0x45, 0x55, 0x15, 0x55, 0x51, 0x55, 0x45, 0x54, 0x55, 0x55, 0x55, 0x45,
    0x45, 0x55, 0x55, 0x45, 0x15, 0x15, 0x55, 0x55, 0x55, 0x54, 0x55, 0x14, 0x55, 0x55, 0x54, 0x54, 0x54, 0x55, 0x15, 0x45, 0x55, 0x45, 0x51, 0x55,
    0x15, 0x45, 0x55, 0x55, 0x55, 0x55, 0x51, 0x55, 0x51, 0x55, 0x55, 0x15, 0x55, 0x55, 0x50, 0xff, 0xfe, 0xfb, 0xeb, 0xef, 0xbe, 0xbf, 0xba, 0xfe,
    0xff, 0xbf, 0xee, 0xeb, 0xfe, 0xbe, 0xfb, 0xfb, 0xaf, 0xaf, 0xfb, 0xfb, 0xee, 0xfb, 0xeb, 0xeb, 0xae, 0xbe, 0xfb, 0xbe, 0xba, 0xfe, 0xbe, 0xbe,
    0xbe, 0xfa, 0xfb, 0xef, 0xae, 0xfb, 0xba, 0xef, 0xbe, 0xeb, 0xbe, 0xef, 0xae, 0xba, 0xfa, 0xfa, 0xef, 0xbe, 0xb9, 0x50, 0x50, 0x14, 0x01, 0x51,
    0x55, 0x55, 0x95, 0x55, 0x55, 0x44, 0x55, 0x54, 0x55, 0x45, 0x15, 0x55, 0x55, 0x55, 0x55, 0x55, 0x55, 0x55, 0x55, 0x55, 0x55, 0x55, 0x55, 0x55,
    0x55, 0x55, 0x55, 0x55, 0x55, 0x55, 0x55, 0x55, 0x55, 0x55, 0x55, 0x55, 0x55, 0x55, 0x15, 0x55, 0x55, 0x55, 0x55, 0x55, 0x55, 0x55, 0x55, 0x55,
    0x55, 0x14, 0x55, 0x45, 0x55, 0x55, 0x15, 0x54, 0x55, 0x55, 0x54, 0x55, 0x15, 0x51, 0x15, 0x45, 0x45, 0x45, 0x45, 0x55, 0x45, 0x14, 0x55, 0x15,
    0x15, 0x14, 0x55, 0x55, 0x14, 0x51, 0x51, 0x55, 0x15, 0x54, 0x55, 0x45, 0x51, 0x54, 0x55, 0x55, 0x15, 0x15, 0x55, 0x55, 0x54, 0x51, 0x55, 0x55,
    0x45, 0x55, 0x55, 0x55, 0x54, 0x55, 0x55, 0x55, 0x45, 0x55, 0x54, 0x51, 0x55, 0x55, 0x15, 0x51, 0x55, 0x51, 0x45, 0x55, 0x55, 0x55, 0x55, 0x55,
    0x55, 0x55, 0x55, 0x15, 0x55, 0x50, 0xba, 0xfa, 0xfb, 0xbe, 0xfe, 0xff, 0xeb, 0xbe, 0xfe, 0xef, 0xae, 0xfe, 0xbe, 0xbf, 0xef, 0xaf, 0xbe, 0xfe,
    0xfe, 0xbe, 0xfb, 0xef, 0xaf, 0xbe, 0xbf, 0xbe, 0xfb, 0xeb, 0xef, 0xfe, 0xbe, 0xfb, 0xef, 0xbe, 0xfb, 0xae, 0xbe, 0xfb, 0xbb, 0xfb, 0xeb, 0xea,
    0xfb, 0xef, 0xbb, 0xef, 0xbe, 0xbb, 0xef, 0xae, 0xea, 0x55, 0x00, 0x55, 0x55, 0x01, 0x54, 0x55, 0x55, 0x51, 0x15, 0x55, 0x55, 0x55, 0x55, 0x55,
    0x55, 0x55, 0x55, 0x55, 0x55, 0x55, 0x55, 0x55, 0x55, 0x55, 0x55, 0x55, 0x55, 0x55, 0x55, 0x55, 0x55, 0x55, 0x55, 0x55, 0x55, 0x55, 0x55, 0x55,
    0x55, 0x55, 0x55, 0x55, 0x55, 0x55, 0x55, 0x55, 0x55, 0x55, 0x55, 0x55, 0x55, 0x45, 0x55, 0x45, 0x55, 0x55, 0x55, 0x15, 0x55, 0x55, 0x55, 0x55,
    0x54, 0x55, 0x55, 0x51, 0x55, 0x14, 0x54, 0x55, 0x55, 0x51, 0x45, 0x55, 0x14, 0x55, 0x51, 0x51, 0x55, 0x45, 0x15, 0x15, 0x55, 0x15, 0x45, 0x51,
    0x55, 0x55, 0x54, 0x55, 0x45, 0x55, 0x15, 0x55, 0x51, 0x51, 0x51, 0x45, 0x45, 0x51, 0x51, 0x55, 0x45, 0x55, 0x54, 0x55, 0x51, 0x55, 0x55, 0x55,
    0x51, 0x55, 0x55, 0x14, 0x55, 0x51, 0x55, 0x55, 0x55, 0x54, 0x54, 0x55, 0x55, 0x55, 0x55, 0x55, 0x51, 0x55, 0x55, 0x55, 0x50, 0xfe, 0xff, 0xef,
    0xbe, 0xfa, 0xea, 0xfb, 0xeb, 0xeb, 0xfa, 0xfe, 0xbb, 0xef, 0xba, 0xfb, 0xef, 0xbe, 0xeb, 0xef, 0xef, 0xaf, 0xaf, 0xfa, 0xfa, 0xfb, 0xeb, 0xeb,
    0xaf, 0xae, 0xaf, 0xaf, 0xaf, 0xeb, 0xeb, 0xaf, 0xbe, 0xee, 0xfb, 0xbe, 0xbe, 0xfa, 0xef, 0xba, 0xeb, 0xba, 0xfa, 0xeb, 0xbb, 0xae, 0xbe, 0xa5,
    0x41, 0x40, 0x55, 0x55, 0x11, 0x54, 0x55, 0x54, 0x51, 0x55, 0x55, 0x55, 0x55, 0x95, 0x55, 0x55, 0x55, 0x55, 0x55, 0x55, 0x55, 0x55, 0x55, 0x55,
    0x55, 0x51, 0x45, 0x55, 0x55, 0x55, 0x55, 0x55, 0x55, 0x55, 0x55, 0x55, 0x55, 0x55, 0x55, 0x55, 0x55, 0x55, 0x55, 0x55, 0x55, 0x55, 0x55, 0x55,
    0x55, 0x55, 0x55, 0x54, 0x55, 0x55, 0x55, 0x55, 0x55, 0x55, 0x55, 0x45, 0x55, 0x15, 0x55, 0x55, 0x55, 0x15, 0x55, 0x15, 0x55, 0x55, 0x51, 0x54,
    0x55, 0x55, 0x51, 0x55, 0x54, 0x55, 0x55, 0x45, 0x55, 0x51, 0x55, 0x55, 0x55, 0x54, 0x55, 0x51, 0x54, 0x55, 0x55, 0x55, 0x55, 0x55, 0x55, 0x55,
    0x55, 0x15, 0x55, 0x55, 0x15, 0x55, 0x54, 0x54, 0x55, 0x55, 0x45, 0x55, 0x14, 0x55, 0x55, 0x55, 0x15, 0x15, 0x55, 0x45, 0x55, 0x45, 0x55, 0x14,
    0x55, 0x55, 0x55, 0x55, 0x45, 0x55, 0x55, 0x15, 0x55, 0x55, 0x55, 0x50, 0xef, 0xbb, 0xee, 0xfb, 0xef, 0xfe, 0xfe, 0xef, 0xbf, 0xbf, 0xff, 0xbe,
    0xef, 0xbe, 0xfa, 0xfa, 0xeb, 0xef, 0xbe, 0xfb, 0xef, 0xbe, 0xef, 0xaf, 0xae, 0xbe, 0xef, 0xfe, 0xfe, 0xfa, 0xfb, 0xee, 0xfb, 0xeb, 0xee, 0xfb,
    0xef, 0xaf, 0xaf, 0xae, 0xfe, 0xfb, 0xbe, 0xfb, 0xbe, 0xbe, 0xef, 0xae, 0xbb, 0xea, 0x51, 0x41, 0x45, 0x55, 0x59, 0x52, 0x55, 0x51, 0x45, 0x55,
    0x56, 0x59, 0x55, 0x59, 0x55, 0x55, 0x55, 0x55, 0x55, 0x55, 0x55, 0x55, 0x55, 0x55, 0x55, 0x55, 0x51, 0x45, 0x55, 0x55, 0x55, 0x55, 0x55, 0x55,
    0x55, 0x55, 0x55, 0x55, 0x55, 0x55, 0x55, 0x55, 0x55, 0x55, 0x55, 0x55, 0x55, 0x55, 0x55, 0x55, 0x55, 0x55, 0x55, 0x55, 0x55, 0x55, 0x55, 0x45,
    0x55, 0x55, 0x55, 0x55, 0x55, 0x55, 0x45, 0x55, 0x54, 0x55, 0x55, 0x55, 0x15, 0x55, 0x55, 0x45, 0x15, 0x15, 0x55, 0x45, 0x54, 0x54, 0x54, 0x51,
    0x55, 0x45, 0x15, 0x51, 0x55, 0x45, 0x55, 0x15, 0x45, 0x45, 0x15, 0x14, 0x55, 0x15, 0x45, 0x15, 0x55, 0x15, 0x55, 0x55, 0x55, 0x45, 0x55, 0x55,
    0x15, 0x55, 0x55, 0x55, 0x55, 0x51, 0x55, 0x55, 0x14, 0x55, 0x55, 0x45, 0x55, 0x45, 0x55, 0x51, 0x55, 0x54, 0x55, 0x55, 0x55, 0x55, 0x55, 0x15,
    0x54, 0x55, 0x50, 0xaf, 0xba, 0xfe, 0xeb, 0xeb, 0xaf, 0xae, 0xfe, 0xfe, 0xef, 0xab, 0xef, 0xeb, 0xef, 0xaf, 0xbe, 0xfa, 0xfa, 0xfb, 0xfa, 0xfb,
    0xfb, 0xee, 0xbb, 0xef, 0xbe, 0xfa, 0xeb, 0xeb, 0xeb, 0xeb, 0xee, 0xbe, 0xbe, 0xfe, 0xeb, 0xbb, 0xee, 0xfb, 0xef, 0xaf, 0xba, 0xef, 0xbe, 0xbb,
    0xeb, 0xee, 0xef, 0xbb, 0xa5, 0x54, 0x41, 0x45, 0x65, 0x45, 0x95, 0x55, 0x51, 0x45, 0x56, 0x95, 0x95, 0x65, 0x95, 0x15, 0x65, 0x55, 0x55, 0x55,
    0x55, 0x55, 0x55, 0x55, 0x55, 0x55, 0x55, 0x54, 0x45, 0x55, 0x55, 0x55, 0x55, 0x55, 0x55, 0x55, 0x55, 0x55, 0x55, 0x55, 0x55, 0x55, 0x55, 0x55,
    0x55, 0x55, 0x55, 0x55, 0x55, 0x55, 0x55, 0x55, 0x55, 0x55, 0x55, 0x45, 0x55, 0x55, 0x55, 0x55, 0x55, 0x55, 0x55, 0x55, 0x55, 0x55, 0x54, 0x55,
    0x55, 0x55, 0x45, 0x51, 0x54, 0x51, 0x55, 0x55, 0x55, 0x45, 0x55, 0x55, 0x45, 0x55, 0x55, 0x15, 0x55, 0x51, 0x55, 0x15, 0x55, 0x15, 0x55, 0x55,
    0x55, 0x55, 0x55, 0x55, 0x54, 0x55, 0x55, 0x55, 0x51, 0x45, 0x55, 0x55, 0x55, 0x55, 0x55, 0x55, 0x15, 0x14, 0x55, 0x45, 0x55, 0x14, 0x51, 0x55,
    0x51, 0x55, 0x55, 0x55, 0x55, 0x55, 0x55, 0x54, 0x55, 0x51, 0x55, 0x55, 0x55, 0x55, 0x55, 0x55, 0x55, 0x50, 0xfa, 0xfe, 0xeb, 0xfe, 0xfb, 0xeb,
    0xeb, 0xae, 0xeb, 0xee, 0xfa, 0xeb, 0xbe, 0xeb, 0xef, 0xaf, 0xaf, 0xbf, 0xaf, 0xaf, 0xbb, 0xaf, 0xba, 0xfa, 0xeb, 0xeb, 0xbe, 0xfe, 0xbe, 0xbe,
    0xbe, 0xbf, 0xbe, 0xfe, 0xbb, 0xef, 0xba, 0xfe, 0xfa, 0xfa, 0xfb, 0xbe, 0xeb, 0xaf, 0xeb, 0xae, 0xba, 0xeb, 0xba, 0x55, 0x54, 0x01, 0x55, 0x65,
    0x45, 0x59, 0x15, 0x55, 0x55, 0x55, 0x54, 0x56, 0x55, 0x55, 0x55, 0x55, 0x44, 0x45, 0x55, 0x59, 0x55, 0x65, 0x95, 0x55, 0x55, 0x55, 0x54, 0x45,
    0x55, 0x55, 0x55, 0x55, 0x55, 0x55, 0x55, 0x55, 0x55, 0x55, 0x55, 0x55, 0x55, 0x55, 0x55, 0x55, 0x55, 0x55, 0x55, 0x55, 0x55, 0x55, 0x55, 0x55,
    0x55, 0x55, 0x55, 0x55, 0x55, 0x55, 0x55, 0x55, 0x54, 0x51, 0x55, 0x55, 0x55, 0x55, 0x55, 0x51, 0x55, 0x54, 0x55, 0x55, 0x55, 0x15, 0x51, 0x55,
    0x55, 0x51, 0x51, 0x55, 0x45, 0x45, 0x55, 0x15, 0x55, 0x15, 0x55, 0x55, 0x55, 0x55, 0x55, 0x15, 0x55, 0x55, 0x55, 0x55, 0x55, 0x55, 0x15, 0x55,
    0x55, 0x15, 0x54, 0x55, 0x51, 0x45, 0x45, 0x51, 0x55, 0x54, 0x54, 0x55, 0x55, 0x55, 0x55, 0x15, 0x55, 0x55, 0x55, 0x51, 0x55, 0x45, 0x55, 0x55,
    0x55, 0x55, 0x51, 0x55, 0x51, 0x55, 0x55, 0x55, 0x50, 0xfb, 0xef, 0xff, 0xaf, 0xae, 0xfa, 0xfb, 0xff, 0xbf, 0xbe, 0xfe, 0xfb, 0xbf, 0xfb, 0xeb,
    0xeb, 0xef, 0xaf, 0xbe, 0xfb, 0xbe, 0xfa, 0xfb, 0xee, 0xfa, 0xfb, 0xaf, 0xaf, 0xbe, 0xfb, 0xbe, 0xfb, 0xeb, 0xeb, 0xfb, 0xbe, 0xfe, 0xeb, 0xaf,
    0xbe, 0xeb, 0xee, 0xfb, 0xea, 0xee, 0xbe, 0xfb, 0xbb, 0xe8, 0x51, 0x54, 0x01, 0x96, 0x54, 0x40, 0x56, 0x15, 0x45, 0x55, 0x65, 0x54, 0x65, 0x55,
    0x55, 0x55, 0x55, 0x44, 0x55, 0x54, 0x64, 0x45, 0x55, 0x59, 0x55, 0x55, 0x55, 0x54, 0x55, 0x55, 0x55, 0x55, 0x55, 0x55, 0x55, 0x55, 0x55, 0x55,
    0x55, 0x55, 0x55, 0x55, 0x55, 0x55, 0x55, 0x55, 0x55, 0x55, 0x55, 0x55, 0x55, 0x55, 0x55, 0x55, 0x55, 0x55, 0x55, 0x55, 0x55, 0x55, 0x55, 0x55,
    0x55, 0x55, 0x55, 0x55, 0x55, 0x55, 0x55, 0x45, 0x15, 0x55, 0x45, 0x55, 0x54, 0x55, 0x55, 0x54, 0x55, 0x15, 0x55, 0x55, 0x55, 0x45, 0x54, 0x55,
    0x51, 0x54, 0x54, 0x55, 0x55, 0x45, 0x55, 0x55, 0x51, 0x55, 0x55, 0x55, 0x55, 0x55, 0x45, 0x51, 0x54, 0x55, 0x55, 0x55, 0x55, 0x55, 0x55, 0x55,
    0x45, 0x55, 0x51, 0x55, 0x55, 0x45, 0x55, 0x55, 0x55, 0x45, 0x55, 0x55, 0x55, 0x55, 0x45, 0x55, 0x55, 0x55, 0x55, 0x55, 0x55, 0x55, 0x55, 0x50,
    0xbe, 0xba, 0xbe, 0xfb, 0xee, 0xbe, 0xbe, 0xbb, 0xba, 0xfa, 0xef, 0xbb, 0xeb, 0xbe, 0xbe, 0xba, 0xfa, 0xfa, 0xfa, 0xfb, 0xef, 0xef, 0xaf, 0xbe,
    0xbe, 0xba, 0xeb, 0xeb, 0xeb, 0xeb, 0xaf, 0xae, 0xbf, 0xbe, 0xaf, 0xba, 0xef, 0xbf, 0xbe, 0xaf, 0xbe, 0xef, 0xae, 0xfe, 0xbe, 0xfa, 0xaf, 0xae,
    0x54, 0x15, 0x54, 0x15, 0x51, 0x44, 0x44, 0x65, 0x55, 0x45, 0x95, 0x56, 0x55, 0x65, 0x45, 0x55, 0x59, 0x54, 0x15, 0x55, 0x45, 0x55, 0x41, 0x55,
    0x55, 0x54, 0x55, 0x55, 0x55, 0x55, 0x55, 0x55, 0x55, 0x55, 0x55, 0x55, 0x55, 0x55, 0x55, 0x55, 0x55, 0x55, 0x55, 0x55, 0x55, 0x55, 0x55, 0x55,
    0x55, 0x55, 0x55, 0x55, 0x55, 0x55, 0x55, 0x55, 0x55, 0x55, 0x55, 0x55, 0x15, 0x55, 0x55, 0x55, 0x55, 0x55, 0x55, 0x55, 0x51, 0x55, 0x55, 0x55,
    0x54, 0x55, 0x45, 0x55, 0x55, 0x55, 0x15, 0x55, 0x55, 0x55, 0x51, 0x54, 0x54, 0x55, 0x45, 0x55, 0x55, 0x55, 0x55, 0x55, 0x55, 0x54, 0x55, 0x15,
    0x55, 0x45, 0x55, 0x55, 0x45, 0x55, 0x55, 0x55, 0x55, 0x55, 0x55, 0x55, 0x55, 0x15, 0x55, 0x55, 0x55, 0x55, 0x55, 0x55, 0x55, 0x55, 0x55, 0x55,
    0x55, 0x55, 0x55, 0x55, 0x55, 0x55, 0x55, 0x55, 0x55, 0x55, 0x55, 0x55, 0x55, 0x55, 0x50, 0xbe, 0xfb, 0xeb, 0xba, 0xfb, 0xef, 0xfe, 0xfb, 0xeb,
    0xef, 0xaf, 0xbe, 0xfb, 0xaf, 0xbb, 0xef, 0xbe, 0xbe, 0xef, 0xaf, 0xae, 0xbe, 0xfb, 0xbb, 0xaf, 0xbe, 0xfa, 0xfa, 0xfb, 0xbe, 0xeb, 0xee, 0xba,
    0xfb, 0xee, 0xfb, 0xeb, 0xba, 0xfb, 0xeb, 0xbe, 0xfb, 0xbe, 0xaf, 0xba, 0xeb, 0xea, 0xa9, 0x55, 0x55, 0x65, 0x56, 0x41, 0x45, 0x54, 0x14, 0x54,
    0x45, 0x59, 0x55, 0x55, 0x51, 0x46, 0x45, 0x15, 0x45, 0x55, 0x55, 0x55, 0x55, 0x55, 0x55, 0x55, 0x54, 0x45, 0x55, 0x55, 0x55, 0x55, 0x54, 0x55,
    0x55, 0x55, 0x55, 0x55, 0x55, 0x55, 0x55, 0x55, 0x55, 0x55, 0x55, 0x55, 0x55, 0x55, 0x55, 0x55, 0x55, 0x55, 0x55, 0x55, 0x55, 0x55, 0x55, 0x55,
    0x55, 0x55, 0x55, 0x55, 0x55, 0x55, 0x55, 0x55, 0x55, 0x55, 0x15, 0x55, 0x55, 0x55, 0x55, 0x45, 0x55, 0x55, 0x55, 0x55, 0x15, 0x55, 0x55, 0x55,
    0x15, 0x55, 0x15, 0x55, 0x51, 0x55, 0x55, 0x55, 0x51, 0x55, 0x54, 0x55, 0x15, 0x55, 0x55, 0x45, 0x55, 0x54, 0x54, 0x55, 0x15, 0x55, 0x45, 0x45,
    0x45, 0x55, 0x55, 0x55, 0x55, 0x14, 0x55, 0x55, 0x55, 0x55, 0x55, 0x55, 0x51, 0x55, 0x55, 0x51, 0x55, 0x51, 0x51, 0x55, 0x55, 0x55, 0x55, 0x55,
    0x55, 0x55, 0x55, 0x55, 0x55, 0x50, 0xeb, 0xef, 0xef, 0xbe, 0xbf, 0xae, 0xeb, 0xeb, 0xbf, 0xaf, 0xbb, 0xee, 0xbe, 0xfb, 0xeb, 0xee, 0xbf, 0xeb,
    0xef, 0xbe, 0xfa, 0xfa, 0xfb, 0xeb, 0xeb, 0xaf, 0xbe, 0xbf, 0xbe, 0xbe, 0xfa, 0xfb, 0xef, 0xaf, 0xee, 0xef, 0xbe, 0xef, 0xaf, 0xbe, 0xeb, 0xba,
    0xeb, 0xeb, 0xaf, 0x9a, 0xaa, 0x55, 0x55, 0x55, 0x55, 0x51, 0x44, 0x55, 0xa5, 0x14, 0x54, 0x05, 0x45, 0x51, 0x55, 0x54, 0x45, 0x55, 0x45, 0x45,
    0x56, 0x56, 0x55, 0x55, 0x59, 0x68, 0x14, 0x55, 0x55, 0x54, 0x55, 0x55, 0x05, 0x54, 0x45, 0x55, 0x55, 0x55, 0x55, 0x55, 0x55, 0x55, 0x55, 0x55,
    0x55, 0x55, 0x55, 0x55, 0x55, 0x55, 0x55, 0x55, 0x55, 0x55, 0x55, 0x55, 0x55, 0x55, 0x55, 0x55, 0x55, 0x55, 0x55, 0x55, 0x55, 0x55, 0x55, 0x55,
    0x55, 0x55, 0x55, 0x45, 0x45, 0x55, 0x55, 0x55, 0x55, 0x55, 0x51, 0x55, 0x55, 0x55, 0x51, 0x55, 0x15, 0x55, 0x55, 0x55, 0x54, 0x55, 0x15, 0x55,
    0x55, 0x55, 0x55, 0x55, 0x55, 0x55, 0x55, 0x55, 0x55, 0x55, 0x55, 0x54, 0x51, 0x55, 0x55, 0x55, 0x15, 0x55, 0x55, 0x55, 0x55, 0x55, 0x15, 0x51,
    0x55, 0x15, 0x54, 0x55, 0x55, 0x55, 0x55, 0x55, 0x55, 0x55, 0x55, 0x55, 0x55, 0x55, 0x55, 0x55, 0x55, 0x55, 0x55, 0x55, 0x50, 0xfb, 0xee, 0xfb,
    0xef, 0xef, 0xbe, 0xeb, 0xaf, 0xba, 0xfb, 0xfa, 0xef, 0xee, 0xfa, 0xee, 0xbe, 0xeb, 0xef, 0xbb, 0xea, 0xfb, 0xef, 0xae, 0xfe, 0xbe, 0xfa, 0xbe,
    0xaf, 0xaf, 0xeb, 0xbf, 0xbb, 0xef, 0xbe, 0xbb, 0xee, 0xbe, 0xef, 0xbe, 0xfa, 0xfb, 0xaf, 0xef, 0xba, 0xf6, 0x91, 0x54, 0x55, 0x41, 0x55, 0x49,
    0x50, 0x55, 0x95, 0x55, 0x64, 0x51, 0x05, 0x55, 0x11, 0x55, 0x55, 0x45, 0x56, 0x59, 0x55, 0x95, 0x55, 0x55, 0x55, 0x55, 0x55, 0x14, 0x55, 0x55,
    0x54, 0x55, 0x55, 0x01, 0x54, 0x05, 0x55, 0x55, 0x55, 0x55, 0x55, 0x55, 0x55, 0x55, 0x55, 0x55, 0x55, 0x55, 0x55, 0x55, 0x55, 0x55, 0x55, 0x55,
    0x55, 0x55, 0x55, 0x55, 0x55, 0x55, 0x55, 0x55, 0x55, 0x55, 0x55, 0x55, 0x55, 0x55, 0x55, 0x55, 0x55, 0x55, 0x55, 0x55, 0x55, 0x55, 0x54, 0x55,
    0x15, 0x55, 0x55, 0x55, 0x51, 0x55, 0x55, 0x55, 0x55, 0x55, 0x55, 0x45, 0x55, 0x55, 0x15, 0x55, 0x55, 0x51, 0x55, 0x51, 0x55, 0x55, 0x55, 0x51,
    0x55, 0x54, 0x55, 0x55, 0x55, 0x55, 0x55, 0x55, 0x55, 0x51, 0x51, 0x55, 0x55, 0x54, 0x55, 0x55, 0x55, 0x55, 0x55, 0x55, 0x55, 0x55, 0x55, 0x55,
    0x55, 0x55, 0x55, 0x55, 0x55, 0x55, 0x55, 0x55, 0x55, 0x55, 0x55, 0x50, 0xfb, 0xef, 0xba, 0xeb, 0xea, 0xfb, 0xbe, 0xbe, 0xbe, 0xfb, 0xef, 0xeb,
    0xef, 0xbe, 0xef, 0xbb, 0xfe, 0xbe, 0xba, 0xff, 0xaf, 0xaf, 0xfe, 0xbe, 0xae, 0xbe, 0xeb, 0xeb, 0xeb, 0xaf, 0xaf, 0xaf, 0xba, 0xfa, 0xfb, 0xbe,
    0xeb, 0xea, 0xfa, 0xeb, 0xbe, 0xfe, 0xba, 0xbe, 0xa4, 0x51, 0x54, 0x54, 0x00, 0x40, 0x45, 0x10, 0x65, 0x52, 0x46, 0x54, 0x55, 0x55, 0x56, 0x55,
    0x55, 0x55, 0x56, 0x55, 0x55, 0x65, 0x55, 0x55, 0x65, 0x45, 0x55, 0x15, 0x55, 0x65, 0x55, 0x44, 0x15, 0x55, 0x01, 0x54, 0x05, 0x55, 0x55, 0x55,
    0x55, 0x55, 0x55, 0x55, 0x55, 0x55, 0x55, 0x55, 0x55, 0x55, 0x55, 0x55, 0x55, 0x55, 0x55, 0x55, 0x55, 0x55, 0x55, 0x55, 0x55, 0x55, 0x55, 0x55,
    0x55, 0x55, 0x55, 0x55, 0x55, 0x55, 0x55, 0x55, 0x55, 0x55, 0x54, 0x55, 0x55, 0x55, 0x55, 0x55, 0x55, 0x54, 0x55, 0x55, 0x55, 0x54, 0x54, 0x51,
    0x54, 0x55, 0x55, 0x51, 0x55, 0x55, 0x51, 0x55, 0x55, 0x55, 0x55, 0x54, 0x55, 0x55, 0x55, 0x55, 0x15, 0x55, 0x55, 0x54, 0x55, 0x55, 0x54, 0x55,
    0x55, 0x55, 0x55, 0x54, 0x55, 0x55, 0x55, 0x55, 0x55, 0x55, 0x55, 0x55, 0x55, 0x55, 0x55, 0x55, 0x55, 0x55, 0x55, 0x55, 0x55, 0x55, 0x55, 0x55,
    0x55, 0x55, 0x50, 0xbe, 0xbf, 0xbe, 0xff, 0xbe, 0xfb, 0xba, 0xfa, 0xef, 0xae, 0xbe, 0xbe, 0xbb, 0xaf, 0xba, 0xeb, 0xef, 0xaf, 0xef, 0xaf, 0xaf,
    0xfa, 0xeb, 0xeb, 0xef, 0xae, 0xeb, 0xfa, 0xfb, 0xea, 0xfa, 0xfa, 0xfa, 0xeb, 0xef, 0xbb, 0xeb, 0xbe, 0xef, 0xaf, 0xae, 0xeb, 0xbf, 0xe9, 0x44,
    0x10, 0x54, 0x15, 0x00, 0x01, 0x55, 0x00, 0x55, 0x51, 0x45, 0x5a, 0x56, 0x95, 0x95, 0x59, 0x65, 0x55, 0x56, 0x55, 0x55, 0x56, 0x55, 0x55, 0x55,
    0x45, 0x46, 0x55, 0x56, 0x55, 0x54, 0x55, 0x55, 0x55, 0x51, 0x55, 0x55, 0x55, 0x55, 0x55, 0x55, 0x55, 0x55, 0x55, 0x65, 0x55, 0x55, 0x55, 0x55,
    0x55, 0x55, 0x55, 0x55, 0x55, 0x55, 0x55, 0x55, 0x55, 0x55, 0x55, 0x55, 0x55, 0x55, 0x55, 0x55, 0x55, 0x55, 0x55, 0x55, 0x55, 0x55, 0x55, 0x55,
    0x55, 0x55, 0x55, 0x55, 0x55, 0x55, 0x55, 0x55, 0x55, 0x55, 0x55, 0x55, 0x55, 0x55, 0x55, 0x45, 0x55, 0x55, 0x55, 0x55, 0x55, 0x55, 0x51, 0x55,
    0x55, 0x55, 0x55, 0x55, 0x55, 0x55, 0x55, 0x55, 0x55, 0x54, 0x55, 0x55, 0x15, 0x55, 0x55, 0x55, 0x55, 0x51, 0x55, 0x55, 0x51, 0x55, 0x55, 0x55,
    0x55, 0x45, 0x55, 0x55, 0x55, 0x55, 0x55, 0x55, 0x55, 0x55, 0x55, 0x55, 0x55, 0x55, 0x55, 0x55, 0x55, 0x50, 0xfb, 0xea, 0xff, 0xbe, 0xfb, 0xaf,
    0xbe, 0xef, 0xeb, 0xef, 0xbb, 0xef, 0xbb, 0xeb, 0xbe, 0xfe, 0xba, 0xfa, 0xef, 0xba, 0xfa, 0xff, 0xbe, 0xfb, 0xeb, 0xee, 0xfe, 0xbe, 0xbe, 0xfe,
    0xfb, 0xee, 0xaf, 0xbe, 0xbe, 0xeb, 0xbe, 0xbe, 0xaf, 0xbe, 0xfa, 0xef, 0xaa, 0x51, 0x40, 0x15, 0x55, 0x19, 0x10, 0x11, 0x65, 0x05, 0x45, 0x51,
    0x45, 0x65, 0x55, 0x59, 0x56, 0x95, 0x55, 0x95, 0x65, 0x54, 0x55, 0x51, 0x95, 0x55, 0x95, 0x55, 0x55, 0x55, 0x65, 0x55, 0x15, 0x55, 0x95, 0x95,
    0x55, 0x55, 0x55, 0x55, 0x55, 0x55, 0x55, 0x55, 0x59, 0x55, 0x55, 0x55, 0x55, 0x55, 0x55, 0x55, 0x55, 0x55, 0x55, 0x55, 0x55, 0x55, 0x55, 0x55,
    0x55, 0x55, 0x55, 0x55, 0x55, 0x55, 0x55, 0x55, 0x55, 0x55, 0x55, 0x55, 0x55, 0x55, 0x55, 0x55, 0x55, 0x55, 0x55, 0x55, 0x55, 0x55, 0x55, 0x55,
    0x55, 0x55, 0x55, 0x55, 0x45, 0x55, 0x55, 0x55, 0x55, 0x15, 0x55, 0x55, 0x55, 0x55, 0x55, 0x55, 0x55, 0x55, 0x55, 0x55, 0x55, 0x55, 0x55, 0x55,
    0x45, 0x55, 0x55, 0x55, 0x55, 0x55, 0x55, 0x55, 0x55, 0x55, 0x55, 0x55, 0x51, 0x55, 0x55, 0x54, 0x55, 0x55, 0x55, 0x55, 0x55, 0x55, 0x55, 0x55,
    0x55, 0x55, 0x55, 0x55, 0x55, 0x55, 0x55, 0x55, 0x50, 0xeb, 0xef, 0xeb, 0xeb, 0xeb, 0xee, 0xeb, 0xeb, 0xbb, 0xeb, 0xeb, 0xeb, 0xfa, 0xfb, 0xef,
    0xaf, 0xbe, 0xfb, 0xeb, 0xfb, 0xfe, 0xaf, 0xbe, 0xbe, 0xba, 0xeb, 0xae, 0xbf, 0xae, 0xbe, 0xae, 0xbe, 0xfb, 0xaf, 0xfa, 0xfe, 0xbe, 0xeb, 0xfa,
    0xfa, 0xfa, 0xea, 0xa9, 0x00, 0x40, 0x15, 0x40, 0x19, 0x01, 0x06, 0x54, 0x06, 0x56, 0x15, 0x45, 0x50, 0x40, 0x65, 0x15, 0x5a, 0x95, 0x51, 0x14,
    0x45, 0x55, 0x14, 0x55, 0x55, 0x55, 0x55, 0x55, 0x55, 0x54, 0x14, 0x15, 0x55, 0x55, 0x55, 0x55, 0x95, 0x55, 0x55, 0x55, 0x55, 0x55, 0x56, 0x55,
    0x56, 0x55, 0x55, 0x55, 0x55, 0x55, 0x55, 0x55, 0x55, 0x55, 0x55, 0x55, 0x55, 0x55, 0x55, 0x55, 0x55, 0x55, 0x55, 0x55, 0x55, 0x55, 0x55, 0x55,
    0x55, 0x55, 0x55, 0x55, 0x55, 0x55, 0x55, 0x55, 0x55, 0x55, 0x55, 0x55, 0x55, 0x55, 0x55, 0x55, 0x55, 0x55, 0x55, 0x55, 0x55, 0x55, 0x55, 0x55,
    0x55, 0x55, 0x55, 0x55, 0x55, 0x55, 0x55, 0x55, 0x55, 0x55, 0x54, 0x55, 0x55, 0x55, 0x55, 0x55, 0x55, 0x55, 0x55, 0x55, 0x55, 0x55, 0x55, 0x55,
    0x55, 0x55, 0x55, 0x55, 0x55, 0x55, 0x55, 0x55, 0x55, 0x55, 0x55, 0x55, 0x55, 0x55, 0x55, 0x55, 0x55, 0x55, 0x55, 0x55, 0x55, 0x55, 0x55, 0x50,
    0xbe, 0xbb, 0xee, 0xfe, 0xbe, 0xfa, 0xfa, 0xfa, 0xfa, 0xfa, 0xef, 0xbe, 0xbf, 0xba, 0xeb, 0xeb, 0xef, 0xaf, 0xba, 0xee, 0xaf, 0xeb, 0xaf, 0xae,
    0xfe, 0xbf, 0xbe, 0xeb, 0xef, 0xab, 0xef, 0xab, 0xeb, 0xeb, 0xaf, 0xae, 0xfb, 0xeb, 0xbb, 0xee, 0x96, 0xa9, 0x54, 0x40, 0x01, 0x96, 0x90, 0x55,
    0x15, 0x51, 0x54, 0x56, 0x51, 0x55, 0x55, 0x55, 0x54, 0x64, 0x15, 0x59, 0x56, 0x55, 0x16, 0x96, 0x51, 0x55, 0x51, 0x19, 0x54, 0x55, 0x55, 0x59,
    0x95, 0x54, 0x15, 0x55, 0x55, 0x51, 0x59, 0x55, 0x55, 0x95, 0x55, 0x56, 0x55, 0x65, 0x65, 0x55, 0x55, 0x65, 0x55, 0x55, 0x55, 0x55, 0x55, 0x55,
    0x55, 0x55, 0x55, 0x55, 0x55, 0x55, 0x55, 0x55, 0x55, 0x55, 0x55, 0x55, 0x55, 0x55, 0x55, 0x55, 0x55, 0x55, 0x55, 0x55, 0x55, 0x55, 0x55, 0x55,
    0x55, 0x55, 0x55, 0x55, 0x55, 0x55, 0x55, 0x55, 0x55, 0x55, 0x55, 0x55, 0x55, 0x55, 0x55, 0x55, 0x55, 0x55, 0x55, 0x55, 0x55, 0x55, 0x55, 0x55,
    0x55, 0x55, 0x55, 0x55, 0x55, 0x51, 0x55, 0x55, 0x54, 0x55, 0x55, 0x55, 0x55, 0x55, 0x55, 0x55, 0x55, 0x55, 0x55, 0x55, 0x55, 0x55, 0x55, 0x55,
    0x55, 0x55, 0x55, 0x55, 0x55, 0x55, 0x55, 0x55, 0x55, 0x55, 0x55, 0x55, 0x55, 0x55, 0x50, 0xbe, 0xfb, 0xee, 0xbf, 0xbe, 0xbf, 0xbe, 0xbe, 0xef,
    0xaf, 0xbe, 0xbe, 0xfb, 0xaf, 0xfa, 0xfa, 0xeb, 0xef, 0xbf, 0xee, 0xfa, 0xfb, 0xeb, 0xee, 0xeb, 0xba, 0xeb, 0xeb, 0xeb, 0xfb, 0xae, 0xfb, 0xbe,
    0xbe, 0xbe, 0xfb, 0xeb, 0xbf, 0xbb, 0xad, 0x01, 0x15, 0x04, 0x04, 0x15, 0x55, 0x50, 0x50, 0x1a, 0x95, 0x40, 0x51, 0x55, 0x95, 0x65, 0x19, 0x55,
    0x54, 0x15, 0x44, 0x65, 0x96, 0x55, 0x65, 0x55, 0x9a, 0x55, 0x55, 0x19, 0x55, 0x15, 0x55, 0x55, 0x55, 0x55, 0x94, 0x55, 0x15, 0x55, 0x59, 0x65,
    0x95, 0x59, 0x59, 0x55, 0x65, 0x59, 0x55, 0x55, 0x55, 0x65, 0x95, 0x55, 0x56, 0x55, 0x55, 0x55, 0x55, 0x55, 0x55, 0x55, 0x55, 0x55, 0x55, 0x55,
    0x55, 0x55, 0x55, 0x55, 0x55, 0x55, 0x55, 0x55, 0x55, 0x55, 0x55, 0x55, 0x55, 0x55, 0x55, 0x55, 0x55, 0x55, 0x55, 0x55, 0x55, 0x55, 0x55, 0x55,
    0x55, 0x55, 0x55, 0x55, 0x55, 0x55, 0x55, 0x55, 0x55, 0x55, 0x55, 0x55, 0x55, 0x55, 0x55, 0x55, 0x55, 0x55, 0x55, 0x55, 0x15, 0x55, 0x55, 0x55,
    0x55, 0x55, 0x55, 0x55, 0x15, 0x55, 0x55, 0x55, 0x55, 0x55, 0x55, 0x55, 0x55, 0x55, 0x55, 0x55, 0x55, 0x55, 0x55, 0x55, 0x55, 0x55, 0x55, 0x55,
    0x55, 0x55, 0x55, 0x55, 0x55, 0x50, 0xeb, 0xee, 0xfb, 0xeb, 0xeb, 0xeb, 0xaf, 0xaf, 0xee, 0xbe, 0xbb, 0xeb, 0xeb, 0xee, 0xbe, 0xbe, 0xbe, 0xee,
    0xbe, 0xbb, 0xeb, 0xee, 0xbe, 0xee, 0xbb, 0xeb, 0xee, 0xfa, 0xbe, 0xfb, 0xee, 0xbe, 0xbb, 0xef, 0xeb, 0xfb, 0xbe, 0xba, 0xef, 0xa9, 0x00, 0x14,
    0x40, 0x01, 0x15, 0x59, 0x01, 0x50, 0x06, 0x59, 0x95, 0x54, 0x65, 0x56, 0x52, 0x55, 0x95, 0x55, 0x59, 0x45, 0x65, 0xa6, 0x59, 0x59, 0x59, 0x55,
    0x59, 0x65, 0x55, 0x55, 0x55, 0x15, 0x59, 0x56, 0x55, 0x54, 0x55, 0x55, 0x55, 0x59, 0x55, 0x55, 0x55, 0x55, 0x59, 0x55, 0x55, 0x55, 0x55, 0x55,
    0x55, 0x55, 0x55, 0x55, 0x56, 0x55, 0x55, 0x55, 0x55, 0x55, 0x55, 0x55, 0x55, 0x55, 0x55, 0x55, 0x55, 0x55, 0x55, 0x55, 0x55, 0x55, 0x55, 0x55,
    0x55, 0x55, 0x55, 0x55, 0x55, 0x55, 0x55, 0x55, 0x55, 0x55, 0x55, 0x55, 0x55, 0x55, 0x55, 0x55, 0x55, 0x55, 0x55, 0x55, 0x55, 0x55, 0x55, 0x55,
    0x55, 0x55, 0x55, 0x55, 0x55, 0x55, 0x55, 0x55, 0x55, 0x55, 0x55, 0x55, 0x55, 0x55, 0x55, 0x55, 0x55, 0x55, 0x55, 0x55, 0x55, 0x55, 0x55, 0x55,
    0x55, 0x55, 0x55, 0x55, 0x55, 0x55, 0x55, 0x55, 0x55, 0x55, 0x55, 0x55, 0x55, 0x55, 0x55, 0x55, 0x55, 0x55, 0x55, 0x55, 0x50, 0xfb, 0xae, 0xbb,
    0xee, 0xfb, 0xeb, 0xeb, 0xeb, 0xae, 0xeb, 0xfb, 0xef, 0xbe, 0xbe, 0xaf, 0xaf, 0xbe, 0xbe, 0xfb, 0xfb, 0xbe, 0xbe, 0xfa, 0xfb, 0xbe, 0xbe, 0xbe,
    0xbf, 0xbe, 0xae, 0xef, 0xaf, 0xeb, 0xeb, 0xef, 0xaf, 0xbe, 0xfb, 0xee, 0x50, 0x00, 0x14, 0x04, 0x51, 0x55, 0x45, 0x00, 0x15, 0x45, 0x46, 0x95,
    0x54, 0x51, 0x91, 0x51, 0x65, 0x59, 0x65, 0x55, 0x55, 0x56, 0x55, 0x65, 0x95, 0x56, 0x65, 0x95, 0x55, 0x55, 0x55, 0x65, 0x55, 0x55, 0x55, 0x69,
    0x55, 0x55, 0x55, 0x5a, 0x55, 0x55, 0x55, 0x65, 0x56, 0x55, 0x55, 0x95, 0x55, 0x59, 0x55, 0x55, 0x55, 0x95, 0x95, 0x56, 0x55, 0x95, 0x55, 0x55,
    0x55, 0x55, 0x55, 0x55, 0x55, 0x55, 0x55, 0x55, 0x65, 0x55, 0x55, 0x55, 0x55, 0x55, 0x55, 0x55, 0x55, 0x55, 0x55, 0x55, 0x55, 0x55, 0x55, 0x55,
    0x55, 0x55, 0x55, 0x55, 0x55, 0x55, 0x55, 0x55, 0x55, 0x55, 0x55, 0x55, 0x55, 0x55, 0x55, 0x55, 0x55, 0x55, 0x55, 0x55, 0x55, 0x55, 0x55, 0x55,
    0x55, 0x55, 0x55, 0x55, 0x55, 0x55, 0x55, 0x55, 0x55, 0x55, 0x55, 0x55, 0x55, 0x55, 0x55, 0x55, 0x55, 0x55, 0x55, 0x55, 0x55, 0x55, 0x55, 0x55,
    0x55, 0x55, 0x55, 0x55, 0x55, 0x55, 0x55, 0x55, 0x55, 0x55, 0x55, 0x50, 0xbe, 0xff, 0xbe, 0xbe, 0xba, 0xbe, 0xfa, 0xfa, 0xfb, 0xeb, 0xaf, 0xae,
    0xbe, 0xfb, 0xeb, 0xeb, 0xeb, 0xeb, 0xeb, 0xef, 0xbe, 0xbb, 0xef, 0xab, 0xeb, 0xaf, 0xbb, 0xeb, 0xeb, 0xee, 0xba, 0xfb, 0xee, 0xba, 0xfa, 0xfa,
    0xeb, 0xeb, 0xa4, 0x11, 0x50, 0x14, 0x10, 0x00, 0x55, 0x50, 0x14, 0x55, 0x55, 0x46, 0x55, 0x50, 0x54, 0x55, 0x55, 0x54, 0x55, 0x51, 0x95, 0x55,
    0x59, 0x59, 0x56, 0x56, 0x56, 0x59, 0x65, 0x9a, 0x59, 0x55, 0x55, 0x55, 0x95, 0x55, 0x55, 0x95, 0x54, 0x64, 0x55, 0x56, 0x55, 0x59, 0x56, 0x55,
    0x56, 0x55, 0x96, 0x96, 0x55, 0x95, 0x55, 0x59, 0x55, 0x59, 0x65, 0x55, 0x95, 0x59, 0x65, 0x65, 0x95, 0x55, 0x55, 0x55, 0x55, 0x55, 0x55, 0x59,
    0x55, 0x55, 0x55, 0x55, 0x55, 0x55, 0x55, 0x55, 0x55, 0x55, 0x55, 0x55, 0x55, 0x55, 0x55, 0x55, 0x55, 0x55, 0x55, 0x55, 0x55, 0x55, 0x55, 0x55,
    0x55, 0x55, 0x55, 0x55, 0x55, 0x55, 0x55, 0x55, 0x55, 0x55, 0x55, 0x55, 0x55, 0x55, 0x55, 0x55, 0x55, 0x55, 0x55, 0x55, 0x55, 0x55, 0x55, 0x55,
    0x55, 0x55, 0x55, 0x55, 0x55, 0x55, 0x55, 0x55, 0x55, 0x55, 0x55, 0x55, 0x55, 0x55, 0x55, 0x55, 0x55, 0x55, 0x55, 0x55, 0x55, 0x55, 0x55, 0x55,
    0x55, 0x55, 0x50, 0xbe, 0xeb, 0xaf, 0xaf, 0xbe, 0xfa, 0xbe, 0xbe, 0xba, 0xfe, 0xfa, 0xfb, 0xeb, 0xab, 0xba, 0xfa, 0xef, 0xbe, 0xbe, 0xbe, 0xeb,
    0xeb, 0xaf, 0xbe, 0xbb, 0xeb, 0xba, 0xfa, 0xfb, 0xaf, 0xbe, 0xea, 0xfa, 0xfb, 0xba, 0xeb, 0xee, 0xb9, 0x05, 0x01, 0x55, 0x55, 0x55, 0x55, 0x14,
    0x51, 0x01, 0x55, 0x24, 0x55, 0x55, 0x55, 0x54, 0x65, 0x5a, 0x90, 0x51, 0x55, 0x59, 0x96, 0x55, 0x56, 0x96, 0x69, 0x65, 0x5a, 0x59, 0x55, 0x55,
    0x54, 0x59, 0x55, 0x51, 0x55, 0x59, 0x56, 0x54, 0x64, 0x55, 0x65, 0x56, 0x59, 0x55, 0x65, 0x96, 0x99, 0x55, 0x55, 0x65, 0x55, 0x96, 0x55, 0x59,
    0x55, 0x95, 0x55, 0x56, 0x55, 0x56, 0x55, 0x55, 0x55, 0x55, 0x55, 0x55, 0x55, 0x55, 0x55, 0x55, 0x59, 0x55, 0x55, 0x55, 0x55, 0x55, 0x55, 0x55,
    0x55, 0x55, 0x55, 0x55, 0x55, 0x55, 0x55, 0x55, 0x55, 0x55, 0x55, 0x55, 0x55, 0x55, 0x55, 0x55, 0x55, 0x55, 0x55, 0x55, 0x55, 0x55, 0x55, 0x55,
    0x55, 0x55, 0x55, 0x55, 0x55, 0x55, 0x55, 0x55, 0x55, 0x55, 0x55, 0x55, 0x55, 0x55, 0x55, 0x55, 0x55, 0x55, 0x55, 0x55, 0x55, 0x55, 0x55, 0x55,
    0x55, 0x55, 0x55, 0x55, 0x55, 0x55, 0x55, 0x55, 0x55, 0x55, 0x55, 0x55, 0x55, 0x55, 0x96, 0x95, 0x55, 0x50, 0xeb, 0xeb, 0xeb, 0xeb, 0xaf, 0xaf,
    0xaf, 0xaf, 0xaf, 0xaf, 0xef, 0xbb, 0xaf, 0xbe, 0xbe, 0xbe, 0xfa, 0xfb, 0xfb, 0xeb, 0xef, 0xbe, 0xfa, 0xeb, 0xfa, 0xfb, 0xbe, 0xbe, 0xbb, 0xfb,
    0xae, 0xbe, 0xbe, 0xaf, 0xbe, 0xbe, 0xbe, 0xe4, 0x40, 0x00, 0x55, 0x91, 0x94, 0x51, 0x18, 0x51, 0x46, 0x55, 0x14, 0x01, 0x44, 0x55, 0x19, 0x66,
    0x95, 0x54, 0x56, 0x59, 0x65, 0x96, 0x55, 0x15, 0x65, 0x55, 0x65, 0x96, 0x56, 0x55, 0xa6, 0x55, 0x55, 0x95, 0x55, 0x55, 0x56, 0x55, 0x95, 0x55,
    0x5a, 0x55, 0x65, 0x55, 0x55, 0x55, 0x59, 0x55, 0x95, 0x59, 0x55, 0x65, 0x55, 0x55, 0x55, 0x55, 0x55, 0x65, 0x55, 0x56, 0x95, 0x55, 0x59, 0x55,
    0x55, 0x55, 0x55, 0x95, 0x95, 0x56, 0x95, 0x59, 0x55, 0x55, 0x59, 0x55, 0x55, 0x55, 0x55, 0x55, 0x55, 0x55, 0x55, 0x55, 0x55, 0x55, 0x55, 0x55,
    0x55, 0x55, 0x55, 0x55, 0x55, 0x55, 0x55, 0x55, 0x55, 0x55, 0x55, 0x55, 0x55, 0x55, 0x55, 0x55, 0x55, 0x55, 0x55, 0x55, 0x55, 0x55, 0x55, 0x55,
    0x55, 0x55, 0x55, 0x55, 0x55, 0x55, 0x55, 0x55, 0x55, 0x55, 0x55, 0x55, 0x55, 0x55, 0x55, 0x55, 0x55, 0x55, 0x55, 0x55, 0x55, 0x55, 0x55, 0x55,
    0x55, 0x55, 0x55, 0x55, 0x65, 0x55, 0x55, 0x55, 0x50, 0xbe, 0xbe, 0xfa, 0xfb, 0xeb, 0xee, 0xfa, 0xfa, 0xfe, 0xba, 0xef, 0xba, 0xfa, 0xfa, 0xeb,
    0xef, 0xbe, 0xef, 0xab, 0xef, 0xbe, 0xbe, 0xee, 0xfb, 0xaf, 0xaf, 0xaf, 0xaf, 0xbe, 0xbb, 0xeb, 0xef, 0xaf, 0xea, 0xeb, 0xeb, 0xbb, 0xd0, 0x00,
    0x00, 0x55, 0x50, 0x55, 0x51, 0x19, 0x55, 0x14, 0x51, 0x45, 0x46, 0x40, 0x11, 0x46, 0x55, 0x65, 0x55, 0x65, 0x55, 0x56, 0x59, 0x55, 0x19, 0x65,
    0x96, 0x95, 0x55, 0x65, 0x45, 0x56, 0x56, 0x95, 0x51, 0x55, 0x50, 0x15, 0x65, 0x95, 0x55, 0x65, 0x55, 0x95, 0xa5, 0x55, 0x96, 0x55, 0x56, 0x59,
    0x55, 0x55, 0x55, 0x59, 0x65, 0x95, 0x59, 0x56, 0x55, 0x65, 0x55, 0x55, 0x59, 0x65, 0x55, 0x96, 0x55, 0x65, 0x59, 0x65, 0x95, 0x59, 0x55, 0x95,
    0x55, 0x95, 0x55, 0x55, 0x55, 0x55, 0x55, 0x55, 0x55, 0x55, 0x55, 0x55, 0x55, 0x55, 0x55, 0x55, 0x55, 0x55, 0x55, 0x55, 0x55, 0x55, 0x55, 0x55,
    0x55, 0x55, 0x55, 0x55, 0x55, 0x55, 0x55, 0x55, 0x55, 0x55, 0x55, 0x55, 0x55, 0x55, 0x55, 0x55, 0x55, 0x55, 0x55, 0x55, 0x55, 0x55, 0x55, 0x55,
    0x55, 0x55, 0x55, 0x55, 0x55, 0x55, 0x55, 0x55, 0x55, 0x55, 0x55, 0x55, 0x55, 0x55, 0x55, 0x55, 0x55, 0x55, 0x55, 0x65, 0x55, 0x55, 0x55, 0x50,
};

constexpr Bitmap kPhotos[] = {
    {photos::kWidth, photos::kHeight, kGreatWave},
    {photos::kWidth, photos::kHeight, kRedFuji},
};

constexpr GrayBitmap kGrayPhotos[] = {
    {photos::kWidth, photos::kHeight, kGreatWaveGray},
    {photos::kWidth, photos::kHeight, kRedFujiGray},
};

}  // namespace

namespace photos {

const std::span<const Bitmap> kBuiltIn{kPhotos};
const std::span<const GrayBitmap> kBuiltInGray{kGrayPhotos};

}  // namespace photos
